{"title":"You May Be Right","instanceSlug":1000,"tags":[],"genre":"rock","debut":"1980-04","playlists":[],"artists":{"billy-joel":true},"scores":[0.322,0.506,0.691,0.737,0.702,0.6669999999999999,0.5969999999999999,0.49199999999999977,0.35199999999999965,0.1769999999999995,0],"ascent":[0.322,0.506,0.691,0.737],"descent-weeks":7.579375848032561,"ascent-weeks":4.591587516960652,"peak":0.737}