{"title":"Dreamer","instanceSlug":1003,"tags":[],"parents":[],"genre":"pop","debut":"1980-10","playlists":[],"ranks":[12.5,2.8,1.7,1.85,2.21],"artists":{"supertramp":true},"scores":[0.158,0.656,0.823,0.794,0.735,0.6759999999999999,0.5579999999999998,0.3809999999999997,0.14499999999999946,0],"ascent":[0.158,0.656,0.823],"descent-weeks":7.4945321992709575,"ascent-weeks":2.9835965978128796,"peak":0.823}