{"title":"Coming Out","instanceSlug":1006,"tags":[],"parents":[],"genre":"dance","debut":"1980-10","playlists":[],"ranks":[11,3.4,2.02,2.45],"artists":{"diana-ross":true},"scores":[0.2,0.592,0.765,0.701,0.6369999999999999,0.5089999999999998,0.3169999999999996,0.06099999999999939,0],"ascent":[0.2,0.592,0.765],"descent-weeks":1.4809945533769056,"ascent-weeks":3.0529411764705876,"peak":0.765}