{"title":"That Don't Impress Me Much","instanceSlug":101,"tags":[],"parents":[],"genre":"pop","debut":"1999-05","ranks":[],"artists":{"shania-twain":true},"scores":[0.18,0.361,0.54,0.57,0.56,0.5488000000000001,0.5264000000000001,0.49280000000000007,0.44800000000000006,0.39200000000000007,0.3248000000000001,0.24640000000000006,0.15680000000000005,0.056000000000000036,0],"ascent":[0.18,0.361,0.54,0.57],"descent-weeks":3.774167543859649,"ascent-weeks":4.344736842105263,"peak":0.57}