{"title":"Hey Donna","instanceSlug":1014,"tags":[],"parents":[],"genre":"pop","debut":"1991-10","playlists":[],"ranks":[15.5,10,8,6,6.3,6.6],"artists":{"rythm-syndicate":true},"scores":[0.086,0.232,0.306,0.402,0.386,0.37,0.354,0.32199999999999995,0.2739999999999999,0.20999999999999985,0.12999999999999978,0.0339999999999997,0],"ascent":[0.086,0.232,0.306,0.402],"descent-weeks":1.8049038142620224,"ascent-weeks":3.828358208955224,"peak":0.402}