{"title":"Pump Up the Volume","instanceSlug":1016,"tags":[],"parents":[],"genre":"pop","debut":"1988-02","playlists":[],"ranks":[14,3,2,2.1,2.2,2.45,2.83,3.5],"artists":{"marrs":true},"scores":[0.12,0.633,0.768,0.752,0.737,0.701,0.653,0.582,0.5109999999999999,0.3689999999999998,0.15599999999999958,0],"ascent":[0.12,0.633,0.768],"descent-weeks":3.829833984375,"ascent-weeks":2.9707031249999996,"peak":0.768}