{"title":"Is This Love","instanceSlug":1017,"tags":["is","is-this","love","this"],"parents":[],"genre":"rock","debut":"1986-11","playlists":[],"ranks":[16,10,4,1.95,2.1,2.27,2.48,2.85],"artists":{"survivor":true},"scores":[0.402,0.633,0.864,1,0.912,0.823,0.818,0.808,0.793,0.773,0.748,0.718,0.683,0.643,0.598,0.548,0.493,0.433,0.368,0.298,0.223,0.143,0.058,0],"score":13.949457024922458,"debutScore":0.13953488372093023,"peakScore":0.8745075970737197,"duration":7}