{"title":"Never Gonna Give You Up","instanceSlug":1018,"tags":[],"parents":[],"genre":"pop","debut":"1988-01","playlists":[],"ranks":[15,5,3,2,2.25,2.65],"artists":{"rick-astley":true},"scores":[0.097,0.463,0.633,0.768,0.729,0.675,0.6210000000000001,0.5130000000000002,0.3510000000000004,0.13500000000000068,0],"ascent":[0.097,0.463,0.633,0.768],"descent-weeks":7.406250000000003,"ascent-weeks":3.830078125,"peak":0.768}