{"title":"Ship of Fools","instanceSlug":1019,"tags":["fool","ship","this-of-that"],"parents":[],"genre":"pop","debut":1987,"playlists":[],"ranks":[20,4,2,2.1,2.5],"artists":{"world-party":true},"scores":[0.537,0.768,0.752,0.694,0.6359999999999999,0.5199999999999998,0.34599999999999964,0.11399999999999944,0],"ascent":[0.537,0.768],"descent-weeks":2.134011501736109,"ascent-weeks":2.5488281250000004,"peak":0.768}