{"title":"It's Raining Men","instanceSlug":1024,"tags":[],"parents":[],"genre":"dance","debut":1983,"playlists":[],"ranks":[18,10,7,5,3.5,3.3,3.5,3.7,3.9,4.5],"artists":{"weather-girls":true},"scores":[0.036,0.232,0.351,0.463,0.582,0.602,0.582,0.563,0.546,0.498,0.44999999999999996,0.35399999999999987,0.20999999999999974,0.017999999999999572,0],"ascent":[0.036,0.232,0.351,0.463,0.582,0.602],"descent-weeks":9.525747508305649}