{"title":"Living on a Prayer","instanceSlug":1027,"tags":["#1","#1-hot-100","#1-mainstream-rock"],"searchTerms":["live"],"genre":"hard-rock","debut":"1987-01","playlists":[],"artists":{"bon-jovi":true},"scores":[0.12,0.463,0.656,0.737,0.752,0.737,0.722,0.692,0.6469999999999999,0.5869999999999999,0.5119999999999998,0.4219999999999997,0.3169999999999996,0.1969999999999995,0.06199999999999939,0],"ascent":[0.12,0.463,0.656,0.737,0.752],"descent-weeks":11.26396276595744,"ascent-weeks":5.441489361702128,"peak":0.752}