{"title":"You Give Love a Bad Name","instanceSlug":1028,"tags":["you-give"],"genre":"hard-rock","debut":"1986-10","playlists":[],"artists":{"bon-jovi":true},"scores":[0.06,0.35,0.52,0.6,0.63,0.64,0.63,0.6174,0.5922,0.5544,0.504,0.441,0.3654,0.2772,0.1764,0.063,0],"ascent":[0.06,0.35,0.52,0.6,0.63,0.64],"descent-weeks":4.848974088541663,"ascent-weeks":6.562499999999999,"peak":0.64}