{"title":"It's My Life","instanceSlug":1029,"tags":[],"genre":"hard-rock","debut":"2000-10","playlists":[],"artists":{"bon-jovi":true},"scores":[0.075,0.431,0.602,0.681,0.722,0.7,0.6779999999999999,0.6339999999999999,0.5679999999999998,0.47999999999999976,0.36999999999999966,0.23799999999999955,0.08399999999999941,0],"ascent":[0.075,0.431,0.602,0.681,0.722],"descent-weeks":3.6069817636195736,"ascent-weeks":5.216759002770083,"peak":0.722}