{"title":"Don't Get Me Wrong","instanceSlug":1032,"tags":["don't","get","me","wrong"],"parents":[],"genre":"rock","debut":"1986-10","playlists":[],"ranks":[12.5,10,7.5,5,5.2,5.5,5.9,6.4,6.9,7.6,8.6],"artists":{"pretenders":true},"scores":[0.158,0.232,0.328,0.463,0.45,0.431,0.408,0.381,0.356,0.323,0.282,0.24099999999999994,0.15899999999999986,0.035999999999999754,0],"ascent":[0.158,0.232,0.328,0.463],"descent-weeks":11.436285097192222,"ascent-weeks":3.826133909287257,"peak":0.463}