{"title":"Live & Die","instanceSlug":1035,"tags":[],"parents":[],"genre":"pop","debut":"1986-11","playlists":[],"ranks":[18,14,10,8.9,8.6,8.7,8.8,9.2,9.6,10.1,10.8,12,15],"artists":{"omd":true},"scores":[0.036,0.12,0.232,0.271,0.282,0.278,0.275,0.26,0.246,0.229,0.206,0.171,0.097,0.022999999999999993,0],"ascent":[0.036,0.12,0.232,0.271,0.282],"descent-weeks":1.8373333333333348,"ascent-weeks":5.005319148936171,"peak":0.282}