{"title":"What About Love","instanceSlug":1036,"tags":[],"parents":[],"genre":"rock","debut":"1986-11","playlists":[],"ranks":[15,7,3.9,3.3,3,3.37],"artists":{"til-tuesday":true},"scores":[0.097,0.351,0.546,0.602,0.633,0.595,0.5569999999999999,0.48099999999999987,0.36699999999999977,0.21499999999999964,0.024999999999999467,0],"ascent":[0.097,0.351,0.546,0.602,0.633],"descent-weeks":6.808056872037913,"ascent-weeks":5.281990521327014,"peak":0.633}