{"title":"Emotion in Motion","instanceSlug":1040,"tags":["#1","#1-mainstream-rock"],"genre":"pop","debut":"1986-10","playlists":[],"artists":{"ric-ocasek":true},"scores":[0.097,0.768,0.876,0.833,0.794,0.754,0.714,0.6339999999999999,0.5139999999999998,0.35399999999999965,0.15399999999999947,0],"ascent":[0.097,0.768,0.876],"descent-weeks":3.9440388127853865,"ascent-weeks":2.9811643835616444,"peak":0.876}