{"title":"Time After Time","instanceSlug":1045,"tags":["#1"],"parents":[],"genre":"pop","debut":"1984-05","playlists":[],"ranks":[12,4.5,2.6,2.2,2.1,2.3,2.6,3.3],"artists":{"cyndi-lauper":true},"scores":[0.171,0.498,0.681,0.737,0.752,0.722,0.681,0.602,0.5229999999999999,0.36499999999999977,0.12799999999999956,0],"ascent":[0.171,0.498,0.681,0.737,0.752],"descent-weeks":7.52593085106383,"ascent-weeks":5.662898936170214,"peak":0.752}