{"title":"Hard to Say I'm Sorry","instanceSlug":1054,"tags":[],"parents":[],"genre":"pop","debut":"1982-07","playlists":[],"ranks":[19,15,13,11.5,10,9.7,9.4,9.5,9.9,10.5,11.2,12.8],"artists":{"chicago":true},"scores":[0.018,0.097,0.145,0.185,0.232,0.242,0.253,0.249,0.235,0.216,0.194,0.15,0.10599999999999998,0.01799999999999996,0],"ascent":[0.018,0.097,0.145,0.185,0.232,0.242,0.253],"descent-weeks":1.2136538208168641,"ascent-weeks":6.948616600790515,"peak":0.253}