{"title":"If I Ever Fall in Love","instanceSlug":1059,"tags":["#1","#1-r&b"],"genres":["soul","urban"],"debut":"1992-11","playlists":[],"artists":{"shai":true},"scores":[0.197,0.463,0.633,0.786,0.708,0.6299999999999999,0.47399999999999975,0.23999999999999955,0],"ascent":[0.197,0.463,0.633,0.786],"descent-weeks":5.416030534351143}