{"title":"Rock This Town","instanceSlug":106,"tags":["rock","this","town"],"parents":[],"genre":"rockabilly","debut":"1982-10","ranks":[20.5,16,12,9.2,7.9,7.5,7.6,7.9,9],"artists":{"stray-cats":true},"scores":[0.075,0.171,0.26,0.311,0.328,0.323,0.311,0.267,0.22300000000000003,0.13500000000000006,0.0030000000000001137,0],"ascent":[0.075,0.171,0.26,0.311,0.328],"descent-weeks":1.1048399390243906,"ascent-weeks":5.236280487804878,"peak":0.328}