{"title":"Move This","instanceSlug":1076,"tags":[],"parents":[],"genre":"dance","debut":"1992-07","playlists":["summer"],"ranks":[14.5,4.3,2.5,2.2,2.49],"artists":{"technotronic":true},"scores":[0.108,0.513,0.694,0.737,0.695,0.6529999999999999,0.5689999999999998,0.4429999999999997,0.2749999999999996,0.06499999999999939,0],"ascent":[0.108,0.513,0.694,0.737],"descent-weeks":2.1331629353233814,"ascent-weeks":4.176390773405699,"peak":0.737}