{"title":"Where the Streets Have No Name","instanceSlug":1085,"tags":[],"genre":"rock","debut":"1987-10","playlists":[],"artists":{"u2":true},"scores":[0.25,0.5575714285714286,0.6861,0.721,0.7120946487784052,0.6853785951136208,0.6408518390056467,0.578514380454483,0.4983662194601298,0.40040735602258687,0.28463779014185436,0.15105752181793228],"score":6.989241428571429,"debutScore":0.25,"peakScore":0.721,"duration":4}