{"title":"Even Better than the Real Thing","instanceSlug":1086,"tags":["#1","#1-mainstream-rock"],"genre":"rock","debut":"1992-08","playlists":["summer"],"artists":{"u2":true},"scores":[0.123,0.387,0.516,0.54,0.552,0.5485720670517739,0.5382882682070953,0.5211486034659644,0.49715307282838095,0.4663016762943452,0.4285944138638571,0.3840312855369166,0.3326122913135237,0.2743374311936784,0.20920670517738077,0.13722011326463077,0.058377655455428314,0],"score":4.506000000000001,"debutScore":0.123,"peakScore":0.552,"duration":3,"ascent":[0.123,0.387,0.516,0.54,0.552],"descent-weeks":5.277881769093134,"ascent-weeks":5.755434782608696,"peak":0.552}