{"title":"Beautiful Day","instanceSlug":1087,"tags":[],"genre":"rock","debut":"2000-12","playlists":[],"artists":{"u2":true},"scores":[0.145,0.633,0.864,0.8495280465065602,0.806112186026241,0.7337524185590425,0.6324487441049643,0.5022011626640068,0.34300967423616974,0.15487427882145313],"score":5.3,"debutScore":0.145,"peakScore":0.864,"duration":3,"ascent":[0.145,0.633,0.864],"descent-weeks":8.482511303677843}