{"title":"The Sweetest Thing","instanceSlug":1088,"tags":[],"genre":"rock","debut":1998,"playlists":[],"artists":{"u2":true},"scores":[0.175,0.451,0.646,0.673,0.681,0.685,0.6802699720369999,0.6660798881479993,0.6424297483329984,0.609319552591997,0.5667493009249953,0.5147189933319932,0.4532286298129907,0.38227821036798787,0.30186773499698477,0.21199720369998107,0.11266661647697707],"score":6.951000000000001,"debutScore":0.175,"peakScore":0.685,"duration":4,"ascent":[0.175,0.451,0.646,0.673,0.681,0.685],"descent-weeks":12.758990913989571}