{"title":"Fever","instanceSlug":"1093","tags":[],"parents":[],"genre":"pop","debut":1992,"playlists":[],"ranks":[],"artists":{"madonna":true},"scores":[0.126,0.353,0.51,0.567,0.573,0.556,0.543,0.53,0.504,0.46499999999999997,0.4129999999999999,0.34799999999999986,0.2699999999999998,0.17899999999999971,0.07499999999999962,0],"ascent":[0.126,0.353,0.51,0.567,0.573],"descent-weeks":4.267417102966839,"ascent-weeks":5.573298429319372,"peak":0.573}