{"title":"Dark Horse","instanceSlug":"1102","tags":[],"genre":"pop","debut":2014,"playlists":[],"artists":{"katy-perry":true},"scores":[0.1,0.48261,0.515,0.5242,0.5282,0.51741,0.51,0.4998,0.47940000000000005,0.44880000000000003,0.40800000000000003,0.35700000000000004,0.29580000000000006,0.22440000000000004,0.14280000000000004,0.05100000000000003,0],"ascent":[0.1,0.48261,0.515,0.5242,0.5282],"descent-weeks":4.655677164300139,"ascent-weeks":6.10567020068156,"peak":0.5282}