{"title":"Roar","instanceSlug":1104,"tags":["#1","#1-rdwt40-hot-adult"],"genre":"pop","debut":2013,"playlists":[],"artists":{"katy-perry":true},"scores":[0.125,0.654,0.671,0.666,0.661,0.652,0.635,0.618,0.584,0.5329999999999999,0.46499999999999986,0.3799999999999998,0.2779999999999997,0.15899999999999959,0.022999999999999465,0],"ascent":[0.125,0.654,0.671],"descent-weeks":14.139344262295076}