{"title":"3AM Eternal","instanceSlug":1108,"tags":[],"parents":[],"genre":"pop","debut":"1991-08","playlists":["summer"],"ranks":[14,5,2.3,2.25,2.25,2.5,2.75,3.28],"artists":{"klf":true},"scores":[0.12,0.463,0.722,0.729,0.729,0.694,0.662,0.604,0.5459999999999999,0.4299999999999998,0.2559999999999997,0.023999999999999466,0],"ascent":[0.12,0.463,0.722,0.729],"descent-weeks":3.5840411522633726,"ascent-weeks":4.185185185185185,"peak":0.729}