{"title":"Slow Motion","instanceSlug":1110,"tags":[],"parents":[],"genre":"pop","debut":"1992-06","playlists":[],"ranks":[17,11.5,8,6.5,6,6.2,7],"artists":{"color-me-badd":true},"scores":[0.055,0.185,0.306,0.376,0.402,0.391,0.351,0.31099999999999994,0.23099999999999987,0.11099999999999977,0],"ascent":[0.055,0.185,0.306,0.376,0.402],"descent-weeks":1.1626113184079596,"ascent-weeks":4.940298507462686,"peak":0.402}