{"title":"We Got a Love Thang","instanceSlug":1113,"tags":[],"parents":[],"genre":"pop","debut":"1992-03","playlists":[],"ranks":[16,11,7,5.5,4,4.25,4.6,6],"artists":{"cece-peniston":true},"scores":[0.075,0.2,0.351,0.431,0.537,0.517,0.491,0.402,0.31300000000000006,0.13500000000000012,0],"ascent":[0.075,0.2,0.351,0.431,0.537],"descent-weeks":1.4825659528243325,"ascent-weeks":4.4525139664804465,"peak":0.537}