{"title":"Rest in Peace","instanceSlug":1116,"tags":[],"genre":"rock","debut":1992,"playlists":[],"ranks":[17,9,7,5.2,4,4.25,4.56],"artists":{"extreme":true},"scores":[0.055,0.267,0.351,0.45,0.537,0.517,0.494,0.471,0.42499999999999993,0.35599999999999987,0.2639999999999998,0.1489999999999997,0.010999999999999566,0],"ascent":[0.055,0.267,0.351,0.45,0.537],"descent-weeks":9.005586592178767}