{"title":"You Keep Me Hanging On","instanceSlug":1119,"tags":[],"genre":"pop","debut":1987,"playlists":[],"artists":{"kim-wilde":true,"hdh":"writer"},"scores":[0.376,0.582,0.694,0.722,0.694,0.6659999999999999,0.6099999999999999,0.5259999999999998,0.4139999999999997,0.2739999999999996,0.10599999999999943,0],"ascent":[0.376,0.582,0.694,0.722],"descent-weeks":8.33518005540166,"ascent-weeks":4.932132963988919,"peak":0.722}