{"title":"We Built This City","instanceSlug":112,"tags":["build","city","this"],"parents":[],"genre":"pop","debut":"1985-08","ranks":[17.9,10.6,7.3,9.9,13.3,17.8,24,32.2,43.2,58.1,78,104.7],"artists":{"starship":true},"scores":[0.038,0.213,0.337,0.235,0.137,0.04,0],"ascent":[0.038,0.213,0.337],"descent-weeks":3.333827893175074,"ascent-weeks":2.6172106824925816,"peak":0.337}