{"title":"Cherry Bomb","instanceSlug":1124,"tags":["#1","#1-mainstream-rock"],"genre":"rock","debut":"1987-11","playlists":[],"ranks":[18,15,12,10.5,10,12],"artists":{"john-mellancamp":true},"scores":[0.036,0.097,0.171,0.216,0.232,0.171,0.11000000000000001,0],"ascent":[0.036,0.097,0.171,0.216,0.232],"descent-weeks":3.3168103448275863,"ascent-weeks":4.862068965517242,"peak":0.232}