{"title":"Shake Your Love","instanceSlug":1127,"tags":[],"genre":"pop","debut":"1987-11","playlists":[],"artists":{"debbie-gibson":true},"scores":[0.145,0.267,0.351,0.463,0.425,0.38699999999999996,0.3109999999999999,0.1969999999999998,0.04499999999999965,0],"ascent":[0.145,0.267,0.351,0.463],"descent-weeks":5.922246220302373,"ascent-weeks":3.971922246220302,"peak":0.463}