{"title":"Sleeping Satellite","instanceSlug":1129,"tags":["sleep"],"parents":[],"genre":"pop","debut":"1993-08","playlists":[],"ranks":[15,8,6,5,4.5,4.7,5,5.5,6,6.5,7,8],"artists":{"tasmin-archer":true},"scores":[0.097,0.306,0.402,0.463,0.498,0.484,0.463,0.431,0.402,0.376,0.351,0.306,0.261,0.17100000000000004,0.03600000000000009,0],"ascent":[0.097,0.306,0.402,0.463,0.498],"descent-weeks":3.506451639892905,"ascent-weeks":5.319277108433735,"peak":0.498}