{"title":"Never Knew Love Like This Before","instanceSlug":113,"tags":[],"genre":"soul","debut":1981,"artists":{"stephanie-mills":true},"scores":[0.235,0.42,0.482,0.545,0.557,0.569,0.548,0.5270000000000001,0.4850000000000003,0.4220000000000006,0.33800000000000097,0.23300000000000143,0.10700000000000198,0],"ascent":[0.235,0.42,0.482,0.545,0.557,0.569],"descent-weeks":8.512302284710033,"ascent-weeks":7.402460456942004,"peak":0.569}