{"title":"Lovergirl","instanceSlug":1133,"tags":[],"genre":"dance","debut":"1985-02","playlists":[],"artists":{"teena-marie":true},"scores":[0.171,0.737,0.787,0.732,0.727,0.71246,0.68338,0.63976,0.5816,0.5089,0.42166000000000003,0.31988000000000005,0.20356000000000007,0.07270000000000007,0],"ascent":[0.171,0.737,0.787],"descent-weeks":12.178970775095298,"ascent-weeks":3.2306226175349426,"peak":0.787}