{"title":"Turtle Power","instanceSlug":1139,"tags":[],"genre":"pop","debut":1990,"playlists":[],"artists":{"partners-in-kryme":true},"scores":[0.21,0.512951,0.7556,0.82,0.8446,0.82,0.7953999999999999,0.7461999999999998,0.6723999999999996,0.5739999999999993,0.45099999999999896,0.30339999999999856,0.1311999999999981,0],"ascent":[0.21,0.512951,0.7556,0.82,0.8446],"descent-weeks":9.480582524271833}