{"title":"I'll Give All My Love to You","instanceSlug":1140,"tags":["#1","#1-r&b","my-love","to-you"],"parents":[],"genre":"soul","debut":"1991-01","playlists":[],"ranks":[18,11.5,8.1,6.5,5.5,5,5.2,5.9],"artists":{"keith-sweat":true},"scores":[0.036,0.185,0.302,0.376,0.431,0.463,0.45,0.408,0.36599999999999994,0.28199999999999986,0.15599999999999975,0],"ascent":[0.036,0.185,0.302,0.376,0.431,0.463],"descent-weeks":6.884449244060473,"ascent-weeks":5.808855291576674,"peak":0.463}