{"title":"Do You Want Me","instanceSlug":1145,"tags":["do","me","want","you"],"parents":[],"genre":"hip-hop","debut":1991,"playlists":[],"ranks":[13,3.5,1.5,1.68],"artists":{"salt-n-pepa":true},"scores":[0.145,0.582,0.864,0.827,0.7899999999999999,0.7159999999999999,0.6049999999999998,0.45699999999999963,0.27199999999999946,0.04999999999999927,0],"ascent":[0.145,0.582,0.864],"descent-weeks":2.7270381944444417,"ascent-weeks":2.7621527777777777,"peak":0.864}