{"title":"Silent Lucidity","instanceSlug":1147,"tags":[],"parents":[],"genre":"rock","debut":"1991-04","playlists":[],"ranks":[17,10.5,7.1,5.3,4.5,4,4.6],"artists":{"queensryche":true},"scores":[0.055,0.216,0.346,0.444,0.498,0.537,0.491,0.44499999999999995,0.35299999999999987,0.21499999999999975,0.030999999999999583,0],"ascent":[0.055,0.216,0.346,0.444,0.498,0.537],"descent-weeks":1.3401762880198622,"ascent-weeks":5.854748603351955,"peak":0.537}