{"title":"Miles Away","instanceSlug":1150,"tags":[],"genre":"rock","debut":1991,"playlists":["ballad"],"artists":{"winger":true},"scores":[0.04,0.36,0.39,0.42,0.44,0.43,0.42,0.41,0.38999999999999996,0.35999999999999993,0.3199999999999999,0.26999999999999985,0.2099999999999998,0.13999999999999974,0.059999999999999665,0],"ascent":[0.04,0.36,0.39,0.42,0.44],"descent-weeks":11.761363636363633,"ascent-weeks":5.624999999999999,"peak":0.44}