{"title":"All This Time","instanceSlug":1151,"tags":["#1","#1-mainstream-rock","#1-modern-rock"],"genre":"pop","debut":"1991-02","playlists":[],"artists":{"sting":true},"scores":[0.1,0.331,0.446471,0.511,0.49682352941176466,0.48541176471,0.4758235294117648,0.4561,0.43758823529411767,0.418176471,0.393,0.36782352900000004,0.3174705870000001,0.24194117400000015,0.14123529000000024,0.015352935000000345,0],"ascent":[0.1,0.331,0.446471,0.511],"descent-weeks":13.965989368378612,"ascent-weeks":4.075746575342466,"peak":0.511}