{"title":"Groove Is In the Heart","instanceSlug":1152,"tags":[],"genre":"dance-pop","debut":1991,"playlists":[],"artists":{"deee-lite":true},"scores":[0.2,0.5,0.7,0.69,0.68,0.65,0.62,0.5599999999999999,0.46999999999999986,0.34999999999999976,0.19999999999999962,0.019999999999999463,0],"ascent":[0.2,0.5,0.7],"descent-weeks":3.7285238095238076,"ascent-weeks":2.9999999999999996,"peak":0.7}