{"title":"Ordinary Average Guy","instanceSlug":1156,"tags":[],"parents":[],"genre":"rock","debut":1991,"playlists":[],"ranks":[],"artists":{"joe-walsh":true},"scores":[0.127,0.319,0.521,0.722,0.694,0.645,0.5960000000000001,0.4980000000000002,0.3510000000000004,0.1550000000000007,0],"ascent":[0.127,0.319,0.521,0.722],"descent-weeks":2.260659048938136,"ascent-weeks":3.509002770083103,"peak":0.722}