{"title":"Here We Go, Let's Rock & Roll","instanceSlug":1157,"tags":["go","","rock-and-roll"],"parents":[],"genre":"dance","debut":1991,"playlists":[],"ranks":[],"artists":{"c-c-music-factory":true},"scores":[0.158,0.341,0.529,0.612,0.529,0.456,0.451,0.441,0.426,0.406,0.381,0.351,0.316,0.276,0.231,0.181,0.126,0.066,0.006000000000000005,0],"ascent":[0.158,0.341,0.529,0.612],"descent-weeks":12.879901960784315,"ascent-weeks":4.019607843137255,"peak":0.612}