{"title":"Where Does My Heart Beat Now","instanceSlug":1159,"tags":["beat","does","heart","my","now","where"],"parents":[],"genre":"adult-contemporary","debut":1991,"playlists":[],"ranks":[18,11,7,5.9,5.4,5.25,4.99,5.25,5.65,6.3],"artists":{"celine-dion":true},"scores":[0.036,0.2,0.351,0.408,0.437,0.447,0.464,0.447,0.422,0.386,0.35000000000000003,0.2780000000000001,0.17000000000000015,0.026000000000000245,0],"ascent":[0.036,0.2,0.351,0.408,0.437,0.447,0.464],"descent-weeks":2.231519037356322,"ascent-weeks":7.574353448275861,"peak":0.464}