{"title":"Temptation","instanceSlug":1162,"tags":["tempt"],"parents":[],"genre":"dance","debut":"1991-07","playlists":["summer"],"artists":{"corina":true},"scores":[0.265,0.665,0.695,0.725,0.745,0.735,0.67,0.6050000000000001,0.4750000000000002,0.28000000000000036,0.020000000000000573,0],"ascent":[0.265,0.665,0.695,0.725,0.745],"descent-weeks":2.6159116331096204,"ascent-weeks":6.231543624161074,"peak":0.745}