{"title":"Fading Like a Flower","instanceSlug":1163,"tags":["analogy","fade","flower"],"parents":[],"genre":"pop","debut":"1991-07","playlists":[],"ranks":[21,14,10,12],"artists":{"roxette":true},"scores":[0.12,0.232,0.171,0.11000000000000001,0],"ascent":[0.12,0.232],"descent-weeks":0.15939116379310345,"ascent-weeks":2.2758620689655173,"peak":0.232}