{"title":"The Way You Do The Things You Do","instanceSlug":1168,"tags":["","remake","thing","way"],"parents":[],"genre":"pop","debut":1991,"playlists":[],"ranks":[],"artists":{"ub40":true},"scores":[0.036,0.145,0.232,0.267,0.306,0.29,0.271,0.246,0.203,0.198,0.188,0.173,0.153,0.128,0.098,0.063,0.023,0],"ascent":[0.036,0.145,0.232,0.267,0.306],"descent-weeks":11.47058823529412,"ascent-weeks":4.833333333333334,"peak":0.306}