{"title":"Love Takes Time","instanceSlug":1172,"tags":["take-time"],"genre":"pop","debut":1991,"playlists":[],"artists":{"mariah-carey":true},"scores":[0.075,0.131,0.19,0.21,0.22,0.23,0.21,0.18999999999999997,0.14999999999999994,0.08999999999999989,0.009999999999999815,0],"ascent":[0.075,0.131,0.19,0.21,0.22,0.23],"descent-weeks":5.739130434782606}