{"title":"Hero","instanceSlug":1180,"tags":[],"genre":"pop","debut":"1993-11","playlists":[],"artists":{"mariah-carey":true},"scores":[0.013,0.075,0.125,0.131,0.121,0.11099999999999999,0.09099999999999997,0.06099999999999994,0.020999999999999908,0],"ascent":[0.013,0.075,0.125,0.131],"descent-weeks":0.3000508905852416,"ascent-weeks":3.9389312977099236,"peak":0.131}