{"title":"No Ordinary Love","instanceSlug":1182,"tags":[],"parents":[],"genre":"soul","debut":1992,"playlists":[],"ranks":[],"artists":{"sade":true},"scores":[0.027,0.145,0.232,0.298,0.356,0.376,0.337,0.267,0.262,0.252,0.237,0.217,0.192,0.162,0.127,0.087,0.042,0],"ascent":[0.027,0.145,0.232,0.298,0.356,0.376],"descent-weeks":10.204787234042556,"ascent-weeks":5.720744680851063,"peak":0.376}