{"title":"Bubba Shot the Jukebox","instanceSlug":1183,"tags":["shoot"],"parents":[],"genre":"country","debut":1992,"playlists":[],"ranks":[],"artists":{"mark-chestnutt":true},"scores":[0.1,0.21,0.312951,0.35561236147633757,0.357477963561,0.3446276515977258,0.3289181,0.31523776166182677,0.31],"ascent":[0.1,0.21,0.312951,0.35561236147633757,0.357477963561],"descent-weeks":6.949777240763801}