{"title":"The Night the Lights Went Out in Georgia","instanceSlug":1185,"tags":["murder"],"parents":[],"genre":"country","debut":1992,"playlists":["places"],"ranks":[14.5,3.7,2.5,2.6,2.75,3.15],"artists":{"reba-mcentire":true},"scores":[0.108,0.563,0.694,0.681,0.662,0.617,0.572,0.4819999999999999,0.34699999999999975,0.1669999999999996,0],"ascent":[0.108,0.563,0.694],"descent-weeks":9.12536023054755,"ascent-weeks":2.9502881844380395,"peak":0.694}