{"title":"Intergalactic","instanceSlug":1190,"tags":[],"genre":"rap","debut":"1990s","playlists":[],"artists":{"beastie-boys":true},"scores":[0.3,0.5,0.75,0.82,0.83,0.82,0.8036,0.7707999999999999,0.7215999999999999,0.6559999999999999,0.574,0.47559999999999997,0.3608,0.22960000000000003,0.08200000000000005,0],"ascent":[0.3,0.5,0.75,0.82,0.83],"descent-weeks":11.428915662650601,"ascent-weeks":5.783132530120483,"peak":0.83}