{"title":"Hopelessly","instanceSlug":1193,"tags":[],"genre":"pop","debut":"1993-10","playlists":[],"ranks":[21,15,11,7.5,6,6.1,6.5,7.2,9],"artists":{"rick-astley":true},"scores":[0.097,0.2,0.328,0.402,0.397,0.376,0.341,0.267,0.193,0.044999999999999984,0],"ascent":[0.097,0.2,0.328,0.402],"descent-weeks":7.541044776119403,"ascent-weeks":3.832089552238806,"peak":0.402}