{"title":"Everybody Hurts","instanceSlug":1194,"tags":["everybody","hurt"],"parents":[],"genre":"alternative-pop","debut":"1993-11","playlists":[],"ranks":[],"artists":{"rem":true},"scores":[0.12,0.45,0.633,0.657,0.672,0.684,0.689,0.661,0.633,0.577,0.493,0.381,0.241,0.073],"score":6.995021,"debutScore":0.11375,"peakScore":0.591,"duration":5,"ascent":[0.12,0.45,0.633,0.657,0.672,0.684,0.689],"descent-weeks":8.159651669085632}