{"title":"Jimmy Olsen Blues","instanceSlug":1195,"tags":["blues","superman"],"parents":[],"genre":"rock","debut":"1993-11","playlists":[],"artists":{"spin-doctors":true},"scores":[0.3,0.513,0.683,0.722,0.75,0.77,0.76,0.7448,0.7144,0.6688000000000001,0.6080000000000001,0.5320000000000001,0.44080000000000014,0.33440000000000014,0.21280000000000013,0.07600000000000012,0],"ascent":[0.3,0.513,0.683,0.722,0.75,0.77],"descent-weeks":6.090389610389614,"ascent-weeks":7.281818181818182,"peak":0.77}