{"title":"Just Kick It","instanceSlug":1197,"tags":[],"genre":"hip-hop","debut":"1993-11","playlists":[],"artists":{"xscape":true},"scores":[0.12,0.267,0.376,0.402,0.361,0.31999999999999995,0.23799999999999988,0.11499999999999977,0],"ascent":[0.12,0.267,0.376,0.402],"descent-weeks":5.358208955223878,"ascent-weeks":4.347014925373134,"peak":0.402}