{"title":"What You Give","instanceSlug":1202,"tags":[],"parents":[],"genre":"hard-rock","debut":1992,"playlists":[],"ranks":[],"artists":{"tesla":true},"scores":[0.075,0.267,0.402,0.582,0.694,0.662,0.633,0.602,0.563,0.5239999999999999,0.44599999999999984,0.32899999999999974,0.1729999999999996,0],"ascent":[0.075,0.267,0.402,0.582,0.694],"descent-weeks":9.998559077809798,"ascent-weeks":4.36599423631124,"peak":0.694}