{"title":"What You Won't Do for Love","instanceSlug":1203,"tags":["do-for-love"],"playlists":[],"genre":"pop","debut":1993,"ranks":[25,22,18,16,15,15.5,19],"artists":{"go-west":true},"scores":[0.036,0.075,0.097,0.086,0.018,0],"ascent":[0.036,0.075,0.097],"descent-weeks":0.0706262886597938,"ascent-weeks":3.216494845360825,"peak":0.097}