{"title":"Deeper & Deeper","instanceSlug":1206,"tags":[],"genre":"pop","debut":"1992-12","playlists":[],"artists":{"madonna":true},"scores":[0.1,0.4,0.7,0.768,0.78,0.773668527950161,0.7546741118006437,0.7230167515514484,0.6786964472025749,0.6217131987540234,0.5520670062057936,0.4697578695578859,0.3747857888102997,0.26715076396303566,0.14685279501609347,0.013891881969473123],"score":7.26804294486825,"debutScore":0.1,"peakScore":0.78,"duration":4,"ascent":[0.1,0.4,0.7,0.768,0.78],"descent-weeks":11.838990659195064}