{"title":"Joyride","instanceSlug":1209,"tags":[],"parents":[],"genre":"pop","debut":"1991-04","playlists":[],"ranks":[17,12,7,6.5,6.8,7.1,9],"artists":{"roxette":true},"scores":[0.055,0.171,0.351,0.376,0.361,0.346,0.267,0.18800000000000006,0.030000000000000138,0],"ascent":[0.055,0.171,0.351,0.376],"descent-weeks":0.8760921985815606,"ascent-weeks":3.8018617021276597,"peak":0.376}