{"title":"Too Shy","instanceSlug":121,"tags":[],"parents":[],"genre":"pop","debut":"1983-06","ranks":[16,10,8.5,8.3,8.7,9.9],"artists":{"kajagoogoo":true},"scores":[0.075,0.232,0.286,0.294,0.278,0.235,0.19199999999999995,0.10599999999999987,0],"ascent":[0.075,0.232,0.286,0.294],"descent-weeks":5.637755102040817,"ascent-weeks":4.525510204081633,"peak":0.294}