{"title":"All the Man that I Need","instanceSlug":1210,"tags":["#1","#1-adult-contemporary","#1-hot-100","#1-r&b"],"parents":[],"genre":"soul","debut":"1991-01","playlists":[],"ranks":[16,9,5.7,4.1,3.5,3.75,4.5],"artists":{"whitney-houston":true},"scores":[0.1335,0.528,0.507,0.486,0.44399999999999995,0.3809999999999999,0.2969999999999998,0.19199999999999973,0.06599999999999961,0],"ascent":[0.1335,0.528],"descent-weeks":8.24147727272727,"ascent-weeks":1.8792613636363635,"peak":0.528}