{"title":"Scream","instanceSlug":1221,"tags":[],"genre":"pop","debut":"1995-07","playlists":[],"artists":{"michael-jackson":true,"janet-jackson":true},"scores":[0.035,0.15,0.18,0.14,0.10000000000000003,0.020000000000000073,0],"ascent":[0.035,0.15,0.18],"descent-weeks":0.16398148148148153,"ascent-weeks":3.0416666666666665,"peak":0.18}