{"title":"Ben","instanceSlug":1227,"tags":[],"parents":[],"genre":"pop","debut":1972,"playlists":[],"ranks":[],"artists":{"michael-jackson":true},"scores":[0.021,0.264,0.42,0.45,0.47,0.475,0.465,0.45500000000000007,0.43500000000000016,0.4050000000000003,0.3650000000000005,0.3150000000000007,0.255000000000001,0.18500000000000133,0.1050000000000017,0.015000000000002123,0],"ascent":[0.021,0.264,0.42,0.45,0.47,0.475],"descent-weeks":10.97368421052634,"ascent-weeks":6.631578947368422,"peak":0.475}