{"title":"Rockin' Robin","instanceSlug":1229,"tags":["birds","rock"],"genre":"pop","debut":1972,"playlists":["animals","pph"],"artists":{"michael-jackson":true},"scores":[0.15,0.4273148148148146,0.571037037037037,0.6258888888888888,0.6346111111111112,0.62,0.6053888888888888,0.5761666666666663,0.5323333333333325,0.4738888888888876,0.4008333333333314,0.31316666666666393,0.21088888888888524,0.09399999999999531,0],"ascent":[0.15,0.4273148148148146,0.571037037037037,0.6258888888888888,0.6346111111111112],"descent-weeks":10.544909393329206}