{"title":"Rockin' Robin","instanceSlug":1229,"tags":["birds","rock"],"genre":"pop","debut":1972,"playlists":["animals","pph"],"artists":{"michael-jackson":true},"scores":[0.15,0.4273148148148146,0.571037037037037,0.6258888888888888,0.6346111111111112,0.62],"ascent":[0.15,0.4273148148148146,0.571037037037037,0.6258888888888888,0.6346111111111112],"descent-weeks":2.9654644139017767}