{"title":"Blood on the Dance Floor","instanceSlug":1231,"artists":{"michael-jackson":true,"teddy-riley":"writer"},"debut":"1997","tags":[],"genres":["new-jack-swing","urban","pop"],"playlists":[],"scores":[0.15,0.427,0.571,0.625,0.62,0.6076,0.5828,0.5456,0.496,0.434,0.35960000000000003,0.27280000000000004,0.17360000000000006,0.06200000000000008,0],"ascent":[0.15,0.427,0.571,0.625],"descent-weeks":4.174934400000002,"ascent-weeks":4.2552,"peak":0.625}