{"title":"Got To Be There","instanceSlug":1232,"tags":[],"genre":"pop","debut":1971,"playlists":[],"artists":{"michael-jackson":true},"scores":[0.7,0.85,0.86,0.82,0.815,0.7987,0.7661,0.7172000000000001,0.652,0.5705,0.4727,0.35860000000000003,0.22820000000000004,0.08150000000000004,0],"ascent":[0.7,0.85,0.86],"descent-weeks":12.45436046511628,"ascent-weeks":4.203488372093022,"peak":0.86}