{"title":"The Look of Love","instanceSlug":124,"tags":["look","love","this-of-that"],"parents":[],"genre":"pop","debut":"1982-11","ranks":[15.9,8.8,4.9,2.7,2.6,3.2],"artists":{"abc":true},"scores":[0.077,0.275,0.47,0.668,0.681,0.612,0.5429999999999999,0.4049999999999998,0.19799999999999962,0],"ascent":[0.077,0.275,0.47,0.668,0.681],"descent-weeks":1.3758920704845803,"ascent-weeks":4.78193832599119,"peak":0.681}