{"title":"Endless Love","instanceSlug":1243,"tags":["#1","#1-adult-contemporary","#1-hot-100","#1-r&b","remade"],"genre":"soul","debut":"1981-08","playlists":[],"artists":{"diana-ross":true,"lionel-richie":true},"scores":[0.21212121212121213,0.37931034482758624,0.5625,0.6,0.6260162601626017,0.6,0.5739837398373983,0.5219512195121948,0.44390243902438964,0.33983739837398275,0.20975609756097413,0.05365853658536379,0],"ascent":[0.21212121212121213,0.37931034482758624,0.5625,0.6,0.6260162601626017],"descent-weeks":8.072727272727258,"ascent-weeks":5.702602237104587,"peak":0.6260162601626017}