{"title":"Heartbreaker","instanceSlug":1247,"tags":[],"genre":"soul","debut":"1982-11","playlists":[],"artists":{"dionne-warwick":true},"scores":[0.0875,0.2395,0.3795,0.42,0.412,0.4165,0.419,0.39,0.36100000000000004,0.3030000000000001,0.2160000000000002,0.10000000000000031,0],"ascent":[0.0875,0.2395,0.3795,0.42],"descent-weeks":2.5095535714285724,"ascent-weeks":4.023214285714285,"peak":0.42}