{"title":"Dirty Laundry","instanceSlug":1248,"tags":["#1","#1-mainstream-rock"],"genre":"pop","debut":"1982-11","playlists":[],"ranks":[14,3.7,2.3,2.4,2.6,2.9,3.25],"artists":{"don-henley":true},"scores":[0.12,0.563,0.722,0.708,0.681,0.645,0.607,0.569,0.4929999999999999,0.3789999999999998,0.22699999999999965,0.03699999999999948,0],"ascent":[0.12,0.563,0.722],"descent-weeks":3.7863762696214187,"ascent-weeks":2.9189750692520775,"peak":0.722}