{"title":"Athena","instanceSlug":1249,"tags":["mythology","women"],"parents":[],"genre":"rock","debut":"1982-10","playlists":[],"ranks":[23,19,15,13,11.7,12.5,13.9],"artists":{"who":true},"scores":[0.018,0.097,0.145,0.18,0.158,0.122,0.086,0.013999999999999985,0],"ascent":[0.018,0.097,0.145,0.18],"descent-weeks":4.666666666666666,"ascent-weeks":3.666666666666667,"peak":0.18}