{"title":"Looking for a New Love","instanceSlug":125,"tags":[],"genres":["pop"],"debut":1987,"artists":{"jody-watley":true},"scores":[0.177,0.36,0.42,0.45,0.44,0.43,0.41,0.37999999999999995,0.3399999999999999,0.28999999999999987,0.22999999999999982,0.15999999999999975,0.07999999999999968,0],"ascent":[0.177,0.36,0.42,0.45],"descent-weeks":2.7445499999999976,"ascent-weeks":4.689999999999999,"peak":0.45}