{"title":"Love Me Tomorrow","instanceSlug":1251,"tags":["love-me"],"genres":["soft-rock","adult-contemporary"],"debut":"1982-11","playlists":[],"artists":{"chicago":true},"scores":[0.036,0.097,0.171,0.249,0.346,0.408,0.414,0.408,0.402,0.381,0.356,0.319,0.28200000000000003,0.20800000000000007,0.09700000000000014,0],"ascent":[0.036,0.097,0.171,0.249,0.346,0.408,0.414],"descent-weeks":2.647704508856682,"ascent-weeks":6.2355072463768115,"peak":0.414}