{"title":"It's Raining Again","instanceSlug":1252,"tags":["again","it's","rain"],"parents":[],"genre":"pop","debut":"1982-10","playlists":[],"ranks":[15.5,10.2,7,5.2,4.9,5.2,5.8,7],"artists":{"supertramp":true},"scores":[0.086,0.225,0.351,0.45,0.47,0.45,0.414,0.351,0.288,0.16199999999999998,0],"ascent":[0.086,0.225,0.351,0.45,0.47],"descent-weeks":6.813829787234042,"ascent-weeks":5.048936170212766,"peak":0.47}