{"title":"Jack & Diane","instanceSlug":1255,"tags":["#1","#1-hot-100"],"parents":[],"genre":"rock","debut":"1982-08","playlists":[],"ranks":[22,17,14,13,12,12.9,14.7],"artists":{"john-mellancamp":true},"scores":[0.055,0.12,0.145,0.171,0.147,0.104,0.061,0],"ascent":[0.055,0.12,0.145,0.171],"descent-weeks":4.2368421052631575,"ascent-weeks":4.307017543859648,"peak":0.171}