{"title":"Up Where We Belong","instanceSlug":1256,"tags":[],"parents":[],"genre":"adult-contemporary","debut":"1982-10","playlists":[],"ranks":[],"artists":{"joe-cocker":true,"jennifer-warnes":true},"scores":[0.092,0.26,0.491,0.598,0.659,0.632,0.605,0.5509999999999999,0.46999999999999986,0.36199999999999977,0.22699999999999965,0.0649999999999995,0],"ascent":[0.092,0.26,0.491,0.598,0.659],"descent-weeks":8.128224582701058,"ascent-weeks":4.779969650986342,"peak":0.659}