{"title":"You're Amazing","instanceSlug":1257,"tags":[],"genre":"pop","debut":1990,"playlists":[],"artists":{"robert-palmer":true},"scores":[0.15,0.31,0.45,0.52,0.55,0.54,0.5292,0.5076,0.47520000000000007,0.43200000000000005,0.37800000000000006,0.31320000000000003,0.23760000000000003,0.1512,0.05399999999999998,0],"ascent":[0.15,0.31,0.45,0.52,0.55],"descent-weeks":3.882555151515153,"ascent-weeks":5.3999999999999995,"peak":0.55}