{"title":"Don't Go Away Mad (Just Go Away)","instanceSlug":1258,"tags":[],"parents":[],"genre":"metal","debut":1990,"playlists":[],"ranks":[],"artists":{"motley-crue":true},"scores":[0.296,0.722,0.776,0.75,0.724,0.6719999999999999,0.5939999999999999,0.48999999999999977,0.35999999999999965,0.20399999999999952,0.021999999999999353,0],"ascent":[0.296,0.722,0.776],"descent-weeks":8.87628865979381,"ascent-weeks":3.467783505154639,"peak":0.776}