{"title":"Wait","instanceSlug":126,"tags":[],"genres":["rock"],"debut":"1988-05","artists":{"white-lion":true},"scores":[0.1,0.2,0.25,0.24,0.22999999999999998,0.20999999999999996,0.17999999999999994,0.1399999999999999,0.08999999999999986,0.029999999999999805,0],"ascent":[0.1,0.2,0.25],"descent-weeks":0.8767999999999994,"ascent-weeks":3.3000000000000003,"peak":0.25}