{"title":"So Close","instanceSlug":1260,"tags":[],"parents":[],"genre":"pop","debut":"1990-11","playlists":[],"ranks":[],"artists":{"hall-oates":true},"scores":[0.11,0.392751,0.51,0.551,0.5688333333333334,0.5644166666666667,0.547,0.5295833333333334,0.49475000000000013,0.4425000000000002,0.3728333333333337,0.2857500000000005,0.1812500000000007,0.05933333333333424,0],"ascent":[0.11,0.392751,0.51,0.551,0.5688333333333334],"descent-weeks":3.6626294200483485,"ascent-weeks":5.623574274831527,"peak":0.5688333333333334}