{"title":"Whip It","instanceSlug":1262,"tags":[],"genre":"pop","debut":1980,"playlists":[],"ranks":[14,4.5,2.7,2.81,3,3.3],"artists":{"devo":true},"scores":[0.12,0.498,0.668,0.655,0.633,0.602,0.571,0.5089999999999999,0.4159999999999998,0.2919999999999997,0.13699999999999957,0],"ascent":[0.12,0.498,0.668],"descent-weeks":10.066616766467062,"ascent-weeks":2.8877245508982035,"peak":0.668}