{"title":"How Can I Fall","instanceSlug":1263,"tags":[],"parents":[],"genre":"pop","debut":"1988-09","playlists":[],"ranks":[17,11,8,5.5,4.5,4,4.3,4.6,4.9,5.4,5.9,6.7],"artists":{"breathe":true},"scores":[0.055,0.2,0.306,0.431,0.498,0.537,0.513,0.491,0.47,0.437,0.408,0.365,0.322,0.23600000000000004,0.1070000000000001,0],"ascent":[0.055,0.2,0.306,0.431,0.498,0.537],"descent-weeks":3.5657849162011184,"ascent-weeks":5.662011173184357,"peak":0.537}