{"title":"Smells Like Teen Spirit","instanceSlug":1271,"tags":[],"genre":"grunge","debut":1991,"playlists":[],"artists":{"nirvana":true},"scores":[0.143,0.389,0.54,0.64,0.67,0.69,0.672,0.6540000000000001,0.6180000000000003,0.5640000000000006,0.492000000000001,0.40200000000000147,0.29400000000000204,0.1680000000000027,0.024000000000003463,0],"ascent":[0.143,0.389,0.54,0.64,0.67,0.69],"descent-weeks":4.229673913043497,"ascent-weeks":6.678260869565219,"peak":0.69}