{"title":"Smells Like Nirvana","instanceSlug":1272,"tags":[],"parents":[],"genre":"parody","debut":1992,"playlists":[],"parody":true,"artists":{"weird-al-yankovic":true,"nirvana":"parody"},"scores":[0.1,0.325875,0.527375,0.642625,0.6205,0.570875,0.523875,0.47687499999999994,0.38287499999999985,0.24187499999999973,0.05387499999999956,0],"ascent":[0.1,0.325875,0.527375,0.642625],"descent-weeks":2.3277846357712497,"ascent-weeks":3.7250534915386115,"peak":0.642625}