{"title":"New Age Girl","instanceSlug":1285,"tags":["girl","new"],"parents":[],"genre":"alternative-rock","debut":"1994-11","playlists":[],"ranks":[15,11.5,8,6.5,5.5,4.9,4.8,4.9,5.46],"artists":{"dead-eye-dick":true},"scores":[0.097,0.185,0.306,0.376,0.431,0.47,0.477,0.47,0.434,0.398,0.32600000000000007,0.21800000000000014,0.07400000000000023,0],"ascent":[0.097,0.185,0.306,0.376,0.431,0.47,0.477],"descent-weeks":1.984518343815514,"ascent-weeks":7.364779874213837,"peak":0.477}