{"title":"Secret","instanceSlug":1288,"tags":[],"parents":[],"genre":"pop","debut":"1994-10","playlists":[],"ranks":[],"artists":{"madonna":true},"scores":[0.217,0.36,0.406,0.441,0.458,0.457,0.451,0.436,0.421,0.39099999999999996,0.3459999999999999,0.28599999999999987,0.2109999999999998,0.12099999999999972,0.015999999999999626,0],"ascent":[0.217,0.36,0.406,0.441,0.458],"descent-weeks":3.5809213973799108,"ascent-weeks":6.163755458515284,"peak":0.458}