{"title":"100% Pure Love","instanceSlug":1289,"tags":["love","pure"],"parents":[],"genre":"dance","debut":"1994-09","playlists":[],"ranks":[15,6,3.8,2.9,2.5,2.6,2.7,2.8,2.93,3.13,3.45,3.79,4.5],"artists":{"crystal-waters":true},"scores":[0.050972149238045196,0.2515644555694619,0.3831258644536653,0.47601476014760147,0.5313935681470138,0.5163002274450341,0.5015015015015016,0.4880952380952382,0.4716703458425313,0.44822592324402605,0.4164305949008499,0.3568521031207599,0.2763241863433312,0.1834319526627219,0.08401084010840108,0],"score":7.669,"debutScore":0.097,"peakScore":0.694,"duration":4,"ascent":[0.050972149238045196,0.2515644555694619,0.3831258644536653,0.47601476014760147,0.5313935681470138],"descent-weeks":3.9998104349933707,"ascent-weeks":4.779143649008341,"peak":0.5313935681470138}