{"title":"Pour Some Sugar on Me","instanceSlug":129,"tags":[],"parents":[],"genre":"metal","debut":"1988-06","ranks":[21,15,11.9,10,11.2],"artists":{"def-leppard":true},"scores":[0.097,0.174,0.232,0.194,0.156,0.07999999999999999,0],"ascent":[0.097,0.174,0.232],"descent-weeks":0.2770222701149425,"ascent-weeks":3.2521551724137927,"peak":0.232}