{"title":"Spy in the House of Love","instanceSlug":1292,"tags":[],"genres":["urban","pop"],"debut":"1988-11","playlists":[],"ranks":[17,10,6.5,4.5,4,4.3],"artists":{"was-not-was":true},"scores":[0.055,0.232,0.376,0.498,0.537,0.513,0.489,0.44099999999999995,0.3689999999999999,0.2729999999999998,0.1529999999999997,0.008999999999999564,0],"ascent":[0.055,0.232,0.376,0.498,0.537],"descent-weeks":1.9363575418994396,"ascent-weeks":4.743016759776536,"peak":0.537}