{"title":"Not Just Another Girl","instanceSlug":1293,"tags":[],"genre":"pop","debut":"1988-11","playlists":[],"ranks":[16,6,4,3.2,3,3.5],"artists":{"ivan-neville":true},"scores":[0.075,0.402,0.537,0.612,0.633,0.582,0.5309999999999999,0.4289999999999998,0.2759999999999997,0.07199999999999951,0],"ascent":[0.075,0.402,0.537,0.612,0.633],"descent-weeks":1.5883341232227477,"ascent-weeks":5.353080568720379,"peak":0.633}