{"title":"Early in the Morning","instanceSlug":1294,"tags":["early","morning","remake","this-in-that"],"parents":[],"genre":"pop","debut":"1988-11","playlists":[],"ranks":[],"artists":{"robert-palmer":true},"scores":[0.10333333333333333,0.34166666666666673,0.4703333333333333,0.47600000000000003,0.47933333333333333,0.4393333333333333,0.43100000000000005,0.4176666666666667,0.3993333333333333,0.37599999999999995,0.3476666666666666,0.3173333333333333,0.294,0.26733333333333337,0.2373333333333333,0.204,0.16733333333333333,0.12733333333333333,0.084,0.037333333333333336,0],"ascent":[0.10333333333333333,0.34166666666666673,0.4703333333333333,0.47600000000000003,0.47933333333333333],"descent-weeks":14.47739916550765,"ascent-weeks":5.8539638386648125,"peak":0.47933333333333333}