{"title":"Forever Young","instanceSlug":1295,"tags":[],"genre":"pop","debut":"1988-09","playlists":[],"artists":{"rod-stewart":true},"scores":[0.066,0.255,0.413,0.496,0.526,0.5134624430387076,0.47584977215483015,0.41316198734836773,0.3253990886193204,0.21256107596768814,0.07464794939347097],"score":3.914174553539775,"debutScore":0.066,"peakScore":0.526,"duration":3,"ascent":[0.066,0.255,0.413,0.496,0.526],"descent-weeks":7.246432461565737}