{"title":"In Your Room","instanceSlug":1297,"tags":[],"genre":"pop","debut":"1988-11","playlists":[],"artists":{"bangles":true},"scores":[0.1,0.318,0.411,0.424,0.42625,0.43,0.41475,0.3875,0.37,0.34751,0.32,0.29249,0.23747000000000007,0.15494000000000013,0.04490000000000022,0],"ascent":[0.1,0.318,0.411,0.424,0.42625,0.43],"descent-weeks":10.46358139534884,"ascent-weeks":7.3578488372093025,"peak":0.43}