{"title":"Every Rose Has Its Thorn","instanceSlug":1303,"tags":[],"genre":"rock","debut":"1988-11","playlists":["ballad"],"ranks":[19,14,11,9.5,10.2,11.7],"artists":{"poison":true},"scores":[0.018,0.12,0.2,0.249,0.225,0.18,0.13499999999999998,0.04499999999999996,0],"ascent":[0.018,0.12,0.2,0.249],"descent-weeks":5.024096385542168,"ascent-weeks":3.536144578313253,"peak":0.249}