{"title":"The Promise","instanceSlug":1304,"tags":["promise"],"parents":[],"genre":"pop","debut":"1988-11","playlists":[],"ranks":[19,13,10,8.5,7,7.8],"artists":{"when-in-rome":true},"scores":[0.018,0.145,0.232,0.286,0.351,0.315,0.279,0.20700000000000007,0.09900000000000014,0],"ascent":[0.018,0.145,0.232,0.286,0.351],"descent-weeks":5.346153846153848,"ascent-weeks":4.410256410256411,"peak":0.351}