{"title":"Desire","instanceSlug":1307,"tags":["#1","#1-mainstream-rock","#1-modern-rock"],"parents":[],"genre":"rock","debut":"1988-10","playlists":[],"ranks":[],"artists":{"u2":true},"scores":[0.15,0.4575714285714286,0.5861,0.621,0.61257,0.6003185999999999,0.5758157999999999,0.5390615999999999,0.49005599999999994,0.42879899999999993,0.35529059999999996,0.26953079999999996,0.1715196,0.06125700000000002,0],"ascent":[0.15,0.4575714285714286,0.5861,0.621],"descent-weeks":11.413572463768116,"ascent-weeks":4.3832643202208414,"peak":0.621}