{"title":"One Moment in Time","instanceSlug":1312,"tags":["#1","#1-adult-contemporary","one","this-in-that","time"],"parents":[],"genre":"adult-contemporary","debut":"1988-10","playlists":[],"ranks":[],"artists":{"whitney-houston":true},"scores":[0.11,0.331,0.4689285714285714,0.5156428571428572,0.5186428571428572,0.51,0.4827857142857144,0.4644285714285714,0.4387857142857143,0.41951,0.396,0.37249000000000004,0.3254700000000001,0.25494000000000017,0.16090000000000027,0.04335000000000039,0],"ascent":[0.11,0.331,0.4689285714285714,0.5156428571428572,0.5186428571428572],"descent-weeks":4.463296670714386,"ascent-weeks":5.622985814626085,"peak":0.5186428571428572}