{"title":"Faithful","instanceSlug":1316,"tags":[],"playlists":[],"genre":"pop","debut":"1992-12","ranks":[14,4.2,1.4,1.51,1.78],"artists":{"go-west":true},"scores":[0.15,0.521,0.782,0.887,0.864,0.841,0.7949999999999999,0.7259999999999999,0.6339999999999998,0.5189999999999997,0.38099999999999956,0.21999999999999942,0.035999999999999255,0],"ascent":[0.15,0.521,0.782,0.887],"descent-weeks":9.982525366403602,"ascent-weeks":3.957158962795941,"peak":0.887}