{"title":"Kissing a Fool","instanceSlug":1318,"tags":["#1","#1-adult-contemporary"],"genre":"pop","debut":"1988-11","playlists":[],"artists":{"george-michael":true},"scores":[0.17147448478652175,0.36375690404636035,0.3844861420735771,0.38739618834465184,0.3761448482641226,0.36579743285652716,0.35519506980565796,0.3444179050097954,0.3306292057902642,0.31378307696132157,0.294131292255789,0.27195408176928154,0.24768463719455572,0.2232811326684238,0.19729272843780526,0.17,0.14270727156219476,0.08812181468658425,0.006243629373168497,0],"ascent":[0.17147448478652175,0.36375690404636035,0.3844861420735771,0.38739618834465184],"descent-weeks":4.79911425589341,"ascent-weeks":5.06115092989075,"peak":0.38739618834465184}