{"title":"A Little Less Conversation, A Lot More Action","instanceSlug":1319,"tags":[],"parents":[],"genre":"pop","debut":"1970s","playlists":[],"artists":{"elvis-presley":true},"scores":[0.097,0.37,0.602,0.737,0.747,0.705,0.6629999999999999,0.5789999999999998,0.45299999999999974,0.2849999999999996,0.0749999999999994,0],"ascent":[0.097,0.37,0.602,0.737,0.747],"descent-weeks":7.042168674698792,"ascent-weeks":5.126506024096385,"peak":0.747}