{"title":"Everything","instanceSlug":1321,"tags":[],"parents":[],"genre":"pop","debut":"1989-11","playlists":[],"ranks":[15,10.5,7.5,4.9,4.3,3.9,4.4,5.1],"artists":{"jody-watley":true},"scores":[0.097,0.216,0.328,0.47,0.513,0.546,0.506,0.456,0.406,0.30600000000000005,0.15600000000000008,0],"ascent":[0.097,0.216,0.328,0.47,0.513,0.546],"descent-weeks":1.648549450549451,"ascent-weeks":5.961538461538461,"peak":0.546}