{"title":"What Kind of Man Would I Be","instanceSlug":1323,"tags":[],"genre":"rock","debut":1989,"playlists":[],"artists":{"chicago":true},"scores":[0.04,0.15257142857142858,0.24242857142857144,0.25971428571428573,0.26685714285714285,0.2744285714285714,0.2675714285714286,0.26071428571428584,0.24700000000000027,0.22642857142857192,0.1990000000000008,0.16471428571428687,0.12357142857143016,0.07557142857143068,0.020714285714288405,0],"ascent":[0.04,0.15257142857142858,0.24242857142857144,0.25971428571428573,0.26685714285714285,0.2744285714285714],"descent-weeks":10.165018219677302,"ascent-weeks":6.755856324830819,"peak":0.2744285714285714}