{"title":"Just Between You and Me","instanceSlug":1327,"tags":["between","just","me","you","you-and-me"],"parents":[],"genre":"pop","debut":"1989-10","playlists":[],"ranks":[17,11,8,6,4.4,4.22,4.5,5.1],"artists":{"lou-gramm":true},"scores":[0.055,0.2,0.306,0.402,0.506,0.52,0.498,0.456,0.41400000000000003,0.33000000000000007,0.20400000000000013,0.0360000000000002,0],"ascent":[0.055,0.2,0.306,0.402,0.506,0.52],"descent-weeks":7.0903846153846155,"ascent-weeks":5.7375,"peak":0.52}