{"title":"Pump Up the Jam","instanceSlug":1330,"tags":["jam","pump","up"],"parents":[],"genre":"dance","debut":"1989-11","playlists":[],"ranks":[16,10,5.2,4.1,3.5,3.7,4.5],"artists":{"technotronic":true},"scores":[0.075,0.232,0.45,0.529,0.582,0.563,0.498,0.43300000000000005,0.30300000000000016,0.10800000000000032,0],"ascent":[0.075,0.232,0.45,0.529,0.582],"descent-weeks":6.409793814432993,"ascent-weeks":4.814432989690721,"peak":0.582}