{"title":"Opposites Attract","instanceSlug":1331,"tags":[],"genre":"dance","debut":"1990-01","playlists":[],"artists":{"paula-abdul":true,"the-wild-pair":"feature"},"scores":[0.32,0.66,0.71,0.75,0.658,0.5660000000000001,0.3820000000000001,0.1060000000000002,0],"score":4.755481433825655,"debutScore":0.32,"peakScore":0.75,"duration":3,"ascent":[0.32,0.66,0.71,0.75],"descent-weeks":4.924,"ascent-weeks":4.88,"peak":0.75}