{"title":"State of Attraction","instanceSlug":1332,"tags":["attract","state"],"parents":[],"genre":"pop","debut":"1980s","playlists":[],"ranks":[],"artists":{"paula-abdul":true},"scores":[0.075,0.185,0.45,0.484,0.47,0.434,0.398,0.32600000000000007,0.21800000000000014,0.07400000000000023,0],"ascent":[0.075,0.185,0.45,0.484],"descent-weeks":1.4892548209366394,"ascent-weeks":3.700413223140496,"peak":0.484}