{"title":"Rub You the Right Way","instanceSlug":1340,"tags":["#1","#1-r&b"],"parents":[],"genre":"urban","debut":"1990-06","playlists":["summer"],"ranks":[],"artists":{"johnny-gill":true},"scores":[0.13774999999999998,0.5612499999999999,0.6241,0.611,0.5765,0.55525,0.53525,0.524,0.51,0.48651,0.461,0.429,0.392751,0.35650200000000004,0.2840040000000001,0.17525700000000016,0.03026100000000026,0],"ascent":[0.13774999999999998,0.5612499999999999,0.6241],"descent-weeks":15.745998237461949,"ascent-weeks":3.18001922768787,"peak":0.6241}