{"title":"Sending All My Love","instanceSlug":1343,"tags":["my-love","send-love"],"genre":"pop","debut":1990,"playlists":[],"artists":{"linear":true},"scores":[0.11200821741159168,0.2583089452886115,0.3629502216570068,0.40561236147633756,0.4074779635603355,0.39,0.37252203643966453,0.33756610931899356,0.2851322186379871,0.21522036439664516,0.12783054659496773,0.022962765232954818,0],"ascent":[0.11200821741159168,0.2583089452886115,0.3629502216570068,0.40561236147633756,0.4074779635603355],"descent-weeks":7.946608886477515,"ascent-weeks":5.692422097685707,"peak":0.4074779635603355}