{"title":"Sending All My Love","instanceSlug":1343,"tags":["my-love","send-love"],"genre":"pop","debut":1990,"playlists":[],"artists":{"linear":true},"scores":[0.11200821741159168,0.2583089452886115,0.3629502216570068,0.40561236147633756,0.4074779635603355,0.39],"ascent":[0.11200821741159168,0.2583089452886115,0.3629502216570068,0.40561236147633756,0.4074779635603355],"descent-weeks":2.935660458515516}