{"title":"18 and Life","instanceSlug":1347,"debut":"1989","tags":["life","prison","drugs"],"genres":["metal"],"playlists":[],"ranks":[25,18,15,13,15],"artists":{"skid-row":true},"scores":[0.036,0.097,0.145,0.097,0.049000000000000016,0],"ascent":[0.036,0.097,0.145],"descent-weeks":0.09516034482758623,"ascent-weeks":2.875862068965518,"peak":0.145}