{"title":"All or Nothing","instanceSlug":1348,"tags":[],"genre":"dance-pop","debut":"1990-01","playlists":[],"artists":{"milli-vanilli":true},"scores":[0.08725,0.3555,0.486,0.494,0.51375,0.50225,0.4907499999999999,0.4677499999999998,0.4332499999999996,0.3872499999999993,0.329749999999999,0.2607499999999986,0.18024999999999813,0.08824999999999761,0],"ascent":[0.08725,0.3555,0.486,0.494,0.51375],"descent-weeks":3.313493430656922,"ascent-weeks":5.6540145985401455,"peak":0.51375}