{"title":"Get Up (Before the Night Is Over)","instanceSlug":1349,"tags":[],"parents":[],"genre":"dance","debut":"1990-02","playlists":[],"ranks":[14,8.2,4.1,2.9,2.4,2.75,3.25],"artists":{"technotronic":true},"scores":[0.12,0.298,0.529,0.645,0.708,0.662,0.607,0.5519999999999999,0.44199999999999984,0.2769999999999997,0.056999999999999496,0],"ascent":[0.12,0.298,0.529,0.645,0.708],"descent-weeks":2.1803819444444428,"ascent-weeks":4.872881355932203,"peak":0.708}