{"title":"A Girl Like You","instanceSlug":1357,"tags":["girl-like-you"],"genre":"pop","debut":"1995-11","playlists":[],"artists":{"edwin-collins":true},"scores":[0.12,0.36,0.45,0.48,0.5,0.51,0.52,0.505,0.49,0.45999999999999996,0.4149999999999999,0.35499999999999987,0.2799999999999998,0.18999999999999972,0.08499999999999963,0],"ascent":[0.12,0.36,0.45,0.48,0.5,0.51,0.52],"descent-weeks":9.519230769230765,"ascent-weeks":8.48076923076923,"peak":0.52}