{"title":"December","instanceSlug":1359,"tags":["#1","#1-mainstream-rock"],"parents":[],"genres":["adult-alternative","rock"],"debut":"1995-06","playlists":["months"],"ranks":[18,12,9,6,7],"artists":{"collective-soul":true},"scores":[0.036,0.171,0.267,0.402,0.351,0.29999999999999993,0.19799999999999984,0.04499999999999971,0],"ascent":[0.036,0.171,0.267,0.402],"descent-weeks":4.835820895522386,"ascent-weeks":3.2686567164179103,"peak":0.402}