{"title":"Cover Girl","instanceSlug":1366,"tags":["#2","#2-hot-100"],"genre":"pop","debut":"1989-10","playlists":[],"artists":{"nkotb":true},"scores":[0.13,0.25,0.28,0.27,0.26,0.24,0.20999999999999996,0.16999999999999993,0.11999999999999988,0.05999999999999983,0],"ascent":[0.13,0.25,0.28],"descent-weeks":8.624999999999996,"ascent-weeks":3.535714285714285,"peak":0.28}