{"title":"It's Only Love","instanceSlug":1373,"tags":[],"parents":[],"genre":"rock","debut":"1985-12","playlists":[],"ranks":[],"artists":{"bryan-adams":true,"tina-turner":true},"scores":[0.1,0.199375,0.34325,0.4171,0.461,0.461,0.44275,0.41575,0.41,0.38625,0.3646251,0.342751,0.315875,0.28899900000000006,0.23524700000000015,0.15461900000000028,0.04711500000000046,0],"ascent":[0.1,0.199375,0.34325,0.4171,0.461],"descent-weeks":4.572078829691742,"ascent-weeks":4.948129067245119,"peak":0.461}