{"title":"This Is Your Night","instanceSlug":1386,"tags":["night","this-is","your"],"parents":[],"genre":"dance","debut":"1996-10","playlists":[],"ranks":[12,2,2.05,2.12,2.29,2.52,2.89],"artists":{"amber":true},"scores":[0.125,0.55,0.794,0.786,0.773,0.761,0.742,0.723,0.6849999999999999,0.6279999999999999,0.5519999999999998,0.45699999999999974,0.34299999999999964,0.20999999999999952,0.057999999999999385,0],"ascent":[0.125,0.55,0.794],"descent-weeks":7.080738035264481,"ascent-weeks":2.775188916876574,"peak":0.794}