{"title":"Happy","instanceSlug":1388,"tags":["#1","#1-rdwt40-hot-adult"],"parents":[],"genre":"pop","debut":2014,"playlists":[],"ranks":[16,11,6,3.2,2.5,2.6,2.7,2.85,3.01,3.45],"artists":{"pharrell-williams":true},"scores":[0.075,0.2,0.402,0.612,0.694,0.681,0.668,0.65,0.632,0.587,0.5419999999999999,0.45199999999999985,0.3169999999999997,0.13699999999999957,0],"ascent":[0.075,0.2,0.402,0.612,0.694],"descent-weeks":4.726042267050911,"ascent-weeks":4.286023054755043,"peak":0.694}