{"title":"One More Try","instanceSlug":139,"tags":["#1","#1-hot-100","#1-adult-contemporary","#1-r&b"],"genres":["pop","adult-contemporary"],"debut":"1988-04","artists":{"george-michael":true},"scores":[0.1,0.2,0.27,0.32,0.34,0.33,0.32,0.3,0.26999999999999996,0.22999999999999993,0.17999999999999988,0.11999999999999983,0.04999999999999977,0],"ascent":[0.1,0.2,0.27,0.32,0.34],"descent-weeks":9.441176470588234}