{"title":"Nobody Knows","instanceSlug":1392,"tags":["#2","#2-hot-100"],"parents":[],"genre":"soul","debut":"1996-02","playlists":[],"ranks":[],"artists":{"tony-rich-project":true},"scores":[0.062,0.20830894528861146,0.312950221657,0.35561236147633757,0.3574779635603355,0.3446276515977258,0.33,0.31537234840227424,0.2861170452068227,0.24223409041364535,0.18372348402274224,0.11058522603411336,0.022819316447758697,0],"ascent":[0.062,0.20830894528861146,0.312950221657,0.35561236147633757,0.3574779635603355],"descent-weeks":1.7837695818379626,"ascent-weeks":5.439563934533907,"peak":0.3574779635603355}