{"title":"Black Cat","instanceSlug":14,"tags":[],"playlists":["animals","halloween","colors"],"genre":"rock","debut":"1990-10","artists":{"janet-jackson":true},"scores":[0.04,0.15,0.21,0.24,0.25,0.24,0.22999999999999998,0.20999999999999996,0.17999999999999994,0.1399999999999999,0.08999999999999986,0.029999999999999805,0],"ascent":[0.04,0.15,0.21,0.24,0.25],"descent-weeks":1.032066666666666,"ascent-weeks":5.34,"peak":0.25}