{"title":"Law & Order","instanceSlug":1407,"tags":["police"],"genre":"pop","debut":1990,"source":"law-order","playlists":["instrumental","tv-theme"],"ranks":[16,10,6,4,4.1,4.5],"artists":{"mike-post":true},"scores":[0.075,0.232,0.402,0.537,0.529,0.498,0.46699999999999997,0.4049999999999999,0.31199999999999983,0.18799999999999972,0.032999999999999585,0],"ascent":[0.075,0.232,0.402,0.537],"descent-weeks":1.9420135009310973,"ascent-weeks":3.4804469273743015,"peak":0.537}