{"title":"The Last Worthless Evening","instanceSlug":1413,"tags":[],"genre":"pop","debut":"1989-11","playlists":[],"artists":{"don-henley":true},"scores":[0.07425,0.25475,0.36,0.36925,0.36925,0.35975,0.35025,0.33125,0.30274999999999996,0.26474999999999993,0.2172499999999999,0.16024999999999984,0.09374999999999978,0.01774999999999971,0],"ascent":[0.07425,0.25475,0.36,0.36925],"descent-weeks":2.4928403577070615,"ascent-weeks":4.298916723087339,"peak":0.36925}