{"title":"Don't Shut Me Out","instanceSlug":1414,"tags":[],"genre":"pop","debut":"1989-11","playlists":[],"artists":{"kevin-page":true},"scores":[0.15,0.26,0.362951,0.5056123614763376,0.607477963561,0.6946276515977258,0.7289181,0.715,0.7007,0.6721,0.6292,0.572,0.5005,0.41469999999999996,0.31459999999999994,0.2001999999999999,0.07149999999999987,0],"ascent":[0.15,0.26,0.362951,0.5056123614763376,0.607477963561,0.6946276515977258,0.7289181],"descent-weeks":11.358103400093915,"ascent-weeks":6.810615095101349,"peak":0.7289181}