{"title":"Freeway of Love","instanceSlug":142,"tags":["streets"],"genre":"pop","debut":"1985-08","artists":{"aretha-franklin":true},"scores":[0.332,0.786,0.95,0.933,0.91434,0.87702,0.82104,0.7464,0.6530999999999999,0.5411399999999998,0.4105199999999998,0.2612399999999997,0.09329999999999963,0],"ascent":[0.332,0.786,0.95],"descent-weeks":5.855062807894736,"ascent-weeks":3.2652631578947373,"peak":0.95}