{"title":"Get On Your Feet","instanceSlug":1421,"tags":[],"genre":"dance","debut":"1989-11","playlists":[],"ranks":[18,8.5,6.9,7.1],"artists":{"gloria-estefan":true},"scores":[0.036,0.286,0.356,0.346,0.33599999999999997,0.31599999999999995,0.2859999999999999,0.24599999999999989,0.19599999999999984,0.1359999999999998,0.06599999999999973,0],"ascent":[0.036,0.286,0.356],"descent-weeks":1.5836161048689126,"ascent-weeks":2.8567415730337076,"peak":0.356}