{"title":"Sleeping Bag","instanceSlug":1428,"tags":["sleep"],"parents":[],"genre":"rock","debut":"1985-11","playlists":[],"ranks":[15.5,10.5,6.5,5.8,5.4,5.2,5.6,6.1,6.9],"artists":{"zz-top":true},"scores":[0.086,0.216,0.376,0.414,0.437,0.45,0.425,0.397,0.356,0.31499999999999995,0.23299999999999987,0.10999999999999976,0],"ascent":[0.086,0.216,0.376,0.414,0.437,0.45],"descent-weeks":7.62,"ascent-weeks":6.596666666666666,"peak":0.45}