{"title":"Election Day","instanceSlug":1429,"tags":[],"genre":"pop","debut":"1985-11","playlists":[],"artists":{"arcadia":true},"scores":[0.21,0.412951,0.45561236147633755,0.457477963561,0.445,0.432522036439,0.407566109317,0.370132218634,0.32022036438999996,0.25783054658499993,0.1829627652189999,0.09561702029199987,0],"ascent":[0.21,0.412951,0.45561236147633755,0.457477963561],"descent-weeks":2.436898242485548,"ascent-weeks":5.036443656479606,"peak":0.457477963561}