{"title":"Me, Myself and I","instanceSlug":1432,"tags":[],"parents":[],"genre":"urban","debut":"1989-08","playlists":[],"ranks":[14,4,4.5],"artists":{"de-la-soul":true},"scores":[0.12,0.537,0.498,0.45899999999999996,0.3809999999999999,0.2639999999999998,0.10799999999999965,0],"ascent":[0.12,0.537],"descent-weeks":1.012614525139664,"ascent-weeks":1.8351955307262569,"peak":0.537}