{"title":"Rockefeller Skank","instanceSlug":1436,"tags":[],"parents":[],"genre":"pop","debut":"1999-11","playlists":[],"ranks":[],"artists":{"fatboy-slim":true},"scores":[0.2,0.381,0.56,0.59,0.57,0.5499999999999999,0.5099999999999999,0.44999999999999984,0.3699999999999998,0.2699999999999997,0.14999999999999958,0.009999999999999454,0],"ascent":[0.2,0.381,0.56,0.59],"descent-weeks":2.549077683615817,"ascent-weeks":4.400847457627118,"peak":0.59}