{"title":"Rhythm Divine","instanceSlug":1438,"tags":[],"parents":[],"genre":"latin","debut":"2000-01","playlists":[],"ranks":[12,4,2,2.21],"artists":{"enrique-iglesias":true},"scores":[0.171,0.537,0.768,0.735,0.702,0.6359999999999999,0.5369999999999998,0.4049999999999997,0.23999999999999955,0.04199999999999937,0],"ascent":[0.171,0.537,0.768],"descent-weeks":7.939453124999998,"ascent-weeks":2.8828125,"peak":0.768}