{"title":"Funkytown","instanceSlug":145,"tags":["#1"],"playlists":["remade"],"genre":"disco","debut":"1980-05","artists":{"lipps-inc":true},"scores":[0.1,0.2,0.31,0.21,0.10999999999999999,0],"ascent":[0.1,0.2,0.31],"descent-weeks":3.0483870967741935,"ascent-weeks":2.951612903225807,"peak":0.31}