{"title":"Love Child","instanceSlug":1451,"tags":[],"genre":"soul","debut":1968,"playlists":[],"artists":{"supremes":true,"diana-ross":"lead"},"scores":[0.1,0.24172185431,0.3515796587261361,0.365187713311,0.357619641,0.3481,0.3324451,0.31817432855495126,0.29996751,0.279522311671,0.25741,0.2325391,0.20766819999999997,0.1579263999999999,0.08331369999999982,0],"ascent":[0.1,0.24172185431,0.3515796587261361,0.365187713311],"descent-weeks":3.177853193986264,"ascent-weeks":4.347719766159174,"peak":0.365187713311}