{"title":"I Heard It Through the Grapevine","instanceSlug":1452,"tags":[],"parents":[],"genre":"soul","debut":1968,"playlists":[],"ranks":[],"artists":{"marvin-gaye":true},"scores":[0.1734,0.41,0.5586,0.5631,0.551,0.5389,0.5147,0.47840000000000005,0.43000000000000005,0.36950000000000005,0.29690000000000005,0.21220000000000006,0.11540000000000006,0.006500000000000061,0],"ascent":[0.1734,0.41,0.5586,0.5631],"descent-weeks":10.859350026638252,"ascent-weeks":4.542088438998401,"peak":0.5631}