{"title":"Motortown","instanceSlug":1455,"tags":[],"parents":[],"genre":"pop","debut":"1988-01","playlists":[],"ranks":[16,10,7,5.5,4.6,4,4.7],"artists":{"kane-gang":true},"scores":[0.075,0.232,0.351,0.431,0.491,0.537,0.484,0.43099999999999994,0.32499999999999984,0.1659999999999997,0],"ascent":[0.075,0.232,0.351,0.431,0.491,0.537],"descent-weeks":1.2241744258224696,"ascent-weeks":5.9134078212290495,"peak":0.537}