{"title":"True Faith","instanceSlug":1458,"tags":[],"parents":[],"genre":"pop","debut":"1987-12","playlists":[],"ranks":[15.5,9.5,5.8,4.8,4,4.5,5.4],"artists":{"new-order":true},"scores":[0.086,0.249,0.414,0.477,0.537,0.498,0.437,0.376,0.254,0.07100000000000001,0],"ascent":[0.086,0.249,0.414,0.477,0.537],"descent-weeks":6.069832402234638,"ascent-weeks":4.9245810055865915,"peak":0.537}