{"title":"Open Your Heart","instanceSlug":1472,"tags":["heart","open","your"],"parents":[],"genre":"pop","debut":"1986-12","playlists":[],"ranks":[14,8,5,3.9,3.3,3.1,3.5],"artists":{"madonna":true},"scores":[0.12,0.306,0.463,0.546,0.602,0.622,0.582,0.5419999999999999,0.46199999999999986,0.34199999999999975,0.1819999999999996,0],"ascent":[0.12,0.306,0.463,0.546,0.602,0.622],"descent-weeks":6.588424437299032,"ascent-weeks":6.412379421221864,"peak":0.622}