{"title":"Two People","instanceSlug":1473,"tags":[],"genre":"pop","debut":"1987-01","playlists":[],"artists":{"tina-turner":true},"scores":[0.075,0.3,0.4,0.5,0.52,0.53,0.51,0.49,0.44999999999999996,0.3899999999999999,0.30999999999999983,0.20999999999999974,0.08999999999999964,0],"ascent":[0.075,0.3,0.4,0.5,0.52,0.53],"descent-weeks":8.433962264150942,"ascent-weeks":6.580188679245283,"peak":0.53}