{"title":"All I Wanted","instanceSlug":1478,"tags":["all-i-want"],"genre":"pop","debut":"1986-12","playlists":[],"artists":{"kansas":true},"scores":[0.145,0.25,0.33,0.35,0.36,0.345,0.32999999999999996,0.29999999999999993,0.2549999999999999,0.19499999999999984,0.11999999999999977,0.029999999999999694,0],"ascent":[0.145,0.25,0.33,0.35,0.36],"descent-weeks":1.5094791666666654,"ascent-weeks":5.979166666666666,"peak":0.36}