{"title":"Real Love","instanceSlug":148,"tags":[],"genres":["pop"],"debut":1989,"artists":{"jody-watley":true},"scores":[0.191,0.381,0.513,0.54,0.51,0.48,0.41999999999999993,0.32999999999999985,0.20999999999999974,0.05999999999999961,0],"ascent":[0.191,0.381,0.513,0.54],"descent-weeks":7.0833333333333295,"ascent-weeks":4.513888888888888,"peak":0.54}