{"title":"Don't Talk to Strangers","instanceSlug":1488,"tags":["#2","#2-hot-100"],"parents":[],"genre":"rock","debut":"1982-03","playlists":[],"ranks":[13,1.9,1.22,1.33,1.46,1.59,1.84],"artists":{"rick-springfield":true},"scores":[0.145,0.786,0.933,0.904,0.873,0.845,0.796,0.7470000000000001,0.6490000000000002,0.5020000000000004,0.3060000000000007,0.06100000000000105,0],"ascent":[0.145,0.786,0.933],"descent-weeks":10.636655948553058,"ascent-weeks":2.996784565916399,"peak":0.933}