{"title":"Tonight I'm Yours (Don't Hurt Me)","instanceSlug":1492,"tags":[],"genre":"pop","debut":"1982-03","playlists":[],"artists":{"rod-stewart":true},"scores":[0.13953488372093023,0.5196150999259808,0.664886515353805,0.78419452887538,0.819362455726092,0.8082537872857736,0.7749277819648184,0.7193844397632263,0.6416237606809974,0.5416457447181316,0.419450391874629,0.2750377021504895,0.10840767554571326],"score":7.804593483602187,"debutScore":0.13953488372093023,"peakScore":0.819362455726092,"duration":4,"ascent":[0.13953488372093023,0.5196150999259808,0.664886515353805,0.78419452887538,0.819362455726092],"descent-weeks":9.35134451916627}