{"title":"Take It Easy on Me","instanceSlug":1493,"tags":[],"genres":["pop","soft-rock","rock"],"debut":"1982-01","playlists":[],"ranks":[19,10,7,5,5.2,5.9],"artists":{"little-river-band":true,"george-martin":"producer"},"scores":[0.018,0.232,0.351,0.463,0.45,0.408,0.36599999999999994,0.28199999999999986,0.15599999999999975,0],"ascent":[0.018,0.232,0.351,0.463],"descent-weeks":1.2196949244060469,"ascent-weeks":3.447084233261339,"peak":0.463}