{"title":"Heat of the Night","instanceSlug":15,"tags":[],"genre":"pop","debut":"1987-04","artists":{"bryan-adams":true},"scores":[0.222,0.521,0.602,0.645,0.612,0.579,0.5129999999999999,0.4139999999999998,0.2819999999999997,0.11699999999999955,0],"ascent":[0.222,0.521,0.602,0.645],"descent-weeks":7.353488372093021,"ascent-weeks":4.627906976744185,"peak":0.645}