{"title":"You'll Be Crying Over Me","instanceSlug":1513,"tags":[],"parents":[],"genre":"pop","debut":"1991-12","playlists":[],"ranks":[],"artists":{"cher":true},"scores":[0.055,0.177,0.319,0.356,0.37,0.341,0.306,0.301,0.291,0.276,0.256,0.231,0.201,0.166,0.126,0.081,0.031,0],"ascent":[0.055,0.177,0.319,0.356,0.37],"descent-weeks":2.8522878378378373,"ascent-weeks":5.177027027027027,"peak":0.37}