{"title":"Love Me All Up","instanceSlug":1516,"tags":[],"genre":"dance-pop","debut":"1992-01","playlists":[],"artists":{"stacy-earl":true},"scores":[0.275,0.675,0.705,0.735,0.755,0.745,0.67,0.5950000000000001,0.4450000000000002,0.2200000000000003,0],"ascent":[0.275,0.675,0.705,0.735,0.755],"descent-weeks":6.814569536423842,"ascent-weeks":6.248344370860927,"peak":0.755}