{"title":"Home Sweet Home","instanceSlug":1517,"tags":["home","sweet"],"parents":[],"genre":"rock","debut":"1991-12","playlists":[],"ranks":[],"artists":{"motley-crue":true},"scores":[0.196,0.622,0.676,0.65,0.624,0.572,0.4939999999999999,0.3899999999999998,0.2599999999999997,0.10399999999999954,0],"ascent":[0.196,0.622,0.676],"descent-weeks":2.4464102564102554,"ascent-weeks":3.3150887573964503,"peak":0.676}