{"title":"You Could Have Been With Me","instanceSlug":1524,"tags":[],"genre":"pop","debut":"1982-01","playlists":[],"ranks":[],"artists":{"sheena-easton":true},"scores":[0.158,0.368,0.527,0.579,0.584,0.577,0.56546,0.54238,0.50776,0.4616,0.40390000000000004,0.33466000000000007,0.2538800000000001,0.16156000000000012,0.05770000000000014,0],"ascent":[0.158,0.368,0.527,0.579,0.584],"descent-weeks":11.429537671232879,"ascent-weeks":5.691780821917808,"peak":0.584}