{"title":"My Girl (Gone, Gone, Gone)","instanceSlug":1532,"tags":[],"genre":"pop","debut":"1981-11","playlists":[],"artists":{"chilliwack":true},"scores":[0.14285714285714285,0.39860139860139854,0.7391304347826088,0.8382352941176471,0.8535681186283597,0.8416206261510131,0.8298261665141812,0.78,0.7301738334858189,0.6305215004574566,0.48104300091491314,0.28173833485818855,0.03260750228728282,0],"ascent":[0.14285714285714285,0.39860139860139854,0.7391304347826088,0.8382352941176471,0.8535681186283597],"descent-weeks":4.496432050271598,"ascent-weeks":5.223471315500231,"peak":0.8535681186283597}