{"title":"Trouble","instanceSlug":1538,"tags":[],"genre":"pop","debut":"1981-12","playlists":[],"ranks":[19,11,9,7,6,6.5,7.1],"artists":{"lindsay-buckingham":true},"scores":[0.018,0.2,0.267,0.351,0.402,0.376,0.346,0.31599999999999995,0.2559999999999999,0.16599999999999981,0.04599999999999971,0],"ascent":[0.018,0.2,0.267,0.351,0.402],"descent-weeks":1.24431343283582,"ascent-weeks":4.619402985074626,"peak":0.402}