{"title":"He's the Greatest Dancer","instanceSlug":1548,"tags":["dancer","greatest","he's"],"parents":[],"genre":"disco","debut":1979,"playlists":[],"ranks":[],"artists":{"sister-sledge":true},"scores":[0.1411,0.361,0.5131,0.61,0.5949,0.5884,0.5744,0.5571,0.53851,0.51515],"ascent":[0.1411,0.361,0.5131,0.61],"descent-weeks":9.783098360655739}