{"title":"Hold the Line","instanceSlug":1549,"tags":["hold","line"],"parents":[],"genre":"rock","debut":"1978-11","playlists":[],"ranks":[],"artists":{"toto":true},"scores":[0.09079999999999999,0.34540000000000004,0.4654,0.49559999999999993,0.4798000000000001,0.4635999999999999,0.45,0.43800000000000006,0.421,0.3990000000000001,0.372,0.33999999999999997,0.303,0.261,0.2226,0.18159999999999998,0.14179999999999998,0.10979999999999998,0.0828,0.0538,0.027800000000000002,0.0108,0],"ascent":[0.09079999999999999,0.34540000000000004,0.4654,0.49559999999999993],"descent-weeks":15.901937046004841,"ascent-weeks":4.228813559322034,"peak":0.49559999999999993}