{"title":"Thunder Island","instanceSlug":1552,"tags":[],"genre":"pop","debut":"1978-03","playlists":[],"artists":{"jay-ferguson":true},"scores":[0.8,1,0.989,0.977,0.945,0.9129999999999999,0.8489999999999999,0.7529999999999998,0.6249999999999997,0.4649999999999995,0.27299999999999935,0.048999999999999155,0],"ascent":[0.8,1],"descent-weeks":11.756999999999998,"ascent-weeks":2.7,"peak":1}