{"title":"After the Love Has Gone","instanceSlug":1557,"tags":["#2","#2-hot-100"],"genre":"soul","debut":"1979-08","playlists":[],"artists":{"earth-wind-fire":true},"scores":[0.35,0.552,0.651,0.672,0.687,0.681,0.665,0.615,0.565,0.46499999999999986,0.3149999999999997,0.11499999999999955,0],"ascent":[0.35,0.552,0.651,0.672,0.687],"descent-weeks":3.4980786026200867,"ascent-weeks":6.358078602620087,"peak":0.687}