{"title":"I Was Made for Dancing","instanceSlug":1558,"tags":["dance","dancing","i","made"],"parents":[],"genre":"pop","debut":1979,"playlists":[],"ranks":[],"artists":{"leif-garrett":true},"scores":[0.1,0.21,0.312951,0.35561236147633757,0.357477963561,0.3446276515977258,0.3289181,0.31523776166182677,0.31,0.28331,0.2643212411,0.2428924261,0.219594933345851,0.19466,0.169725066654149,0.11985519996244698,0.04505039992489396,0],"ascent":[0.1,0.21,0.312951,0.35561236147633757,0.357477963561],"descent-weeks":13.409235266172923,"ascent-weeks":5.606113360366711,"peak":0.357477963561}