{"title":"When You're In Love With a Beautiful Woman","instanceSlug":1559,"tags":[],"genre":"pop","debut":1979,"playlists":[],"artists":{"dr-hook":true},"scores":[0.21,0.412951,0.5556123614763375,0.557477963561,0.5446],"ascent":[0.21,0.412951,0.5556123614763375,0.557477963561],"descent-weeks":2.965349401045183}