{"title":"Housecall (Your Body Can't Lie to Me)","instanceSlug":1561,"tags":["call","house"],"parents":[],"genre":"pop","debut":"1991-12","playlists":[],"ranks":[17,13,12,12.5,14.2],"artists":{"shaba-ranks":true,"maxie-priest":true},"scores":[0.055,0.145,0.171,0.158,0.115,0.07200000000000001,0],"ascent":[0.055,0.145,0.171],"descent-weeks":0.22304678362573097,"ascent-weeks":3.2543859649122804,"peak":0.171}