{"title":"Love is Alright Tonight","instanceSlug":1563,"tags":["love-is"],"genre":"rock","debut":"1982-01","playlists":[],"artists":{"rick-springfield":true},"scores":[0.1,0.34225,0.4596251,0.471,0.481875,0.453875,0.438375,0.42287500000000006,0.39187500000000014,0.34537500000000027,0.28337500000000043,0.20587500000000064,0.11287500000000089,0.0043750000000011835,0],"ascent":[0.1,0.34225,0.4596251,0.471,0.481875],"descent-weeks":9.776653696498066,"ascent-weeks":5.773541167315175,"peak":0.481875}