{"title":"Everyday I Write the Book","instanceSlug":1564,"tags":[],"parents":[],"genre":"art-rock","debut":"1983-11","playlists":[],"ranks":[21,14,9,8,8.5,10.2],"artists":{"elvis-costello":true},"scores":[0.12,0.267,0.306,0.286,0.225,0.16400000000000003,0.04200000000000009,0],"ascent":[0.12,0.267,0.306],"descent-weeks":5.014705882352942,"ascent-weeks":3.397058823529412,"peak":0.306}