{"title":"Streetwalker","instanceSlug":1566,"tags":[],"source":"bad","genre":"pop","debut":1988,"playlists":[],"ranks":[16,9,5,3,3.2,3.5],"artists":{"michael-jackson":true},"scores":[0.075,0.267,0.463,0.633,0.612,0.582,0.5519999999999999,0.4919999999999999,0.4019999999999998,0.2819999999999997,0.13199999999999956,0],"ascent":[0.075,0.267,0.463,0.633],"descent-weeks":8.736966824644547}