{"title":"Stop to Love","instanceSlug":157,"tags":["#1","#1-r&b"],"parents":[],"genre":"soul","debut":"1987-01","ranks":[],"artists":{"luther-vandross":true},"scores":[0.332,0.55,0.75,0.77,0.75,0.73,0.69,0.6299999999999999,0.5499999999999998,0.44999999999999973,0.3299999999999996,0.1899999999999995,0.02999999999999936,0],"ascent":[0.332,0.55,0.75,0.77],"descent-weeks":4.1680346320346295,"ascent-weeks":4.679220779220779,"peak":0.77}