{"title":"Back on Holiday","instanceSlug":1574,"tags":[],"genre":"pop","debut":"1989-01","playlists":[],"ranks":[20,10,6.5,5.5,5.6,5.7,5.9,6.4,6.9],"artists":{"robbie-nevil":true},"scores":[0.37662337662337664,0.5465116279069768,0.6023759608665269,0.5964912280701754,0.5905567300916138,0.5795454545454546,0.5517740767559739,0.5250737463126844,0.498373415869395,0.4449727549828161,0.3648717636529477,0.2580704418797899,0.12456878966334262,0],"ascent":[0.37662337662337664,0.5465116279069768,0.6023759608665269],"descent-weeks":4.734235593367877,"ascent-weeks":3.798734671954065,"peak":0.6023759608665269}