{"title":"Born to Be My Baby","instanceSlug":1577,"tags":[],"genre":"rock","debut":"1989-01","playlists":[],"artists":{"bon-jovi":true},"scores":[0.06208480746386911,0.20199400396112047,0.300902954038119,0.3408754613664351,0.3394837408818732,0.31931445187447666,0.2887,0.25808554812552337,0.19685664437657008,0.10501328875314014,0],"ascent":[0.06208480746386911,0.20199400396112047,0.300902954038119,0.3408754613664351],"descent-weeks":1.2445021409291865,"ascent-weeks":3.9861650199092646,"peak":0.3408754613664351}