{"title":"I Remember Holding You","instanceSlug":1578,"tags":[],"genre":"pop","debut":"1988-12","playlists":[],"artists":{"boys-club":true},"scores":[0.1,0.21,0.312951,0.35561236147633757,0.357477963561,0.3446,0.33172203643900006,0.30596610931700013,0.26733221863400025,0.2158203643900004,0.1514305465850006,0.07416276521900084,0],"ascent":[0.1,0.21,0.312951,0.35561236147633757,0.357477963561],"descent-weeks":1.6162530352065216,"ascent-weeks":5.606113360366711,"peak":0.357477963561}