{"title":"Don't Rush Me","instanceSlug":1582,"tags":[],"genre":"pop","debut":"1988-12","playlists":[],"ranks":[15,7,3.5,3,3.1,3.4],"artists":{"taylor-dayne":true},"scores":[0.097,0.351,0.582,0.633,0.622,0.592,0.5619999999999999,0.5019999999999999,0.4119999999999998,0.2919999999999997,0.14199999999999957,0],"ascent":[0.097,0.351,0.582,0.633],"descent-weeks":8.902843601895732,"ascent-weeks":3.940758293838862,"peak":0.633}