{"title":"Venus","instanceSlug":159,"tags":["1970s","mythology","remade"],"parents":[],"ranks":[],"artists":{"shocking-blue":true},"scores":[0.06200821741159169,0.20830894528861146,0.3129502216570068,0.35561236147633757,0.3574779635603355,0.3446276515977258]}