{"title":"Heat of the Moment","instanceSlug":16,"tags":[],"genres":["rock"],"debut":1982,"artists":{"asia":true},"scores":[0.038,0.213,0.391,0.41,0.4,0.39000000000000007,0.37000000000000016,0.3400000000000003,0.3000000000000005,0.2500000000000007,0.190000000000001,0.12000000000000133,0.0400000000000017,0],"ascent":[0.038,0.213,0.391,0.41],"descent-weeks":2.2057357723577318,"ascent-weeks":3.8487804878048784,"peak":0.41}