{"title":"Venus","instanceSlug":160,"tags":["#1","#1-hot-100","mythology"],"playlists":[],"remake":true,"genre":"pop","debut":"1986-08","artists":{"bananarama":true},"scores":[0.036,0.171,0.267,0.402,0.391,0.356,0.32099999999999995,0.2509999999999999,0.1459999999999998,0.005999999999999672,0],"ascent":[0.036,0.171,0.267,0.402],"descent-weeks":6.988805970149251,"ascent-weeks":3.2686567164179103,"peak":0.402}