{"title":"All for Love","instanceSlug":1602,"tags":["#1","#1-hot-100"],"genres":["pop","rock"],"debut":"1993-12","source":"three-musketeers-1993","playlists":["ballad","love"],"artists":{"bryan-adams":true,"rod-stewart":true,"sting":true},"scores":[0.05,0.24,0.35,0.47,0.4663374880121342,0.45534995204853684,0.43703739210920795,0.41139980819414745,0.3784372003033554,0.3381495684368318,0.2905369125945767,0.23559923277658992,0.17333652898287166,0.10374880121342173,0.026836049468240298],"score":4.518676946645082,"debutScore":0.05,"peakScore":0.47,"duration":4}