{"title":"Morning","instanceSlug":1604,"tags":["morning"],"parents":[],"genre":"soul","debut":"1983-05","playlists":[],"ranks":[14,8,5,3.1,2.6,2.3,2.72],"artists":{"al-jarreau":true},"scores":[0.12,0.306,0.463,0.622,0.681,0.722,0.666,0.6100000000000001,0.4980000000000002,0.3300000000000004,0.10600000000000065,0],"ascent":[0.12,0.306,0.463,0.622,0.681,0.722],"descent-weeks":6.091412742382275,"ascent-weeks":6.054016620498616,"peak":0.722}