{"title":"Love My Way","instanceSlug":1606,"tags":["love","my","way"],"parents":[],"genre":"pop","debut":"1983-04","playlists":[],"ranks":[13.6,8.1,5.4,3.4,2.85,3.16],"artists":{"psychedelic-furs":true},"scores":[0.129,0.302,0.437,0.592,0.65,0.616,0.582,0.5139999999999999,0.4119999999999998,0.2759999999999997,0.10599999999999954,0],"ascent":[0.129,0.302,0.437,0.592,0.65],"descent-weeks":7.28307692307692,"ascent-weeks":4.869230769230769,"peak":0.65}