{"title":"So Wrong","instanceSlug":1607,"tags":["so","wrong"],"parents":[],"genre":"pop","debut":"1983-04","playlists":[],"ranks":[15.2,10.1,7.4,5.9,5,5.7],"artists":{"patrick-simmons":true},"scores":[0.092,0.229,0.332,0.408,0.463,0.419,0.37499999999999994,0.28699999999999987,0.15499999999999975,0],"ascent":[0.092,0.229,0.332,0.408,0.463],"descent-weeks":5.504319654427644,"ascent-weeks":4.937365010799136,"peak":0.463}