{"title":"Working for the Weekend","instanceSlug":161,"tags":["weekend","work"],"parents":[],"genre":"rock","debut":"1982-01","ranks":[17,11,8.5,7.3,6.4,6.6,7.2],"artists":{"loverboy":true},"scores":[0.055,0.2,0.286,0.337,0.381,0.37,0.341,0.31200000000000006,0.2540000000000001,0.1670000000000002,0.05100000000000032,0],"ascent":[0.055,0.2,0.286,0.337,0.381],"descent-weeks":1.2863648293963261,"ascent-weeks":4.956692913385826,"peak":0.381}