{"title":"It Might Be You","instanceSlug":1611,"tags":[],"parents":[],"genre":"adult-contemporary","debut":"1983-04","playlists":["ballad","love"],"ranks":[12.7,1.8,1.5,1.6,1.75],"artists":{"stephen-bishop":true},"scores":[0.152,0.804,0.864,0.843,0.813,0.7829999999999999,0.7229999999999999,0.6329999999999998,0.5129999999999997,0.36299999999999955,0.18299999999999939,0],"ascent":[0.152,0.804,0.864],"descent-weeks":9.92708333333333,"ascent-weeks":3.1597222222222223,"peak":0.864}