{"title":"Photograph","instanceSlug":1615,"tags":["#1","#1-mainstream-rock"],"parents":[],"genre":"metal","debut":"1983-05","playlists":[],"ranks":[16,10,6,4,3.5,3,3.2,4],"artists":{"def-leppard":true},"scores":[0.075,0.232,0.402,0.537,0.582,0.633,0.612,0.537,0.4620000000000001,0.31200000000000017,0.0870000000000003,0],"ascent":[0.075,0.232,0.402,0.537,0.582,0.633],"descent-weeks":6.263033175355451,"ascent-weeks":5.831753554502369,"peak":0.633}