{"title":"Back on the Chain Gang","instanceSlug":1617,"tags":["back","chain","gang"],"parents":[],"genre":"rock","debut":"1983-04","playlists":[],"ranks":[16.2,9.5,4.5,3.2,2.9,3.45],"artists":{"pretenders":true},"scores":[0.071,0.249,0.498,0.612,0.645,0.587,0.5289999999999999,0.4129999999999998,0.23899999999999966,0.006999999999999451,0],"ascent":[0.071,0.249,0.498,0.612,0.645],"descent-weeks":1.4054134366925055,"ascent-weeks":4.825581395348838,"peak":0.645}