{"title":"I Won't Hold You Back","instanceSlug":1619,"tags":["#1","#1-adult-contemporary","you-i"],"parents":[],"genre":"pop","debut":"1983-04","playlists":["ballad","breakup","feb13"],"ranks":[14.6,8.8,6,4.3,3.2,3.57],"artists":{"toto":true},"scores":[0.106,0.275,0.402,0.513,0.612,0.575,0.5379999999999999,0.46399999999999986,0.35299999999999976,0.20499999999999963,0.019999999999999463,0],"ascent":[0.106,0.275,0.402,0.513,0.612],"descent-weeks":1.761400462962962,"ascent-weeks":4.676470588235294,"peak":0.612}