{"title":"Listen to Your Heart","instanceSlug":162,"tags":["remade"],"genres":["pop"],"debut":"1989-09","artists":{"roxette":true},"scores":[0.185,0.37,0.41,0.45,0.47,0.46,0.45000000000000007,0.43000000000000016,0.4000000000000003,0.3600000000000005,0.3100000000000007,0.250000000000001,0.18000000000000133,0.1000000000000017,0.010000000000002118,0],"ascent":[0.185,0.37,0.41,0.45,0.47],"descent-weeks":10.914893617021303,"ascent-weeks":6.01595744680851,"peak":0.47}