{"title":"Separate Ways (Worlds Apart)","instanceSlug":1621,"tags":["#1","#1-mainstream-rock","breakup","feb13"],"parents":[],"genre":"rock","debut":"1983-02","playlists":[],"ranks":[18,11,8,5.9,5,5.4,5.97],"artists":{"journey":true},"scores":[0.036,0.2,0.306,0.408,0.463,0.437,0.404,0.37100000000000005,0.3050000000000001,0.20600000000000018,0.07400000000000029,0],"ascent":[0.036,0.2,0.306,0.408,0.463],"descent-weeks":1.4940568754499648,"ascent-weeks":4.577753779697624,"peak":0.463}