{"title":"Come On Eileen","instanceSlug":1623,"tags":["come","women"],"parents":[],"genre":"pop","debut":"1983-03","playlists":[],"ranks":[18,11,7,5.8,5,5.4,6.2],"artists":{"dexy-s-midnight-runners":true},"scores":[0.036,0.2,0.351,0.414,0.463,0.437,0.391,0.34500000000000003,0.25300000000000006,0.1150000000000001,0],"ascent":[0.036,0.2,0.351,0.414,0.463],"descent-weeks":6.49244060475162,"ascent-weeks":4.742980561555075,"peak":0.463}