{"title":"I Melt With You","instanceSlug":1624,"tags":["i","melt","with","you"],"parents":[],"genre":"pop","debut":"1983-04","playlists":[],"ranks":[24,18,15,12,13.2],"artists":{"modern-english":true},"scores":[0.036,0.097,0.171,0.139,0.10700000000000001,0.04300000000000001,0],"ascent":[0.036,0.097,0.171],"descent-weeks":4.035087719298246,"ascent-weeks":2.666666666666667,"peak":0.171}