{"title":"Glory Days","instanceSlug":1633,"tags":[],"genre":"rock","debut":"1985-06","playlists":[],"artists":{"bruce-springsteen":true},"scores":[0.1,0.18275,0.284375,0.29475,0.286875,0.272751,0.2641,0.2515,0.2389,0.2137,0.1759,0.1255,0.0625,0],"ascent":[0.1,0.18275,0.284375,0.29475],"descent-weeks":1.8844066443528409,"ascent-weeks":4.386132315521628,"peak":0.29475}