{"title":"Too Late for Goodbyes","instanceSlug":1634,"tags":[],"genre":"pop","debut":"1985-02","playlists":[],"artists":{"julian-lennon":true},"scores":[0.12,0.402,0.546,0.656,0.694,0.737,0.7,0.6629999999999999,0.5889999999999999,0.47799999999999976,0.3299999999999996,0.14499999999999946,0],"ascent":[0.12,0.402,0.546,0.656,0.694,0.737],"descent-weeks":2.799035956580731,"ascent-weeks":6.421302578018996,"peak":0.737}