{"title":"Sussudio","instanceSlug":1639,"tags":["#1","odd-words"],"parents":[],"genre":"pop","debut":"1985-05","playlists":[],"ranks":[],"artists":{"phil-collins":true},"scores":[0.1151,0.378641,0.47571999999999987,0.5147999999999999,0.51,0.4921,0.475681,0.5,0.44456,0.38912,0.27824000000000004,0.11192000000000007,0],"ascent":[0.1151,0.378641,0.47571999999999987,0.5147999999999999],"descent-weeks":10.82873251748252,"ascent-weeks":4.324769813519813,"peak":0.5147999999999999}