{"title":"Every Time You Go Away","instanceSlug":1645,"tags":[],"genre":"pop","debut":1985,"playlists":[],"artists":{"paul-young":true},"scores":[0.0505,0.21,0.318,0.3345,0.275,0.22,0.16499999999999998,0.05499999999999994,0],"ascent":[0.0505,0.21,0.318,0.3345],"descent-weeks":4.706278026905829,"ascent-weeks":4.0941704035874436,"peak":0.3345}