{"title":"Do It To Me","instanceSlug":1649,"tags":["#1","#1-r&b"],"genres":["adult-contemporary","urban"],"debut":"1992-06","playlists":[],"artists":{"lionel-richie":true},"scores":[0.12316666666666666,0.28683333333333333,0.4166666666666667,0.4911666666666667,0.505,0.5027476830541577,0.496],"ascent":[0.12316666666666666,0.28683333333333333,0.4166666666666667,0.4911666666666667,0.505],"descent-weeks":4.466577276398489}