{"title":"Beauty and the Beast","instanceSlug":1650,"tags":[],"source":"beauty-beast-1992","genre":"pop","debut":1992,"playlists":["ballad"],"ranks":[],"artists":{"celine-dion":true,"peabo-bryson":true},"scores":[0.1,0.1995263597162372,0.31,0.34125675641,0.34282688513132636,0.331,0.31571661,0.3,0.28428338999999997,0.25285016999999993,0.20570033999999987,0.1428338999999998,0.06425084999999969,0],"ascent":[0.1,0.1995263597162372,0.31,0.34125675641,0.34282688513132636],"descent-weeks":1.9232693600894437,"ascent-weeks":5.660043263943645,"peak":0.34282688513132636}