{"title":"Steel Bars","instanceSlug":1651,"tags":[],"parents":[],"genre":"pop","debut":"1992-06","playlists":[],"ranks":[],"artists":{"michael-bolton":true},"scores":[0.11275,0.448,0.56675,0.67,0.671,0.6595,0.6463099999999999,0.61993,0.58036,0.5276,0.46164999999999995,0.3825099999999999,0.2901799999999999,0.18465999999999985,0.06594999999999981,0],"ascent":[0.11275,0.448,0.56675,0.67,0.671],"descent-weeks":4.7774885925856925,"ascent-weeks":5.518256333830103,"peak":0.671}