{"title":"Money Don't Matter Tonight","instanceSlug":1652,"tags":[],"parents":[],"genre":"pop","debut":"1992-04","playlists":[],"ranks":[21,15,12,9.8,9,11.5],"artists":{"prince":true},"scores":[0.097,0.171,0.239,0.267,0.185,0.10299999999999998,0],"ascent":[0.097,0.171,0.239,0.267],"descent-weeks":3.117977528089887,"ascent-weeks":4.348314606741573,"peak":0.267}