{"title":"Will You Marry Me","instanceSlug":1653,"tags":[],"parents":[],"genre":"adult-contemporary","debut":"1992-05","playlists":[],"ranks":[17,11,8,6,5.2,4.9,5.3,5.9],"artists":{"paula-abdul":true},"scores":[0.055,0.2,0.306,0.402,0.45,0.47,0.444,0.408,0.37199999999999994,0.2999999999999999,0.19199999999999978,0.047999999999999654,0],"ascent":[0.055,0.2,0.306,0.402,0.45,0.47],"descent-weeks":1.630740780141843,"ascent-weeks":6.009574468085106,"peak":0.47}