{"title":"I'm the One You Need","instanceSlug":1655,"tags":[],"parents":[],"genre":"pop","debut":1992,"playlists":[],"ranks":[],"artists":{"jody-watley":true},"scores":[0.13241,0.3218,0.4234,0.4984,0.4892,0.48461,0.47,0.4486],"ascent":[0.13241,0.3218,0.4234,0.4984],"descent-weeks":7.1954554574638845}