{"title":"I'm the One You Need","instanceSlug":1655,"tags":[],"parents":[],"genre":"pop","debut":1992,"playlists":[],"ranks":[],"artists":{"jody-watley":true},"scores":[0.13241,0.3218,0.4234,0.4984,0.4892,0.48461,0.47,0.4486,0.4272,0.3844000000000001,0.32020000000000015,0.23460000000000025,0.12760000000000038,0],"ascent":[0.13241,0.3218,0.4234,0.4984],"descent-weeks":11.691843900481546,"ascent-weeks":4.141282102728732,"peak":0.4984}