{"title":"Thinking Back","instanceSlug":1656,"tags":[],"genre":"pop","debut":"1992-03","playlists":[],"ranks":[],"artists":{"color-me-badd":true},"scores":[0.11,0.3296666666666667,0.4546666666666667,0.5286666666666666,0.5676666666666668,0.5583333333333333,0.5326666666666666,0.51,0.4873333333333334,0.44200000000000017,0.37400000000000033,0.2833333333333339,0.17000000000000082,0.03400000000000114,0],"ascent":[0.11,0.3296666666666667,0.4546666666666667,0.5286666666666666,0.5676666666666668],"descent-weeks":3.4583137600313214,"ascent-weeks":5.260129183793305,"peak":0.5676666666666668}