{"title":"A Little Respect","instanceSlug":1657,"tags":[],"genre":"pop","debut":"1989-02","playlists":[],"artists":{"erasure":true},"scores":[0.067,0.302,0.437,0.542,0.607,0.569,0.5309999999999999,0.45499999999999985,0.34099999999999975,0.1889999999999996,0],"ascent":[0.067,0.302,0.437,0.542,0.607],"descent-weeks":1.7174250411861611,"ascent-weeks":4.8311367380560135,"peak":0.607}