{"title":"Someone to Hold","instanceSlug":1658,"tags":[],"parents":[],"genre":"soul","debut":"1992-11","playlists":[],"ranks":[],"artists":{"trey-lorenz":true},"scores":[0.128,0.338,0.497,0.549,0.554,0.547,0.5360600000000001,0.5141800000000001,0.48136000000000007,0.43760000000000004,0.3829,0.31726,0.24067999999999995,0.1531599999999999,0.054699999999999874,0],"ascent":[0.128,0.338,0.497,0.549,0.554],"descent-weeks":11.423014440433212,"ascent-weeks":5.593862815884475,"peak":0.554}