{"title":"The Rain","instanceSlug":167,"tags":["#1","#1-r&b"],"genre":"urban","debut":"1986-10","artists":{"oran-juice-jones":true},"scores":[0.122,0.554,0.823,0.855,0.872,0.881,0.875,0.841,0.8069999999999999,0.7389999999999999,0.6369999999999998,0.5009999999999997,0.3309999999999995,0.12699999999999934,0],"ascent":[0.122,0.554,0.823,0.855,0.872,0.881],"descent-weeks":9.771282633371165,"ascent-weeks":6.9926220204313285,"peak":0.881}