{"title":"Don't Cry Out Loud","instanceSlug":1684,"tags":[],"genre":"pop","debut":1979,"playlists":[],"artists":{"melissa-manchester":true,"carol-bayer-sager":"writer"},"scores":[0.05929986128304713,0.1995263597162372,0.30010719362631805,0.34125675640985936,0.34282688513132636,0.3306658313541177,0.31571660027979787,0.30267417160583854,0.28846616087753874,0.27200724823668465,0.2536844292337843,0.23301819993271647,0.2105822709641454,0.18659143494251637,0.16153782604249298,0.136114039746316,0.11108654702397452,0.08713887309040447,0.06481295613444857,0.044676661919001784,0.02800255554546858,0.01545456302759887,0.0029065705097291623,0],"ascent":[0.05929986128304713,0.1995263597162372,0.30010719362631805,0.34125675640985936,0.34282688513132636],"descent-weeks":3.8137799729553583,"ascent-weeks":5.438679593451197,"peak":0.34282688513132636}