{"title":"Raindrops Keep Falling on My Head","instanceSlug":169,"tags":["fall","head","long-title","rain"],"parents":[],"ranks":[],"artists":{"bj-thomas":true},"scores":[0.1,0.21,0.312951,0.35561236147633757,0.357477963561,0.3446276515977258,0.3289181,0.31523776166182677,0.31,0.28331,0.2643212411,0.2428924261,0.219594933345851,0.19466121,0.169727486654149,0.11986003996244698,0.04505886992489397,0],"ascent":[0.1,0.21,0.312951,0.35561236147633757,0.357477963561],"descent-weeks":13.409306347477479,"ascent-weeks":5.606113360366711,"peak":0.357477963561}