{"title":"Raindrops Keep Falling on My Head","instanceSlug":169,"tags":["fall","head","long-title","rain"],"parents":[],"ranks":[],"artists":{"bj-thomas":true},"scores":[0.1,0.21,0.312951,0.35561236147633757,0.357477963561,0.3446276515977258,0.3289181,0.31523776166182677,0.31,0.28331,0.2643212411,0.2428924261,0.219594933345851,0.19466121]}