{"title":"Rescue Me","instanceSlug":"1700","tags":[],"parents":[],"genre":"rock","debut":1992,"playlists":[],"ranks":[],"artists":{"bryan-adams":true},"scores":[0.1,0.2,0.34325,0.4171,0.461,0.461,0.44275,0.41575,0.41,0.4018,0.38539999999999996,0.36079999999999995,0.32799999999999996,0.287,0.23779999999999998,0.1804,0.11480000000000001,0.04100000000000002,0],"ascent":[0.1,0.2,0.34325,0.4171,0.461],"descent-weeks":4.950500429320319,"ascent-weeks":4.950162689804773,"peak":0.461}