{"title":"Good for Me","instanceSlug":1701,"tags":[],"parents":[],"genre":"pop","debut":1992,"playlists":[],"ranks":[],"artists":{"amy-grant":true},"scores":[0.1095,0.42175,0.54025,0.54825,0.502,0.49,0.478,0.45399999999999996,0.4179999999999999,0.3699999999999999,0.30999999999999983,0.23799999999999977,0.1539999999999997,0.05799999999999961,0],"ascent":[0.1095,0.42175,0.54025,0.54825],"descent-weeks":10.999316005471954,"ascent-weeks":4.431600547195622,"peak":0.54825}