{"title":"My Lovin' (You're Never Gonna Get It)","instanceSlug":1706,"tags":["#1","#1-r&b"],"genre":"hip-hop","debut":"1992-04","playlists":["summer"],"artists":{"en-vogue":true},"scores":[0.153,0.464,0.703,0.79,0.753,0.716,0.6419999999999999,0.5309999999999998,0.3829999999999997,0.1979999999999995,0],"ascent":[0.153,0.464,0.703,0.79],"descent-weeks":2.591940822784809,"ascent-weeks":4.006329113924051,"peak":0.79}