{"title":"I'll Be There","instanceSlug":1707,"tags":["#1","#1-hoy-100"],"genre":"pop","debut":"1992-06","playlists":[],"artists":{"mariah-carey":true},"scores":[0.046239423173331344,0.14382667213161635,0.2373111167248375,0.3003619340716499,0.31128910646574803,0.30564637655929544,0.2922053098869859,0.28388932873986256,0.2716983531506326,0.25628798308198847,0.23881197931183995,0.22133597554169143,0.1863839680013944,0.13395595669094884,0.06405194161035477,0],"ascent":[0.046239423173331344,0.14382667213161635,0.2373111167248375,0.3003619340716499,0.31128910646574803],"descent-weeks":12.362573371916422,"ascent-weeks":5.006736009961419,"peak":0.31128910646574803}