{"title":"Daytime Friends","instanceSlug":1714,"tags":["#1","#1-country"],"parents":[],"genre":"country","debut":1977,"playlists":[],"ranks":[19,12,8,6,4,4.7],"artists":{"kenny-rogers":true},"scores":[0.018,0.171,0.306,0.402,0.537,0.484,0.43099999999999994,0.32499999999999984,0.1659999999999997,0],"ascent":[0.018,0.171,0.306,0.402,0.537],"descent-weeks":5.427374301675975,"ascent-weeks":4.005586592178771,"peak":0.537}