{"title":"Having a Party","instanceSlug":1718,"tags":[],"genre":"pop","debut":"1994-01","playlists":["live"],"artists":{"rod-stewart":true,"ronnie-wood":"feature"},"scores":[0.17684594348222427,0.32495812395309887,0.4,0.4251968503937008,0.3739837398373984,0.319327731092437,0.19819819819819817,0.07706866530395934,0],"score":1.3410000000000002,"debutScore":0.097,"peakScore":0.27,"duration":2,"ascent":[0.17684594348222427,0.32495812395309887,0.4,0.4251968503937008],"descent-weeks":4.916929124246197,"ascent-weeks":4.681364349007945,"peak":0.4251968503937008}