{"title":"Cantaloupe","instanceSlug":1719,"tags":[],"parents":[],"genre":"urban","debut":"1994-01","playlists":[],"ranks":[15,7,3.2,2.8,2.75,2.65,2.81,3.02],"artists":{"us3":true},"scores":[0.097,0.351,0.612,0.656,0.662,0.675,0.655,0.631,0.607,0.5589999999999999,0.4869999999999999,0.3909999999999998,0.2709999999999997,0.12699999999999956,0],"ascent":[0.097,0.351,0.612,0.656,0.662,0.675],"descent-weeks":4.052934320987653,"ascent-weeks":6.784444444444444,"peak":0.675}