{"title":"Second Chance","instanceSlug":172,"tags":[],"genres":["pop","adult-contemporary"],"debut":1989,"artists":{"38-special":true},"playlists":["ballad"],"scores":[0.3,0.673,0.7513333333333334,0.79,0.81,0.83,0.82,0.779,0.697,0.574,0.45099999999999996,0.20499999999999996,0],"score":5.053,"debutScore":0.219,"peakScore":0.722,"duration":3,"ascent":[0.3,0.673,0.7513333333333334,0.79,0.81,0.83],"descent-weeks":7.872289156626506,"ascent-weeks":7.507831325301206,"peak":0.83}