{"title":"Slow and Easy","instanceSlug":1720,"tags":[],"parents":[],"genre":"urban","debut":"1993-12","playlists":["vox"],"artists":{"zap":true,"roger":true},"scores":[0.1,0.3,0.444,0.477,0.47,0.463,0.437,0.4,0.35,0.29999999999999993,0.19999999999999984,0.04999999999999971,0],"ascent":[0.1,0.3,0.444,0.477],"descent-weeks":9.896226415094338,"ascent-weeks":4.154088050314466,"peak":0.477}