{"title":"Hot Child in the City","instanceSlug":1727,"tags":["#1","#1-hot-100"],"parents":[],"genre":"pop","debut":"1978-08","playlists":[],"ranks":[21,17,14,12,10,12],"artists":{"nick-gilder":true},"scores":[0.055,0.12,0.171,0.232,0.171,0.11000000000000001,0],"ascent":[0.055,0.12,0.171,0.232],"descent-weeks":0.20103556034482759,"ascent-weeks":3.737068965517241,"peak":0.232}