{"title":"Gett Off","instanceSlug":1734,"tags":[],"genre":"pop","debut":"1991-10","playlists":[],"ranks":[15,5.5,3.5,4.5],"artists":{"prince":true},"scores":[0.097,0.431,0.582,0.498,0.41400000000000003,0.2460000000000001,0],"ascent":[0.097,0.431,0.582],"descent-weeks":4.484536082474228,"ascent-weeks":2.8608247422680413,"peak":0.582}