{"title":"Kiss an Angel Good Morning","instanceSlug":1736,"tags":[],"parents":[],"genre":"country","debut":1972,"playlists":[],"ranks":[14,9,6,4.2,3,3.5],"artists":{"charley-pride":true},"scores":[0.12,0.267,0.402,0.521,0.633,0.582,0.5309999999999999,0.4289999999999998,0.2759999999999997,0.07199999999999951,0],"ascent":[0.12,0.267,0.402,0.521,0.633],"descent-weeks":1.4833751974723535,"ascent-weeks":4.604265402843603,"peak":0.633}