{"title":"Everybody Dance","instanceSlug":1745,"tags":[],"parents":[],"genre":"dance","debut":"1986-01","playlists":[],"ranks":[13.5,6.5,3.85,3.1,3.3,3.7,4.25,5],"artists":{"tamara-the-scene":true},"scores":[0.132,0.376,0.55,0.622,0.602,0.563,0.517,0.463,0.40900000000000003,0.30100000000000005,0.13900000000000007,0],"ascent":[0.132,0.376,0.55,0.622],"descent-weeks":2.565693461950696,"ascent-weeks":4.051446945337621,"peak":0.622}