{"title":"Slipping Away","instanceSlug":1750,"tags":[],"parents":[],"genre":"pop","debut":1983,"playlists":[],"ranks":[],"artists":{"dave-edmunds":true},"scores":[0.1,0.21,0.312951,0.35561236147633757,0.357477963561,0.3446276515977258,0.329],"ascent":[0.1,0.21,0.312951,0.35561236147633757,0.357477963561],"descent-weeks":4.326583958717688}