{"title":"Money Changes Everything","instanceSlug":1752,"tags":[],"parents":[],"genre":"pop","debut":"1985-01","playlists":[],"ranks":[],"artists":{"cyndi-lauper":true},"scores":[0.113375,0.3423751,0.491375,0.525625,0.526,0.51,0.494,0.46199999999999997,0.4139999999999999,0.34999999999999987,0.2699999999999998,0.1739999999999997,0.06199999999999961,0],"ascent":[0.113375,0.3423751,0.491375,0.525625,0.526],"descent-weeks":2.7187209800697056,"ascent-weeks":5.699857699619772,"peak":0.526}