{"title":"Girls Just Wanna Have Fun","instanceSlug":1753,"tags":[],"parents":[],"genre":"pop","debut":"1984-02","playlists":[],"ranks":[],"artists":{"cyndi-lauper":true},"scores":[0.113375,0.3423751,0.491375,0.525625,0.526,0.51,0.484251,0.45,0.438751,0.42251,0.41,0.39748999999999995,0.3724699999999999,0.33493999999999985,0.28489999999999976,0.22234999999999966,0.14728999999999953,0.059719999999999385,0],"ascent":[0.113375,0.3423751,0.491375,0.525625,0.526],"descent-weeks":5.659920747409883,"ascent-weeks":5.699857699619772,"peak":0.526}