{"title":"Operator","instanceSlug":1757,"tags":[],"parents":[],"genre":"dance","debut":"1985-01","playlists":[],"ranks":[14,7,5,3.2,3,3.24,3.68],"artists":{"midnight-star":true},"scores":[0.12,0.351,0.463,0.612,0.633,0.608,0.565,0.5219999999999999,0.43599999999999983,0.3069999999999997,0.13499999999999956,0],"ascent":[0.12,0.351,0.463,0.612,0.633],"descent-weeks":2.2728159557661916,"ascent-weeks":5.163507109004739,"peak":0.633}