{"title":"Romantic","instanceSlug":176,"tags":["#1","#1-hot100","#1-r&b"],"genres":["pop","urban"],"debut":"1991-09","artists":{"karyn-white":true},"note":"Project 9 weeks at #2.","scores":[0.6,0.947,0.942,0.935,0.929,0.915,0.901,0.878,0.852,0.815,0.7779999999999999,0.7039999999999998,0.5929999999999997,0.4449999999999996,0.25999999999999945,0.03799999999999926,0],"ascent":[0.6,0.947],"descent-weeks":17.31573389651531,"ascent-weeks":2.4503695881731784,"peak":0.947}