{"title":"Foolish Heart","instanceSlug":1764,"tags":[],"parents":[],"genre":"pop","debut":"1985-01","playlists":[],"ranks":[14,6,4.1,3.1,2.7,3,3.3,3.9],"artists":{"steve-perry":true},"scores":[0.12,0.402,0.529,0.622,0.668,0.633,0.602,0.546,0.4900000000000001,0.3780000000000002,0.2100000000000004,0],"ascent":[0.12,0.402,0.529,0.622,0.668],"descent-weeks":2.581890718562875,"ascent-weeks":5.256736526946108,"peak":0.668}