{"title":"Method of Modern Love","instanceSlug":1766,"tags":[],"parents":[],"genre":"pop","debut":"1985-01","playlists":[],"ranks":[],"artists":{"hall-oates":true},"scores":[0.08,0.36,0.49,0.531,0.55,0.5473,0.52,0.4927,0.43810000000000004,0.35620000000000007,0.2470000000000001,0.11050000000000015,0],"ascent":[0.08,0.36,0.49,0.531,0.55],"descent-weeks":2.6058816727272727,"ascent-weeks":5.484545454545454,"peak":0.55}