{"title":"Suicide Blonde","instanceSlug":177,"tags":["#1","#1-mainstream-rock","#1-modern-rock","hair","hair-color"],"genre":"rock","debut":"1990-10","artists":{"inxs":true},"scores":[0.185,0.37,0.414,0.311,0.20800000000000002,0.0020000000000000573,0],"ascent":[0.185,0.37,0.414],"descent-weeks":0.358341384863124,"ascent-weeks":3.510869565217391,"peak":0.414}