{"title":"The Other Woman","instanceSlug":1770,"tags":["cheating"],"parents":[],"genres":["pop","urban"],"debut":1982,"playlists":["feb13"],"ranks":[],"artists":{"ray-parker-jr":true},"scores":[0.077,0.249,0.319,0.37,0.419,0.306,0.301,0.291,0.276,0.256,0.231,0.201,0.166,0.126,0.081,0.031,0],"ascent":[0.077,0.249,0.319,0.37,0.419],"descent-weeks":9.61217183770883,"ascent-weeks":5.13365155131265,"peak":0.419}