{"title":"Born in the USA","instanceSlug":1772,"tags":[],"parents":[],"genre":"rock","debut":"1984-12","playlists":[],"ranks":[24,18,15,12,14.6],"artists":{"bruce-springsteen":true},"scores":[0.036,0.097,0.171,0.106,0.04099999999999998,0],"ascent":[0.036,0.097,0.171],"descent-weeks":0.09639181286549708,"ascent-weeks":2.666666666666667,"peak":0.171}