{"title":"ROCK in the USA","instanceSlug":1776,"tags":[],"parents":[],"genre":"rock","debut":"1986-03","playlists":[],"ranks":[18,11,7,5,5.4,6.1],"artists":{"john-mellancamp":true},"scores":[0.036,0.2,0.351,0.463,0.437,0.397,0.35700000000000004,0.2770000000000001,0.15700000000000014,0],"ascent":[0.036,0.2,0.351,0.463],"descent-weeks":6.764578833693306,"ascent-weeks":3.4017278617710587,"peak":0.463}