{"title":"We Belong","instanceSlug":1779,"tags":[],"parents":[],"genre":"pop","debut":"1985-01","playlists":[],"ranks":[],"artists":{"pat-benatar":true},"scores":[0.054,0.20366666666666666,0.35766666666666663,0.37433333333333335,0.338,0.32433333333333336,0.3006666666666667,0.28733333333333333,0.26899999999999996,0.24566666666666667,0.21733333333333335,0.18400000000000002,0.14566666666666664,0.10233333333333333,0.06033333333333333,0.027,0],"ascent":[0.054,0.20366666666666666,0.35766666666666663,0.37433333333333335],"descent-weeks":2.4749905016325315,"ascent-weeks":3.9657168299198577,"peak":0.37433333333333335}