{"title":"Everything You Want","instanceSlug":1780,"tags":[],"genre":"rock","debut":"2000-02","playlists":[],"ranks":[8.5,1,1.09,1.19,1.31,1.43,1.57],"artists":{"vertical-horizon":true},"scores":[0.286,1,0.971,0.942,0.909,0.88,0.849,0.818,0.7559999999999999,0.6629999999999998,0.5389999999999997,0.38399999999999956,0.1979999999999994,0],"ascent":[0.286,1],"descent-weeks":13.363499999999998,"ascent-weeks":1.929,"peak":1}