{"title":"The Freshmen","instanceSlug":1783,"tags":[],"genre":"rock","debut":"1997-05","playlists":[],"artists":{"verve-pipe":true},"scores":[0.04,0.1,0.14,0.16,0.15,0.135,0.11,0.08499999999999999,0.034999999999999976,0],"ascent":[0.04,0.1,0.14,0.16],"descent-weeks":6.328125,"ascent-weeks":4.125000000000001,"peak":0.16}