{"title":"It's a Miracle","instanceSlug":1785,"tags":[],"parents":[],"genre":"pop","debut":1984,"playlists":[],"ranks":[],"artists":{"culture-club":true},"scores":[0.1,0.28725,0.4675,0.43425,0.411,0.41,0.388],"ascent":[0.1,0.28725,0.4675],"descent-weeks":6.7724598930481275}