{"title":"Mmm Bop","instanceSlug":1786,"tags":[],"genre":"pop","debut":1997,"playlists":[],"artists":{"hanson":true},"scores":[0.12,0.35,0.54,0.61,0.67,0.64,0.61,0.5499999999999999,0.45999999999999985,0.33999999999999975,0.1899999999999996,0.009999999999999454,0],"ascent":[0.12,0.35,0.54,0.61,0.67],"descent-weeks":7.768656716417906,"ascent-weeks":5.126865671641791,"peak":0.67}