{"title":"Get Lucky","instanceSlug":1788,"tags":["#1","#1-rdwt40-hot-adult"],"parents":[],"genre":"pop","debut":2013,"playlists":[],"ranks":[16.5,7,4,3.5,3.2,3.4],"artists":{"daft-punk":true,"pharrell-williams":"feature","nile-rodgers":"backup"},"scores":[0.065,0.351,0.537,0.582,0.612,0.592,0.572,0.5319999999999999,0.47199999999999986,0.3919999999999998,0.2919999999999997,0.1719999999999996,0.03199999999999947,0],"ascent":[0.065,0.351,0.537,0.582,0.612],"descent-weeks":2.904332788671023,"ascent-weeks":5.262254901960785,"peak":0.612}