{"title":"The Girl I Used to Know","instanceSlug":179,"tags":[],"playlists":["summer"],"genre":"pop","debut":"1990-08","ranks":[16,7,4,3.2,2.9,3.2],"artists":{"brother-beyond":true},"scores":[0.075,0.351,0.537,0.612,0.645,0.612,0.579,0.5129999999999999,0.4139999999999998,0.2819999999999997,0.11699999999999955,0],"ascent":[0.075,0.351,0.537,0.612,0.645],"descent-weeks":7.353488372093021,"ascent-weeks":5.162790697674419,"peak":0.645}