{"title":"Passion","instanceSlug":1790,"tags":[],"parents":[],"genre":"pop","debut":"1980-12","playlists":[],"ranks":[],"artists":{"rod-stewart":true},"scores":[0.1,0.255666,0.413166,0.496166,0.526166,0.5112499829757319,0.4665019319029273,0.3919218467815864,0.2875097276117093,0.15326557439329572],"score":4.105578347477561,"debutScore":0.1,"peakScore":0.526166,"duration":3}