{"title":"While You See A Chance","instanceSlug":1794,"tags":[],"genre":"pop","debut":"1981-03","playlists":[],"ranks":[],"artists":{"steve-winwood":true},"scores":[0.25,0.41,0.45,0.49,0.51,0.52,0.47,0.41999999999999993,0.31999999999999984,0.1699999999999997,0],"ascent":[0.25,0.41,0.45,0.49,0.51,0.52],"descent-weeks":5.480769230769229,"ascent-weeks":7.586538461538461,"peak":0.52}