{"title":"9 to 5","instanceSlug":1796,"tags":[],"genres":["pop","country"],"debut":"1981-03","playlists":[],"ranks":[17,6,3.5,3.25,3.5,3.85],"source":"9-to-5","artists":{"dolly-parton":true},"scores":[0.055,0.402,0.582,0.607,0.582,0.55,0.5180000000000001,0.4540000000000003,0.35800000000000054,0.23000000000000087,0.07000000000000128,0],"ascent":[0.055,0.402,0.582,0.607],"descent-weeks":8.325370675453055,"ascent-weeks":4.067545304777594,"peak":0.607}