{"title":"How Bad Do You Want It","instanceSlug":180,"tags":[],"parents":[],"genre":"pop","debut":"1990-07","ranks":[18,12.5,9.8,7.9,7,7.6,8.9],"artists":{"don-henley":true},"scores":[0.036,0.158,0.239,0.311,0.351,0.323,0.271,0.21900000000000003,0.11500000000000005,0],"ascent":[0.036,0.158,0.239,0.311,0.351],"descent-weeks":0.7208798670465336,"ascent-weeks":4.67948717948718,"peak":0.351}