{"title":"I Ain't Gonna Stand for It","instanceSlug":1803,"tags":[],"genre":"urban","debut":"1981-02","playlists":[],"artists":{"stevie-wonder":true},"scores":[0.14,0.31,0.51,0.55,0.54,0.5292,0.5076,0.47520000000000007,0.43200000000000005,0.37800000000000006,0.31320000000000003,0.23760000000000003,0.1512,0.05399999999999998,0],"ascent":[0.14,0.31,0.51,0.55],"descent-weeks":3.585743030303032,"ascent-weeks":4.118181818181818,"peak":0.55}