{"title":"Buddy Holly","instanceSlug":1815,"tags":[],"parents":[],"genre":"alternative","debut":"1995-01","playlists":[],"ranks":[18,14,11,9.5,8.3,8,8.2,8.9,10.2],"artists":{"weezer":true},"scores":[0.036,0.12,0.2,0.249,0.294,0.306,0.298,0.271,0.225,0.179,0.08699999999999997,0],"ascent":[0.036,0.12,0.2,0.249,0.294,0.306],"descent-weeks":0.956423202614379,"ascent-weeks":5.9068627450980395,"peak":0.306}