{"title":"When We Dance","instanceSlug":1817,"tags":[],"parents":[],"genre":"adult-contemporary","debut":"1995-01","playlists":[],"ranks":[16,9,5.4,4.2,3.5,3,3.2,3.6],"artists":{"sting":true},"scores":[0.171,0.864,0.839,0.814,0.7639999999999999,0.6889999999999998,0.5889999999999997,0.46399999999999963,0.3139999999999995,0.13899999999999935,0],"ascent":[0.171,0.864],"descent-weeks":9.50694444444444,"ascent-weeks":1.7968749999999998,"peak":0.864}