{"title":"Bad Reputation","instanceSlug":1819,"tags":[],"parents":[],"genre":"pop","debut":"1995-01","playlists":[],"ranks":[],"artists":{"freedy-johnston":true},"scores":[0.065,0.252,0.404,0.466,0.471,0.457,0.44300000000000006,0.41500000000000015,0.3730000000000003,0.31700000000000045,0.24700000000000066,0.16300000000000092,0.06500000000000122,0],"ascent":[0.065,0.252,0.404,0.466,0.471],"descent-weeks":9.398089171974535,"ascent-weeks":5.2802547770700645,"peak":0.471}