{"title":"Say a Little Prayer","instanceSlug":182,"tags":[],"genres":["pop","adult-contemporary"],"debut":"1990-09","artists":{"breathe":true},"scores":[0.18,0.356,0.431,0.521,0.506,0.491,0.46099999999999997,0.4159999999999999,0.35599999999999987,0.2809999999999998,0.19099999999999973,0.08599999999999963,0],"ascent":[0.18,0.356,0.431,0.521],"descent-weeks":9.52687140115163,"ascent-weeks":4.2840690978886755,"peak":0.521}