{"title":"Rain King","instanceSlug":1822,"tags":[],"parents":[],"genre":"adult-alternative","debut":"1995-01","playlists":[],"ranks":[],"artists":{"counting-crows":true},"scores":[0.11366666666666665,0.3393333333333333,0.48,0.5376666666666666,0.5569999999999999,0.5539999999999999,0.532,0.5,0.46799999999999997,0.4039999999999999,0.30799999999999983,0.17999999999999972,0.019999999999999574,0],"ascent":[0.11366666666666665,0.3393333333333333,0.48,0.5376666666666666,0.5569999999999999],"descent-weeks":2.925643127867543,"ascent-weeks":5.4605026929982055,"peak":0.5569999999999999}