{"title":"You Don't Know How It Feels","instanceSlug":1825,"tags":[],"parents":[],"genre":"pop","playlists":[],"ranks":[24,19,15,13,11,10.5,11.2,12.9,17],"artists":{"tom-petty":true},"scores":[0.018,0.097,0.145,0.2,0.216,0.194,0.147,0.055,0],"ascent":[0.018,0.097,0.145,0.2,0.216],"descent-weeks":4.250000000000001,"ascent-weeks":4.694444444444445,"peak":0.216}