{"title":"On Bended Knee","instanceSlug":1829,"tags":[],"parents":[],"genre":"soul","debut":"1994-12","playlists":[],"ranks":[],"artists":{"boyz-ii-men":true},"scores":[0.1136,0.2976,0.4882,0.58541,0.59381,0.6176,0.5992,0.5807999999999999,0.5439999999999997,0.48879999999999946,0.4151999999999991,0.3231999999999987,0.2127999999999982,0.08399999999999763,0],"ascent":[0.1136,0.2976,0.4882,0.58541,0.59381,0.6176],"descent-weeks":9.388601036269412,"ascent-weeks":6.548461787564766,"peak":0.6176}