{"title":"Cradle of Love","instanceSlug":183,"tags":["#1","#1-mainstream-rock","#2-hot-100"],"playlists":["summer"],"genre":"rock","debut":"1990-06","ranks":[20,14,11,9.2,8,8.5,9.35],"artists":{"billy-idol":true},"scores":[0.12,0.2,0.26,0.306,0.286,0.254,0.22200000000000003,0.15800000000000008,0.062000000000000166,0],"ascent":[0.12,0.2,0.26,0.306],"descent-weeks":6.31372549019608,"ascent-weeks":4.343137254901961,"peak":0.306}