{"title":"Be Still My Beating Heart","instanceSlug":1831,"tags":[],"parents":[],"genre":"pop","debut":"1988-02","playlists":[],"ranks":[16,8,6.2,4.5,4.7,4.9,5.4,6.1],"artists":{"sting":true},"scores":[0.075,0.306,0.391,0.498,0.484,0.47,0.437,0.397,0.35700000000000004,0.2770000000000001,0.15700000000000014,0],"ascent":[0.075,0.306,0.391,0.498],"descent-weeks":9.268072289156628,"ascent-weeks":3.825301204819277,"peak":0.498}