{"title":"Spotlight","instanceSlug":1833,"tags":[],"genre":"pop","debut":"1988-02","playlists":[],"artists":{"madonna":true},"scores":[0.148,0.41,0.465,0.47,0.465,0.43,0.39499999999999996,0.3249999999999999,0.2199999999999998,0.07999999999999968,0],"ascent":[0.148,0.41,0.465,0.47],"descent-weeks":7.611702127659573,"ascent-weeks":4.764893617021276,"peak":0.47}