{"title":"Honestly","instanceSlug":1835,"tags":[],"genre":"rock","debut":"1988-02","playlists":["ballad"],"ranks":[24,20,16.5,13.5,13,15],"artists":{"stryper":true},"scores":[0.065,0.132,0.145,0.097,0.049000000000000016,0],"ascent":[0.065,0.132,0.145],"descent-weeks":0.10586379310344828,"ascent-weeks":3.5379310344827584,"peak":0.145}