{"title":"Say You Will","instanceSlug":1837,"tags":["#1","#1-mainstream-rock"],"genre":"pop","debut":"1988-01","playlists":[],"artists":{"foreigner":true},"scores":[0.128,0.483,0.642,0.673,0.693,0.68,0.6664000000000001,0.6392000000000001,0.5984,0.544,0.47600000000000003,0.39440000000000003,0.2992,0.1904,0.068,0],"ascent":[0.128,0.483,0.642,0.673,0.693],"descent-weeks":11.361471861471863,"ascent-weeks":5.66883116883117,"peak":0.693}