{"title":"Anything","instanceSlug":1838,"tags":[],"genre":"soul","debut":"1996-02","playlists":[],"artists":{"3t":true},"scores":[0.055,0.463,0.843,0.953,0.86,0.767,0.5810000000000001,0.30200000000000016,0],"ascent":[0.055,0.463,0.843,0.953],"descent-weeks":1.749366124519063,"ascent-weeks":3.6421825813221407,"peak":0.953}