{"title":"Unchained Melody","instanceSlug":184,"tags":["chain"],"genres":["pop","adult-contemporary"],"playlists":["ballad"],"debut":"1990-09","artists":{"righteous-brothers":true},"scores":[0.1,0.15,0.19,0.21,0.23,0.25,0.21,0.16999999999999998,0.08999999999999997,0],"ascent":[0.1,0.15,0.19,0.21,0.23,0.25],"descent-weeks":0.44399999999999984,"ascent-weeks":6.779999999999999,"peak":0.25}