{"title":"Back Stabbers","instanceSlug":1841,"tags":["#1","#1-r&b"],"genres":["soul","urban"],"debut":1972,"playlists":["betrayal"],"artists":{"o-jays":true},"scores":[0.036,0.232,0.434,0.559,0.587,0.553,0.498,0.44299999999999995,0.33299999999999985,0.1679999999999997,0],"ascent":[0.036,0.232,0.434,0.559,0.587],"descent-weeks":1.623830210107893,"ascent-weeks":4.722316865417377,"peak":0.587}