{"title":"Used to Be My Girl","instanceSlug":1846,"tags":["#1","#1-r&b"],"genres":["soul","urban"],"debut":"1978-06","playlists":[],"artists":{"o-jays":true},"scores":[0.018,0.232,0.463,0.582,0.573,0.546,0.5190000000000001,0.4650000000000003,0.38400000000000056,0.2760000000000009,0.14100000000000135,0],"ascent":[0.018,0.232,0.463,0.582],"descent-weeks":8.984536082474236,"ascent-weeks":3.3376288659793816,"peak":0.582}