{"title":"You're In My Heart","instanceSlug":1852,"tags":[],"parents":[],"genre":"pop","debut":"1977-12","playlists":[],"ranks":[],"artists":{"rod-stewart":true},"scores":[0.1,0.25,0.413,0.5,0.526,0.5119576911276368,0.4698307645105472,0.39961922014873114,0.30132305804218873,0.17494227819091993,0.02047688059492466],"score":4.1741,"debutScore":0.1,"peakScore":0.526,"duration":3,"ascent":[0.1,0.25,0.413,0.5,0.526],"descent-weeks":6.855940758407647}