{"title":"Dance Dance Dance","instanceSlug":1855,"tags":[],"parents":[],"genre":"disco","debut":1978,"playlists":[],"ranks":[],"artists":{"chic":true},"scores":[0.052631578947368425,0.15406809001731103,0.25,0.31926121372031663,0.375515818431912,0.41043723554301825,0.3522650439486139,0.3477088948787062,0.3386880856760375,0.32538104705102716,0.3080444735120994,0.287001287001287,0.2626262626262626,0.23533045089561458,0.20554550934297772,0.17370892018779344,0.1402508551881414,0.10558319513543395,0.07009095773140717,0.03412616339193382,0],"ascent":[0.052631578947368425,0.15406809001731103,0.25,0.31926121372031663,0.375515818431912,0.41043723554301825],"descent-weeks":13.144963726372378,"ascent-weeks":5.708231861298391,"peak":0.41043723554301825}