{"title":"If I Can't Have You","instanceSlug":1856,"tags":[],"parents":[],"genre":"disco","debut":1978,"source":"saturday-night-fever","playlists":[],"ranks":[13,3,4.5],"artists":{"yvonne-elleman":true},"scores":[0.145,0.633,0.498,0.363,0.09299999999999997,0],"ascent":[0.145,0.633],"descent-weeks":3.7606635071090047,"ascent-weeks":1.8436018957345972,"peak":0.633}