{"title":"Three Times a Lady","instanceSlug":1858,"tags":[],"parents":[],"genre":"pop","debut":1978,"playlists":[],"ranks":[],"artists":{"commodores":true},"scores":[0.25,0.57,0.802,0.772,0.737,0.697,0.652,0.602,0.547,0.487,0.422,0.352,0.277,0.197,0.112,0.022,0],"ascent":[0.25,0.57,0.802],"descent-weeks":5.759289276807981,"ascent-weeks":3.0336658354114707,"peak":0.802}