{"title":"(Love is) Thicker Than Water","instanceSlug":1859,"tags":["#1","#1-hot-100"],"genre":"pop","debut":"1977-12","playlists":[],"artists":{"andy-gibb":true},"scores":[0.132,0.212,0.311,0.332,0.329,0.32,0.311,0.293,0.26599999999999996,0.22999999999999993,0.1849999999999999,0.13099999999999984,0.06799999999999978,0],"ascent":[0.132,0.212,0.311,0.332],"descent-weeks":11.137048192771081,"ascent-weeks":4.4593373493975905,"peak":0.332}