{"title":"Giving You the Benefit","instanceSlug":186,"tags":["#1","#1-r&b"],"parents":[],"genre":"pop","debut":"1990-09","ranks":[10,2.8,1.9,1.7,1.65,1.81,2.2],"artists":{"pebbles":true},"scores":[0.145,0.602,0.939,0.925,0.907,0.885,0.841,0.791,0.786,0.776,0.761,0.741,0.716,0.686,0.651,0.611,0.566,0.516,0.461,0.401,0.336,0.266,0.191,0.111,0.026,0],"score":15.50212255582491,"debutScore":0.37662337662337664,"peakScore":0.9088925259138025,"duration":6}