{"title":"Baby Come Back","instanceSlug":1860,"tags":[],"parents":[],"genre":"pop","debut":1978,"playlists":[],"ranks":[16,3.5,4.1],"artists":{"player":true},"scores":[0.075,0.582,0.529,0.4760000000000001,0.3700000000000002,0.2110000000000004,0],"ascent":[0.075,0.582],"descent-weeks":0.8769473081328755,"ascent-weeks":1.6932989690721647,"peak":0.582}