{"title":"Show Me the Meaning of Being Lonely","instanceSlug":1866,"tags":[],"parents":[],"genre":"pop","debut":"2000-01","playlists":[],"ranks":[18,12,9.1,7.4,6.4,6,7],"artists":{"backstreet-boys":true},"scores":[0.036,0.171,0.263,0.332,0.381,0.402,0.351,0.29999999999999993,0.19799999999999984,0.04499999999999971,0],"ascent":[0.036,0.171,0.263,0.332,0.381,0.402],"descent-weeks":0.7739999999999995,"ascent-weeks":5.914179104477611,"peak":0.402}