{"title":"King of Wishful Thinking","instanceSlug":187,"tags":["king-of"],"playlists":["summer"],"genres":[],"debut":"1990-07","ranks":[15.9,9.4,5.5,5.1,4.9,5.1,5.5],"artists":{"go-west":true},"scores":[0.077,0.253,0.431,0.456,0.47,0.456,0.431,0.40599999999999997,0.3559999999999999,0.28099999999999986,0.18099999999999977,0.05599999999999966,0],"ascent":[0.077,0.253,0.431,0.456,0.47],"descent-weeks":8.415957446808507}