{"title":"Gimme All Your Lovin'","instanceSlug":1872,"tags":[],"parents":[],"genre":"rock","debut":"1983-05","playlists":[],"ranks":[19,10,7.5,5,5.2,5.6,6.1,6.9],"artists":{"zz-top":true},"scores":[0.018,0.232,0.328,0.463,0.45,0.425,0.397,0.356,0.31499999999999995,0.23299999999999987,0.10999999999999976,0],"ascent":[0.018,0.232,0.328,0.463],"descent-weeks":1.875217782577394,"ascent-weeks":3.3725701943844495,"peak":0.463}