{"title":"Legs","instanceSlug":1873,"tags":[],"parents":[],"genre":"rock","debut":"1984-06","playlists":[],"ranks":[22,15,12,10.5,9,9.5,10.3,11.6],"artists":{"zz-top":true},"scores":[0.097,0.171,0.216,0.267,0.249,0.222,0.182,0.142,0.06199999999999997,0],"ascent":[0.097,0.171,0.216,0.267],"descent-weeks":0.6577715355805243,"ascent-weeks":4.219101123595506,"peak":0.267}