{"title":"Tell Her No","instanceSlug":1877,"tags":[],"parents":[],"genre":"pop","debut":1965,"playlists":[],"ranks":[],"artists":{"zombies":true},"scores":[0.097,0.267,0.431,0.537,0.521,0.491,0.453,0.448,0.438,0.423,0.403,0.378,0.348,0.313,0.273,0.228,0.178,0.123,0.063,0.0030000000000000027,0],"ascent":[0.097,0.267,0.431,0.537],"descent-weeks":15.701117318435749,"ascent-weeks":3.720670391061452,"peak":0.537}