{"title":"Time of the Season","instanceSlug":1878,"tags":[],"parents":[],"genre":"pop","debut":1969,"playlists":[],"ranks":[15,9,5.5,4,4.2,4.6,5.15],"artists":{"zombies":true},"scores":[0.097,0.267,0.431,0.537,0.521,0.491,0.453,0.41500000000000004,0.3390000000000001,0.22500000000000014,0.07300000000000023,0],"ascent":[0.097,0.267,0.431,0.537],"descent-weeks":8.53072625698324,"ascent-weeks":3.720670391061452,"peak":0.537}