{"title":"So In to You","instanceSlug":1881,"tags":[],"parents":[],"genre":"adult-contemporary","debut":"1977-03","playlists":[],"ranks":[16,8,4.2,3,3.5],"artists":{"atlanta-rhythm-section":true},"scores":[0.055,0.395,0.546,0.635,0.655,0.635,0.615,0.575,0.5149999999999999,0.43499999999999983,0.33499999999999974,0.21499999999999964,0.07499999999999951,0],"ascent":[0.055,0.395,0.546,0.635,0.655],"descent-weeks":3.2713428753180644,"ascent-weeks":5.235114503816794,"peak":0.655}