{"title":"Turn Up the Radio","instanceSlug":1887,"tags":[],"parents":[],"genre":"rock","debut":"1985-03","playlists":[],"ranks":[18,10,6.8,6,6.1,6.8],"artists":{"autograph":true},"scores":[0.036,0.232,0.361,0.402,0.397,0.361,0.32499999999999996,0.2529999999999999,0.1449999999999998,0.0009999999999996678,0],"ascent":[0.036,0.232,0.361,0.402],"descent-weeks":7.029850746268654,"ascent-weeks":3.8470149253731347,"peak":0.402}