{"title":"Just Between You and Me","instanceSlug":1892,"tags":[],"parents":[],"genre":"pop","debut":"1996-12","playlists":[],"ranks":[14,8.2,4.8,2.8,2.95,3.25,3.59,4.1],"artists":{"dc-talk":true},"scores":[0.12,0.298,0.477,0.656,0.639,0.607,0.573,0.529,0.4850000000000001,0.39700000000000024,0.26500000000000046,0.08900000000000075,0],"ascent":[0.12,0.298,0.477,0.656],"descent-weeks":9.695121951219514,"ascent-weeks":3.5464939024390247,"peak":0.656}