{"title":"Barely Breathing","instanceSlug":1893,"tags":[],"parents":[],"genre":"pop","debut":"1997-02","playlists":[],"ranks":[17.7,10.7,7.7,8.2,9.1,10.5],"artists":{"duncan-shiek":true},"scores":[0.042,0.209,0.319,0.298,0.263,0.216,0.16899999999999998,0.07499999999999996,0],"ascent":[0.042,0.209,0.319],"descent-weeks":0.6685997910135841,"ascent-weeks":2.68025078369906,"peak":0.319}