{"title":"Just Another Day","instanceSlug":1894,"tags":[],"parents":[],"genre":"pop","debut":"1997-02","playlists":[],"ranks":[],"artists":{"john-mellancamp":true},"scores":[0.1,0.171,0.26471428571428574,0.3325714285714286,0.35485714285714287,0.331,0.31,0.2951428571428572,0.2744285714285714,0.261,0.2475714285714286,0.2207142857142858,0.1804285714285716,0.126714285714286,0.059571428571429,0],"ascent":[0.1,0.171,0.26471428571428574,0.3325714285714286,0.35485714285714287],"descent-weeks":11.250000000000005,"ascent-weeks":5.170289855072464,"peak":0.35485714285714287}