{"title":"Sittin' Up In My Room","instanceSlug":1897,"tags":[],"genres":["urban","hip-hop-soul","funk"],"debut":"1996-01","playlists":[],"artists":{"brandy":true,"babyface":"writer"},"scores":[0.25,0.65,0.8,0.84,0.82,0.7999999999999999,0.7599999999999999,0.6999999999999998,0.6199999999999998,0.5199999999999997,0.3999999999999996,0.25999999999999945,0.09999999999999931,0],"ascent":[0.25,0.65,0.8,0.84],"descent-weeks":4.826904761904758,"ascent-weeks":4.535714285714286,"peak":0.84}