{"title":"Fly Like an Eagle","instanceSlug":1898,"tags":[],"genre":"soul","debut":"1997-02","playlists":[],"remake":true,"artists":{"seal":true},"scores":[0.108,0.249,0.463,0.573,0.612,0.622,0.6,0.578,0.5339999999999999,0.46799999999999986,0.3799999999999998,0.2699999999999997,0.13799999999999957,0],"ascent":[0.108,0.249,0.463,0.573,0.612,0.622],"descent-weeks":8.65755627009646,"ascent-weeks":6.335209003215434,"peak":0.622}