{"title":"Hot Hot Hot","instanceSlug":19,"tags":["hot","triple"],"parents":[],"debut":1988,"ranks":[24,16,11,9,7.5,7,7.4,8.5],"artists":{"buster-poindexter":true},"scores":[0.075,0.2,0.267,0.328,0.351,0.332,0.286,0.23999999999999994,0.14799999999999985,0.009999999999999731,0],"ascent":[0.075,0.2,0.267,0.328,0.351],"descent-weeks":5.8418803418803416,"ascent-weeks":5.217948717948719,"peak":0.351}