{"title":"Just a Girl","instanceSlug":"1906","tags":[],"parents":[],"genre":"pop","debut":1996,"playlists":[],"ranks":[],"artists":{"no-doubt":true},"scores":[0.1,0.21,0.312951,0.35561236147633757,0.357477963561,0.3446276515977258,0.3289181,0.31523776166182677,0.31,0.28331,0.2643212411,0.2428924261,0.22,0.1971075739,0.1513227217,0.08264544339999999,0],"ascent":[0.1,0.21,0.312951,0.35561236147633757,0.357477963561],"descent-weeks":12.998818943249075,"ascent-weeks":5.606113360366711,"peak":0.357477963561}