{"title":"Wannabe","instanceSlug":1907,"tags":[],"parents":[],"genre":"pop","debut":"1997-02","playlists":[],"ranks":[14.2,9.7,6.5,5.1,3.9,3.5,3.75,4.2],"artists":{"spice-girls":true},"scores":[0.115,0.242,0.376,0.456,0.546,0.582,0.559,0.521,0.483,0.4069999999999999,0.2929999999999998,0.14099999999999968,0],"ascent":[0.115,0.242,0.376,0.456,0.546,0.582],"descent-weeks":2.267290664375716,"ascent-weeks":5.9716494845360835,"peak":0.582}