{"title":"Ooh Ahh… Just a Little Bit","instanceSlug":1913,"tags":[],"parents":[],"genre":"dance","debut":"1997-01","playlists":[],"ranks":[16,10,7,5.2,4.5,4,4.51],"artists":{"gina-g":true},"scores":[0.075,0.232,0.351,0.45,0.498,0.537,0.497,0.45699999999999996,0.3769999999999999,0.2569999999999998,0.09699999999999964,0],"ascent":[0.075,0.232,0.351,0.45,0.498,0.537],"descent-weeks":6.206703910614522,"ascent-weeks":5.986033519553072,"peak":0.537}