{"title":"Who'll Stop the Rain","instanceSlug":192,"tags":[],"parents":[],"ranks":[],"artists":{"creedence-clearwater-revival":true},"scores":[0.1,0.21,0.312951,0.35561236147633757,0.357477963561,0.3446276515977258,0.329]}