{"title":"Girl You Know It's True","instanceSlug":1921,"tags":[],"genre":"dance-pop","debut":"1989-02","playlists":[],"artists":{"milli-vanilli":true},"scores":[0.1,0.251271,0.356391997287216,0.3461781161919986,0.353581,0.342112989137273,0.3245581356844241,0.29586134283631654,0.27698631231,0.25746621,0.236811,0.2171,0.21,0.2029,0.1887,0.16740000000000002,0.13900000000000004,0.10350000000000006,0.06090000000000009,0.011200000000000127,0],"ascent":[0.1,0.251271,0.356391997287216],"descent-weeks":4.589560901202606,"ascent-weeks":2.9784464971455753,"peak":0.356391997287216}