{"title":"Paradise City","instanceSlug":1927,"tags":[],"parents":[],"genre":"metal","debut":"1989-02","playlists":[],"ranks":[25,16,12.5,9.9,9,10.2],"artists":{"guns-n-roses":true},"scores":[0.075,0.158,0.235,0.267,0.225,0.183,0.09899999999999998,0],"ascent":[0.075,0.158,0.235,0.267],"descent-weeks":0.3645337078651685,"ascent-weeks":4.129213483146067,"peak":0.267}