{"title":"I Don't Have the Heart","instanceSlug":193,"tags":["#1","#1-hot-100"],"genre":"soul","debut":"1990-09","artists":{"james-ingram":true},"scores":[0.119,0.354,0.525,0.5381666666666667,0.5,0.4618333333333333,0.38549999999999995,0.2709999999999999,0.11833333333333318,0],"ascent":[0.119,0.354,0.525,0.5381666666666667],"descent-weeks":6.340507897181789,"ascent-weeks":4.281666150510994,"peak":0.5381666666666667}