{"title":"Anything I Want","instanceSlug":1937,"tags":[],"genre":"pop","debut":"1990-02","playlists":[],"ranks":[],"artists":{"kevin-page":true},"scores":[0.18,0.402,0.501,0.522,0.539,0.55,0.54,0.5292,0.5076,0.47520000000000007,0.43200000000000005,0.37800000000000006,0.31320000000000003,0.23760000000000003,0.1512,0.05399999999999998,0],"ascent":[0.18,0.402,0.501,0.522,0.539,0.55],"descent-weeks":4.333456969696972,"ascent-weeks":7.347272727272728,"peak":0.55}