{"title":"The Deeper the Love","instanceSlug":1940,"tags":[],"parents":[],"genre":"rock","debut":"1990-02","playlists":["ballad"],"ranks":[15,6,4.2,2.8,3.2],"artists":{"whitesnake":true},"scores":[0.097,0.402,0.521,0.656,0.612,0.568,0.47999999999999987,0.34799999999999975,0.1719999999999996,0],"ascent":[0.097,0.402,0.521,0.656],"descent-weeks":1.6255121951219509,"ascent-weeks":3.832317073170732,"peak":0.656}