{"title":"Something in My Heart","instanceSlug":1943,"tags":[],"parents":[],"genre":"pop","debut":"1991-03","playlists":[],"ranks":[15,9,7,5,5.1,5.4,5.9,6.6],"artists":{"michel-le":true},"scores":[0.097,0.267,0.351,0.463,0.456,0.437,0.408,0.37,0.332,0.25600000000000006,0.14200000000000013,0],"ascent":[0.097,0.267,0.351,0.463],"descent-weeks":9.278617710583152,"ascent-weeks":3.8164146868250537,"peak":0.463}