{"title":"Escapade","instanceSlug":1950,"tags":["#1","#1-hot-100","#1-r&b"],"parents":[],"genre":"dance","debut":"1990-02","playlists":[],"ranks":[14,6,2.5,2.7,3.1,3.8],"artists":{"janet-jackson":true},"scores":[0.12,0.402,0.694,0.668,0.622,0.554,0.4860000000000001,0.3500000000000002,0.14600000000000035,0],"ascent":[0.12,0.402,0.694],"descent-weeks":2.001767531219982,"ascent-weeks":2.628242074927954,"peak":0.694}