{"title":"True Love","instanceSlug":1957,"tags":[],"parents":[],"genre":"pop","debut":"1988-09","playlists":[],"ranks":[],"artists":{"glenn-frye":true},"scores":[0.06599999999999999,0.2604,0.3976,0.43019999999999997,0.4266000000000001,0.3776,0.3642,0.3532,0.33720000000000006,0.3162,0.29019999999999996,0.2592,0.2232,0.1902,0.1552,0.1162,0.0736,0.0386,0.003600000000000006,0],"ascent":[0.06599999999999999,0.2604,0.3976,0.43019999999999997],"descent-weeks":13.790794979079497,"ascent-weeks":4.024407252440725,"peak":0.43019999999999997}