{"title":"Killing Me Softly","instanceSlug":1959,"tags":[],"genre":"hip-hop","debut":"1996-04","playlists":["summer"],"remake":true,"artists":{"fugees":true},"scores":[0.018,0.232,0.351,0.431,0.498,0.45,0.402,0.30600000000000005,0.1620000000000001,0],"ascent":[0.018,0.232,0.351,0.431,0.498],"descent-weeks":1.0185180722891565,"ascent-weeks":4.608433734939759,"peak":0.498}