{"title":"On the Loose","instanceSlug":1961,"tags":[],"parents":[],"genre":"rock","debut":"1983-02","playlists":[],"ranks":[],"artists":{"saga":true},"scores":[0.1,0.21,0.312951,0.35561236147633757,0.357477963561,0.3446276515977258,0.3289181,0.3132085484022742,0.2817894452068226,0.23466079041364518,0.17182258402274198,0.09327482603411297,0],"ascent":[0.1,0.21,0.312951,0.35561236147633757,0.357477963561],"descent-weeks":8.919906089017903,"ascent-weeks":5.606113360366711,"peak":0.357477963561}