{"title":"Your Love is Driving Me Crazy","instanceSlug":1964,"tags":[],"parents":[],"genre":"rock","debut":"1983-02","playlists":[],"ranks":[14.4,7.9,4.2,2.1,2.25,2.58],"artists":{"sammy-hagar":true},"scores":[0.11,0.311,0.521,0.752,0.729,0.684,0.6390000000000001,0.5490000000000003,0.4140000000000005,0.23400000000000076,0.009000000000001118,0],"ascent":[0.11,0.311,0.521,0.752],"descent-weeks":2.5346897163120596,"ascent-weeks":3.3789893617021276,"peak":0.752}