{"title":"Theme from Mahogany (Do You Know Where You're Going To)","instanceSlug":1968,"tags":[],"genre":"adult-contemporary","debut":1976,"playlists":["movie-theme"],"artists":{"diana-ross":true},"scores":[0.1734,0.41,0.5586,0.5631,0.551,0.5389,0.5147,0.47840000000000005,0.43000000000000005,0.36950000000000005,0.29690000000000005,0.21220000000000006,0.11540000000000006,0.006500000000000061,0],"ascent":[0.1734,0.41,0.5586,0.5631],"descent-weeks":3.4880835582785763,"ascent-weeks":4.542088438998401,"peak":0.5631}