{"title":"Love Hangover","instanceSlug":1970,"tags":[],"parents":[],"genre":"soul","debut":1976,"playlists":[],"ranks":[],"artists":{"diana-ross":true},"scores":[0.1,0.24172185431,0.3515796587261361,0.365187713311,0.357619641,0.3481,0.3324451,0.31817432855495126,0.29996751,0.279522311671,0.25741],"ascent":[0.1,0.24172185431,0.3515796587261361,0.365187713311],"descent-weeks":10.508677501800914}