{"title":"Dressed for Success","instanceSlug":1976,"tags":[],"parents":[],"genre":"pop","debut":"1989-07","playlists":["summer"],"ranks":[],"artists":{"roxette":true},"scores":[0.1,0.25166666666666665,0.31383333333333335,0.31,0.31,0.28916666666666674,0.2635,0.246,0.22351,0.196,0.16849000000000003,0.11347000000000007,0.030940000000000134,0],"ascent":[0.1,0.25166666666666665,0.31383333333333335],"descent-weeks":2.0489057124535317,"ascent-weeks":3.180828465215082,"peak":0.31383333333333335}