{"title":"Just a Gigolo/I Ain't Got Nobody","instanceSlug":1977,"tags":[],"parents":[],"genre":"pop","debut":"1985-05","playlists":[],"ranks":[14,7,4.5,3.3,2.9,3.2,3.6],"artists":{"david-lee-roth":true},"scores":[0.12,0.351,0.498,0.602,0.645,0.612,0.573,0.5339999999999999,0.45599999999999985,0.33899999999999975,0.1829999999999996,0],"ascent":[0.12,0.351,0.498,0.602,0.645],"descent-weeks":2.3998496124031,"ascent-weeks":5.153488372093023,"peak":0.645}