{"title":"Just Like Paradise","instanceSlug":1978,"tags":[],"parents":[],"genre":"rock","debut":"1988-02","playlists":[],"ranks":[],"artists":{"david-lee-roth":true},"scores":[0.1,0.31,0.3536,0.39239999999999997,0.3914,0.38359999999999994,0.366,0.34840000000000004,0.31320000000000014,0.2604000000000003,0.1900000000000005,0.10200000000000076,0],"ascent":[0.1,0.31,0.3536,0.39239999999999997],"descent-weeks":2.277480708460756,"ascent-weeks":4.418960244648319,"peak":0.39239999999999997}