{"title":"Couple Days Off","instanceSlug":1988,"tags":[],"parents":[],"genre":"rock","debut":"1991-05","playlists":["summer"],"ranks":[],"artists":{"huey-lewis-the-news":true},"scores":[0.1,0.23233333333333336,0.4122222222222222,0.5114444444444444,0.5321111111111112,0.5288888888888889,0.521,0.51,0.499,0.477,0.44399999999999995,0.3999999999999999,0.34499999999999986,0.2789999999999998,0.20199999999999974,0.11399999999999966,0.01499999999999957,0],"ascent":[0.1,0.23233333333333336,0.4122222222222222,0.5114444444444444,0.5321111111111112],"descent-weeks":5.0726288021159585,"ascent-weeks":5.040613906869909,"peak":0.5321111111111112}