{"title":"Romeo","instanceSlug":199,"tags":[],"parents":[],"genre":"dance","debut":"1990-09","ranks":[24.9,14.5,8.4,9.8],"artists":{"dino":true},"scores":[0.108,0.29,0.239,0.188,0.08600000000000002,0],"ascent":[0.108,0.29],"descent-weeks":0.2771272988505746,"ascent-weeks":2.0586206896551724,"peak":0.29}