{"title":"25 or 6 to 4","instanceSlug":1991,"tags":[],"parents":[],"genre":"jazz-rock","debut":1970,"playlists":[],"ranks":[],"artists":{"chicago":true},"scores":[0.3,0.2994362290784896,0.2977449163139585,0.29492606170640656,0.29,0.2842,0.2726,0.2552,0.23199999999999998,0.20299999999999999,0.1682,0.1276,0.0812,0.028999999999999998,0],"ascent":[0.3],"descent-weeks":2.9915081561480092,"ascent-weeks":1.5,"peak":0.3}