{"title":"Does Anybody Really Know What Time It Is?","instanceSlug":1992,"tags":[],"parents":[],"genre":"jazz-rock","debut":1970,"playlists":[],"ranks":[],"artists":{"chicago":true},"scores":[0.3,0.29943631610229415,0.29774526440917665,0.2949268449206475,0.29,0.2842,0.2726,0.2552,0.23199999999999998,0.20299999999999999,0.1682,0.1276,0.0812,0.028999999999999998,0],"ascent":[0.3],"descent-weeks":15.675542127160593,"ascent-weeks":1.5,"peak":0.3}