{"title":"Saturday in the Park","instanceSlug":1993,"tags":[],"parents":[],"genre":"jazz-rock","debut":1972,"playlists":[],"ranks":[],"artists":{"chicago":true},"scores":[0.15257,0.34243,0.45973,0.56686,0.5744,0.56757,0.5547],"ascent":[0.15257,0.34243,0.45973,0.56686,0.5744],"descent-weeks":4.430719011142061}