{"title":"If You Leave Me Now","instanceSlug":1998,"tags":[],"parents":[],"genre":"adult-contemporary","debut":1976,"playlists":[],"ranks":[],"artists":{"chicago":true},"scores":[0.1,0.15257142857142858,0.24242857142857144,0.25971428571428573,0.26685714285714285,0.2744285714285714,0.2675714285714286,0.255],"ascent":[0.1,0.15257142857142858,0.24242857142857144,0.25971428571428573,0.26685714285714285,0.2744285714285714],"descent-weeks":4.356324830817283}