{"title":"Baby, What a Big Surprise","instanceSlug":1999,"tags":[],"parents":[],"genre":"pop","debut":1977,"playlists":[],"ranks":[],"artists":{"chicago":true},"scores":[0.1,0.15257142857142858,0.24242857142857144,0.25971428571428573,0.26685714285714285,0.2744285714285714,0.2675714285714286,0.25,0.23242857142857137,0.19728571428571412,0.14457142857142824,0.07428571428571373,0],"ascent":[0.1,0.15257142857142858,0.24242857142857144,0.25971428571428573,0.26685714285714285,0.2744285714285714],"descent-weeks":7.874023945861525,"ascent-weeks":7.083810515356586,"peak":0.2744285714285714}