{"title":"Praying for Time","instanceSlug":200,"tags":["#1","#1-hot-100"],"genre":"pop","debut":"1990-09","artists":{"george-michael":true},"scores":[0.18147448478652176,0.37375690404636036,0.3944861420735771,0.4,0.386,0.372,0.344,0.30199999999999994,0.24599999999999989,0.17599999999999982,0.09199999999999975,0],"ascent":[0.18147448478652176,0.37375690404636036,0.3944861420735771,0.4],"descent-weeks":1.7712019243002428,"ascent-weeks":5.061440740899222,"peak":0.4}