{"title":"Look Away","instanceSlug":2003,"tags":["#1","#1-hot-100"],"genres":["soft-rock","adult-contemporary"],"debut":"1988-11","playlists":[],"artists":{"chicago":true,"diane-warren":"writer"},"scores":[0.1,0.18,0.28,0.33,0.34,0.338,0.332,0.301,0.26999999999999996,0.2079999999999999,0.11499999999999982,0],"ascent":[0.1,0.18,0.28,0.33,0.34],"descent-weeks":8.399999999999999,"ascent-weeks":5.426470588235294,"peak":0.34}