{"title":"You're Not Alone","instanceSlug":2004,"tags":[],"parents":[],"genre":"pop","debut":"1989-02","playlists":[],"ranks":[24,18,15,13,14.7],"artists":{"chicago":true},"scores":[0.036,0.097,0.145,0.104,0.063,0],"ascent":[0.036,0.097,0.145],"descent-weeks":0.10579310344827586,"ascent-weeks":2.875862068965518,"peak":0.145}