{"title":"A Moment Like This","instanceSlug":2014,"tags":[],"genre":"pop","debut":2002,"playlists":[],"ranks":[],"artists":{"kelly-clarkson":true},"scores":[0.171,0.537,0.768,0.76,0.7448,0.7144,0.6688000000000001,0.6080000000000001,0.5320000000000001,0.44080000000000014,0.33440000000000014,0.21280000000000013,0.07600000000000012,0],"ascent":[0.171,0.537,0.768],"descent-weeks":11.445312500000004}