{"title":"Breakaway","instanceSlug":2016,"tags":[],"genre":"pop","debut":2004,"playlists":[],"artists":{"kelly-clarkson":true},"scores":[0.371,0.737,0.868,0.86,0.8428,0.8084,0.7568,0.6880000000000001,0.6020000000000001,0.49880000000000013,0.3784000000000002,0.2408000000000002,0.08600000000000024,0],"ascent":[0.371,0.737,0.868],"descent-weeks":5.47789746543779,"ascent-weeks":3.414746543778802,"peak":0.868}