{"title":"Since U Been Gone","instanceSlug":2017,"tags":[],"parents":[],"genre":"pop","debut":2005,"playlists":[],"ranks":[],"artists":{"kelly-clarkson":true},"scores":[0.141,0.507,0.738,0.73,0.7154,0.6862,0.6424000000000001,0.5840000000000001,0.5110000000000001,0.4234000000000001,0.3212000000000001,0.20440000000000008,0.07300000000000009,0],"ascent":[0.141,0.507,0.738],"descent-weeks":4.458834123757904,"ascent-weeks":2.8170731707317076,"peak":0.738}