{"title":"Lean On Me","instanceSlug":2019,"tags":[],"parents":[],"genre":"hip-hop","debut":"1987-03","playlists":[],"ranks":[14,5,2.9,2.1,2.3,2.59,3],"artists":{"club-nouveau":true},"scores":[0.12,0.463,0.645,0.752,0.722,0.682,0.633,0.584,0.4859999999999999,0.33899999999999975,0.14299999999999957,0],"ascent":[0.12,0.463,0.645,0.752],"descent-weeks":3.040720412234041,"ascent-weeks":3.949468085106383,"peak":0.752}