{"title":"Time for Letting Go","instanceSlug":2023,"tags":[],"parents":[],"genre":"pop","debut":"1990-10","playlists":[],"ranks":[16,4,4.6],"artists":{"jude-cole":true},"scores":[0.075,0.537,0.491,0.44499999999999995,0.35299999999999987,0.21499999999999975,0.030999999999999583,0],"ascent":[0.075,0.537],"descent-weeks":5.787709497206701,"ascent-weeks":1.7094972067039105,"peak":0.537}