{"title":"Viva La Vida","instanceSlug":"2026","tags":[],"parents":[],"genre":"pop","debut":21,"playlists":[],"ranks":[],"artists":{"coldplay":true},"scores":[0.312951,0.5556123614763375,0.757477963561,0.8446276515977258,0.859,0.84,0.821,0.7829999999999999,0.7259999999999999,0.6499999999999998,0.5549999999999997,0.4409999999999996,0.3079999999999995,0.15599999999999936,0],"ascent":[0.312951,0.5556123614763375,0.757477963561,0.8446276515977258,0.859],"descent-weeks":5.639130660415464,"ascent-weeks":5.814323009257969,"peak":0.859}