{"title":"It's a Long Way There","instanceSlug":2034,"tags":[],"parents":[],"genre":"pop","debut":1976,"playlists":[],"ranks":[24,19,17,15,16,19],"artists":{"little-river-band":true},"scores":[0.018,0.055,0.097,0.075,0.018,0],"ascent":[0.018,0.055,0.097],"descent-weeks":2.9381443298969065,"ascent-weeks":2.6288659793814433,"peak":0.097}