{"title":"Lonesome Loser","instanceSlug":2037,"tags":[],"parents":[],"genre":"pop","debut":"1979-08","playlists":[],"ranks":[13,5,2.9,2.2,2.4,2.8],"artists":{"little-river-band":true},"scores":[0.145,0.463,0.645,0.737,0.708,0.656,0.6040000000000001,0.5000000000000002,0.3440000000000004,0.13600000000000068,0],"ascent":[0.145,0.463,0.645,0.737],"descent-weeks":7.500000000000003,"ascent-weeks":4.050203527815468,"peak":0.737}