{"title":"Man on Your Mind","instanceSlug":2038,"tags":[],"parents":[],"genre":"rock","debut":"1982-05","playlists":[],"ranks":[15,7,4.1,3.2,3.5,3.9],"artists":{"little-river-band":true},"scores":[0.097,0.351,0.529,0.612,0.582,0.546,0.5100000000000001,0.4380000000000003,0.3300000000000005,0.18600000000000083,0.006000000000001227,0],"ascent":[0.097,0.351,0.529,0.612],"descent-weeks":7.867647058823536,"ascent-weeks":3.8946078431372544,"peak":0.612}