{"title":"The Other Guy","instanceSlug":2039,"tags":[],"parents":[],"genre":"pop","debut":"1982-12","playlists":[],"ranks":[10,2.1,2.35],"artists":{"little-river-band":true},"scores":[0.232,0.752,0.715,0.6779999999999999,0.6039999999999999,0.49299999999999977,0.34499999999999964,0.15999999999999948,0],"ascent":[0.232,0.752],"descent-weeks":7.474069148936168,"ascent-weeks":1.9627659574468084,"peak":0.752}