{"title":"Head to Toe","instanceSlug":2042,"tags":[],"parents":[],"genre":"dance","debut":"1987-05","playlists":[],"ranks":[14,8,4.5,3.5,3,3.4,3.9],"artists":{"lisa-lisa-cult-jam":true},"scores":[0.12,0.306,0.498,0.582,0.633,0.592,0.546,0.5000000000000001,0.40800000000000025,0.27000000000000046,0.08600000000000074,0],"ascent":[0.12,0.306,0.498,0.582,0.633],"descent-weeks":2.067284096893103,"ascent-weeks":5.068720379146919,"peak":0.633}