{"title":"Nobody Told Me","instanceSlug":2051,"tags":[],"parents":[],"genre":"pop","debut":"1984-02","playlists":[],"ranks":[16,10,6,4.2,3.8,3.5,3.6,3.9,4.5],"artists":{"john-lennon":true},"scores":[0.075,0.232,0.402,0.521,0.554,0.582,0.573,0.546,0.498,0.44999999999999996,0.35399999999999987,0.20999999999999974,0.017999999999999572,0],"ascent":[0.075,0.232,0.402,0.521,0.554,0.582],"descent-weeks":2.589333762886598,"ascent-weeks":6.097938144329898,"peak":0.582}