{"title":"Mamma Mia","instanceSlug":2056,"tags":[],"genre":"pop","debut":1976,"playlists":[],"artists":{"abba":true},"scores":[0.18,0.365,0.409,0.426,0.431,0.44,0.405,0.37000000000000005,0.3000000000000001,0.19500000000000017,0.05500000000000027,0],"ascent":[0.18,0.365,0.409,0.426,0.431,0.44],"descent-weeks":1.3424696969696976,"ascent-weeks":7.673863636363636,"peak":0.44}