{"title":"Tonight","instanceSlug":206,"tags":[],"genre":"pop","debut":"1990-08","artists":{"nkotb":true},"scores":[0.075,0.145,0.216,0.249,0.286,0.12,0],"ascent":[0.075,0.145,0.216,0.249,0.286],"descent-weeks":0.16289685314685307,"ascent-weeks":5.092657342657342,"peak":0.286}