{"title":"Vibeology","instanceSlug":2060,"tags":[],"genre":"dance","debut":"1992-02","playlists":[],"artists":{"paula-abdul":true},"scores":[0.232,0.804,0.912,0.968,0.94,0.9,0.8600000000000001,0.7800000000000002,0.6600000000000005,0.5000000000000008,0.30000000000000115,0.06000000000000161,0],"ascent":[0.232,0.804,0.912,0.968],"descent-weeks":4.5643691460055145,"ascent-weeks":4.518595041322314,"peak":0.968}