{"title":"My Love Is For Real","instanceSlug":2061,"tags":[],"parents":[],"genre":"pop","debut":"1995-07","playlists":[],"artists":{"paula-abdul":true},"scores":[0.171,0.267,0.341,0.356,0.332,0.302,0.27199999999999996,0.2119999999999999,0.12199999999999983,0.0019999999999997242,0],"ascent":[0.171,0.267,0.341,0.356],"descent-weeks":6.733146067415729,"ascent-weeks":4.782303370786518,"peak":0.356}