{"title":"Poison Arrow","instanceSlug":2062,"tags":[],"parents":[],"genre":"pop","debut":"1983-03","playlists":[],"ranks":[15.5,9.5,5.8,4.1,3.1,3.47],"artists":{"abc":true},"scores":[0.086,0.249,0.414,0.529,0.622,0.585,0.5479999999999999,0.47399999999999987,0.36299999999999977,0.21499999999999964,0.02999999999999947,0],"ascent":[0.086,0.249,0.414,0.529,0.622],"descent-weeks":1.8004915594855289,"ascent-weeks":4.581993569131832,"peak":0.622}