{"title":"Red Solo Cup","instanceSlug":2064,"tags":[],"genre":"country","debut":"2011-10","playlists":["colors","novelty"],"ranks":[],"artists":{"toby-keith":true},"scores":[0.086,0.302,0.408,0.45,0.444,0.419,0.351,0.346,0.336,0.321,0.301,0.276,0.246,0.211,0.171,0.126,0.076,0.021,0],"ascent":[0.086,0.302,0.408,0.45],"descent-weeks":4.050258333333332,"ascent-weeks":4.153333333333333,"peak":0.45}