{"title":"Sweet Emotion","instanceSlug":2077,"tags":[],"parents":[],"genre":"hard-rock","debut":1975,"playlists":[],"ranks":[],"artists":{"aerosmith":true},"scores":[0.09,0.3,0.47,0.54,0.5,0.48,0.47,0.45999999999999996,0.43999999999999995,0.4099999999999999,0.3699999999999999,0.31999999999999984,0.2599999999999998,0.18999999999999972,0.10999999999999965,0.019999999999999574,0],"ascent":[0.09,0.3,0.47,0.54],"descent-weeks":12.69444444444444,"ascent-weeks":3.888888888888888,"peak":0.54}