{"title":"Something Happened on the Way to Heaven","instanceSlug":208,"tags":[],"genre":"pop","debut":"1990-09","artists":{"phil-collins":true},"scores":[0.145,0.546,0.752,0.694,0.605,0.516,0.3380000000000001,0.07100000000000017,0],"ascent":[0.145,0.546,0.752],"descent-weeks":5.936170212765958,"ascent-weeks":2.878324468085107,"peak":0.752}