{"title":"Jaded","instanceSlug":2085,"tags":[],"parents":[],"genre":"rock","debut":"2001-02","playlists":[],"ranks":[],"artists":{"aerosmith":true},"scores":[0.06493517521485907,0.20301020464749156,0.3018005417334737,0.3417822727277001,0.34,0.33320000000000005,0.31960000000000005,0.2992,0.272,0.23800000000000002,0.19720000000000001,0.1496,0.0952,0.034,0],"ascent":[0.06493517521485907,0.20301020464749156,0.3018005417334737,0.3417822727277001],"descent-weeks":2.255642773015983,"ascent-weeks":4.000477498651945,"peak":0.3417822727277001}