{"title":"The One That You Love","instanceSlug":2095,"tags":[],"genre":"adult-contemporary","debut":"1981-06","playlists":[],"artists":{"air-supply":true},"scores":[0.036,0.351,0.45,0.51,0.52,0.505,0.49,0.45999999999999996,0.4149999999999999,0.35499999999999987,0.2799999999999998,0.18999999999999972,0.08499999999999963,0],"ascent":[0.036,0.351,0.45,0.51,0.52],"descent-weeks":9.519230769230765,"ascent-weeks":5.385576923076923,"peak":0.52}