{"title":"Love in the First Degree","instanceSlug":2098,"tags":[],"parents":[],"genre":"country","debut":"1982-02","playlists":[],"ranks":[18,11,5,5.4,5.97],"artists":{"alabama":true},"scores":[0.036,0.2,0.463,0.437,0.404,0.37100000000000005,0.3050000000000001,0.20600000000000018,0.07400000000000029,0],"ascent":[0.036,0.2,0.463],"descent-weeks":1.2036249100072003,"ascent-weeks":2.264578833693305,"peak":0.463}