{"title":"Have You Seen Her","instanceSlug":210,"tags":[],"parents":[],"genre":"soul","debut":"1990-08","ranks":[17.9,14,12.2,10.7,12],"artists":{"mc-hammer":true},"scores":[0.038,0.12,0.166,0.209,0.171,0.13300000000000003,0.05700000000000008,0],"ascent":[0.038,0.12,0.166,0.209],"descent-weeks":4.090909090909092,"ascent-weeks":3.825358851674642,"peak":0.209}