{"title":"Gives You Hell","instanceSlug":"2102","tags":[],"parents":[],"genre":"rock","debut":2009,"playlists":[],"ranks":[],"artists":{"all-american-rejects":true},"scores":[0.1,0.21,0.312951,0.35561236147633757,0.357477963561,0.3553070949475167,0.34879448910706706,0.3379401460396509,0.32274406574526826,0.30320624822391923,0.2793266934756037,0.2511054015003216,0.2185423722980732,0.1816376058688583,0.14039110221267692,0.09480286132952911,0.04487288321941478,0],"score":4.07634850549689,"debutScore":0.1,"peakScore":0.357477963561,"duration":4,"ascent":[0.1,0.21,0.312951,0.35561236147633757,0.357477963561],"descent-weeks":13.579084268407012,"ascent-weeks":5.606113360366711,"peak":0.357477963561}