{"title":"Baby I Lied","instanceSlug":2105,"tags":[],"genre":"country","debut":"1984-01","playlists":[],"ranks":[],"artists":{"deborah-allen":true},"scores":[0.1,0.262,0.442,0.541,0.562,0.559,0.55,0.539,0.517,0.484,0.44,0.385,0.319,0.242,0.154,0.05500000000000001,0],"ascent":[0.1,0.262,0.442,0.541,0.562],"descent-weeks":12.827402135231313,"ascent-weeks":5.089857651245552,"peak":0.562}