{"title":"Ramblin' Man","instanceSlug":2107,"tags":[],"genre":"southern-rock","debut":1973,"playlists":[],"artists":{"allman-brothers-band":true},"scores":[0.062,0.2083,0.31295,0.35561236147633757,0.3574779635603355,0.3446276515977258,0.32891805429767385,0.31523776166182677,0.3,0.2847622383381732,0.25428671501451966,0.20857343002903933,0.14762238338173223,0.07143357507259834,0],"ascent":[0.062,0.2083,0.31295,0.35561236147633757,0.3574779635603355],"descent-weeks":2.381198864661122,"ascent-weeks":5.439525469454044,"peak":0.3574779635603355}