{"title":"A Horse With No Name","instanceSlug":2112,"tags":["#1","animals"],"parents":[],"genre":"pop","debut":1972,"playlists":[],"ranks":[14,8,4,2,2.4],"artists":{"america":true},"scores":[0.12,0.306,0.537,0.768,0.708,0.6479999999999999,0.5279999999999998,0.34799999999999964,0.10799999999999943,0],"ascent":[0.12,0.306,0.537,0.768],"descent-weeks":6.070312499999997}