{"title":"I Need You","instanceSlug":2113,"tags":[],"parents":[],"genre":"pop","debut":1972,"playlists":[],"ranks":[],"artists":{"america":true},"scores":[0.10566666666666667,0.2773333333333334,0.4363333333333334,0.5786666666666668,0.6473333333333333,0.6156666666666666,0.5966666666666666,0.5866666666666668,0.5749333333333334,0.5514666666666668,0.5162666666666668,0.46933333333333344,0.41066666666666674,0.3402666666666667,0.2581333333333334,0.16426666666666673,0.05866666666666673,0],"ascent":[0.10566666666666667,0.2773333333333334,0.4363333333333334,0.5786666666666668,0.6473333333333333],"descent-weeks":13.417353244078267,"ascent-weeks":4.739443872296603,"peak":0.6473333333333333}