{"title":"Ventura Highway","instanceSlug":2114,"tags":[],"parents":[],"genre":"pop","debut":1972,"playlists":[],"ranks":[16,10,6,4,2,2.5],"artists":{"america":true},"scores":[0.075,0.232,0.402,0.537,0.768,0.694,0.6199999999999999,0.47199999999999975,0.24999999999999956,0],"ascent":[0.075,0.232,0.402,0.537,0.768],"descent-weeks":1.4658932291666662,"ascent-weeks":3.9335937500000004,"peak":0.768}