{"title":"Tin Man","instanceSlug":2115,"tags":["#1"],"parents":[],"genre":"adult-contemporary","debut":1974,"playlists":[],"ranks":[],"artists":{"america":true},"scores":[0.1,0.21,0.31,0.341,0.339483741,0.31931,0.29913625899999996,0.2587887769999999,0.19826755399999985,0.11757258999999975,0.01670388499999964,0],"ascent":[0.1,0.21,0.31,0.341],"descent-weeks":8.314939029325508}