{"title":"Lonely People","instanceSlug":2116,"tags":["#1"],"parents":[],"genre":"adult-contemporary","debut":1975,"playlists":[],"ranks":[],"artists":{"america":true},"scores":[0.10566666666666667,0.2773333333333334,0.4363333333333334,0.5786666666666668,0.6473333333333333,0.6156666666666666,0.6,0.5843333333333334,0.5530000000000002,0.5060000000000003,0.4433333333333339,0.3650000000000009,0.27100000000000124,0.161333333333335,0.03600000000000214,0],"ascent":[0.10566666666666667,0.2773333333333334,0.4363333333333334,0.5786666666666668,0.6473333333333333],"descent-weeks":11.08316168898045}