{"title":"Sister Golden Hair","instanceSlug":2117,"tags":["#1"],"parents":[],"genre":"adult-contemporary","debut":1975,"playlists":[],"ranks":[],"artists":{"america":true},"scores":[0.07,0.245,0.406,0.4786666666666668,0.447],"ascent":[0.07,0.245,0.406,0.4786666666666668],"descent-weeks":2.9007660167130918}