{"title":"You Sang to Me","instanceSlug":2122,"tags":[],"parents":[],"genre":"latin-pop","debut":"2000-04","playlists":[],"ranks":[],"artists":{"marc-anthony":true},"scores":[0.038,0.213,0.391,0.513,0.563,0.546,0.498,0.493,0.483,0.468,0.448,0.423,0.393,0.358,0.318,0.273,0.223,0.168,0.108,0.043,0],"ascent":[0.038,0.213,0.391,0.513,0.563],"descent-weeks":15.468916518650087,"ascent-weeks":4.577264653641208,"peak":0.563}