{"title":"Like a Virgin","instanceSlug":2123,"tags":[],"genre":"pop","debut":"1984-12","playlists":[],"artists":{"madonna":true},"scores":[0.0659111976163167,0.20277784216942554,0.30040330017319894,0.3401113628434873,0.33607992780271595,0.3239856226804018,0.3038284474765449,0.2756084021911453,0.23932548682420285,0.1949797013757177,0.14257104584568983,0.08209952023411915,0.01356512454100576,0],"ascent":[0.0659111976163167,0.20277784216942554,0.30040330017319894,0.3401113628434873],"descent-weeks":1.744494266707607,"ascent-weeks":4.009879419498371,"peak":0.3401113628434873}