{"title":"Dress You Up","instanceSlug":2124,"tags":[],"genre":"pop","debut":"1985-07","playlists":[],"artists":{"madonna":true},"scores":[0.097,0.463,0.668,0.804,0.786,0.708,0.6299999999999999,0.47399999999999975,0.23999999999999955,0],"score":11.679,"debutScore":0.171,"peakScore":0.823,"duration":6,"ascent":[0.097,0.463,0.668,0.804],"descent-weeks":6.794776119402983}