{"title":"Like a Prayer","instanceSlug":2125,"tags":["#1"],"genre":"pop","debut":"1989-04","playlists":[],"artists":{"madonna":true},"scores":[0.13122171945701358,0.10741971207087486,0.08361770468473614,0.03601368991245871,0],"ascent":[0.13122171945701358],"descent-weeks":0.11137167621347982,"ascent-weeks":1.5,"peak":0.13122171945701358}