{"title":"Hanky Panky","instanceSlug":2127,"tags":[],"parents":[],"genre":"pop","debut":"1990-07","source":"dick-tracy-1990","playlists":["summer"],"artists":{"madonna":true},"scores":[0.12582758621,0.3529655172413793,0.51,0.5669655172413793,0.572655172413793,0.5674646831155958,0.5518932152210042,0.5259407687300182,0.48960734364263775,0.4428929399588628,0.38579755767869356,0.31832119680212984,0.24046385732917175,0.15222553925981916,0.0536062425940722,0],"score":6.459265634362692,"debutScore":0.12582758621,"peakScore":0.572655172413793,"duration":5,"ascent":[0.12582758621,0.3529655172413793,0.51,0.5669655172413793,0.572655172413793],"descent-weeks":11.265597668359263}