{"title":"Don't Look Down","instanceSlug":213,"tags":[],"genres":["pop"],"debut":"1987-09","artists":{"go-west":true},"scores":[0.5855,0.8165,0.9215,0.921,0.9175,0.9095,0.889,0.8685,0.8275000000000001,0.7660000000000002,0.6840000000000004,0.5815000000000006,0.4585000000000008,0.31500000000000106,0.15100000000000136,0],"ascent":[0.5855,0.8165,0.9215],"descent-weeks":9.606972960752405,"ascent-weeks":3.782148670645687,"peak":0.9215}