{"title":"You'll See","instanceSlug":2130,"tags":[],"parents":[],"genre":"pop","debut":"1995-12","playlists":[],"ranks":[],"artists":{"madonna":true},"scores":[0.027,0.18,0.361,0.45,0.498,0.521,0.485,0.44899999999999995,0.3769999999999999,0.2689999999999998,0.12499999999999967,0],"ascent":[0.027,0.18,0.361,0.45,0.498,0.521],"descent-weeks":1.517824376199615,"ascent-weeks":5.86468330134357,"peak":0.521}