{"title":"Yester-Me, Yester-You, Yesterday","instanceSlug":2135,"tags":[],"parents":[],"genre":"soul","debut":1969,"playlists":[],"ranks":[],"artists":{"stevie-wonder":true},"scores":[0.11,0.271,0.4,0.441,0.41266666666666674,0.39455555555555555,0.384,0.371,0.35316666666666663,0.331,0.31,0.289,0.24699999999999994,0.18399999999999989,0.09999999999999981,0],"ascent":[0.11,0.271,0.4,0.441],"descent-weeks":12.984315948601662}