{"title":"Higher Ground","instanceSlug":2139,"tags":["#1"],"genre":"urban","debut":1973,"playlists":["commentary"],"artists":{"stevie-wonder":true},"scores":[0.3,0.57,0.7,0.75,0.71,0.6699999999999999,0.5899999999999999,0.46999999999999975,0.3099999999999996,0.10999999999999943,0],"ascent":[0.3,0.57,0.7,0.75],"descent-weeks":7.219999999999997,"ascent-weeks":4.64,"peak":0.75}