{"title":"Something Real (Inside Me, Inside You)","instanceSlug":214,"tags":[],"genre":"rock","debut":"1987-10","artists":{"mister-mister":true},"scores":[0.376,0.67,0.75,0.81,0.83,0.82,0.8036,0.7707999999999999,0.7215999999999999,0.6559999999999999,0.574,0.47559999999999997,0.3608,0.22960000000000003,0.08200000000000005,0],"ascent":[0.376,0.67,0.75,0.81,0.83],"descent-weeks":6.19701204819277,"ascent-weeks":6.209638554216868,"peak":0.83}