{"title":"Don't You Worry 'Bout a Thing","instanceSlug":2141,"tags":[],"parents":[],"genre":"urban","debut":1974,"playlists":[],"ranks":[],"artists":{"stevie-wonder":true},"scores":[0.10538888888888887,0.2703888888888889,0.39966666666666667,0.44066666666666665,0.41266666666666674,0.39455555555555555,0.384,0.37344444444444447,0.3523333333333334,0.32066666666666677,0.2784444444444446,0.2256666666666669,0.16233333333333366,0.08844444444444488,0.004000000000000559,0],"ascent":[0.10538888888888887,0.2703888888888889,0.39966666666666667,0.44066666666666665],"descent-weeks":11.70007564296521}