{"title":"Boogie On Reggae Woman","instanceSlug":2142,"tags":["#1"],"parents":[],"genre":"urban","debut":1975,"playlists":[],"ranks":[],"artists":{"stevie-wonder":true},"scores":[0.11,0.271,0.39966666666666667,0.441,0.41266666666666674,0.39455555555555555,0.384,0.371,0.35316666666666663,0.331,0.31],"ascent":[0.11,0.271,0.39966666666666667,0.441],"descent-weeks":10.19520030234316}