{"title":"The Finer Things","instanceSlug":2147,"tags":["#1"],"parents":[],"genre":"pop","debut":"1987-03","playlists":[],"ranks":[],"artists":{"steve-winwood":true},"scores":[0.111,0.2652,0.3448,0.4138,0.45,0.4488,0.426,0.4032,0.35760000000000003,0.28920000000000007,0.19800000000000012,0.08400000000000019,0],"ascent":[0.111,0.2652,0.3448,0.4138,0.45],"descent-weeks":8.856,"ascent-weeks":5.282666666666667,"peak":0.45}