{"title":"Roll With It","instanceSlug":2149,"tags":["#1","#1-hot-100"],"parents":[],"genre":"pop","debut":"1988-07","playlists":["summer"],"ranks":[18,12,9,6.5,6,6.7],"artists":{"steve-winwood":true},"scores":[0.036,0.171,0.267,0.376,0.402,0.365,0.32799999999999996,0.2539999999999999,0.1429999999999998,0],"ascent":[0.036,0.171,0.267,0.376,0.402],"descent-weeks":0.8486832504145935,"ascent-weeks":4.6716417910447765,"peak":0.402}