{"title":"Wot's It To Ya","instanceSlug":215,"tags":[],"playlists":["summer"],"genre":"pop","debut":"1987-07","artists":{"robbie-nevil":true},"scores":[0.633,1,0.985,0.97,0.965,0.945,0.9249999999999999,0.8849999999999999,0.8249999999999998,0.7449999999999998,0.6449999999999997,0.5249999999999996,0.38499999999999945,0.2249999999999993,0.04499999999999915,0],"ascent":[0.633,1],"descent-weeks":15.104999999999997,"ascent-weeks":2.4495,"peak":1}