{"title":"Don't You Know What the Night Can Do?","instanceSlug":2150,"tags":["#1"],"parents":[],"genre":"pop","debut":"1988-09","playlists":[],"ranks":[],"artists":{"steve-winwood":true},"scores":[0.1102,0.2652,0.3448,0.4138,0.44980000000000003,0.4488,0.42619999999999997,0.3958,0.3768,0.3648,0.3478,0.3258,0.2988,0.26680000000000004,0.22979999999999995,0.18780000000000002,0.1408,0.0988,0.0648,0.0376,0.0216,0.005600000000000001,0],"ascent":[0.1102,0.2652,0.3448,0.4138,0.44980000000000003],"descent-weeks":14.96731880835927,"ascent-weeks":5.281680746998665,"peak":0.44980000000000003}