{"title":"Is This Love","instanceSlug":2153,"tags":[],"parents":[],"genre":"rock","debut":"1987-11","playlists":["ballad"],"ranks":[15,8,5.2,3.9,3.5,4.1],"artists":{"whitesnake":true},"scores":[0.097,0.306,0.45,0.546,0.582,0.529,0.4760000000000001,0.3700000000000002,0.2110000000000004,0],"ascent":[0.097,0.306,0.45,0.546,0.582],"descent-weeks":1.287948453608248,"ascent-weeks":5.105670103092783,"peak":0.582}