{"title":"Your Woman","instanceSlug":2154,"tags":[],"parents":[],"genre":"pop","debut":"1997-04","playlists":[],"ranks":[21,16,12,9,12],"artists":{"white-town":true},"scores":[0.075,0.171,0.267,0.171,0.07500000000000001,0],"ascent":[0.075,0.171,0.267],"descent-weeks":2.882022471910113,"ascent-weeks":2.8820224719101124,"peak":0.267}