{"title":"I Can See for Miles","instanceSlug":2155,"tags":[],"parents":[],"genre":"rock","debut":1967,"playlists":[],"ranks":[],"artists":{"who":true},"scores":[0.0695,0.2255,0.33999999999999997,0.43224999999999997,0.4115,0.394,0.38025,0.369,0.35275,0.3315,0.30525,0.27399999999999997,0.24224999999999997,0.21100000000000002,0.176,0.13725,0.09475,0.0485],"ascent":[0.0695,0.2255,0.33999999999999997,0.43224999999999997],"descent-weeks":14.436957779063045}