{"title":"Magic Bus","instanceSlug":2156,"tags":[],"parents":[],"genre":"rock","debut":1968,"playlists":[],"ranks":[],"artists":{"who":true},"scores":[0.1,0.2255,0.33999999999999997,0.43224999999999997,0.4115],"ascent":[0.1,0.2255,0.33999999999999997,0.43224999999999997],"descent-weeks":2.927993059572007}