{"title":"Pinball Wizard","instanceSlug":2157,"tags":[],"parents":[],"genre":"rock","debut":1969,"playlists":[],"ranks":[16,8,6,4,4.5],"artists":{"who":true},"scores":[0.075,0.306,0.402,0.537,0.498,0.45899999999999996,0.3809999999999999,0.2639999999999998,0.10799999999999965,0],"ascent":[0.075,0.306,0.402,0.537],"descent-weeks":6.27653631284916}