{"title":"Won't Get Fooled Again","instanceSlug":2158,"tags":[],"parents":[],"genre":"rock","debut":1971,"playlists":[],"ranks":[16.5,10,5,3.5,3.9],"artists":{"who":true},"scores":[0.065,0.232,0.463,0.582,0.546,0.5100000000000001,0.4380000000000003,0.3300000000000005,0.18600000000000083,0.006000000000001227,0],"ascent":[0.065,0.232,0.463,0.582],"descent-weeks":6.695876288659802}