{"title":"And the Beat Goes On","instanceSlug":2162,"tags":["#1"],"genre":"urban","debut":"1980-04","playlists":["pph"],"artists":{"whispers":true},"scores":[0.16,0.5517,0.685,0.7063,0.7129,0.7012,0.687176,0.659128,0.617056,0.56096,0.49084,0.40669599999999995,0.3085279999999999,0.19633599999999987,0.07011999999999982,0],"ascent":[0.16,0.5517,0.685,0.7063,0.7129],"descent-weeks":5.203504188245197,"ascent-weeks":5.924884275494461,"peak":0.7129}