{"title":"In the Air Tonight","instanceSlug":2165,"tags":[],"parents":[],"genre":"rock","debut":"1981-07","playlists":[],"ranks":[],"artists":{"phil-collins":true},"scores":[0.1,0.21,0.31,0.341,0.339483741,0.319,0.298516259,0.257548777,0.196097554,0.11416259000000001,0.01174388500000001,0],"ascent":[0.1,0.21,0.31,0.341],"descent-weeks":8.259029938416422,"ascent-weeks":4.227272727272727,"peak":0.341}