{"title":"Both Sides of the Story","instanceSlug":2169,"tags":[],"genre":"pop","debut":"1993-11","playlists":[],"artists":{"phil-collins":true},"scores":[0.05,0.14,0.21,0.22,0.21,0.14,0.07000000000000003,0],"ascent":[0.05,0.14,0.21,0.22],"descent-weeks":0.3054545454545455,"ascent-weeks":4.227272727272727,"peak":0.22}