{"title":"Open Arms","instanceSlug":2175,"tags":[],"parents":[],"genre":"rock","debut":"1982-02","playlists":["ballad"],"ranks":[],"artists":{"journey":true},"scores":[0.11,0.31,0.431,0.461111111111111,0.4845555555555555,0.46888888888888886,0.45399999999999996,0.431,0.41677777777777775,0.4,0.3832222222222223,0.34966666666666685,0.2993333333333337,0.23222222222222277,0.14833333333333415,0.0476666666666678,0],"ascent":[0.11,0.31,0.431,0.461111111111111,0.4845555555555555],"descent-weeks":4.184795899258587,"ascent-weeks":5.561797752808988,"peak":0.4845555555555555}