{"title":"Faithfully","instanceSlug":2176,"tags":[],"parents":[],"genre":"rock","debut":"1983-05","playlists":["ballad","love"],"ranks":[20,16,13,14.5],"artists":{"journey":true},"scores":[0.1,0.191,0.284337441,0.31671,0.3391,0.3249621,0.3121811,0.29244521664485196,0.2818211,0.2674214651,0.251,0.231,0.21100000000000002,0.17100000000000004,0.11100000000000007,0.03100000000000011,0],"ascent":[0.1,0.191,0.284337441,0.31671,0.3391],"descent-weeks":2.8141309327126307,"ascent-weeks":5.445948574166913,"peak":0.3391}