{"title":"Send Her My Love","instanceSlug":2177,"tags":[],"parents":[],"genre":"rock","debut":"1983-11","playlists":["ballad"],"ranks":[18,12,9,7.5,6.4,6.2,6.7,7.8],"artists":{"journey":true},"scores":[0.036,0.171,0.267,0.328,0.381,0.391,0.365,0.315,0.265,0.16500000000000004,0.015000000000000069,0],"ascent":[0.036,0.171,0.267,0.328,0.381,0.391],"descent-weeks":5.8158567774936065,"ascent-weeks":6.038363171355499,"peak":0.391}