{"title":"Heart & Soul","instanceSlug":218,"tags":[],"genre":"pop","debut":"1987-06","ranks":[18,13,9,7,5,5.61],"artists":{"t-pau":true},"scores":[0.036,0.145,0.267,0.351,0.463,0.425,0.38699999999999996,0.3109999999999999,0.1969999999999998,0.04499999999999965,0],"ascent":[0.036,0.145,0.267,0.351,0.463],"descent-weeks":5.922246220302373,"ascent-weeks":4.088552915766739,"peak":0.463}