{"title":"Everlasting Love","instanceSlug":2192,"tags":["#1"],"parents":[],"genre":"pop","debut":"1989-04","playlists":[],"ranks":[16,11,8,6.5,6,6.5,7.4],"artists":{"howard-jones":true},"scores":[0.075,0.2,0.306,0.376,0.402,0.376,0.332,0.28800000000000003,0.20000000000000007,0.06800000000000012,0],"ascent":[0.075,0.2,0.306,0.376,0.402],"descent-weeks":6.216417910447762,"ascent-weeks":5.070895522388059,"peak":0.402}