{"title":"The Best","instanceSlug":2196,"tags":[],"parents":[],"genre":"pop","debut":"1989-10","playlists":[],"ranks":[],"artists":{"tina-turner":true},"scores":[0.05203313373041384,0.20948806737703726,0.3462908158148374,0.4329447013612976,0.44645249307593055,0.42888071011041357,0.4152435308896557,0.40626747846652916,0.3914717888757804,0.37467780988830746,0.3535835355020863,0.32907983037450844,0.3012008999972892,0.2705573206641229,0.23783170021341657,0.20316103216632792,0.17045315157811664,0.1372553806036213,0.10318160639678182,0.068913905193275,0.03786095808194908,0.020750096661940973,0.003639235241932867,0],"ascent":[0.05203313373041384,0.20948806737703726,0.3462908158148374,0.4329447013612976,0.44645249307593055],"descent-weeks":5.428893872709064,"ascent-weeks":4.996755201588422,"peak":0.44645249307593055}