{"title":"Any Man of Mine","instanceSlug":2198,"tags":[],"parents":[],"genre":"country","debut":"1995-07","playlists":[],"ranks":[],"artists":{"shania-twain":true},"scores":[0.0989010989010989,0.22025625381330077,0.36986301369863017,0.39860139860139854,0.38888888888888895,0.384083044982699,0.3745704467353952,0.36054421768707484,0.3422818791946309,0.3201320132013201,0.29449838187702265,0.26582278481012656,0.2345679012345679,0.20120120120120122,0.16618075801749269,0.12994350282485875,0.09289617486338798,0.055408970976253295,0.017811704834605598,0],"ascent":[0.0989010989010989,0.22025625381330077,0.36986301369863017,0.39860139860139854],"descent-weeks":15.155867305266373,"ascent-weeks":4.0928924315016655,"peak":0.39860139860139854}