{"title":"Dunkie Butt","instanceSlug":2199,"tags":[],"genre":"dance","debut":"1994-04","playlists":[],"artists":{"12-gauge":true},"scores":[0.055,0.12,0.079,0.038000000000000006,0],"ascent":[0.055,0.12],"descent-weeks":0.06780833333333335,"ascent-weeks":2.1874999999999996,"peak":0.12}