{"title":"Luka","instanceSlug":220,"tags":[],"playlists":["summer","commentary"],"genre":"pop","debut":"1987-07","ranks":[17,8,5,4.7,4.8,4.95,5.15,5.65],"artists":{"suzanne-vega":true},"scores":[0.055,0.306,0.463,0.484,0.477,0.466,0.453,0.422,0.39099999999999996,0.3289999999999999,0.23599999999999982,0.11199999999999971,0],"ascent":[0.055,0.306,0.463,0.484],"descent-weeks":10.444214876033055,"ascent-weeks":4.053719008264463,"peak":0.484}