{"title":"Naughty Naughty","instanceSlug":2209,"tags":[],"parents":[],"genre":"rock","debut":"1985-02","playlists":[],"ranks":[16,11.5,8.5,6.5,5.9,5.5,5.6,7.1],"artists":{"john-parr":true},"scores":[0.075,0.185,0.286,0.376,0.408,0.431,0.425,0.346,0.26699999999999996,0.10899999999999993,0],"ascent":[0.075,0.185,0.286,0.376,0.408,0.431],"descent-weeks":5.491879350348028,"ascent-weeks":6.12877030162413,"peak":0.431}