{"title":"Where Are You Going","instanceSlug":2216,"tags":[],"genre":"pop","debut":2002,"playlists":[],"artists":{"dave-matthews-band":true},"scores":[0.2,0.351,0.52,0.59,0.54,0.4900000000000001,0.39000000000000024,0.24000000000000044,0.0400000000000007,0],"ascent":[0.2,0.351,0.52,0.59],"descent-weeks":5.82203389830509}