{"title":"Your Body is a Wonderland","instanceSlug":2218,"tags":[],"parents":[],"genre":"pop","debut":21,"playlists":[],"artists":{"john-mayer":true},"scores":[0.1,0.21,0.31,0.341,0.339483741,0.319,0.298516259,0.257548777,0.196097554,0.11416259000000001,0.01174388500000001,0],"ascent":[0.1,0.21,0.31,0.341],"descent-weeks":1.302427367029441,"ascent-weeks":4.227272727272727,"peak":0.341}