{"title":"Bigger Than My Body","instanceSlug":2219,"tags":[],"parents":[],"genre":"pop","debut":2003,"playlists":[],"ranks":[16,11,8,6.5,5.5,5,5.7],"artists":{"john-mayer":true},"scores":[0.075,0.2,0.306,0.376,0.431,0.463,0.419,0.37499999999999994,0.28699999999999987,0.15499999999999975,0],"ascent":[0.075,0.2,0.306,0.376,0.431,0.463],"descent-weeks":5.504319654427644,"ascent-weeks":5.996760259179266,"peak":0.463}