{"title":"In My Dreams","instanceSlug":222,"tags":[],"parents":[],"genre":"pop","debut":"1987-10","ranks":[19,13,10,8.5,7,7.8],"artists":{"reo-speedwagon":true},"scores":[0.018,0.145,0.232,0.286,0.351,0.315,0.279,0.20700000000000007,0.09900000000000014,0],"ascent":[0.018,0.145,0.232,0.286,0.351],"descent-weeks":0.6780705128205131,"ascent-weeks":4.410256410256411,"peak":0.351}