{"title":"Daughters","instanceSlug":2220,"tags":[],"parents":[],"genre":"pop","debut":2005,"playlists":[],"ranks":[],"artists":{"john-mayer":true},"scores":[0.1075,0.55,0.553,0.5755,0.5805,0.574,0.5625199999999999,0.5395599999999999,0.5051199999999999,0.4591999999999999,0.4017999999999999,0.3329199999999999,0.2525599999999999,0.1607199999999999,0.05739999999999988,0],"ascent":[0.1075,0.55,0.553,0.5755,0.5805],"descent-weeks":11.437467700258393,"ascent-weeks":6.11498708010336,"peak":0.5805}