{"title":"Another Day","instanceSlug":2225,"tags":[],"parents":[],"genre":"pop","debut":1971,"playlists":[],"ranks":[],"artists":{"paul-mccartney":true},"scores":[0.131,0.31928124999999985,0.42584374999999985,0.474625,0.49228125,0.481],"ascent":[0.131,0.31928124999999985,0.42584374999999985,0.474625,0.49228125],"descent-weeks":2.965625595124738}