{"title":"Another Day","instanceSlug":2225,"tags":[],"parents":[],"genre":"pop","debut":1971,"playlists":[],"ranks":[],"artists":{"paul-mccartney":true},"scores":[0.131,0.31928124999999985,0.42584374999999985,0.474625,0.49228125,0.481,0.46971874999999996,0.4471562499999999,0.41331249999999986,0.3681874999999998,0.3117812499999997,0.24409374999999955,0.1651249999999994,0.07487499999999925,0],"ascent":[0.131,0.31928124999999985,0.42584374999999985,0.474625,0.49228125],"descent-weeks":10.565701771091213,"ascent-weeks":5.6157874690535134,"peak":0.49228125}