{"title":"Uncle Albert / Admiral Halsey","instanceSlug":2226,"tags":["#1"],"genre":"pop","debut":1971,"playlists":[],"artists":{"paul-mccartney":true,"linda-mccartney":true},"scores":[0.10497237569060773,0.1834319526627219,0.25,0.28205128205128205,0.2903225806451613,0.2746972594008923,0.25907193815662327,0.22782129566808523,0.18094533193527818,0.1184440469582021,0.040317440736857,0],"ascent":[0.10497237569060773,0.1834319526627219,0.25,0.28205128205128205,0.2903225806451613],"descent-weeks":0.9995740336437146,"ascent-weeks":5.7390206537571595,"peak":0.2903225806451613}