{"title":"Uncle Albert / Admiral Halsey","instanceSlug":2226,"tags":["#1"],"genre":"pop","debut":1971,"playlists":[],"artists":{"paul-mccartney":true,"linda-mccartney":true},"scores":[0.10497237569060773,0.1834319526627219,0.25,0.28205128205128205,0.2903225806451613,0.2746972594008923],"ascent":[0.10497237569060773,0.1834319526627219,0.25,0.28205128205128205,0.2903225806451613],"descent-weeks":2.9192691735712764}