{"title":"Fake","instanceSlug":223,"tags":["#1","#1-r&b"],"genres":["soul","urban"],"debut":"1987-09","artists":{"alexander-o-neal":true},"scores":[0.11,0.331,0.4689285714285714,0.5156428571428572,0.5186428571428572,0.51,0.4998,0.47940000000000005,0.44880000000000003,0.40800000000000003,0.35700000000000004,0.29580000000000006,0.22440000000000004,0.14280000000000004,0.05100000000000003,0],"ascent":[0.11,0.331,0.4689285714285714,0.5156428571428572,0.5186428571428572],"descent-weeks":11.382523068447872}