{"title":"Ain't Even Done with the Night","instanceSlug":2241,"tags":[],"parents":[],"genre":"rock","debut":"1981-04","playlists":[],"ranks":[],"artists":{"john-mellancamp":true},"scores":[0.03728571428571429,0.171,0.26471428571428574,0.3325714285714286,0.35485714285714287,0.3305714285714285,0.3,0.26942857142857146,0.2082857142857144,0.11657142857142883,0],"ascent":[0.03728571428571429,0.171,0.26471428571428574,0.3325714285714286,0.35485714285714287],"descent-weeks":1.0165224005060964,"ascent-weeks":4.905193236714976,"peak":0.35485714285714287}