{"title":"Hand to Hold Onto","instanceSlug":2243,"tags":[],"parents":[],"genre":"rock","debut":"1982-12","playlists":[],"ranks":[],"artists":{"john-mellancamp":true},"scores":[0.171,0.26471428571428574,0.3325714285714286,0.35485714285714287,0.331,0.31,0.289,0.24699999999999994,0.18399999999999989,0.09999999999999981,0],"ascent":[0.171,0.26471428571428574,0.3325714285714286,0.35485714285714287],"descent-weeks":7.675724637681158,"ascent-weeks":4.747584541062802,"peak":0.35485714285714287}