{"title":"Authority Song","instanceSlug":2245,"tags":[],"parents":[],"genre":"rock","debut":"1984-04","playlists":[],"ranks":[],"artists":{"john-mellancamp":true},"scores":[0.1,0.171,0.26471428571428574,0.3325714285714286,0.35485714285714287,0.331,0.31,0.2951428571428572,0.2744285714285714,0.261,0.241,0.22099999999999997,0.18099999999999994,0.12099999999999989,0.040999999999999814,0],"ascent":[0.1,0.171,0.26471428571428574,0.3325714285714286,0.35485714285714287],"descent-weeks":2.381951345755694,"ascent-weeks":5.170289855072464,"peak":0.35485714285714287}