{"title":"Get a Leg Up","instanceSlug":2248,"tags":["#1","#1-mainstream-rock"],"parents":[],"genre":"rock","debut":"1991-11","playlists":[],"ranks":[],"artists":{"john-mellancamp":true},"scores":[0.1,0.171,0.26471428571428574,0.3325714285714286,0.35485714285714287,0.331,0.31,0.289,0.24699999999999994,0.18399999999999989,0.09999999999999981,0],"ascent":[0.1,0.171,0.26471428571428574,0.3325714285714286,0.35485714285714287],"descent-weeks":7.675724637681158,"ascent-weeks":5.170289855072464,"peak":0.35485714285714287}