{"title":"Cassanova","instanceSlug":225,"tags":["literary"],"parents":[],"genre":"soul","debut":"1987-09","ranks":[17,9.9,5.8,5.2,4.8,5.9],"artists":{"levert":true},"scores":[0.055,0.235,0.414,0.45,0.477,0.408,0.33899999999999997,0.20099999999999996,0],"ascent":[0.055,0.235,0.414,0.45,0.477],"descent-weeks":4.481132075471697,"ascent-weeks":5.128930817610062,"peak":0.477}