{"title":"No Scrubs","instanceSlug":2254,"tags":["#1","#1-hot-100"],"genre":"urban","debut":"1999-03","playlists":[],"artists":{"tlc":true},"scores":[0.055,0.185,0.381,0.44,0.49,0.5,0.47,0.43999999999999995,0.3799999999999999,0.2899999999999998,0.1699999999999997,0.019999999999999574,0],"ascent":[0.055,0.185,0.381,0.44,0.49,0.5],"descent-weeks":6.809999999999996,"ascent-weeks":6.1530000000000005,"peak":0.5}