{"title":"Time After Time","instanceSlug":2255,"tags":[],"parents":[],"genre":"dance-pop","debut":"1990-05","playlists":["summer"],"ranks":[18,10,7,5.9,5.7,6.5],"artists":{"timmy-t":true},"scores":[0.036,0.232,0.351,0.408,0.419,0.376,0.333,0.24700000000000005,0.1180000000000001,0],"ascent":[0.036,0.232,0.351,0.408,0.419],"descent-weeks":5.3448687350835336,"ascent-weeks":5.176610978520286,"peak":0.419}