{"title":"The Bird","instanceSlug":2256,"tags":[],"parents":[],"genre":"funk-dance","debut":"1985-04","playlists":[],"ranks":[16,10,5,4,3.5,3.9],"artists":{"the-time":true},"scores":[0.075,0.232,0.463,0.537,0.582,0.546,0.5100000000000001,0.4380000000000003,0.3300000000000005,0.18600000000000083,0.006000000000001227,0],"ascent":[0.075,0.232,0.463,0.537,0.582],"descent-weeks":1.6691331615120306,"ascent-weeks":4.868556701030928,"peak":0.582}