{"title":"LoveStoned","instanceSlug":2260,"tags":[],"parents":[],"genre":"dance-pop","debut":2007,"playlists":[],"ranks":[15,9,6,4.4,3.6,3,3.25,3.75],"artists":{"justin-timberlake":true},"scores":[0.097,0.267,0.402,0.506,0.573,0.633,0.607,0.559,0.5110000000000001,0.41500000000000026,0.27100000000000046,0.07900000000000074,0],"ascent":[0.097,0.267,0.402,0.506,0.573,0.633],"descent-weeks":7.286729857819909,"ascent-weeks":5.872037914691942,"peak":0.633}