{"title":"I Saw Him Standing There","instanceSlug":2262,"tags":[],"genre":"pop","debut":"1988-03","playlists":[],"remake":true,"artists":{"tiffany":true},"scores":[0.13953488372093023,0.3987189751801441,0.5401459854014599,0.6459038591740014,0.7204094689699295,0.7397605545053559,0.6206896551724138,0.5016187558394717,0.26347695717358743,0],"ascent":[0.13953488372093023,0.3987189751801441,0.5401459854014599,0.6459038591740014,0.7204094689699295,0.7397605545053559],"descent-weeks":4.309933619221056,"ascent-weeks":6.457103668661678,"peak":0.7397605545053559}