{"title":"Sara Smile","instanceSlug":2263,"tags":[],"parents":[],"genre":"adult-contemporary","debut":1976,"playlists":[],"ranks":[],"artists":{"hall-oates":true},"scores":[0.1,0.2839441,0.38891763151,0.43786219532952614,0.4583999665491,0.457721,0.44164281,0.4251,0.41,0.3949,0.36469999999999997,0.31939999999999996,0.25899999999999995,0.18349999999999994,0.09289999999999993,0],"ascent":[0.1,0.2839441,0.38891763151,0.43786219532952614,0.4583999665491],"descent-weeks":3.7903675690060545,"ascent-weeks":5.461793243422424,"peak":0.4583999665491}