{"title":"Sara Smile","instanceSlug":2263,"tags":[],"parents":[],"genre":"adult-contemporary","debut":1976,"playlists":[],"ranks":[],"artists":{"hall-oates":true},"scores":[0.1,0.2839441,0.38891763151,0.43786219532952614,0.4583999665491,0.457721,0.44164281,0.4251,0.41],"ascent":[0.1,0.2839441,0.38891763151,0.43786219532952614,0.4583999665491],"descent-weeks":7.175601886679738}