{"title":"Stand Up (Kick Love Into Motion)","instanceSlug":2282,"tags":[],"parents":[],"genre":"rock","debut":"1993-02","playlists":[],"ranks":[21,15,11,9,8,8.5,9.4],"artists":{"def-leppard":true},"scores":[0.097,0.2,0.267,0.306,0.286,0.253,0.22000000000000003,0.15400000000000008,0.05500000000000016,0],"ascent":[0.097,0.2,0.267,0.306],"descent-weeks":6.245098039215688,"ascent-weeks":4.264705882352942,"peak":0.306}