{"title":"I Don't Want to Be","instanceSlug":2283,"tags":[],"parents":[],"genre":"pop","debut":2005,"playlists":[],"ranks":[17,10,6,4.3,3.4,3.1,3.25,3.6],"artists":{"gavin-degraw":true},"scores":[0.055,0.232,0.402,0.513,0.592,0.622,0.607,0.573,0.5389999999999999,0.47099999999999986,0.3689999999999998,0.23299999999999965,0.0629999999999995,0],"ascent":[0.055,0.232,0.402,0.513,0.592,0.622],"descent-weeks":8.385048231511252,"ascent-weeks":5.82636655948553,"peak":0.622}