{"title":"Space Oddity","instanceSlug":2289,"tags":[],"parents":[],"genre":"pop","debut":1973,"playlists":[],"ranks":[],"artists":{"david-bowie":true},"scores":[0.1,0.22371428571428573,0.33585714285714285,0.39985714285714286,0.4184285714285714,0.41,0.3889999999999999,0.3755714285714286,0.362,0.34842857142857137,0.3212857142857141,0.28057142857142825,0.22628571428571376,0.15842857142857064,0.0769999999999989,0],"ascent":[0.1,0.22371428571428573,0.33585714285714285,0.39985714285714286,0.4184285714285714],"descent-weeks":12.070160464322283,"ascent-weeks":5.297883236599521,"peak":0.4184285714285714}