{"title":"Fame","instanceSlug":2290,"tags":[],"parents":[],"genre":"pop","debut":1975,"playlists":[],"ranks":[],"artists":{"david-bowie":true},"scores":[0.1,0.22371428571428573,0.33585714285714285,0.39985714285714286,0.4184285714285714,0.41,0.39,0.375,0.36,0.32999999999999996,0.2849999999999999,0.22499999999999987,0.1499999999999998,0.05999999999999972,0],"ascent":[0.1,0.22371428571428573,0.33585714285714285,0.39985714285714286,0.4184285714285714],"descent-weeks":2.6805095839633206,"ascent-weeks":5.297883236599521,"peak":0.4184285714285714}