{"title":"Fame","instanceSlug":2290,"tags":[],"parents":[],"genre":"pop","debut":1975,"playlists":[],"ranks":[],"artists":{"david-bowie":true},"scores":[0.1,0.22371428571428573,0.33585714285714285,0.39985714285714286,0.4184285714285714,0.41,0.39,0.375],"ascent":[0.1,0.22371428571428573,0.33585714285714285,0.39985714285714286,0.4184285714285714],"descent-weeks":5.712188460225333}