{"title":"Golden Years","instanceSlug":2291,"tags":[],"parents":[],"genre":"pop","debut":1976,"playlists":[],"ranks":[],"artists":{"david-bowie":true},"scores":[0.1,0.22371428571428573,0.33585714285714285,0.39985714285714286,0.4184285714285714,0.41,0.39],"ascent":[0.1,0.22371428571428573,0.33585714285714285,0.39985714285714286,0.4184285714285714],"descent-weeks":4.367872994195972}