{"title":"Golden Years","instanceSlug":2291,"tags":[],"parents":[],"genre":"pop","debut":1976,"playlists":[],"ranks":[],"artists":{"david-bowie":true},"scores":[0.1,0.22371428571428573,0.33585714285714285,0.39985714285714286,0.4184285714285714,0.41,0.39,0.37000000000000005,0.3300000000000001,0.27000000000000024,0.1900000000000004,0.09000000000000058,0],"ascent":[0.1,0.22371428571428573,0.33585714285714285,0.39985714285714286,0.4184285714285714],"descent-weeks":1.940021362727408,"ascent-weeks":5.297883236599521,"peak":0.4184285714285714}