{"title":"Modern Love","instanceSlug":2292,"tags":[],"parents":[],"genre":"dance-pop","debut":"1983-10","playlists":[],"ranks":[15,10,7.5,5.9,5.4,5,5.6],"artists":{"david-bowie":true},"scores":[0.097,0.232,0.328,0.408,0.437,0.463,0.425,0.38699999999999996,0.3109999999999999,0.1969999999999998,0.04499999999999965,0],"ascent":[0.097,0.232,0.328,0.408,0.437,0.463],"descent-weeks":1.2479488840892718,"ascent-weeks":6.366090712742981,"peak":0.463}