{"title":"1985","instanceSlug":2294,"tags":[],"genre":"rock","debut":2004,"playlists":["years"],"ranks":[18,10,6.1,4.5,5.2],"artists":{"bowling-for-soup":true},"scores":[0.036,0.232,0.397,0.498,0.45,0.402,0.30600000000000005,0.1620000000000001,0],"ascent":[0.036,0.232,0.397,0.498],"descent-weeks":5.475903614457832,"ascent-weeks":3.503012048192771,"peak":0.498}