{"title":"Uhh Ahh","instanceSlug":2296,"tags":["#1","#1-r&b"],"genre":"urban","debut":"1992-02","playlists":[],"artists":{"boyz-ii-men":true},"scores":[0.1,0.172,0.32,0.41,0.447551,0.4767897871781831,0.46471,0.44821,0.438481,0.42381,0.41,0.39618999999999993,0.36856999999999984,0.3271399999999997,0.27189999999999953,0.2028499999999993,0.11998999999999904,0.02331999999999873,0],"ascent":[0.1,0.172,0.32,0.41,0.447551,0.4767897871781831],"descent-weeks":13.754365880149342,"ascent-weeks":6.0603462122552205,"peak":0.4767897871781831}