{"title":"This Will Be","instanceSlug":"2303","tags":["#1","#1-r&b"],"parents":[],"genre":"soul","debut":1975,"playlists":[],"ranks":[],"artists":{"natalie-cole":true},"scores":[0.06675,0.252,0.40575000000000006,0.391,0.39875000000000005,0.399,0.3825,0.366,0.33299999999999996,0.2834999999999999,0.21749999999999986,0.1349999999999998,0.0359999999999997,0],"ascent":[0.06675,0.252,0.40575000000000006],"descent-weeks":2.800314232902032,"ascent-weeks":2.678373382624769,"peak":0.40575000000000006}