{"title":"Carry On Wayward Son","instanceSlug":2314,"tags":[],"genre":"rock","debut":1977,"playlists":[],"artists":{"kansas":true},"scores":[0.075,0.145,0.22,0.25,0.27,0.29,0.31,0.305,0.295,0.285,0.26499999999999996,0.23499999999999993,0.1949999999999999,0.14499999999999985,0.0849999999999998,0.014999999999999736,0],"ascent":[0.075,0.145,0.22,0.25,0.27,0.29,0.31],"descent-weeks":2.1206518817204283,"ascent-weeks":7.548387096774193,"peak":0.31}