{"title":"Yes I'm Ready","instanceSlug":2324,"tags":["#1","#1-adult-contemporary"],"parents":[],"genre":"pop","debut":"1980-01","playlists":["ballad"],"ranks":[16,7,3.5,2.5,2.85],"artists":{"teri-desario":true},"scores":[0.075,0.351,0.582,0.694,0.65,0.6060000000000001,0.5180000000000002,0.38600000000000045,0.21000000000000074,0],"ascent":[0.075,0.351,0.582,0.694],"descent-weeks":1.7534851104707023,"ascent-weeks":3.6786743515850144,"peak":0.694}