{"title":"Better Than You","instanceSlug":2326,"tags":[],"parents":[],"genre":"pop","debut":"1993-11","playlists":[],"ranks":[13,7.4,4.8,2.9,1.9,2.15,2.52],"artists":{"lisa-keith":true},"scores":[0.145,0.332,0.477,0.645,0.786,0.744,0.691,0.6379999999999999,0.5319999999999998,0.37299999999999967,0.16099999999999948,0],"ascent":[0.145,0.332,0.477,0.645,0.786],"descent-weeks":2.625821670907548,"ascent-weeks":4.551526717557251,"peak":0.786}