{"title":"Hold You Tight","instanceSlug":2330,"tags":[],"parents":[],"genre":"pop","debut":"1991-02","playlists":[],"ranks":[15,7,5,3,3.4],"artists":{"tara-kemp":true},"scores":[0.097,0.351,0.463,0.633,0.592,0.5509999999999999,0.46899999999999986,0.34599999999999975,0.1819999999999996,0],"ascent":[0.097,0.351,0.463,0.633],"descent-weeks":1.5759664296998412,"ascent-weeks":3.658767772511848,"peak":0.633}