{"title":"Piece of My Heart","instanceSlug":2331,"tags":[],"parents":[],"genre":"pop","debut":"1991-06","playlists":["summer"],"ranks":[15,7,5,3.4,3,3.6],"artists":{"tara-kemp":true},"scores":[0.097,0.351,0.463,0.592,0.633,0.573,0.5129999999999999,0.3929999999999998,0.21299999999999963,0],"ascent":[0.097,0.351,0.463,0.592,0.633],"descent-weeks":5.5094786729857805,"ascent-weeks":5.061611374407583,"peak":0.633}