{"title":"Songbird","instanceSlug":2334,"tags":[],"parents":[],"genre":"adult-contemporary","debut":"1987-06","playlists":[],"ranks":[],"artists":{"kenny-g":true},"scores":[0.1325,0.4261,0.5595,0.672,0.6915,0.66251,0.6335200000000001,0.5755400000000002,0.4885700000000003,0.37261000000000044,0.22766000000000064,0.05372000000000088,0],"ascent":[0.1325,0.4261,0.5595,0.672,0.6915],"descent-weeks":2.7630254404555354,"ascent-weeks":5.3830802603036885,"peak":0.6915}