{"title":"The Breakup Song (They Don't Write 'Em)","instanceSlug":2338,"tags":[],"parents":[],"genre":"rock","debut":"1981-07","playlists":[],"ranks":[25,11.5,10.5,10,10.2,10.9],"artists":{"greg-kihn-band":true},"scores":[0.185,0.216,0.232,0.225,0.203,0.18100000000000002,0.13700000000000004,0.07100000000000006,0],"ascent":[0.185,0.216,0.232],"descent-weeks":6.782327586206897,"ascent-weeks":4.092672413793103,"peak":0.232}