{"title":"Touch of Gray","instanceSlug":234,"tags":[],"genres":["rock","adult-contemporary"],"debut":"1987-08","artists":{"grateful-dead":true},"scores":[0.177,0.3,0.386,0.45,0.47,0.49,0.51,0.49,0.47,0.42999999999999994,0.3699999999999999,0.2899999999999998,0.18999999999999972,0.06999999999999962,0],"ascent":[0.177,0.3,0.386,0.45,0.47,0.49,0.51],"descent-weeks":8.294117647058819}