{"title":"It's Five O'Clock Somewhere","instanceSlug":2343,"tags":["#1","#1-country"],"genre":"country","debut":2003,"playlists":[],"artists":{"alan-jackson":true,"jimmy-buffett":true},"scores":[0.15,0.35,0.6,0.67,0.68,0.67,0.6566000000000001,0.6298,0.5896,0.536,0.46900000000000003,0.38860000000000006,0.29480000000000006,0.18760000000000007,0.06700000000000009,0],"ascent":[0.15,0.35,0.6,0.67,0.68],"descent-weeks":11.402205882352941,"ascent-weeks":5.404411764705882,"peak":0.68}