{"title":"Pleasure Principle, The","instanceSlug":2344,"tags":[],"parents":[],"genre":"dance-pop","debut":"1987-07","playlists":["summer"],"artists":{"janet-jackson":true},"scores":[0.1,0.34815,0.5371,0.58265,0.5877,0.5591,0.5212,0.51,0.4988,0.47640000000000005,0.4428000000000001,0.39800000000000013,0.3420000000000002,0.27480000000000027,0.19640000000000035,0.10680000000000045,0.0060000000000005604,0],"ascent":[0.1,0.34815,0.5371,0.58265,0.5877],"descent-weeks":12.557427258805518,"ascent-weeks":5.501786625829506,"peak":0.5877}