{"title":"Farewell My Summer Love","instanceSlug":2358,"tags":["rerelease"],"genre":"soul","debut":"1984-07","playlists":["ballad"],"artists":{"michael-jackson":true},"scores":[0.018,0.232,0.351,0.431,0.463,0.437,0.408,0.37899999999999995,0.3209999999999999,0.23399999999999982,0.11799999999999972,0],"ascent":[0.018,0.232,0.351,0.431,0.463],"descent-weeks":7.645788336933045,"ascent-weeks":4.84341252699784,"peak":0.463}