{"title":"Flood","instanceSlug":2365,"tags":[],"parents":[],"genre":"alternative","debut":"1996-06","playlists":["summer"],"ranks":[16,10,6,5,4,4.5],"artists":{"jars-of-clay":true},"scores":[0.075,0.232,0.402,0.463,0.537,0.498,0.45899999999999996,0.3809999999999999,0.2639999999999998,0.10799999999999965,0],"ascent":[0.075,0.232,0.402,0.463,0.537],"descent-weeks":6.27653631284916,"ascent-weeks":4.773743016759777,"peak":0.537}