{"title":"Lost in Emotion","instanceSlug":237,"tags":[],"parents":[],"genre":"dance","debut":"1987-08","ranks":[13.5,4.1,2.23,2.15,2.1,2.45],"artists":{"lisa-lisa-cult-jam":true},"scores":[0.132,0.529,0.732,0.744,0.752,0.701,0.6499999999999999,0.5479999999999998,0.3949999999999997,0.1909999999999995,0],"ascent":[0.132,0.529,0.732,0.744,0.752],"descent-weeks":6.4567819148936145,"ascent-weeks":5.762632978723405,"peak":0.752}