{"title":"Luckenbach, Texas (Back to the Basics of Love)","instanceSlug":2374,"tags":["#1","#1-country"],"genre":"country","debut":1977,"playlists":[],"artists":{"waylon-jennings":true,"willie-nelson":"backup"},"scores":[0.092,0.3,0.472,0.543,0.502,0.483,0.47,0.45699999999999996,0.43099999999999994,0.3919999999999999,0.33999999999999986,0.2749999999999998,0.19699999999999973,0.10599999999999965,0.0019999999999995577,0],"ascent":[0.092,0.3,0.472,0.543],"descent-weeks":11.596685082872927,"ascent-weeks":3.8867403314917124,"peak":0.543}