{"title":"You Got It All","instanceSlug":2375,"tags":["#1","#1-adult-contemporary"],"parents":[],"genre":"pop","debut":"1987-02","playlists":["ballad"],"ranks":[],"artists":{"jets":true},"scores":[0.11,0.311,0.452,0.5185,0.49375,0.469,0.44725,0.4255,0.382,0.31675000000000003,0.22975000000000007,0.12100000000000011,0],"ascent":[0.11,0.311,0.452,0.5185],"descent-weeks":9.846190935390549,"ascent-weeks":4.025554484088718,"peak":0.5185}