{"title":"Do You Wanna Touch Me (Oh Yeah)","instanceSlug":2377,"tags":[],"parents":[],"genre":"rock","debut":"1982-09","playlists":[],"ranks":[],"artists":{"joan-jett":true},"scores":[0.036,0.171,0.267,0.351,0.402,0.361,0.356,0.346,0.331,0.311,0.286,0.256,0.221,0.181,0.136,0.086,0.031,0],"ascent":[0.036,0.171,0.267,0.351,0.402],"descent-weeks":12.328358208955224,"ascent-weeks":4.5783582089552235,"peak":0.402}