{"title":"Love Fire","instanceSlug":2382,"tags":[],"parents":[],"genre":"pop","debut":1976,"playlists":[],"ranks":[],"artists":{"jigsaw":true},"scores":[0.1,0.21,0.312951,0.35561236147633757,0.357477963561,0.3446276515977258,0.3289181,0.31523776166182677,0.3,0.2847622383381732,0.25428671501451966,0.20857343002903933,0.14762238338173223,0.07143357507259834,0],"ascent":[0.1,0.21,0.312951,0.35561236147633757,0.357477963561],"descent-weeks":10.964059683405116}