{"title":"It's Still Rock & Roll to Me","instanceSlug":2391,"tags":["#1","#1-hot-100"],"parents":[],"genre":"rockabilly","debut":"1980-06","playlists":[],"ranks":[],"artists":{"billy-joel":true},"scores":[0.1411,0.361,0.5131,0.61,0.5949,0.5798,0.5496,0.5043,0.44389999999999996,0.36839999999999995,0.27779999999999994,0.17209999999999992,0.0512999999999999,0],"ascent":[0.1411,0.361,0.5131,0.61],"descent-weeks":10.210081967213114,"ascent-weeks":3.996393442622951,"peak":0.61}