{"title":"Don't Ask Me Why","instanceSlug":2392,"tags":["#1","#1-adult-contemporary"],"genre":"pop","debut":"1980-09","playlists":[],"artists":{"billy-joel":true},"scores":[0.05,0.318,0.55,0.6,0.66,0.68,0.642,0.604,0.5279999999999999,0.4139999999999998,0.2619999999999997,0.07199999999999951,0],"ascent":[0.05,0.318,0.55,0.6,0.66,0.68],"descent-weeks":7.063235294117645,"ascent-weeks":6.304411764705882,"peak":0.68}