{"title":"Saturday Night's Alright for Fighting","instanceSlug":2403,"tags":[],"parents":[],"genre":"pop","debut":1973,"playlists":[],"ranks":[],"artists":{"elton-john":true},"scores":[0.14,0.51,0.617,0.6,0.583,0.5489999999999999,0.4979999999999999,0.4299999999999998,0.34499999999999975,0.24299999999999966,0.12399999999999956,0],"ascent":[0.14,0.51,0.617],"descent-weeks":9.69773095623987}