{"title":"Bennie and the Jets","instanceSlug":2404,"tags":["#1","#1-hot-100"],"parents":[],"genre":"pop","debut":1974,"playlists":[],"ranks":[],"artists":{"elton-john":true},"scores":[0.07077371451804114,0.33826377883430175,0.4658070204441505,0.48072277084423454,0.4790333231923142,0.47396498023655315,0.46551774197695134,0.4536916084135089,0.4384865795462257,0.4199026553751019,0.3979398359001373,0.37259812112133206,0.3438775110386861,0.31177800565219943,0.276299604961872,0.23744230896770396,0.19520611766969517,0.14959103106784563,0.10059704916215555,0.04822417195262467,0],"score":6.280874029681892,"debutScore":0.07077371451804114,"peakScore":0.48072277084423454,"duration":6,"ascent":[0.07077371451804114,0.33826377883430175,0.4658070204441505,0.48072277084423454],"descent-weeks":17.613707190838102,"ascent-weeks":4.2297786796955075,"peak":0.48072277084423454}