{"title":"Someone Saved My Life Tonight","instanceSlug":"2408","tags":[],"genre":"pop","debut":1975,"artists":{"elton-john":true},"scores":[0.07077371451804114,0.33826377883430175,0.4658070204441505,0.48072277084423454,0.47802411513029963,0.46239420320132363,0.45,0.4376057967986764,0.41281739039602916,0.3756347807920583,0.32605796798676384,0.26408695198014576,0.18972173277220405,0.10296231036293874,0.0038086847523498,0],"ascent":[0.07077371451804114,0.33826377883430175,0.4658070204441505,0.48072277084423454],"descent-weeks":12.430771787720909,"ascent-weeks":4.2297786796955075,"peak":0.48072277084423454}