{"title":"When Smokey Sings","instanceSlug":241,"tags":[],"searchTerms":["smoky"],"playlists":["tribute"],"tribute":["smokey-robinson"],"genre":"pop","debut":"1987-08","artists":{"abc":true},"scores":[0.177,0.351,0.332,0.302,0.253,0.20400000000000001,0.10600000000000004,0],"ascent":[0.177,0.351],"descent-weeks":0.7629743589743591,"ascent-weeks":2.256410256410257,"peak":0.351}