{"title":"Don't Go Breaking My Heart","instanceSlug":2410,"tags":["#1","#1-adult-contemporary","#1-hot-100"],"genre":"pop","debut":1976,"playlists":[],"artists":{"elton-john":true,"kiki-dee":true},"scores":[0.1,0.33826377883431,0.46581,0.481,0.4781,0.4623942],"ascent":[0.1,0.33826377883431,0.46581,0.481],"descent-weeks":4.432934095634096}