{"title":"Don't Go Breaking My Heart","instanceSlug":2410,"tags":["#1","#1-adult-contemporary","#1-hot-100"],"genre":"pop","debut":1976,"playlists":[],"artists":{"elton-john":true,"kiki-dee":true},"scores":[0.1,0.33826377883431,0.46581,0.481,0.4781,0.4623942,0.44668839999999993,0.41527679999999983,0.3681593999999997,0.3053361999999995,0.22680719999999926,0.13257239999999898,0.022631799999998647,0],"ascent":[0.1,0.33826377883431,0.46581,0.481],"descent-weeks":10.412577130977118,"ascent-weeks":4.319356898651695,"peak":0.481}