{"title":"Blue Eyes","instanceSlug":2412,"tags":["#1","#1-adult-contemporary"],"genre":"pop","debut":"1982-09","playlists":["colors","body-parts"],"ranks":[],"artists":{"elton-john":true},"scores":[0.05,0.36,0.4698571428571428,0.4894285714285714,0.478,0.4665714285714286,0.4437142857142858,0.4094285714285716,0.363714285714286,0.306571428571429,0.2380000000000006,0.1580000000000008,0.06657142857142961,0],"ascent":[0.05,0.36,0.4698571428571428,0.4894285714285714],"descent-weeks":10.481611208406314,"ascent-weeks":4.196584938704028,"peak":0.4894285714285714}