{"title":"Kiss the Bride","instanceSlug":2413,"tags":[],"genre":"pop","debut":"1983-09","playlists":[],"artists":{"elton-john":true},"scores":[0.121,0.565,0.71,0.725,0.71,0.695,0.6649999999999999,0.6199999999999999,0.5599999999999998,0.48499999999999976,0.3949999999999997,0.2899999999999996,0.16999999999999948,0.034999999999999365,0],"ascent":[0.121,0.565,0.71,0.725],"descent-weeks":11.068965517241374,"ascent-weeks":4.388275862068966,"peak":0.725}