{"title":"King for a Day","instanceSlug":2425,"tags":[],"parents":[],"genre":"pop","debut":"1986-02","playlists":[],"ranks":[],"artists":{"thompson-twins":true},"scores":[0.065,0.249,0.437,0.498,0.45,0.445,0.435,0.42,0.4,0.375,0.345,0.31,0.27,0.225,0.175,0.12,0.06,0],"ascent":[0.065,0.249,0.437,0.498],"descent-weeks":13.638554216867469,"ascent-weeks":3.7620481927710845,"peak":0.498}