{"title":"You're My Best Friend","instanceSlug":2432,"tags":[],"genre":"rock","debut":1976,"playlists":[],"artists":{"queen":true},"scores":[0.066,0.226,0.376,0.495,0.45,0.405,0.31500000000000006,0.1800000000000001,1.6653345369377348e-16,0],"ascent":[0.066,0.226,0.376,0.495],"descent-weeks":5.590909090909092}