{"title":"Somebody to Love","instanceSlug":2433,"tags":[],"parents":[],"genre":"rock","debut":1977,"playlists":["ballad"],"ranks":[],"artists":{"queen":true},"scores":[0.06566666666666666,0.22566666666666668,0.37600000000000006,0.49466666666666664,0.44966666666666666,0.4446666666666666,0.4346666666666666,0.4196666666666667,0.39966666666666667,0.3746666666666667,0.3446666666666667,0.30966666666666665,0.26966666666666667,0.22466666666666665,0.17466666666666666,0.129,0.08900000000000001,0.04566666666666667,0.012666666666666666,0],"ascent":[0.06566666666666666,0.22566666666666668,0.37600000000000006,0.49466666666666664],"descent-weeks":4.495469751422584,"ascent-weeks":3.5235849056603774,"peak":0.49466666666666664}