{"title":"Right Down the Line","instanceSlug":2443,"tags":["#1","#1-adult-contemporary"],"parents":[],"genre":"pop","debut":"1978-09","playlists":[],"ranks":[],"artists":{"gerry-rafferty":true},"scores":[0.15,0.24,0.27,0.3,0.31,0.25,0.245,0.235,0.22,0.2,0.175,0.145,0.11,0.07,0.025,0],"ascent":[0.15,0.24,0.27,0.3,0.31],"descent-weeks":9.60483870967742,"ascent-weeks":6.145161290322581,"peak":0.31}