{"title":"Get It Right Next Time","instanceSlug":2444,"tags":[],"parents":[],"genre":"pop","debut":"1979-09","playlists":[],"ranks":[],"artists":{"gerry-rafferty":true},"scores":[0.15,0.24,0.27,0.3,0.31,0.25,0.19,0.07,0],"ascent":[0.15,0.24,0.27,0.3,0.31],"descent-weeks":3.9677419354838714,"ascent-weeks":6.145161290322581,"peak":0.31}