{"title":"Not the Only One","instanceSlug":2445,"tags":[],"genre":"adult-contemporary","debut":"1992-06","playlists":[],"artists":{"bonnie-raitt":true},"scores":[0.15,0.34,0.51,0.56,0.49,0.41999999999999993,0.2799999999999998,0.06999999999999962,0],"ascent":[0.15,0.34,0.51,0.56],"descent-weeks":4.874999999999998,"ascent-weeks":4.178571428571428,"peak":0.56}