{"title":"Lay Lady Lay","instanceSlug":2454,"tags":[],"parents":[],"genre":"folk-rock","debut":1969,"playlists":[],"ranks":[],"artists":{"bob-dylan":true},"scores":[0.0975,0.2535,0.4015,0.569,0.5205,0.5155,0.5055000000000001,0.49050000000000005,0.47050000000000003,0.4455,0.4155,0.38050000000000006,0.3405,0.2955,0.2455,0.1905,0.1555,0.123,0.088,0.0505,0.0105,0],"ascent":[0.0975,0.2535,0.4015,0.569],"descent-weeks":15.322934973637967,"ascent-weeks":3.483743409490334,"peak":0.569}