{"title":"Sing a Song","instanceSlug":2469,"tags":["#1","#1-r&b"],"genre":"soul","debut":1976,"playlists":[],"artists":{"earth-wind-fire":true},"scores":[0.34,0.553,0.65,0.654,0.657,0.647,0.6340600000000001,0.60818,0.5693600000000001,0.5176000000000001,0.4529000000000001,0.37526000000000004,0.28468000000000004,0.18116000000000002,0.06469999999999998,0],"ascent":[0.34,0.553,0.65,0.654,0.657],"descent-weeks":4.967776282343988,"ascent-weeks":6.515981735159818,"peak":0.657}