{"title":"Serpentine Fire","instanceSlug":2471,"tags":["#1","#1-r&b"],"genre":"funk","debut":"1977-12","playlists":[],"artists":{"earth-wind-fire":true},"scores":[0.337,0.54,0.66,0.67,0.68,0.64,0.6,0.5199999999999999,0.3999999999999998,0.23999999999999966,0.03999999999999948,0],"ascent":[0.337,0.54,0.66,0.67,0.68],"descent-weeks":6.882352941176469,"ascent-weeks":6.368382352941175,"peak":0.68}