{"title":"Modern Girl","instanceSlug":2474,"tags":[],"genre":"pop","debut":"1981-06","playlists":[],"ranks":[],"artists":{"sheena-easton":true},"scores":[0.3,0.5,0.7,0.8,0.85,0.84,0.8231999999999999,0.7896,0.7392,0.6719999999999999,0.588,0.48719999999999997,0.3696,0.2352,0.08399999999999999,0],"ascent":[0.3,0.5,0.7,0.8,0.85],"descent-weeks":11.431764705882351,"ascent-weeks":5.5588235294117645,"peak":0.85}