{"title":"We've Got Tonight","instanceSlug":2475,"tags":["#1","#1-country"],"genre":"country","debut":"1983-02","playlists":[],"remake":true,"artists":{"kenny-rogers":true,"sheena-easton":true},"scores":[0.097,0.506,0.722,0.737,0.715,0.687,0.6590000000000001,0.6030000000000003,0.5190000000000006,0.4070000000000009,0.26700000000000135,0.09900000000000186,0],"ascent":[0.097,0.506,0.722,0.737],"descent-weeks":9.5515603799186,"ascent-weeks":4.19674355495251,"peak":0.737}