{"title":"Angel in Your Arms","instanceSlug":2480,"tags":[],"parents":[],"genre":"pop","debut":1977,"playlists":[],"ranks":[],"artists":{"hot":true},"scores":[0.1,0.21,0.312951,0.35561236147633757,0.357477963561,0.3446276515977258,0.3289181,0.31523776166182677,0.31,0.28331,0.2643212411,0.243,0.2216787589,0.1790362767,0.1150725534,0.029787589000000003,0],"ascent":[0.1,0.21,0.312951,0.35561236147633757,0.357477963561],"descent-weeks":3.019515933206674,"ascent-weeks":5.606113360366711,"peak":0.357477963561}