{"title":"Emma","instanceSlug":2481,"tags":[],"parents":[],"genre":"pop","debut":1975,"playlists":[],"ranks":[],"artists":{"hot-chocolate":true},"scores":[0.086,0.381,0.513,0.463,0.458,0.44884,0.43052,0.40304,0.3664,0.3206,0.26564,0.20151999999999998,0.12823999999999997,0.045799999999999966,0],"ascent":[0.086,0.381,0.513],"descent-weeks":3.3012503508771913,"ascent-weeks":2.8654970760233915,"peak":0.513}