{"title":"You Sexy Thing","instanceSlug":2482,"tags":[],"parents":[],"genre":"urban-rock","debut":1975,"playlists":[],"ranks":[],"artists":{"hot-chocolate":true},"scores":[0.086,0.381,0.513,0.463,0.458,0.448,0.433,0.413,0.388,0.358,0.323,0.283,0.238,0.188,0.133,0.07800000000000001,0],"ascent":[0.086,0.381,0.513],"descent-weeks":4.36529385964912,"ascent-weeks":2.8654970760233915,"peak":0.513}