{"title":"You Give Good Love","instanceSlug":2484,"tags":["#1","#1-r&b"],"parents":[],"genre":"adult-contemporary","debut":"1985-06","playlists":[],"ranks":[],"artists":{"whitney-houston":true},"scores":[0.1,0.21,0.31,0.341,0.339483741,0.31931445187447666,0.2887199391,0.25285131262611,0.212,0.17114868737389,0.08944606212167,0],"ascent":[0.1,0.21,0.31,0.341],"descent-weeks":8.859080032680996,"ascent-weeks":4.227272727272727,"peak":0.341}