{"title":"Hot in the City","instanceSlug":2498,"tags":[],"parents":[],"genre":"pop","debut":"1982-08","playlists":[],"ranks":[19,12,8,6,5,5.5],"artists":{"billy-idol":true},"scores":[0.018,0.171,0.306,0.402,0.463,0.431,0.39899999999999997,0.3349999999999999,0.23899999999999982,0.11099999999999971,0],"ascent":[0.018,0.171,0.306,0.402,0.463],"descent-weeks":6.408207343412525,"ascent-weeks":4.406047516198704,"peak":0.463}