{"title":"White Wedding","instanceSlug":2499,"tags":[],"genre":"rock","debut":"1983-07","playlists":["colors"],"artists":{"billy-idol":true},"scores":[0.097,0.171,0.232,0.203,0.17400000000000002,0.11600000000000002,0.029000000000000026,0],"ascent":[0.097,0.171,0.232],"descent-weeks":0.33962500000000007,"ascent-weeks":3.232758620689655,"peak":0.232}