{"title":"I Wanna Love You","instanceSlug":250,"tags":[],"playlists":["summer"],"genre":"soul","debut":"1992-08","artists":{"jade":true},"scores":[0.668,0.959,0.925,0.89,0.87,0.85,0.8099999999999999,0.7499999999999999,0.6699999999999998,0.5699999999999997,0.4499999999999996,0.3099999999999995,0.14999999999999936,0],"ascent":[0.668,0.959],"descent-weeks":12.832116788321162,"ascent-weeks":2.544838373305527,"peak":0.959}