{"title":"Sweet Sixteen","instanceSlug":2501,"tags":[],"parents":[],"genre":"pop","debut":"1987-06","playlists":["ballad"],"ranks":[21,14,9,7,7.2,7.7,9.1],"artists":{"billy-idol":true},"scores":[0.12,0.267,0.351,0.341,0.319,0.263,0.20700000000000002,0.09500000000000003,0],"ascent":[0.12,0.267,0.351],"descent-weeks":0.8658271604938274,"ascent-weeks":3.153846153846154,"peak":0.351}