{"title":"New Sensation","instanceSlug":2513,"tags":[],"genre":"rock","debut":"1988-06","playlists":["summer"],"artists":{"inxs":true},"scores":[0.145,0.267,0.323,0.376,0.356,0.33599999999999997,0.29599999999999993,0.23599999999999988,0.1559999999999998,0.05599999999999972,0],"ascent":[0.145,0.267,0.323,0.376],"descent-weeks":1.1738643617021265,"ascent-weeks":4.432180851063831,"peak":0.376}