{"title":"Jungle Boogie","instanceSlug":2515,"tags":[],"genres":["funk"],"debut":1974,"playlists":["pph"],"artists":{"koolnthegang":true},"scores":[0.125571,0.382142,0.484857,0.477857,0.467],"ascent":[0.125571,0.382142,0.484857],"descent-weeks":4.423100006806131}