{"title":"Hollywood Swinging","instanceSlug":2516,"tags":["#1","#1-r&b"],"parents":[],"genre":"funk","debut":1974,"playlists":[],"ranks":[],"artists":{"koolnthegang":true},"scores":[0.12557142857142858,0.3821428571428572,0.4848571428571429,0.47785714285714287,0.457,0.4462857142857143,0.43128571428571433,0.41557142857142854,0.39485714285714285,0.3691428571428571,0.3384285714285714,0.3031428571428571,0.2695714285714286,0.23228571428571426,0.205],"ascent":[0.12557142857142858,0.3821428571428572,0.4848571428571429],"descent-weeks":14.92796110783736}