{"title":"Get Down On It","instanceSlug":2517,"tags":[],"parents":[],"genre":"funk","debut":"1982-04","playlists":["pph"],"ranks":[],"artists":{"koolnthegang":true},"scores":[0.125,0.382,0.4848,0.4778,0.468244,0.449132,0.42046399999999995,0.38223999999999997,0.33446,0.277124,0.21023199999999997,0.13378399999999996,0.04777999999999996,0],"ascent":[0.125,0.382,0.4848],"descent-weeks":11.404888613861385,"ascent-weeks":3.068688118811881,"peak":0.4848}