{"title":"Blank Space","instanceSlug":2521,"tags":["#1","#1-hot-100"],"parents":[],"genre":"pop","debut":"2015","playlists":[],"ranks":[],"artists":{"taylor-swift":true},"scores":[0.075,0.171,0.232,0.306,0.294,0.282,0.25799999999999995,0.22199999999999992,0.17399999999999988,0.11399999999999982,0.04199999999999976,0],"ascent":[0.075,0.171,0.232,0.306],"descent-weeks":1.1409019607843132,"ascent-weeks":3.8431372549019613,"peak":0.306}