{"title":"Time of Our Lives","instanceSlug":2525,"tags":[],"parents":[],"genre":"dance-pop","debut":2015,"playlists":[],"ranks":[13,6,2,2.5],"artists":{"pitbull":true,"ne-yo":true},"scores":[0.145,0.402,0.768,0.694,0.6199999999999999,0.47199999999999975,0.24999999999999956,0],"ascent":[0.145,0.402,0.768],"descent-weeks":5.476562499999998,"ascent-weeks":2.568359375,"peak":0.768}