{"title":"All About That Bass","instanceSlug":2527,"tags":[],"genre":"pop","debut":2015,"playlists":[],"artists":{"meghan-trainor":true},"scores":[0.1535,0.24625,0.34875,0.34275],"ascent":[0.1535,0.24625,0.34875],"descent-weeks":2.9741935483870967}