{"title":"Shut Up and Dance","instanceSlug":2528,"tags":[],"parents":[],"genre":"pop","debut":"2015-03","playlists":["summer"],"ranks":[13,2,1.3,1.51],"artists":{"walk-the-moon":true},"scores":[0.25,0.55,0.8,0.83,0.85,0.81,0.7700000000000001,0.6900000000000003,0.5700000000000005,0.4100000000000008,0.21000000000000119,0],"ascent":[0.25,0.55,0.8,0.83,0.85],"descent-weeks":3.207147058823534,"ascent-weeks":5.788235294117647,"peak":0.85}