{"title":"What's Going On","instanceSlug":2537,"tags":["#1","#1-r&b","#2-hot-100"],"parents":[],"genre":"soul","debut":1971,"playlists":[],"ranks":[],"artists":{"marvin-gaye":true},"scores":[0.1734,0.41,0.5586,0.56311,0.551,0.5388900000000001,0.5146700000000002,0.4783400000000003,0.4299000000000005,0.36935000000000073,0.296690000000001,0.21192000000000133,0.1150400000000017,0.006050000000002109,0],"ascent":[0.1734,0.41,0.5586,0.56311],"descent-weeks":3.4856354364156323,"ascent-weeks":4.542034416011082,"peak":0.56311}