{"title":"Got to Give It Up","instanceSlug":2539,"tags":[],"parents":[],"genre":"funk","debut":1977,"playlists":["pph"],"ranks":[],"artists":{"marvin-gaye":true},"scores":[0.13617534972897488,0.37875567300511287,0.5112874279777085,0.5473887814313347,0.5297342086812415,0.5002813027442646,0.48349610582272223,0.4679796929475808,0.45246328007243936,0.4214304543221565,0.37488121569673216,0.3128155641961664,0.2352334998204592,0.14213502256961058,0.03352013244362051,0],"ascent":[0.13617534972897488,0.37875567300511287,0.5112874279777085,0.5473887814313347],"descent-weeks":12.334996843499392,"ascent-weeks":4.3121286520388615,"peak":0.5473887814313347}