{"title":"Got to Give It Up","instanceSlug":2539,"tags":[],"parents":[],"genre":"funk","debut":1977,"playlists":["pph"],"ranks":[],"artists":{"marvin-gaye":true},"scores":[0.13617534972897488,0.37875567300511287,0.5112874279777085,0.5473887814313347,0.5297342086812415,0.5002813027442646,0.48349610582272223,0.4679796929475808],"ascent":[0.13617534972897488,0.37875567300511287,0.5112874279777085,0.5473887814313347],"descent-weeks":6.929846328822792}