{"title":"Sexual Healing","instanceSlug":2540,"tags":["#1","#1-r&b"],"genre":"soul","debut":"1982-12","playlists":["remade"],"artists":{"marvin-gaye":true},"scores":[0.2734,0.51,0.6586,0.6631,0.651,0.63798,0.61194,0.5728800000000001,0.5208,0.45570000000000005,0.37758,0.28644000000000003,0.18228,0.06509999999999998,0],"ascent":[0.2734,0.51,0.6586,0.6631],"descent-weeks":11.366611370833962,"ascent-weeks":4.761951440205098,"peak":0.6631}