{"title":"Don't It Make My Brown Eyes Blue","instanceSlug":2541,"tags":["#1","#1-country"],"genres":["country","adult-contemporary"],"debut":"1977-10","playlists":["colors"],"artists":{"crystal-gayle":true},"scores":[0.232,0.778,0.748,0.713,0.673,0.628,0.578,0.523,0.463,0.398,0.328,0.253,0.173,0.088,0.0030000000000000027,0],"ascent":[0.232,0.778],"descent-weeks":12.237146529562981,"ascent-weeks":1.9473007712082264,"peak":0.778}