{"title":"Ruby, Don't Take Your Love to Town","instanceSlug":2572,"tags":[],"parents":[],"genre":"country","debut":1969,"playlists":[],"ranks":[],"artists":{"kenny-rogers":true},"scores":[0.1,0.2191251,0.35262499999999997,0.421,0.4775,0.459,0.451],"ascent":[0.1,0.2191251,0.35262499999999997,0.421,0.4775],"descent-weeks":4.358638743455497}