{"title":"Ruby, Don't Take Your Love to Town","instanceSlug":2572,"tags":[],"parents":[],"genre":"country","debut":1969,"playlists":[],"ranks":[],"artists":{"kenny-rogers":true},"scores":[0.1,0.2191251,0.35262499999999997,0.421,0.4775,0.459,0.451,0.44198000000000004,0.42394000000000004,0.39688,0.3608,0.3157,0.26158,0.19843999999999998,0.12627999999999998,0.04509999999999997,0],"ascent":[0.1,0.2191251,0.35262499999999997,0.421,0.4775],"descent-weeks":3.8189722837382196,"ascent-weeks":4.932722827225131,"peak":0.4775}