{"title":"What Are We Doing in Love","instanceSlug":2579,"tags":["#1","#1-country"],"genre":"adult-contemporary","debut":"1981-05","playlists":[],"artists":{"dottie-west":true},"scores":[0.633,1,0.951,0.914,0.8770000000000001,0.8030000000000003,0.6920000000000005,0.5440000000000008,0.3590000000000012,0.13700000000000168,0],"ascent":[0.633,1],"descent-weeks":4.137589166666671,"ascent-weeks":2.4495,"peak":1}