{"title":"Through the Years","instanceSlug":2580,"tags":["#1","#1-adult-contemporary"],"parents":[],"genre":"adult-contemporary","debut":"1982-02","playlists":[],"ranks":[14,7,4,3,2,2.47],"artists":{"kenny-rogers":true},"scores":[0.12,0.351,0.537,0.633,0.768,0.698,0.6279999999999999,0.48799999999999977,0.2779999999999996,0],"ascent":[0.12,0.351,0.537,0.633,0.768],"descent-weeks":1.6351280381944437,"ascent-weeks":4.705078124999999,"peak":0.768}