{"title":"Somebody's Knockin'","instanceSlug":2588,"tags":[],"genre":"country","debut":"1981-03","playlists":[],"artists":{"terri-gibbs":true},"scores":[0.25,0.51,0.71,0.74,0.77,0.76,0.7448,0.7144,0.6688000000000001,0.6080000000000001,0.5320000000000001,0.44080000000000014,0.33440000000000014,0.21280000000000013,0.07600000000000012,0],"ascent":[0.25,0.51,0.71,0.74,0.77],"descent-weeks":5.609502597402599,"ascent-weeks":5.805194805194804,"peak":0.77}