{"title":"Out of the Blue","instanceSlug":2589,"tags":[],"genre":"pop","debut":"1988-02","playlists":["colors"],"artists":{"debbie-gibson":true},"scores":[0.1,0.2115,0.324751,0.373,0.386,0.36575,0.3571,0.34325,0.3245,0.31,0.2955,0.26649999999999996,0.22299999999999992,0.16499999999999987,0.0924999999999998,0.005499999999999727,0],"ascent":[0.1,0.2115,0.324751,0.373,0.386],"descent-weeks":3.0654730018566476,"ascent-weeks":5.421959844559585,"peak":0.386}