{"title":"Hey Jealousy","instanceSlug":2592,"tags":[],"parents":[],"genre":"rock","debut":"1993-09","playlists":[],"ranks":[],"artists":{"gin-blossoms":true},"scores":[0.127361,0.344437391,0.53557413411,0.643161,0.61,0.576839,0.510517,0.411034,0.27839,0.11258500000000005,0],"ascent":[0.127361,0.344437391,0.53557413411,0.643161],"descent-weeks":7.329096447079348,"ascent-weeks":3.8494253968524217,"peak":0.643161}