{"title":"Until I Fall Away","instanceSlug":2593,"tags":[],"parents":[],"genre":"rock","debut":"1994-07","playlists":[],"ranks":[],"artists":{"gin-blossoms":true},"scores":[0.075,0.315,0.45,0.47,0.48,0.46,0.44000000000000006,0.40000000000000013,0.34000000000000025,0.2600000000000004,0.1600000000000006,0.04000000000000081,0],"ascent":[0.075,0.315,0.45,0.47,0.48],"descent-weeks":1.9573958333333359,"ascent-weeks":5.59375,"peak":0.48}