{"title":"Follow You Down","instanceSlug":2595,"tags":[],"parents":[],"genre":"rock","debut":"1996-02","playlists":[],"ranks":[],"artists":{"gin-blossoms":true},"scores":[0.171,0.768,0.76,0.749,0.723,0.691,0.646,0.6010000000000001,0.5110000000000002,0.37600000000000044,0.19600000000000073,0],"ascent":[0.171,0.768],"descent-weeks":11.759765625000002,"ascent-weeks":1.833984375,"peak":0.768}