{"title":"Someday","instanceSlug":2597,"tags":[],"parents":[],"genre":"pop-rock","debut":"1986-12","playlists":[],"ranks":[15,9.2,6.3,4.8,3.9,3.4,3.57,4.2],"artists":{"glass-tiger":true},"scores":[0.097,0.26,0.386,0.477,0.546,0.592,0.575,0.521,0.4670000000000001,0.3590000000000002,0.1970000000000004,0],"ascent":[0.097,0.26,0.386,0.477,0.546,0.592],"descent-weeks":1.9344114583333336,"ascent-weeks":5.974662162162162,"peak":0.592}