{"title":"I Will Be There","instanceSlug":2598,"tags":[],"parents":[],"genre":"pop","debut":"1987-04","playlists":[],"ranks":[],"artists":{"glass-tiger":true},"scores":[0.1,0.18933333333333335,0.24166666666666667,0.2966666666666667,0.33433333333333337,0.3593333333333333,0.33733333333333326,0.31,0.31,0.294,0.27799999999999997,0.24599999999999994,0.1979999999999999,0.13399999999999984,0.05399999999999977,0],"ascent":[0.1,0.18933333333333335,0.24166666666666667,0.2966666666666667,0.33433333333333337,0.3593333333333333],"descent-weeks":2.3628327149041426,"ascent-weeks":6.350649350649352,"peak":0.3593333333333333}