{"title":"Night Moves","instanceSlug":2599,"tags":[],"parents":[],"genre":"rock","debut":1977,"playlists":[],"ranks":[],"artists":{"bob-seger":true},"scores":[0.07,0.284,0.488,0.53,0.556,0.571,0.541,0.5110000000000001,0.4510000000000003,0.36100000000000054,0.24100000000000088,0.0910000000000013,0],"ascent":[0.07,0.284,0.488,0.53,0.556,0.571],"descent-weeks":7.268826619964985,"ascent-weeks":6.564798598949212,"peak":0.571}