{"title":"Disappear","instanceSlug":260,"tags":["disappear"],"parents":[],"genre":"rock","debut":"1991-01","ranks":[13,4,2,1.24,1.56],"artists":{"inxs":true},"scores":[0.145,0.537,0.768,0.928,0.851,0.7739999999999999,0.6199999999999998,0.38899999999999957,0.0809999999999993,0],"ascent":[0.145,0.537,0.768,0.928],"descent-weeks":5.888469827586205,"ascent-weeks":3.84375,"peak":0.928}