{"title":"Mainstreet","instanceSlug":2600,"tags":[],"parents":[],"genre":"rock","debut":1977,"playlists":[],"ranks":[],"artists":{"bob-seger":true},"scores":[0.097,0.267,0.376,0.456,0.498,0.5,0.49,0.468,0.44600000000000006,0.40200000000000014,0.33600000000000024,0.2480000000000004,0.13800000000000057,0.0060000000000007825,0],"ascent":[0.097,0.267,0.376,0.456,0.498,0.5],"descent-weeks":2.6436253333333357,"ascent-weeks":6.582,"peak":0.5}