{"title":"We've Got Tonight","instanceSlug":2603,"tags":[],"parents":[],"genre":"rock","debut":"1978-12","playlists":["ballad"],"ranks":[],"artists":{"bob-seger":true},"scores":[0.171,0.361,0.656,0.737,0.777,0.744,0.711,0.6449999999999999,0.5459999999999998,0.4139999999999997,0.24899999999999956,0.05099999999999938,0],"ascent":[0.171,0.361,0.656,0.737,0.777],"descent-weeks":7.9864864864864815,"ascent-weeks":5.216216216216217,"peak":0.777}