{"title":"You'll Accompany Me","instanceSlug":2607,"tags":[],"genre":"rock","debut":"1980-09","playlists":["ballad","love"],"artists":{"bob-seger":true},"scores":[0.3,0.622,0.78,0.82,0.85,0.86,0.87,0.81,0.75,0.63,0.51,0.27,0],"ascent":[0.3,0.622,0.78,0.82,0.85,0.86,0.87],"descent-weeks":3.289011494252873,"ascent-weeks":8.796551724137931,"peak":0.87}