{"title":"Stomp!","instanceSlug":2612,"tags":["#1","#1-r&b"],"parents":[],"genre":"funk","debut":"1980-04","playlists":[],"ranks":[],"artists":{"brothers-johnson":true},"scores":[0.1,0.233621,0.34344267495717284,0.376831,0.361,0.33358342711851,0.3188228581,0.31,0.28831,0.271,0.25369,0.21907000000000004,0.16714000000000007,0.0979000000000001,0.011350000000000138,0],"ascent":[0.1,0.233621,0.34344267495717284,0.376831],"descent-weeks":11.976312797587688,"ascent-weeks":4.195095447125526,"peak":0.376831}