{"title":"Not Enough Love in the World","instanceSlug":2614,"tags":[],"parents":[],"genre":"pop","debut":"1985-07","playlists":[],"ranks":[],"artists":{"don-henley":true},"scores":[0.1,0.254751,0.361,0.36924999999999997,0.36925,0.359751,0.3388751,0.321,0.31,0.299,0.27699999999999997,0.24399999999999994,0.1999999999999999,0.14499999999999985,0.07899999999999979,0.0019999999999997242,0],"ascent":[0.1,0.254751,0.361,0.36924999999999997,0.36925],"descent-weeks":11.962936086662147,"ascent-weeks":5.907587000677048,"peak":0.36925}