{"title":"Wonderwall","instanceSlug":2621,"tags":["#1","#1-modern-rock"],"parents":[],"genre":"rock","debut":"1996-02","playlists":[],"ranks":[18,12,8,5.5,4.5,4.9,5.7],"artists":{"oasis":true},"scores":[0.036,0.171,0.306,0.431,0.498,0.47,0.419,0.368,0.266,0.11300000000000004,0],"ascent":[0.036,0.171,0.306,0.431,0.498],"descent-weeks":6.427710843373494,"ascent-weeks":4.343373493975903,"peak":0.498}