{"title":"Champagne Supernova","instanceSlug":2622,"tags":["#1","#1-modern-rock"],"parents":[],"genre":"rock","debut":"1996-04","playlists":["summer","ballad"],"ranks":[17,5,1.6,1.15,1.52],"artists":{"oasis":true},"scores":[0.3,0.7,0.75,0.8,0.82,0.81,0.7938000000000001,0.7614000000000001,0.7128000000000001,0.6480000000000001,0.5670000000000002,0.46980000000000016,0.35640000000000016,0.22680000000000014,0.08100000000000013,0],"ascent":[0.3,0.7,0.75,0.8,0.82],"descent-weeks":6.1054267276422785,"ascent-weeks":6.164634146341464,"peak":0.82}