{"title":"Suddenly","instanceSlug":2624,"tags":["#1","#1-adult-contemporary"],"parents":[],"genre":"adult-contemporary","debut":"1985-04","playlists":[],"ranks":[],"artists":{"billy-ocean":true},"scores":[0.1,0.272,0.45725,0.515,0.447,0.441,0.4295,0.41325,0.392,0.37075,0.32825000000000004,0.26450000000000007,0.1795000000000001,0.07325000000000015,0],"ascent":[0.1,0.272,0.45725,0.515],"descent-weeks":11.225242718446603,"ascent-weeks":3.915291262135922,"peak":0.515}