{"title":"For the Love of Money","instanceSlug":2632,"tags":[],"genres":["soul","urban"],"debut":1974,"playlists":["commentary"],"artists":{"o-jays":true},"scores":[0.075,0.4,0.55,0.79,0.81,0.83,0.84,0.81,0.7800000000000001,0.7200000000000003,0.6300000000000006,0.5100000000000009,0.3600000000000013,0.18000000000000183,0],"ascent":[0.075,0.4,0.55,0.79,0.81,0.83,0.84],"descent-weeks":8.625000000000007}