{"title":"Livin' for the Weekend","instanceSlug":2633,"tags":["#1","#1-r&b"],"genres":["soul","urban"],"debut":1976,"playlists":[],"artists":{"o-jays":true},"scores":[0.036,0.216,0.431,0.582,0.563,0.529,0.4950000000000001,0.42700000000000027,0.3250000000000005,0.18900000000000083,0.019000000000001238,0],"ascent":[0.036,0.216,0.431,0.582],"descent-weeks":8.06443298969073}