{"title":"Paper Doll","instanceSlug":2638,"tags":[],"genre":"pop","debut":"1992-02","playlists":[],"ranks":[30,21,17,13,15],"artists":{"pm-dawn":true},"scores":[0.055,0.145,0.097,0.049000000000000016,0],"ascent":[0.055,0.145],"descent-weeks":0.08211551724137932,"ascent-weeks":2.0689655172413794,"peak":0.145}