{"title":"How Long (Betcha Got a Chick on the Side)","instanceSlug":2642,"tags":["#1","#1-r&b","cheating","feb13"],"parents":[],"genre":"urban","debut":1975,"playlists":[],"ranks":[],"artists":{"pointer-sisters":true},"scores":[0.2,0.328,0.431,0.422,0.397,0.37200000000000005,0.3220000000000001,0.24700000000000022,0.14700000000000035,0.02200000000000052,0],"ascent":[0.2,0.328,0.431],"descent-weeks":8.21345707656613,"ascent-weeks":3.337587006960557,"peak":0.431}