{"title":"Should I Do It","instanceSlug":2644,"tags":[],"genre":"pop","debut":"1982-02","playlists":[],"artists":{"pointer-sisters":true},"scores":[0.1,0.36814218728622783,0.5518858941,0.57396941,0.5455733374548623,0.52184891,0.497,0.47215109,0.42245327,0.34790654,0.24851089999999998,0.12426634999999997,0],"ascent":[0.1,0.36814218728622783,0.5518858941,0.57396941],"descent-weeks":2.9144219104877265,"ascent-weeks":4.165720673300938,"peak":0.57396941}