{"title":"Your Mama Don't Dance","instanceSlug":2647,"tags":[],"parents":[],"genre":"metal","debut":"1989-03","playlists":[],"ranks":[18,12,9,7.3,6.4,6,6.8],"artists":{"poison":true},"scores":[0.036,0.171,0.267,0.337,0.381,0.402,0.361,0.31999999999999995,0.23799999999999988,0.11499999999999977,0],"ascent":[0.036,0.171,0.267,0.337,0.381,0.402],"descent-weeks":5.358208955223878,"ascent-weeks":5.947761194029852,"peak":0.402}