{"title":"Make a Move on Me","instanceSlug":265,"tags":[],"parents":[],"genre":"pop","debut":"1982-03","artists":{"olivia-newton-john":true},"scores":[0.267,0.993,0.985,0.976,0.95648,0.91744,0.8588800000000001,0.7808,0.6832,0.56608,0.42944000000000004,0.2732800000000001,0.09760000000000008,0],"ascent":[0.267,0.993],"descent-weeks":12.865861027190332,"ascent-weeks":1.9033232628398793,"peak":0.993}