{"title":"I'll Be Around","instanceSlug":2660,"tags":["#1","#1-r&b"],"parents":[],"genre":"soul","debut":1972,"playlists":[],"ranks":[],"artists":{"spinners":true},"scores":[0.145,0.463,0.829,0.81,0.7910000000000001,0.7530000000000003,0.6960000000000006,0.620000000000001,0.5250000000000015,0.41100000000000203,0.2780000000000027,0.12600000000000344,0],"ascent":[0.145,0.463,0.829],"descent-weeks":4.270663852030574,"ascent-weeks":2.600120627261761,"peak":0.829}