{"title":"Working My Way Back to You","instanceSlug":2665,"tags":[],"parents":[],"genre":"urban","debut":"1980-02","playlists":[],"ranks":[13,5,1.4,1.67],"artists":{"spinners":true},"scores":[0.145,0.463,0.887,0.829,0.7709999999999999,0.6549999999999998,0.48099999999999965,0.24899999999999944,0],"ascent":[0.145,0.463,0.887],"descent-weeks":1.952369785794813,"ascent-weeks":2.528184892897407,"peak":0.887}