{"title":"Jessie's Girl","instanceSlug":2668,"tags":["#1","#1-hot-100"],"parents":[],"genre":"pop-rock","debut":"1981-05","playlists":[],"ranks":[21,15,12.5,10,11.2],"artists":{"rick-springfield":true},"scores":[0.097,0.158,0.232,0.194,0.156,0.07999999999999999,0],"ascent":[0.097,0.158,0.232],"descent-weeks":0.27321767241379313,"ascent-weeks":3.1487068965517238,"peak":0.232}