{"title":"Born to Run","instanceSlug":2674,"tags":[],"genre":"rock","debut":1975,"playlists":["sax"],"artists":{"bruce-springsteen":true,"clarence-clemons":"member"},"scores":[0.045,0.095,0.122,0.131,0.145,0.141,0.13599999999999998,0.12599999999999997,0.11099999999999997,0.09099999999999997,0.06599999999999998,0.035999999999999976,0.0009999999999999731,0],"ascent":[0.045,0.095,0.122,0.131,0.145],"descent-weeks":0.6819097701149424,"ascent-weeks":5.565517241379311,"peak":0.145}