{"title":"Dancing in the Dark","instanceSlug":2677,"tags":["#1","#1-mainstream-rock","#2-hot-100"],"parents":[],"genre":"rock","debut":"1984-06","playlists":[],"ranks":[],"artists":{"bruce-springsteen":true},"scores":[0.1,0.18275,0.284375,0.29475,0.286875,0.272751,0.2641,0.2515,0.234,0.21650000000000003,0.18150000000000005,0.1290000000000001,0.059000000000000136,0],"ascent":[0.1,0.18275,0.284375,0.29475],"descent-weeks":11.144916030534354,"ascent-weeks":4.386132315521628,"peak":0.29475}