{"title":"I'm on Fire","instanceSlug":2678,"tags":[],"parents":[],"genre":"rock","debut":"1985-03","playlists":[],"ranks":[],"artists":{"bruce-springsteen":true},"scores":[0.1,0.18275,0.284375,0.29475,0.286875,0.272751,0.2641,0.2515,0.23399999999999999,0.21149999999999997,0.18825,0.161,0.13375,0.07925000000000001,0],"ascent":[0.1,0.18275,0.284375,0.29475],"descent-weeks":2.1778013930805766,"ascent-weeks":4.386132315521628,"peak":0.29475}