{"title":"Bills Bills Bills","instanceSlug":268,"tags":[],"genres":["pop"],"debut":"1999-09","artists":{"destiny-s-child":true,"beyonce":"member"},"scores":[0.1,0.282,0.47,0.546,0.582,0.55,0.5180000000000001,0.4540000000000003,0.35800000000000054,0.23000000000000087,0.07000000000000128,0],"ascent":[0.1,0.282,0.47,0.546,0.582],"descent-weeks":7.118556701030936,"ascent-weeks":5.103092783505154,"peak":0.582}