{"title":"Cotton Eye Joe","instanceSlug":2683,"tags":[],"parents":[],"genre":"techno-dance","debut":"1995-04","playlists":[],"ranks":[],"artists":{"rednex":true},"scores":[0.115,0.302,0.454,0.516,0.57,0.63,0.65,0.66,0.62,0.58,0.4999999999999999,0.3799999999999998,0.21999999999999964,0.019999999999999463,0],"ascent":[0.115,0.302,0.454,0.516,0.57,0.63,0.65,0.66],"descent-weeks":6.772727272727271,"ascent-weeks":8.85681818181818,"peak":0.66}