{"title":"Amos Moses","instanceSlug":2684,"tags":[],"parents":[],"genre":"country","debut":1971,"playlists":[],"ranks":[],"artists":{"jerry-reed":true},"scores":[0.097,0.267,0.402,0.498,0.633,0.612,0.563,0.558,0.5468400000000001,0.5245200000000001,0.4910400000000001,0.4464000000000001,0.39060000000000006,0.32364000000000004,0.24552000000000002,0.15624,0.055799999999999975,0],"ascent":[0.097,0.267,0.402,0.498,0.633],"descent-weeks":13.143601895734594}