{"title":"The Politics of Dancing","instanceSlug":2686,"tags":[],"genre":"techno-dance","debut":"1984-03","playlists":[],"artists":{"re-flex":true},"scores":[0.35561236147633757,0.7,0.74,0.71,0.6799999999999999,0.6199999999999999,0.5299999999999998,0.4099999999999997,0.25999999999999956,0.0799999999999994,0],"ascent":[0.35561236147633757,0.7,0.74],"descent-weeks":8.168918918918916,"ascent-weeks":3.63975478677636,"peak":0.74}