{"title":"Here With Me","instanceSlug":2691,"tags":[],"parents":[],"genre":"pop","debut":"1988-08","playlists":[],"ranks":[],"artists":{"reo-speedwagon":true},"scores":[0.1,0.145,0.232,0.27649999999999997,0.31,0.277,0.24400000000000005,0.1780000000000001,0.07900000000000018,0],"ascent":[0.1,0.145,0.232,0.27649999999999997,0.31],"descent-weeks":5.264516129032259,"ascent-weeks":5.1459677419354835,"peak":0.31}