{"title":"I'll Still Be Loving You","instanceSlug":2693,"tags":["#1","#1-country"],"parents":[],"genre":"country","debut":"1987-06","playlists":[],"ranks":[],"artists":{"restless-heart":true},"scores":[0.145,0.633,0.843,0.819,0.814,0.79772,0.76516,0.71632,0.6512,0.5698,0.47212,0.35816,0.22791999999999998,0.0814,0],"ascent":[0.145,0.633,0.843],"descent-weeks":12.661565836298934,"ascent-weeks":2.884341637010676,"peak":0.843}