{"title":"Dreaming","instanceSlug":2699,"tags":[],"genre":"pop","debut":"1980-10","playlists":[],"artists":{"cliff-richard":true},"scores":[0.175,0.563,0.794,0.837,0.816,0.7949999999999999,0.7529999999999999,0.6899999999999998,0.6059999999999998,0.5009999999999997,0.37499999999999956,0.22799999999999943,0.059999999999999276,0],"ascent":[0.175,0.563,0.794,0.837],"descent-weeks":4.5258691756272365,"ascent-weeks":4.245519713261649,"peak":0.837}