{"title":"Running With the Night","instanceSlug":2702,"tags":[],"parents":[],"genre":"pop","debut":"1983-12","playlists":[],"ranks":[14,8.5,5.5,3.5,3,3.41],"artists":{"lionel-richie":true},"scores":[0.12,0.286,0.431,0.582,0.633,0.591,0.5489999999999999,0.46499999999999986,0.33899999999999975,0.1709999999999996,0],"ascent":[0.12,0.286,0.431,0.582,0.633],"descent-weeks":6.5118483412322234,"ascent-weeks":4.862559241706162,"peak":0.633}