{"title":"Pon de Replay","instanceSlug":2709,"tags":[],"parents":[],"genre":"dance","debut":2005,"playlists":[],"ranks":[],"artists":{"rihanna":true},"scores":[0.25,0.45,0.7,0.77,0.78,0.77,0.7546,0.7238,0.6776,0.616,0.539,0.44660000000000005,0.33880000000000005,0.21560000000000007,0.07700000000000007,0],"ascent":[0.25,0.45,0.7,0.77,0.78],"descent-weeks":11.421153846153846,"ascent-weeks":5.673076923076923,"peak":0.78}