{"title":"Disturbia","instanceSlug":2714,"tags":["#1","#1-hot-100"],"parents":[],"genre":"dance-pop","debut":2008,"playlists":[],"ranks":[],"artists":{"rihanna":true},"scores":[0.225,0.425,0.675,0.75,0.74,0.7252,0.6956,0.6512,0.592,0.518,0.4292,0.3256,0.20719999999999997,0.07399999999999993,0],"ascent":[0.225,0.425,0.675,0.75],"descent-weeks":11.415999999999999,"ascent-weeks":4.15,"peak":0.75}