{"title":"That Was Then, This is Now","instanceSlug":272,"tags":["long-title","now","that-was","then","this-is"],"parents":[],"genre":"pop","debut":"1986-08","ranks":[21,15.5,13,13.3,13.9,14.8,16.1,17.7],"artists":{"monkees":true},"scores":[0.086,0.145,0.137,0.122,0.101,0.073,0.042,0.01100000000000001,0],"ascent":[0.086,0.145],"descent-weeks":6.527586206896552,"ascent-weeks":2.389655172413793,"peak":0.145}