{"title":"Desert Moon","instanceSlug":2721,"tags":[],"parents":[],"genre":"rock","debut":"1984","playlists":[],"artists":{"dennis-deyoung":true},"scores":[0.07,0.18,0.25,0.31,0.27,0.23000000000000004,0.15000000000000008,0.030000000000000138,0],"ascent":[0.07,0.18,0.25,0.31],"descent-weeks":0.4790322580645164,"ascent-weeks":3.9193548387096775,"peak":0.31}