{"title":"I Feel Love","instanceSlug":2729,"tags":[],"parents":[],"genre":"disco","debut":1977,"playlists":[],"ranks":[],"artists":{"donna-summer":true},"scores":[0.1,0.3661,0.4516948537417435,0.4691,0.4487321,0.42836420000000003,0.38762840000000004,0.32652470000000006,0.24505310000000008,0.1432136000000001,0.02100620000000014,0],"ascent":[0.1,0.3661,0.4516948537417435,0.4691],"descent-weeks":7.89689501172458}