{"title":"Girl Can't Help It","instanceSlug":273,"tags":["can't","girl","help","it"],"parents":[],"genre":"rock","debut":"1986-10","ranks":[6.9,2.1,1.2,1.55],"artists":{"journey":true},"scores":[0.563,0.794,0.85,0.87,0.88,0.85,0.82,0.7599999999999999,0.6699999999999998,0.5499999999999997,0.3999999999999996,0.21999999999999942,0.009999999999999232,0],"ascent":[0.563,0.794,0.85,0.87,0.88],"descent-weeks":8.795454545454541,"ascent-weeks":6.744886363636363,"peak":0.88}