{"title":"The Woman in Me","instanceSlug":2735,"tags":[],"parents":[],"genre":"pop","debut":"1983-02","playlists":[],"ranks":[],"artists":{"donna-summer":true},"scores":[0.075,0.267,0.463,0.633,0.612,0.591,0.5489999999999999,0.4859999999999999,0.4019999999999998,0.2969999999999997,0.1709999999999996,0.023999999999999466,0],"ascent":[0.075,0.267,0.463,0.633],"descent-weeks":8.921800947867295,"ascent-weeks":3.4075829383886256,"peak":0.633}