{"title":"This Time I Know It's For Real","instanceSlug":2736,"tags":[],"parents":[],"genre":"dance-pop","debut":"1989-06","playlists":["summer"],"ranks":[12,2,2.4],"artists":{"donna-summer":true},"scores":[0.171,0.768,0.708,0.6479999999999999,0.5279999999999998,0.34799999999999964,0.10799999999999943,0],"ascent":[0.171,0.768],"descent-weeks":6.070312499999997,"ascent-weeks":1.833984375,"peak":0.768}