{"title":"Saved by Zero","instanceSlug":2737,"tags":[],"genre":"electro-pop","debut":"1983-07","playlists":[],"artists":{"fixx":true},"scores":[0.21,0.312951,0.45561236147633755,0.557477963561,0.6446276515977258,0.629,0.6133723484022742,0.5821170452068225,0.535234090413645,0.47272348402274167,0.3945852260341125,0.3008193164477575,0.19142575526367667,0.06640454248187,0],"ascent":[0.21,0.312951,0.45561236147633755,0.557477963561,0.6446276515977258],"descent-weeks":10.308996477788359,"ascent-weeks":5.074252487998817,"peak":0.6446276515977258}