{"title":"Sweet Love","instanceSlug":275,"tags":[],"genres":["soul","urban"],"debut":"1986-09","playlists":[],"artists":{"anita-baker":true},"scores":[0.171,0.356,0.537,0.592,0.58,0.568,0.5439999999999999,0.5079999999999999,0.45999999999999985,0.3999999999999998,0.32799999999999974,0.24399999999999966,0.14799999999999958,0.03999999999999948,0],"ascent":[0.171,0.356,0.537,0.592],"descent-weeks":11.179054054054049}