{"title":"The Language of Love","instanceSlug":2757,"tags":[],"parents":[],"genre":"pop","debut":"1984-02","playlists":[],"ranks":[],"artists":{"dan-fogelberg":true},"scores":[0.111,0.31,0.47633333333333333,0.5776666666666667,0.5613333333333334,0.553,0.5379999999999999,0.5246666666666666,0.51,0.4953333333333334,0.4660000000000002,0.4220000000000004,0.36333333333333395,0.2900000000000009,0.2020000000000013,0.09933333333333505,0],"ascent":[0.111,0.31,0.47633333333333333,0.5776666666666667],"descent-weeks":14.548182342758238,"ascent-weeks":3.8300634737449517,"peak":0.5776666666666667}