{"title":"Yankee Rose","instanceSlug":276,"tags":[],"parents":[],"genre":"metal","debut":"1986-08","playlists":[],"ranks":[22,17,14,15.1,16.8,19],"artists":{"david-lee-roth":true},"scores":[0.055,0.12,0.095,0.059,0.018,0],"ascent":[0.055,0.12],"descent-weeks":0.09469722222222222,"ascent-weeks":2.1874999999999996,"peak":0.12}