{"title":"Am I Wrong","instanceSlug":2760,"tags":["#1","#1-rdwt40-hot-adult"],"parents":[],"genre":"pop","debut":"2010s","playlists":[],"ranks":[],"artists":{"nico-vinz":true},"scores":[0.312951,0.5556123614763375,0.657477963561,0.7446276515977258,0.76,0.74,0.72,0.6799999999999999,0.6199999999999999,0.5399999999999998,0.4399999999999997,0.3199999999999996,0.1799999999999995,0.01999999999999935,0],"ascent":[0.312951,0.5556123614763375,0.657477963561,0.7446276515977258,0.76],"descent-weeks":4.431398932314472,"ascent-weeks":5.9815835065165714,"peak":0.76}