{"title":"Best Day of My Life","instanceSlug":2761,"tags":[],"parents":[],"genre":"pop","debut":2013,"playlists":[],"ranks":[],"artists":{"american-authors":true},"scores":[0.075,0.463,0.681,0.694,0.668,0.642,0.537,0.532,0.52136,0.5000800000000001,0.4681600000000001,0.4256000000000001,0.37240000000000006,0.30856000000000006,0.23408000000000007,0.1489600000000001,0.05320000000000011,0],"ascent":[0.075,0.463,0.681,0.694],"descent-weeks":13.196109510086456,"ascent-weeks":4.134726224783862,"peak":0.694}