{"title":"No Good in Goodbye","instanceSlug":2762,"tags":[],"genre":"pop","debut":2015,"playlists":[],"artists":{"script":true},"scores":[0.3535,0.54625,0.64875,0.64275,0.6298950000000001,0.6041850000000001,0.5656200000000001,0.5142000000000001,0.4499250000000001,0.37279500000000004,0.28281,0.17996999999999996,0.06427499999999993,0],"ascent":[0.3535,0.54625,0.64875],"descent-weeks":11.457052023121388}