{"title":"I'm Not the Only One","instanceSlug":2763,"tags":[],"genre":"pop","debut":2015,"playlists":["cheating","feb13"],"artists":{"sam-smith":true},"scores":[0.2535,0.54625,0.74875,0.74275],"ascent":[0.2535,0.54625,0.74875],"descent-weeks":2.987979966611018}