{"title":"I'm Not the Only One","instanceSlug":2763,"tags":[],"genre":"pop","debut":2015,"playlists":["cheating","feb13"],"artists":{"sam-smith":true},"scores":[0.2535,0.54625,0.74875,0.74275,0.7278950000000001,0.6981850000000001,0.6536200000000001,0.5942000000000001,0.5199250000000001,0.43079500000000004,0.32681000000000004,0.20797000000000002,0.07427499999999998,0],"ascent":[0.2535,0.54625,0.74875],"descent-weeks":4.634731471132444,"ascent-weeks":3.102170283806344,"peak":0.74875}