{"title":"I Love You More Than You Know","instanceSlug":2767,"tags":[],"genre":"pop","debut":"1989-03","playlists":[],"artists":{"martika":true},"scores":[0.228,0.557,0.6685,0.7555,0.751,0.7435,0.72863,0.69889,0.65428,0.5948,0.52045,0.43123,0.32714,0.20818,0.07435000000000003,0],"ascent":[0.228,0.557,0.6685,0.7555],"descent-weeks":12.881436135009928,"ascent-weeks":4.385837193911318,"peak":0.7555}