{"title":"Feels Like the First Time","instanceSlug":2769,"tags":[],"genre":"rock","debut":1977,"playlists":[],"artists":{"foreigner":true},"ascent":[0.078,0.433,0.593,0.623,0.643],"descent-weeks":3.999245075168478,"ascent-weeks":5.528771384136858,"peak":0.643}