{"title":"Cold as Ice","instanceSlug":2770,"tags":[],"parents":[],"genre":"rock","debut":1977,"playlists":[],"ranks":[],"artists":{"foreigner":true},"scores":[0.075,0.267,0.463,0.633,0.612,0.563,0.5139999999999999,0.4159999999999998,0.2689999999999997,0.07299999999999951,0],"ascent":[0.075,0.267,0.463,0.633],"descent-weeks":7.298578199052131}