{"title":"Regret","instanceSlug":2779,"tags":["#1","#1-modern-rock"],"parents":[],"genre":"pop","debut":"1993-06","playlists":["summer"],"ranks":[],"artists":{"new-order":true},"scores":[0.1,0.27749999999999997,0.47551,0.561,0.6225,0.6174999999999999,0.587,0.563,0.539,0.51,0.481,0.42299999999999993,0.33599999999999985,0.21999999999999975,0.07499999999999962,0],"ascent":[0.1,0.27749999999999997,0.47551,0.561,0.6225],"descent-weeks":4.668042401606424,"ascent-weeks":4.907253012048192,"peak":0.6225}