{"title":"You Got It (The Right Stuff)","instanceSlug":2785,"tags":[],"genre":"pop","debut":"1989-01","playlists":[],"artists":{"nkotb":true},"scores":[0.075,0.232,0.351,0.45,0.537,0.5,0.46299999999999997,0.3889999999999999,0.2779999999999998,0.12999999999999967,0],"ascent":[0.075,0.232,0.351,0.45,0.537],"descent-weeks":6.416201117318435,"ascent-weeks":4.594972067039106,"peak":0.537}