{"title":"I'll Be Loving You (Forever)","instanceSlug":2786,"tags":["#1","#1-hot-100"],"genre":"pop","debut":"1989-05","playlists":["ballad"],"artists":{"nkotb":true},"scores":[0.12,0.2,0.267,0.239,0.21099999999999997,0.15499999999999992,0.07099999999999984,0],"ascent":[0.12,0.2,0.267],"descent-weeks":0.4503089887640447,"ascent-weeks":3.2977528089887636,"peak":0.267}