{"title":"True Colors","instanceSlug":279,"tags":[],"parents":[],"genre":"pop","debut":"1986-09","playlists":[],"ranks":[15.9,9.3,6.9,5.4,6,8.2],"artists":{"cyndi-lauper":true},"scores":[0.077,0.256,0.356,0.437,0.402,0.298,0.19399999999999995,0],"ascent":[0.077,0.256,0.356,0.437],"descent-weeks":0.6236207093821509,"ascent-weeks":3.864988558352403,"peak":0.437}