{"title":"Photograph","instanceSlug":2797,"tags":["#1","#1-adult-top-40","#1-mainstream-rock","#2-hot-100"],"parents":[],"genre":"rock","debut":21,"playlists":[],"ranks":[],"artists":{"nickelback":true},"scores":[0.1,0.21,0.312951,0.35561236147633757,0.357477963561,0.3446276515977258,0.329,0.31337234840227424,0.2821170452068227,0.23523409041364535,0.17272348402274224,0.09458522603411335,0.0008193164477586778,0],"ascent":[0.1,0.21,0.312951,0.35561236147633757,0.357477963561],"descent-weeks":8.937433951740468}