{"title":"Rockstar","instanceSlug":2799,"tags":[],"parents":[],"genre":"rock","debut":21,"playlists":[],"ranks":[],"artists":{"nickelback":true},"scores":[0.1,0.21,0.312951,0.35561236147633757,0.357477963561,0.3446276515977258,0.3289181,0.31523776166182677,0.3],"ascent":[0.1,0.21,0.312951,0.35561236147633757,0.357477963561],"descent-weeks":6.907816612336308}