{"title":"Bad Company","instanceSlug":28,"tags":[],"debut":"1970s","artists":{"bad-company":true},"scores":[0.1,0.21,0.31,0.341,0.339483741,0.31931445187447666,0.2887199391,0.25285131262611,0.212],"ascent":[0.1,0.21,0.31,0.341],"descent-weeks":7.712768817891143}