{"title":"A Matter of Trust","instanceSlug":280,"tags":[],"parents":[],"genre":"pop","debut":"1986-09","playlists":[],"artists":{"billy-joel":true},"scores":[0.2,0.482,0.62,0.74,0.71,0.6799999999999999,0.6199999999999999,0.5299999999999998,0.4099999999999997,0.25999999999999956,0.0799999999999994,0],"ascent":[0.2,0.482,0.62,0.74],"descent-weeks":8.168918918918916,"ascent-weeks":4.139189189189189,"peak":0.74}