{"title":"When You Close Your Eyes","instanceSlug":2803,"tags":[],"genre":"rock","debut":"1984-08","playlists":[],"artists":{"night-ranger":true},"scores":[0.062,0.2083,0.3129502216570068,0.35561236147633757,0.3574779635603355,0.3446276515977258,0.32891805429767385,0.31523776166182677,0.3,0.2847622383381732,0.25428671501451966,0.20857343002903933,0.14762238338173223,0.07143357507259834,0],"ascent":[0.062,0.2083,0.3129502216570068,0.35561236147633757,0.3574779635603355],"descent-weeks":10.964059491652874,"ascent-weeks":5.4395263995407745,"peak":0.3574779635603355}