{"title":"Sittin' in the Lap of Luxury","instanceSlug":2804,"tags":[],"parents":[],"genre":"pop","debut":"1990-06","playlists":["summer"],"ranks":[17,10,5,3.5,3.6,3.9,4.5],"artists":{"louie-louie":true},"scores":[0.055,0.232,0.463,0.582,0.573,0.546,0.498,0.44999999999999996,0.35399999999999987,0.20999999999999974,0.017999999999999572,0],"ascent":[0.055,0.232,0.463,0.582],"descent-weeks":8.327319587628866,"ascent-weeks":3.4329896907216493,"peak":0.582}