{"title":"Honey I'm Good","instanceSlug":2818,"tags":["#1","#1-rdwt40-hot-adult"],"genre":"pop","debut":"2015-04","playlists":["summer"],"artists":{"andy-grammar":true},"scores":[0.145,0.768,0.912,0.862,0.8119999999999999,0.7119999999999999,0.5619999999999997,0.36199999999999954,0.11199999999999932,0],"ascent":[0.145,0.768,0.912],"descent-weeks":7.128289473684207,"ascent-weeks":3.0016447368421053,"peak":0.912}