{"title":"Sensitivity","instanceSlug":2821,"tags":["#1","#1-r&b"],"parents":[],"genre":"soul","debut":"1990-12","playlists":[],"ranks":[12,2.9,2.1,1.9,1.85,1.97,2.25],"artists":{"ralph-tresvant":true},"scores":[0.232,0.968,0.956,0.925,0.89,0.856,0.807,0.802,0.792,0.777,0.757,0.732,0.702,0.667,0.627,0.582,0.532,0.477,0.417,0.352,0.282,0.207,0.127,0.042,0],"score":15.191861737628285,"debutScore":0.2920580700256191,"peakScore":0.8851727982162765,"duration":6}