{"title":"Fall Down","instanceSlug":2825,"tags":["#1","#1-modern-rock"],"parents":[],"genre":"pop","debut":"1994-08","playlists":[],"ranks":[],"artists":{"toad-the-wet-sprocket":true},"scores":[0.1625,0.4695,0.5,0.513,0.489,0.46499999999999997,0.4169999999999999,0.34499999999999986,0.24899999999999978,0.12899999999999967,0],"ascent":[0.1625,0.4695,0.5,0.513],"descent-weeks":7.622807017543856,"ascent-weeks":4.809941520467837,"peak":0.513}