{"title":"Jamie's Cryin'","instanceSlug":2828,"tags":[],"parents":[],"genre":"metal","debut":"1980s","playlists":[],"ranks":[],"artists":{"van-halen":true},"scores":[0.13216666666666668,0.365,0.4295,0.484,0.5005,0.491,0.48118,0.46154,0.43208,0.39280000000000004,0.3437,0.28478,0.21603999999999995,0.13747999999999994,0.049099999999999935,0],"ascent":[0.13216666666666668,0.365,0.4295,0.484,0.5005],"descent-weeks":11.359240759240762,"ascent-weeks":5.7277722277722285,"peak":0.5005}