{"title":"Man-Sized Love","instanceSlug":283,"tags":[],"genre":"dance","debut":"1986-08","playlists":[],"artists":{"klymaxx":true},"scores":[0.137,0.521,0.633,0.694,0.676,0.6580000000000001,0.6220000000000003,0.5680000000000006,0.496000000000001,0.40600000000000147,0.29800000000000204,0.1720000000000027,0.028000000000003467,0],"ascent":[0.137,0.521,0.633,0.694],"descent-weeks":9.981268011527401,"ascent-weeks":4.290345821325649,"peak":0.694}