{"title":"Heartbeat","instanceSlug":284,"tags":["heart"],"playlists":["summer"],"debut":"1986-08","ranks":[18,11,9,8,7.5,8.4],"artists":{"don-johnson":true},"scores":[0.036,0.2,0.267,0.306,0.328,0.29,0.25199999999999995,0.17599999999999988,0.06199999999999978,0],"ascent":[0.036,0.2,0.267,0.306,0.328],"descent-weeks":0.6319766260162599,"ascent-weeks":5.199695121951219,"peak":0.328}