{"title":"If I Had $1,000,000","instanceSlug":2844,"tags":[],"genre":"alternative-pop","debut":1993,"playlists":[],"artists":{"barenaked-ladies":true},"scores":[0.11375,0.35425,0.51,0.591,0.56125,0.565751,0.546,0.53225,0.51351,0.48975,0.461,0.42725,0.38851,0.34475,0.301,0.213,0.082],"score":6.964000000000001,"debutScore":0.12,"peakScore":0.689,"duration":4,"ascent":[0.11375,0.35425,0.51,0.591],"descent-weeks":15.271626903553301}