{"title":"Run Away","instanceSlug":2847,"tags":[],"parents":[],"genre":"dance","debut":"1995-03","playlists":[],"ranks":[],"artists":{"real-mccoy":true},"scores":[0.036,0.232,0.537,0.612,0.656,0.633,0.602,0.573,0.546,0.506,0.46599999999999997,0.3859999999999999,0.2659999999999998,0.10599999999999965,0],"ascent":[0.036,0.232,0.537,0.612,0.656],"descent-weeks":4.10233993902439,"ascent-weeks":4.740091463414633,"peak":0.656}