{"title":"Come and Get Your Love","instanceSlug":2848,"tags":[],"genres":["pop-rock","swamp-pop"],"debut":1974,"playlists":["remade"],"artists":{"redbone":true,"lolly-vegas":"writer"},"scores":[0.1,0.21,0.312951,0.35561236147633757,0.357477963561,0.3446276515977258,0.3289181,0.31523776166182677,0.31,0.28331,0.2643212411,0.2428924261,0.219594933345851,0.19466121,0.16856,0.14245878999999997,0.09025636999999995,0.011952739999999906,0],"ascent":[0.1,0.21,0.312951,0.35561236147633757,0.357477963561],"descent-weeks":3.518957622026751,"ascent-weeks":5.606113360366711,"peak":0.357477963561}