{"title":"Nothing My Love Can't Fix","instanceSlug":2856,"tags":[],"genre":"pop","debut":"1993-03","playlists":[],"artists":{"joey-lawrence":true},"scores":[0.351,0.768,0.81,0.84,0.85,0.86,0.84,0.82,0.7799999999999999,0.7199999999999999,0.6399999999999998,0.5399999999999997,0.4199999999999996,0.27999999999999947,0.11999999999999933,0],"ascent":[0.351,0.768,0.81,0.84,0.85,0.86],"descent-weeks":10.499999999999996,"ascent-weeks":7.8122093023255825,"peak":0.86}