{"title":"Deeper Shade of Soul","instanceSlug":2859,"tags":[],"genre":"latin","debut":"1991-02","playlists":[],"artists":{"urban-dance-squad":true},"scores":[0.27,0.67,0.7,0.73,0.75,0.74,0.67,0.6000000000000001,0.4600000000000002,0.25000000000000033,0],"ascent":[0.27,0.67,0.7,0.73,0.75],"descent-weeks":2.5408111111111116,"ascent-weeks":6.239999999999999,"peak":0.75}