{"title":"Money's Too Tight (to Mention)","instanceSlug":2864,"tags":[],"genre":"pop","debut":"1986-09","playlists":[],"artists":{"simply-red":true},"scores":[0.125,0.25,0.4,0.45,0.437,0.422,0.407,0.37699999999999995,0.3319999999999999,0.27199999999999985,0.1969999999999998,0.1069999999999997,0.001999999999999613,0],"ascent":[0.125,0.25,0.4,0.45],"descent-weeks":2.3512377777777753,"ascent-weeks":4.083333333333334,"peak":0.45}