{"title":"That's the Way I've Always Heard It Should Be","instanceSlug":2865,"tags":[],"parents":[],"genre":"pop","debut":1971,"playlists":[],"ranks":[],"artists":{"carly-simon":true},"scores":[0.097,0.278,0.484,0.546,0.602,0.592,0.58016,0.55648,0.52096,0.47359999999999997,0.4144,0.34336,0.26048,0.16575999999999996,0.05919999999999995,0],"ascent":[0.097,0.278,0.484,0.546,0.602],"descent-weeks":4.158230531561461,"ascent-weeks":5.000830564784054,"peak":0.602}