{"title":"That's the Way I've Always Heard It Should Be","instanceSlug":2865,"tags":[],"parents":[],"genre":"pop","debut":1971,"playlists":[],"ranks":[],"artists":{"carly-simon":true},"scores":[0.097,0.278,0.484,0.546,0.602,0.592,0.573,0.537,0.498,0.493,0.483,0.468,0.448,0.423,0.393,0.358,0.318,0.273,0.223,0.168,0.108,0.043],"score":9.634666666666666,"debutScore":0.21450000000000002,"peakScore":0.6908333333333333,"duration":6}