{"title":"Anticipation","instanceSlug":2866,"tags":[],"genre":"pop","debut":1972,"playlists":[],"artists":{"carly-simon":true},"scores":[0.09,0.325,0.47,0.51,0.53,0.51,0.49,0.44999999999999996,0.3899999999999999,0.30999999999999983,0.20999999999999974,0.08999999999999964,0],"ascent":[0.09,0.325,0.47,0.51,0.53],"descent-weeks":8.433962264150942}