{"title":"Haven't Got Time for the Pain","instanceSlug":2868,"tags":[],"parents":[],"genre":"pop","debut":1974,"playlists":[],"ranks":[],"artists":{"carly-simon":true},"scores":[0.25,0.51,0.62,0.64,0.63,0.6174,0.5922,0.5544,0.504,0.441,0.3654,0.2772,0.1764,0.063,0],"ascent":[0.25,0.51,0.62,0.64],"descent-weeks":4.355278776041664,"ascent-weeks":4.734375,"peak":0.64}