{"title":"Love Zone","instanceSlug":287,"tags":["#1","#1-r&b"],"parents":[],"genre":"urban","debut":"1986-08","playlists":[],"ranks":[15.9,9.3,5.4,5.5,7.5],"artists":{"billy-ocean":true},"scores":[0.077,0.256,0.437,0.431,0.328,0.22500000000000003,0.019000000000000072,0],"ascent":[0.077,0.256,0.437],"descent-weeks":0.6068649885583527,"ascent-weeks":2.6430205949656753,"peak":0.437}