{"title":"You Belong to Me","instanceSlug":2870,"tags":[],"genre":"pop","debut":"1978-05","playlists":[],"artists":{"carly-simon":true},"scores":[0.4,0.622,0.8,0.782,0.764,0.728,0.6739999999999999,0.6019999999999999,0.5119999999999998,0.4039999999999997,0.2779999999999996,0.13399999999999945,0],"ascent":[0.4,0.622,0.8],"descent-weeks":10.646249999999997,"ascent-weeks":3.41625,"peak":0.8}