{"title":"Jesse","instanceSlug":2871,"tags":[],"parents":[],"genre":"pop","debut":"1980-09","playlists":[],"ranks":[],"artists":{"carly-simon":true},"scores":[0.21451,0.53151,0.6726666666666667,0.691,0.677,0.6630000000000001,0.6350000000000003,0.5930000000000006,0.537000000000001,0.4670000000000015,0.3830000000000021,0.2850000000000028,0.1730000000000036,0.04700000000000448,0],"ascent":[0.21451,0.53151,0.6726666666666667,0.691],"descent-weeks":4.510346963338181,"ascent-weeks":4.579638205499277,"peak":0.691}