{"title":"Loves Me Like a Rock","instanceSlug":2875,"tags":["#1","#1-adult-contemporary","#2-hot-100"],"parents":[],"genre":"gospel","debut":1973,"playlists":[],"ranks":[],"artists":{"paul-simon":true,"dixie-hummingbirds":"backup"},"scores":[0.1018,0.2734,0.375,0.4408,0.4372,0.4176,0.409,0.398,0.382,0.36100000000000004,0.33499999999999996,0.304,0.26799999999999996,0.227,0.181,0.13,0.08399999999999999,0.0394,0.0108,0],"ascent":[0.1018,0.2734,0.375,0.4408],"descent-weeks":4.697669358741678,"ascent-weeks":4.052858439201452,"peak":0.4408}