{"title":"Baby Hold On","instanceSlug":2877,"tags":[],"parents":[],"genre":"rock","debut":"1978-04","playlists":[],"ranks":[],"artists":{"eddie-money":true},"scores":[0.145,0.346,0.546,0.752,0.73,0.708,0.6639999999999999,0.5979999999999999,0.5099999999999998,0.3999999999999997,0.26799999999999957,0.11399999999999944,0],"ascent":[0.145,0.346,0.546,0.752],"descent-weeks":9.462765957446805,"ascent-weeks":3.5684840425531914,"peak":0.752}