{"title":"I Wanna Go Back","instanceSlug":2879,"tags":["i-wanna","i-wanna-go"],"genre":"rock","debut":"1987-02","playlists":[],"artists":{"eddie-money":true},"scores":[0.2525,0.6265,0.65675,0.72075,0.71975,0.715,0.7,0.6849999999999999,0.6549999999999999,0.6099999999999999,0.5499999999999998,0.47499999999999976,0.3849999999999997,0.2799999999999996,0.15999999999999948,0.024999999999999356,0],"ascent":[0.2525,0.6265,0.65675,0.72075],"descent-weeks":6.902951612903222,"ascent-weeks":4.696149843912591,"peak":0.72075}