{"title":"Endless Nights","instanceSlug":2880,"tags":[],"parents":[],"genre":"pop","debut":"1987-06","playlists":["summer"],"ranks":[11.5,6,4,2,2.21],"artists":{"eddie-money":true},"scores":[0.185,0.402,0.537,0.768,0.735,0.702,0.6359999999999999,0.5369999999999998,0.4049999999999997,0.23999999999999955,0.04199999999999937,0],"ascent":[0.185,0.402,0.537,0.768],"descent-weeks":7.939453124999998,"ascent-weeks":3.6953125,"peak":0.768}