{"title":"Eres Tu (Touch the Wind)","instanceSlug":2883,"tags":[],"parents":[],"genre":"pop","debut":1974,"playlists":[],"ranks":[],"artists":{"mocedades":true},"scores":[0.1,0.21,0.31,0.341,0.339483741,0.31931445187447666,0.2887,0.25285,0.21700000000000003,0.14530000000000004,0.03775000000000006,0],"ascent":[0.1,0.21,0.31,0.341],"descent-weeks":8.539874748714707,"ascent-weeks":4.227272727272727,"peak":0.341}