{"title":"Day by Day","instanceSlug":2886,"tags":[],"parents":[],"genre":"rock","debut":"1986-02","playlists":[],"ranks":[],"artists":{"hooters":true},"scores":[0.1,0.21,0.312951,0.35561236147633757,0.357477963561,0.3445,0.33152203643899997,0.30556610931699996,0.26663221863399994,0.21472036438999992,0.1498305465849999,0.07196276521899986,0],"ascent":[0.1,0.21,0.312951,0.35561236147633757,0.357477963561],"descent-weeks":8.56924990760941,"ascent-weeks":5.606113360366711,"peak":0.357477963561}