{"title":"Suspicious Minds","instanceSlug":2889,"tags":[],"parents":[],"genre":"rock","debut":1989,"playlists":[],"ranks":[],"artists":{"fine-young-cannibals":true},"scores":[0.171,0.6,0.6679999999999999,0.71,0.681],"ascent":[0.171,0.6,0.6679999999999999,0.71],"descent-weeks":2.9387323943661974}