{"title":"Suspicious Minds","instanceSlug":2889,"tags":[],"parents":[],"genre":"rock","debut":1989,"playlists":[],"ranks":[],"artists":{"fine-young-cannibals":true},"scores":[0.171,0.6,0.6679999999999999,0.71,0.681,0.6520000000000001,0.5940000000000003,0.5070000000000006,0.3910000000000009,0.24600000000000133,0.07200000000000184,0],"ascent":[0.171,0.6,0.6679999999999999,0.71],"descent-weeks":2.714284741784043,"ascent-weeks":4.540140845070423,"peak":0.71}