{"title":"Rhythm Nation","instanceSlug":289,"tags":["#1","#1-r&b","sample"],"parents":[],"genre":"dance","debut":"1989-12","playlists":[],"ranks":[13,3,1.09,1.11,1.22,1.34,1.47,1.69],"artists":{"janet-jackson":true},"scores":[0.2,0.477,0.829,0.864,0.853,0.804,0.737,0.6699999999999999,0.5359999999999998,0.33499999999999963,0.0669999999999994,0],"ascent":[0.2,0.477,0.829,0.864],"descent-weeks":8.447916666666664,"ascent-weeks":4.114583333333334,"peak":0.864}