{"title":"One Thing","instanceSlug":2890,"tags":[],"parents":[],"genre":"rock","debut":2004,"playlists":[],"ranks":[14,7,3.5,2.2,2.45],"artists":{"finger-eleven":true},"scores":[0.12,0.351,0.582,0.737,0.701,0.6649999999999999,0.5929999999999999,0.48499999999999976,0.34099999999999964,0.16099999999999948,0],"ascent":[0.12,0.351,0.582,0.737],"descent-weeks":2.279178991406603,"ascent-weeks":3.64314789687924,"peak":0.737}