{"title":"Do You Feel Like We Do","instanceSlug":2908,"tags":[],"genre":"rock","debut":1976,"playlists":["live","vox"],"artists":{"peter-frampton":true},"scores":[0.062,0.2083,0.31295,0.3556,0.3575,0.3446,0.33170000000000005,0.3059000000000001,0.2672000000000002,0.21560000000000035,0.1511000000000005,0.07370000000000071,0],"ascent":[0.062,0.2083,0.31295,0.3556,0.3575],"descent-weeks":1.5956770734265755,"ascent-weeks":5.43923076923077,"peak":0.3575}