{"title":"Do You Feel Like We Do","instanceSlug":2908,"tags":[],"genre":"rock","debut":1976,"playlists":["live","vox"],"artists":{"peter-frampton":true},"scores":[0.062,0.2083,0.31295,0.3556,0.3575,0.3446],"ascent":[0.062,0.2083,0.31295,0.3556,0.3575],"descent-weeks":2.9458741258741257}