{"title":"Dance with My Father","instanceSlug":2914,"tags":["dance-with","my-father"],"parents":[],"genre":"soul","debut":2003,"playlists":[],"ranks":[],"artists":{"luther-vandross":true},"scores":[0.0575,0.16,0.24050000000000002,0.2955,0.2645,0.23049999999999998,0.22299999999999998,0.21050000000000002,0.193,0.17049999999999998,0.14300000000000002,0.1255,0.108,0.088,0.0655,0.0405,0.013],"ascent":[0.0575,0.16,0.24050000000000002,0.2955],"descent-weeks":11.020304568527923}