{"title":"The Power","instanceSlug":2936,"tags":[],"parents":[],"genre":"techno-dance","debut":"1990-06","playlists":["summer"],"ranks":[],"artists":{"snap":true},"scores":[0.055,0.323,0.431,0.47,0.447,0.415,0.306,0.301,0.291,0.276,0.256,0.231,0.201,0.166,0.126,0.081,0.031,0],"ascent":[0.055,0.323,0.431,0.47],"descent-weeks":11.482978723404257,"ascent-weeks":4.0819148936170215,"peak":0.47}