{"title":"Battlefield","instanceSlug":2947,"tags":[],"genre":"pop","debut":"2009","playlists":[],"artists":{"jordin-sparks":true},"scores":[0.1,0.21,0.313,0.3556,0.3575,0.3517794849499512,0.33461793979980475,0.30601536454956063,0.26597175919921895,0.21448712374877962,0.15156145819824274,0.07719476254760814,0.002828066896973541,0],"score":4.254613312277399,"debutScore":0.1,"peakScore":0.3575,"duration":5,"ascent":[0.1,0.21,0.313,0.3556,0.3575],"descent-weeks":8.651563468070513,"ascent-weeks":5.606013986013987,"peak":0.3575}