{"title":"Oops!... I Did It Again","instanceSlug":2951,"words":["oops"],"parents":[],"genre":"pop","debut":"2000-05","playlists":[],"ranks":[21,14,10,8,7,8.1],"artists":{"brittni-spears":true},"scores":[0.12,0.232,0.306,0.351,0.302,0.253,0.15500000000000003,0.008000000000000063,0],"ascent":[0.12,0.232,0.306,0.351],"descent-weeks":4.568376068376068,"ascent-weeks":4.311965811965812,"peak":0.351}