{"title":"Lucky","instanceSlug":2952,"tags":[],"parents":[],"genre":"pop","debut":"2000-09","playlists":[],"ranks":[],"artists":{"brittni-spears":true},"scores":[0.1325,0.317,0.487,0.5685,0.535,0.5015000000000001,0.4345000000000001,0.3340000000000002,0.2000000000000003,0.03250000000000042,0],"ascent":[0.1325,0.317,0.487,0.5685],"descent-weeks":6.875989445910292,"ascent-weeks":3.9709762532981525,"peak":0.5685}