{"title":"Womanizer","instanceSlug":2954,"tags":["#1","#1-hot-100"],"parents":[],"genre":"pop","debut":2008,"playlists":[],"ranks":[],"artists":{"brittni-spears":true},"scores":[0.0825,0.267,0.437,0.5185,0.485,0.4515,0.38450000000000006,0.28400000000000014,0.15000000000000024,0],"ascent":[0.0825,0.267,0.437,0.5185],"descent-weeks":1.3075730874316944,"ascent-weeks":3.775313404050145,"peak":0.5185}