{"title":"You Can't Deny It","instanceSlug":2955,"tags":["#1","#1-r&b"],"parents":[],"genre":"pop","debut":"1990-07","playlists":[],"ranks":[16,9.5,5.4,4.1,4.25,4.47,5.1],"artists":{"lisa-stansfield":true},"scores":[0.075,0.249,0.437,0.529,0.517,0.5,0.456,0.41200000000000003,0.32400000000000007,0.19200000000000012,0.01600000000000018,0],"ascent":[0.075,0.249,0.437,0.529],"descent-weeks":8.353497164461249,"ascent-weeks":3.6578449905482042,"peak":0.529}