{"title":"Moonlight Feels Right","instanceSlug":2958,"tags":[],"genre":"pop","debut":1976,"playlists":[],"artists":{"starbuck":true},"scores":[0.26,0.52,0.58,0.61,0.62,0.61,0.5978,0.5734,0.5368,0.48800000000000004,0.42700000000000005,0.35380000000000006,0.2684000000000001,0.17080000000000006,0.061000000000000054,0],"ascent":[0.26,0.52,0.58,0.61,0.62],"descent-weeks":11.387903225806449,"ascent-weeks":6.266129032258064,"peak":0.62}