{"title":"It Don't Come Easy","instanceSlug":2962,"tags":[],"genre":"pop","debut":1971,"playlists":[],"ranks":[19,10,6.1,5,5.2,5.7],"artists":{"ringo-starr":true,"badfinger":"backup"},"scores":[0.018,0.232,0.397,0.463,0.45,0.419,0.38799999999999996,0.3259999999999999,0.23299999999999982,0.10899999999999971,0],"ascent":[0.018,0.232,0.397,0.463],"descent-weeks":7.736501079913603,"ascent-weeks":3.5961123110151187,"peak":0.463}