{"title":"No No Song","instanceSlug":2966,"tags":[],"genre":"pop","debut":1975,"playlists":[],"ranks":[18,10.5,6.9,5.4,5,5.2,5.7],"artists":{"ringo-starr":true,"nilsson":"backup"},"scores":[0.036,0.216,0.356,0.437,0.463,0.45,0.419,0.38799999999999996,0.3259999999999999,0.23299999999999982,0.10899999999999971,0],"ascent":[0.036,0.216,0.356,0.437,0.463],"descent-weeks":7.736501079913603}