{"title":"Medley","instanceSlug":2967,"tags":["#1","#1-hot-100"],"genre":"dance","debut":"1981-05","playlists":[],"artists":{"stars-on-45":true},"scores":[0.393,0.815,0.882,0.85,0.818,0.7539999999999999,0.6579999999999998,0.5299999999999997,0.36999999999999955,0.17799999999999938,0],"ascent":[0.393,0.815,0.882],"descent-weeks":8.571428571428566,"ascent-weeks":3.5544217687074826,"peak":0.882}