{"title":"Stuck in the Middle With You","instanceSlug":2969,"tags":[],"parents":[],"genre":"rock","debut":1973,"playlists":[],"ranks":[],"artists":{"stealers-wheel":true,"gerry-rafferty":"member"},"scores":[0.15,0.24,0.27,0.3,0.31,0.25,0.245,0.235,0.22,0.2,0.175,0.145,0.11,0.07,0.025,0],"ascent":[0.15,0.24,0.27,0.3,0.31],"descent-weeks":1.736875,"ascent-weeks":6.145161290322581,"peak":0.31}