{"title":"Do It Again","instanceSlug":2970,"tags":[],"genre":"soft-rock","debut":1972,"playlists":[],"artists":{"steely-dan":true,"donald-fagen":"lead"},"scores":[0.11661,0.4234,0.4888,0.5988,0.581,0.5688,0.5548,0.53781,0.51621,0.48819999999999997,0.458,0.42331,0.394,0.3611,0.3243,0.2836,0.24290000000000006,0.16150000000000014,0.03940000000000027,0],"ascent":[0.11661,0.4234,0.4888,0.5988],"descent-weeks":16.367059118236476,"ascent-weeks":4.077179358717435,"peak":0.5988}