{"title":"Crazycool","instanceSlug":298,"tags":["cool","crazy"],"genre":"pop","debut":"1995-09","playlists":[],"artists":{"paula-abdul":true},"scores":[0.2,0.408,0.612,0.823,0.789,0.7550000000000001,0.6870000000000003,0.5850000000000005,0.44900000000000084,0.27900000000000125,0.07500000000000173,0],"ascent":[0.2,0.408,0.612,0.823],"descent-weeks":2.9168053867962787,"ascent-weeks":3.7235722964763065,"peak":0.823}