{"title":"Please Don't Go","instanceSlug":2987,"tags":[],"parents":[],"genre":"dance","debut":"1997-05","playlists":["summer"],"ranks":[18,11,8,7.1,6.5,7.2],"artists":{"no-mercy":true},"scores":[0.036,0.2,0.306,0.346,0.376,0.341,0.30600000000000005,0.2360000000000001,0.13100000000000017,0],"ascent":[0.036,0.2,0.306,0.346,0.376],"descent-weeks":0.8176108156028374,"ascent-weeks":5.042553191489361,"peak":0.376}