{"title":"I Write the Songs","instanceSlug":2989,"tags":["#1","#1-adult-contemporary","#1-hit-100"],"parents":[],"genre":"adult-contemporary","debut":1976,"playlists":[],"ranks":[],"artists":{"barry-manilow":true},"scores":[0.05,0.272,0.471,0.492,0.5,0.49,0.48,0.45999999999999996,0.42999999999999994,0.3899999999999999,0.33999999999999986,0.2799999999999998,0.20999999999999974,0.12999999999999967,0.03999999999999959,0],"ascent":[0.05,0.272,0.471,0.492,0.5],"descent-weeks":11.249999999999996}