{"title":"Centuries","instanceSlug":3001,"tags":[],"genre":"pop","debut":2015,"playlists":[],"artists":{"fallout-boy":true},"scores":[0.1,0.507,0.844,0.829,0.8124199999999999,0.77926,0.72952,0.6631999999999999,0.5802999999999999,0.4808199999999999,0.3647599999999999,0.2321199999999999,0.08289999999999989,0],"ascent":[0.1,0.507,0.844],"descent-weeks":11.371386255924168}