{"title":"Ghost Town","instanceSlug":3006,"tags":[],"parents":[],"genre":"pop","debut":"2015-06","playlists":[],"ranks":[14,4,1.5,1.67,1.89],"artists":{"adam-lambert":true},"scores":[0.12,0.537,0.864,0.829,0.787,0.7450000000000001,0.6610000000000003,0.5350000000000005,0.36700000000000077,0.15700000000000114,0],"ascent":[0.12,0.537,0.864],"descent-weeks":8.585069444444448,"ascent-weeks":2.640625,"peak":0.864}