{"title":"Call Me Maybe","instanceSlug":3013,"tags":["#1","#1-rdwt40-hot-adult"],"parents":[],"genre":"pop","debut":2012,"playlists":[],"ranks":[15,5,2.5,2.65,3.1],"artists":{"carl":true},"scores":[0.097,0.463,0.694,0.675,0.622,0.569,0.46299999999999986,0.3039999999999997,0.09199999999999953,0],"ascent":[0.097,0.463,0.694],"descent-weeks":1.9184662584053789,"ascent-weeks":2.710374639769453,"peak":0.694}