{"title":"Demons","instanceSlug":3015,"tags":["#1","#1-rdwt40-hot-adult"],"parents":[],"genre":"pop","debut":"2010s","playlists":[],"ranks":[],"artists":{"imagine-dragons":true},"scores":[0.08313024641213106,0.14041339985744833,0.21120363361090083,0.2068185246643536,0.20336943441636585,0.19836943441636584,0.18836943441636583,0.17336943441636582,0.15336943441636583,0.12836943441636584,0.09836943441636584,0.06336943441636583,0.023369434416365832,0],"ascent":[0.08313024641213106,0.14041339985744833,0.21120363361090083],"descent-weeks":11.706809015364433,"ascent-weeks":3.0876406275382493,"peak":0.21120363361090083}