{"title":"I'm Yours","instanceSlug":3020,"tags":["#1","#1-rdwt40-hot-adult"],"genre":"pop","debut":"2000s","playlists":[],"ranks":[],"artists":{"jason-mraz":true},"scores":[0.09,0.35,0.49,0.4825,0.4725,0.46249999999999997,0.44249999999999995,0.4124999999999999,0.3724999999999999,0.32249999999999984,0.2624999999999998,0.19249999999999973,0.11249999999999966,0.022499999999999576,0],"ascent":[0.09,0.35,0.49],"descent-weeks":3.426263818027209,"ascent-weeks":2.8469387755102042,"peak":0.49}