{"title":"Remedy","instanceSlug":3021,"tags":[],"genre":"pop","debut":2002,"playlists":["summer"],"artists":{"jason-mraz":true},"scores":[0.5,1,0.97,0.94,0.91,0.88,0.85,0.7899999999999999,0.6999999999999998,0.5799999999999997,0.4299999999999996,0.24999999999999944,0.03999999999999926,0],"ascent":[0.5,1],"descent-weeks":6.838799999999997,"ascent-weeks":2.25,"peak":1}