{"title":"Just Give Me a Reason","instanceSlug":3022,"tags":["#1","#1-rdwt40-hot-adult"],"parents":[],"genre":"pop","debut":2014,"playlists":[],"ranks":[],"artists":{"pink":true,"nate-russ":true},"scores":[0.050972149238045196,0.16144018583042974,0.30123617436564737,0.31926121372031663,0.2315270935960591,0.1437929734718016,0],"ascent":[0.050972149238045196,0.16144018583042974,0.30123617436564737,0.31926121372031663],"descent-weeks":0.276932757126876,"ascent-weeks":3.913298988539657,"peak":0.31926121372031663}