{"title":"Just the Way You Are","instanceSlug":3025,"tags":["#1","#1-rdwt40-hot-adult"],"genre":"pop","debut":"2010s","playlists":[],"artists":{"bruno-mars":true},"scores":[0.22966666666666669,0.4856666666666667,0.6983333333333334,0.6586666666666666,0.639,0.6193333333333334,0.5800000000000002,0.5210000000000004,0.4423333333333339,0.34400000000000086,0.2260000000000012,0.08833333333333493,0],"ascent":[0.22966666666666669,0.4856666666666667,0.6983333333333334],"descent-weeks":10.346778042959436,"ascent-weeks":3.036515513126492,"peak":0.6983333333333334}