{"title":"Mirrors","instanceSlug":3028,"tags":["#1","#1-rdwt40-hot-adult"],"parents":[],"genre":"pop","debut":"2010s","playlists":[],"ranks":[],"artists":{"justin-timberlake":true},"scores":[0.1411666666666667,0.45883333333333337,0.5984999999999999,0.6573333333333333,0.6701666666666667,0.6603333333333333,0.6335,0.6066666666666666,0.5529999999999998,0.4724999999999997,0.3651666666666662,0.23099999999999932,0.06999999999999906,0],"ascent":[0.1411666666666667,0.45883333333333337,0.5984999999999999,0.6573333333333333,0.6701666666666667],"descent-weeks":3.5978785680731673,"ascent-weeks":5.653817458343696,"peak":0.6701666666666667}