{"title":"Set Fire to the Rain","instanceSlug":3034,"tags":["#1","#1-rdwt40-hot-adult"],"parents":[],"genre":"pop","debut":"2010s","playlists":["ballad"],"ranks":[20,14,10,8,6,6.7],"artists":{"adele":true},"scores":[0.12,0.232,0.306,0.402,0.365,0.32799999999999996,0.2539999999999999,0.1429999999999998,0],"ascent":[0.12,0.232,0.306,0.402],"descent-weeks":5.567164179104476,"ascent-weeks":3.955223880597015,"peak":0.402}