{"title":"Stronger","instanceSlug":3037,"tags":["#1","#1-rdwt40-hot-adult"],"parents":[],"genre":"pop","debut":"2000s","playlists":[],"ranks":[],"artists":{"kelly-clarkson":true},"scores":[0.21,0.577,0.808,0.8,0.784,0.752,0.704,0.6399999999999999,0.5599999999999999,0.46399999999999997,0.352,0.22399999999999998,0.07999999999999996,0],"ascent":[0.21,0.577,0.808],"descent-weeks":4.938344059405938,"ascent-weeks":2.961014851485148,"peak":0.808}