{"title":"Team","instanceSlug":3038,"tags":["#1","#1-rdwt40-hot-adult"],"parents":[],"genre":"pop","debut":2013,"playlists":[],"ranks":[],"artists":{"lorde":true},"scores":[0.077,0.26,0.444,0.491,0.386,0.381,0.371,0.356,0.336,0.311,0.281,0.246,0.206,0.161,0.111,0.056,0.0010000000000000009,0],"ascent":[0.077,0.26,0.444,0.491],"descent-weeks":11.285132382892057}