{"title":"When I Was Your Man","instanceSlug":3041,"tags":["#1","#1-rdwt40-hot-adult","breakup","feb13","lost-love"],"genre":"pop","debut":"2010s","playlists":["ballad"],"artists":{"bruno-mars":true},"scores":[0.23,0.486,0.7,0.66,0.639,0.618,0.576,0.5129999999999999,0.4289999999999998,0.32399999999999973,0.19799999999999962,0.05099999999999949,0],"ascent":[0.23,0.486,0.7],"descent-weeks":3.4323561904761895,"ascent-weeks":3.034285714285714,"peak":0.7}