{"title":"House of Stone and Light","instanceSlug":3045,"tags":[],"genre":"pop","debut":"1995-06","playlists":["summer"],"artists":{"martin-page":true},"scores":[0.125,0.352,0.504,0.566,0.571,0.557,0.5430000000000001,0.5150000000000003,0.47300000000000064,0.41700000000000104,0.34700000000000153,0.2630000000000021,0.1650000000000028,0.0530000000000036,0],"ascent":[0.125,0.352,0.504,0.566,0.571],"descent-weeks":3.431098657326347,"ascent-weeks":5.563922942206655,"peak":0.571}