{"title":"Lay Your Hands on Me","instanceSlug":3048,"tags":[],"genre":"rock","debut":"1989-07","playlists":["summer"],"artists":{"bon-jovi":true},"scores":[0.06,0.37,0.54,0.62,0.65,0.66,0.65,0.637,0.611,0.572,0.5199999999999999,0.4549999999999999,0.3769999999999999,0.2859999999999999,0.18199999999999994,0.06499999999999995,0],"ascent":[0.06,0.37,0.54,0.62,0.65,0.66],"descent-weeks":5.0118339646464625,"ascent-weeks":6.59090909090909,"peak":0.66}