{"title":"Please Don't Leave Me","instanceSlug":"3055","tags":[],"parents":[],"genre":"pop","debut":2009,"playlists":[],"ranks":[],"artists":{"pink":true},"scores":[0.1,0.21,0.312951,0.35561236147633757,0.357477963561,0.3555861689158457,0.3499107849803828,0.34045181175461137,0.32720924923853134,0.3101830974321427,0.2893733563354455,0.2647800259484397,0.23640310627112535,0.2042425973035024,0.1682984990455709,0.12857081149733074,0.08505953465878206,0.037764668529924744,0],"score":2.8626689766350637,"debutScore":0.1,"peakScore":0.357477963561,"duration":3,"ascent":[0.1,0.21,0.312951,0.35561236147633757,0.357477963561],"descent-weeks":14.498704931568552}