{"title":"Hypnotize Me","instanceSlug":3063,"tags":[],"genre":"pop","debut":"1987-07","playlists":["summer"],"artists":{"wang-chung":true},"scores":[0.1335,0.4465,0.65,0.67,0.66,0.6468,0.6204000000000001,0.5808000000000001,0.5280000000000001,0.46200000000000013,0.38280000000000014,0.2904000000000001,0.18480000000000008,0.06600000000000006,0],"ascent":[0.1335,0.4465,0.65,0.67],"descent-weeks":11.4,"ascent-weeks":4.253731343283581,"peak":0.67}