{"title":"Want to Want You","instanceSlug":3066,"tags":[],"parents":[],"genre":"pop","debut":"2015-06","playlists":[],"ranks":[],"artists":{"jason-derulo":true},"scores":[0.1535,0.24625,0.34875,0.34275,0.335895,0.322185,0.30162,0.2742,0.239925,0.198795,0.15081,0.09597,0.034275,0],"ascent":[0.1535,0.24625,0.34875],"descent-weeks":11.377096774193548,"ascent-weeks":3.2193548387096773,"peak":0.34875}