{"title":"Cecilia and the Satellite","instanceSlug":3067,"tags":[],"parents":[],"genre":"pop","debut":"2015-08","playlists":[],"ranks":[18,15,7,3,3.25],"artists":{"andrew-mcmahon-in-the-wilderness":true},"scores":[0.036,0.097,0.351,0.633,0.607,0.581,0.5289999999999999,0.45099999999999985,0.34699999999999975,0.21699999999999964,0.0609999999999995,0],"ascent":[0.036,0.097,0.351,0.633],"descent-weeks":8.11848341232227,"ascent-weeks":2.646919431279621,"peak":0.633}