{"title":"Renegades","instanceSlug":3068,"tags":[],"parents":[],"genre":"pop","debut":"2015-08","playlists":[],"ranks":[],"artists":{"x-ambassadors":true},"scores":[0.11,0.5,0.757,0.737,0.717,0.6769999999999999,0.6169999999999999,0.5369999999999998,0.4369999999999997,0.3169999999999996,0.1769999999999995,0.01699999999999935,0],"ascent":[0.11,0.5,0.757],"descent-weeks":3.492011228533682,"ascent-weeks":2.7087186261558784,"peak":0.757}