{"title":"I Wanna Be The One","instanceSlug":308,"tags":["i-want","the-one","want"],"parents":[],"genre":"dance","debut":1990,"playlists":[],"ranks":[10,5.2,2.7,1.4,1.1,1.5,2,2.6,3.5,4.7,6.3],"artists":{"stevie-b":true},"scores":[0.232,0.45,0.668,0.887,0.968,0.864,0.768,0.681,0.582,0.484,0.386,0.28800000000000003,0.09200000000000008,0],"ascent":[0.232,0.45,0.668,0.887,0.968],"descent-weeks":3.661323519283746,"ascent-weeks":4.966425619834711,"peak":0.968}