{"title":"I Love You Always Forever","instanceSlug":31,"tags":["i-love-you"],"playlists":["summer"],"genre":"pop","debut":"1996-08","ranks":[15,6.6,3.7,2.4,2.7],"artists":{"donna-lewis":true},"scores":[0.097,0.37,0.563,0.708,0.668,0.6280000000000001,0.5480000000000003,0.4280000000000005,0.2680000000000008,0.06800000000000117,0],"ascent":[0.097,0.37,0.563,0.708],"descent-weeks":7.025423728813565,"ascent-weeks":3.682203389830508,"peak":0.708}