{"title":"It's Not Enough","instanceSlug":310,"tags":[],"parents":[],"genre":"pop","debut":"1989-09","playlists":[],"artists":{"starship":true},"scores":[0.208,0.519,0.794,0.778,0.757,0.736,0.694,0.6309999999999999,0.5469999999999998,0.4419999999999997,0.3159999999999996,0.16899999999999948,0.0009999999999993348,0],"ascent":[0.208,0.519,0.794],"descent-weeks":4.546482997481105,"ascent-weeks":2.8734256926952138,"peak":0.794}