{"title":"Roni","instanceSlug":311,"tags":[],"parents":[],"genre":"soul","debut":"1989-02","playlists":[],"ranks":[12.8,4,1.1,1.25,1.4,1.6,1.85,2.2],"artists":{"bobby-brown":true},"scores":[0.2608695652173913,0.6987638256343527,0.983739837398374,0.961038961038961,0.9401165871754107,0.9148128052088985,0.8851727982162765,0.8485895221646517,0.8095238095238095,0.722860791826309,0.5663082437275986,0.28620394173093405,0],"score":7.649000000000001,"debutScore":0.15,"peakScore":0.968,"duration":3}