{"title":"Love Will Never Do (Without You)","instanceSlug":312,"tags":[],"parents":[],"genre":"pop","debut":"1990-12","playlists":[],"ranks":[11,4.8,1.67,1.5,1.55,1.8,2.2],"artists":{"janet-jackson":true},"scores":[0.18181818181818182,0.7499999999999999,0.888888888888889,0.9270386266094421,0.9065062875888463,0.8681380871533674,0.8649262202043133,0.8584474885844748,0.8485895221646517,0.8351776354105999,0.817966903073286,0.7966305655836342,0.7707437000614629,0.7397605545053559,0.7029831387808042,0.6595174262734584,0.6082115518441197,0.5475671750181554,0.47560975609756095,0.3896940418679549,0.28620394173093405,0.16007359705611776,0.003992015968063872,0],"score":14.106,"debutScore":0.463,"peakScore":0.912,"duration":6}