{"title":"Angel","instanceSlug":316,"tags":[],"parents":[],"genre":"rock","debut":"1988-03","playlists":["ballad"],"ranks":[],"artists":{"aerosmith":true},"scores":[0.092,0.302,0.472,0.5438,0.5025,0.46119999999999994,0.37859999999999994,0.2546999999999999,0.08949999999999991,0],"ascent":[0.092,0.302,0.472,0.5438],"descent-weeks":1.2441024626088018,"ascent-weeks":3.88874586244943,"peak":0.5438}