{"title":"Living in a Box","instanceSlug":317,"tags":["box","live","living-in"],"genre":"pop","debut":"1987-08","playlists":[],"artists":{"living-in-a-box":true},"scores":[0.512,0.776,0.904,0.893,0.882,0.86436,0.82908,0.7761600000000001,0.7056000000000001,0.6174000000000002,0.5115600000000001,0.3880800000000001,0.2469600000000001,0.08820000000000011,0],"ascent":[0.512,0.776,0.904],"descent-weeks":12.787168141592923,"ascent-weeks":3.6371681415929205,"peak":0.904}