{"title":"Straight Up","instanceSlug":319,"tags":[],"parents":[],"genre":"pop","debut":"1989-01","playlists":[],"ranks":[17.6,8.6,6.6,5.9,6.1,6.8],"artists":{"paula-abdul":true},"scores":[0.044,0.282,0.37,0.408,0.397,0.361,0.32499999999999996,0.2529999999999999,0.1449999999999998,0.0009999999999996678,0],"ascent":[0.044,0.282,0.37,0.408],"descent-weeks":6.948529411764704,"ascent-weeks":4.0588235294117645,"peak":0.408}