{"title":"Evenflow","instanceSlug":32,"genre":"grunge","tags":[],"debut":"1990s","ranks":[15,6,4.4,3,2.8,2.95,3.35],"artists":{"pearl-jam":true},"scores":[0.097,0.402,0.506,0.633,0.656,0.639,0.597,0.5549999999999999,0.47099999999999986,0.34499999999999975,0.1769999999999996,0],"ascent":[0.097,0.402,0.506,0.633,0.656],"descent-weeks":2.5057113821138204,"ascent-weeks":5.245426829268292,"peak":0.656}