{"title":"Mony Mony","instanceSlug":321,"tags":["#1","#1-hot-100"],"parents":[],"genre":"pop","debut":"1987-10","playlists":[],"ranks":[21,15,12,10.4,9.6,9,10.2],"artists":{"billy-idol":true},"scores":[0.097,0.171,0.219,0.246,0.267,0.225,0.183,0.09899999999999998,0],"ascent":[0.097,0.171,0.219,0.246,0.267],"descent-weeks":4.348314606741573,"ascent-weeks":5.617977528089887,"peak":0.267}