{"title":"China Girl","instanceSlug":329,"tags":[],"parents":[],"genre":"pop","debut":"1983-07","playlists":[],"ranks":[18,11.7,6.8,6.2,5.9,6.47],"artists":{"david-bowie":true},"scores":[0.036,0.18,0.361,0.391,0.408,0.377,0.34600000000000003,0.2840000000000001,0.19100000000000017,0.06700000000000028,0],"ascent":[0.036,0.18,0.361,0.391,0.408],"descent-weeks":6.15073529411765,"ascent-weeks":5.058823529411765,"peak":0.408}