{"title":"Ants Marching","instanceSlug":331,"tags":[],"parents":[],"genre":"pop","debut":"1995-10","playlists":["animals"],"ranks":[17,9.5,7.5,6.5,5.5,5.8,6.5,7.7],"artists":{"dave-matthews-band":true},"scores":[0.055,0.249,0.328,0.376,0.431,0.414,0.376,0.319,0.262,0.14800000000000002,0],"ascent":[0.055,0.249,0.328,0.376,0.431],"descent-weeks":6.786542923433876,"ascent-weeks":5.008120649651972,"peak":0.431}