{"title":"Fantasy","instanceSlug":333,"tags":[],"parents":[],"genre":"pop","debut":"1995-09","playlists":[],"ranks":[],"artists":{"mariah-carey":true},"scores":[0.125,0.25,0.39,0.51,0.55,0.52,0.49,0.42999999999999994,0.33999999999999986,0.21999999999999975,0.06999999999999962,0],"ascent":[0.125,0.25,0.39,0.51,0.55],"descent-weeks":1.7645303030303021,"ascent-weeks":4.977272727272727,"peak":0.55}