{"title":"Beautiful Stranger","instanceSlug":334,"tags":[],"parents":[],"genre":"pop","debut":"1999-07","source":"austin-powers-2","playlists":["summer"],"ranks":[10,2.7,1.41,1.1,1.21,1.6],"artists":{"madonna":true},"scores":[0.232,0.668,0.885,0.968,0.9525797303431952,0.906318921372781,0.8292175730887573,0.7212756854911242,0.5824932585798815,0.4128702923550295,0.21240678681656802],"score":6.131,"debutScore":0.232,"peakScore":0.968,"duration":3,"ascent":[0.232,0.668,0.885,0.968],"descent-weeks":8.654693566189055}