{"title":"Back for Good","instanceSlug":336,"tags":["back","good"],"parents":[],"genre":"pop","debut":"1995-09","playlists":[],"ranks":[19,16,14,13,15],"artists":{"take-that":true},"scores":[0.018,0.075,0.12,0.145,0.097,0.049000000000000016,0],"ascent":[0.018,0.075,0.12,0.145],"descent-weeks":0.10853965517241379,"ascent-weeks":3.7034482758620686,"peak":0.145}