{"title":"Total Eclipse of the Heart","instanceSlug":338,"tags":[],"playlists":["summer"],"genre":"dance","debut":"1995-08","remake":true,"artists":{"nikki-french":true},"scores":[0.075,0.232,0.306,0.402,0.402,0.463,0.351,0.315,0.282,0.246,0.21000000000000002,0.13800000000000007,0.030000000000000138,0],"ascent":[0.075,0.232,0.306,0.402,0.402,0.463],"descent-weeks":6.592872570194384,"ascent-weeks":6.090712742980562,"peak":0.463}