{"title":"One of Them Days","instanceSlug":340,"tags":[],"playlists":[],"artists":{"monica":true},"scores":[0.17938857911941,0.32245381,0.43525231,0.47,0.48,0.465,0.45000000000000007,0.42000000000000015,0.3750000000000003,0.31500000000000045,0.24000000000000066,0.1500000000000009,0.045000000000001206,0],"ascent":[0.17938857911941,0.32245381,0.43525231,0.47,0.48],"descent-weeks":2.46382958600887,"ascent-weeks":5.897170934748156,"peak":0.48}