{"title":"One of Them Days","instanceSlug":340,"tags":[],"playlists":[],"artists":{"monica":true},"scores":[0.17938857911941,0.32245381,0.43525231,0.47,0.48,0.465],"ascent":[0.17938857911941,0.32245381,0.43525231,0.47,0.48],"descent-weeks":2.9531250000000004}