{"title":"Is It Love","instanceSlug":344,"tags":["is-it"],"genre":"rock","debut":"1986-04","playlists":[],"artists":{"mister-mister":true},"scores":[0.476,1,0.96,0.92,0.88,0.84,0.7599999999999999,0.6399999999999998,0.47999999999999965,0.27999999999999947,0.03999999999999926,0],"ascent":[0.476,1],"descent-weeks":4.689733333333329,"ascent-weeks":2.214,"peak":1}