{"title":"If I Could Fall in Love","instanceSlug":348,"tags":[],"parents":[],"genre":"pop","debut":"1995-08","playlists":["ballad"],"ranks":[],"artists":{"selena":true},"scores":[0.097,0.306,0.463,0.546,0.612,0.592,0.572,0.5319999999999999,0.47199999999999986,0.3919999999999998,0.2919999999999997,0.1719999999999996,0.03199999999999947,0],"ascent":[0.097,0.306,0.463,0.546,0.612],"descent-weeks":2.8428997821350754,"ascent-weeks":4.96078431372549,"peak":0.612}