{"title":"You Are Not Alone","instanceSlug":349,"tags":["alone","not","you-are"],"parents":[],"genre":"pop","debut":"1995-09","playlists":[],"ranks":[17,11,7.5,4.2,3.25,3.45,3.66,3.91,4.4],"artists":{"michael-jackson":true},"scores":[0.12,0.537,0.694,0.682,0.622,0.5619999999999999,0.44199999999999984,0.2619999999999997,0.021999999999999464,0],"ascent":[0.12,0.537,0.694],"descent-weeks":1.8296328049951955,"ascent-weeks":2.920028818443804,"peak":0.694}