{"title":"Jeremy","instanceSlug":35,"tags":[],"parents":[],"ranks":[],"artists":{"pearl-jam":true},"scores":[0.076,0.2935,0.4435,0.5365,0.573,0.5695,0.5335,0.5285,0.5185,0.5035,0.48350000000000004,0.4585,0.4285,0.3935,0.3535,0.3085,0.2585,0.20350000000000001,0.1435,0.07849999999999999,0.036,0]}