{"title":"I Can Love You Like That","instanceSlug":350,"tags":["i","i-can","like","love","love-you","that","you"],"parents":[],"genre":"soul","debut":"1995-05","playlists":[],"ranks":[12,1.5,1.62],"artists":{"all-4-one":true},"scores":[0.463,0.768,0.84,0.85,0.86,0.84,0.82,0.7999999999999999,0.7599999999999999,0.6999999999999998,0.6199999999999998,0.5199999999999997,0.3999999999999996,0.25999999999999945,0.09999999999999931,0],"ascent":[0.463,0.768,0.84,0.85,0.86],"descent-weeks":11.651162790697672,"ascent-weeks":6.594767441860466,"peak":0.86}