{"title":"If","instanceSlug":351,"tags":[],"parents":[],"genre":"dance","debut":"1993-08","playlists":[],"artists":{"janet-jackson":true},"scores":[0.065,0.371,0.51,0.52,0.53,0.51,0.49,0.44999999999999996,0.3899999999999999,0.30999999999999983,0.20999999999999974,0.08999999999999964,0],"ascent":[0.065,0.371,0.51,0.52,0.53],"descent-weeks":8.433962264150942,"ascent-weeks":5.649056603773584,"peak":0.53}