{"title":"Hold Me 'Til the Morning Comes","instanceSlug":352,"tags":[],"parents":[],"genre":"pop","debut":"1983-09","playlists":[],"ranks":[17,11,8,5,6],"artists":{"paul-anka":true,"peter-cetera":true},"scores":[0.055,0.2,0.306,0.463,0.402,0.341,0.21900000000000003,0.03600000000000003,0],"ascent":[0.055,0.2,0.306,0.463],"descent-weeks":0.6534530237580992,"ascent-weeks":3.3174946004319654,"peak":0.463}