{"title":"Rock of Ages","instanceSlug":354,"tags":["#1","#1-mainstream-rock"],"parents":[],"genre":"metal","debut":"1983-07","playlists":[],"ranks":[17,11.9,8.5,6.6,5.6,5.2,5.9],"artists":{"def-leppard":true},"scores":[0.055,0.174,0.286,0.37,0.425,0.45,0.408,0.36599999999999994,0.28199999999999986,0.15599999999999975,0],"ascent":[0.055,0.174,0.286,0.37,0.425,0.45],"descent-weeks":1.053215555555555,"ascent-weeks":5.866666666666666,"peak":0.45}