{"title":"Tell Her No","instanceSlug":356,"tags":["tell-her"],"playlists":["summer"],"remake":true,"genre":"pop","debut":"1983-09","ranks":[],"artists":{"juice-newton":true},"scores":[0.191,0.452,0.629,0.683,0.681,0.686,0.67,0.654,0.622,0.574,0.5099999999999999,0.4299999999999998,0.33399999999999974,0.22199999999999964,0.09399999999999953,0],"ascent":[0.191,0.452,0.629,0.683,0.681,0.686],"descent-weeks":4.7295830903790055,"ascent-weeks":7.263848396501458,"peak":0.686}