{"title":"Big Log","instanceSlug":357,"tags":[],"parents":[],"genre":"rock","debut":"1983-09","playlists":[],"ranks":[13.9,4.7,2.5,2.2,4],"artists":{"robert-plant":true},"scores":[0.122,0.484,0.694,0.737,0.537,0.3370000000000001,0],"ascent":[0.122,0.484,0.694,0.737],"descent-weeks":0.6645101763907735,"ascent-weeks":4.145861601085482,"peak":0.737}