{"title":"Lady Love Me","instanceSlug":358,"tags":[],"parents":[],"playlists":[],"ranks":[],"artists":{"george-benson":true},"scores":[0.36,0.61,0.67,0.71,0.73,0.71,0.7,0.6859999999999999,0.6579999999999999,0.6159999999999999,0.5599999999999998,0.4899999999999998,0.4059999999999998,0.30799999999999983,0.19599999999999984,0.06999999999999984,0],"ascent":[0.36,0.61,0.67,0.71,0.73],"descent-weeks":6.444897260273971,"ascent-weeks":6.328767123287672,"peak":0.73}