{"title":"Naked","instanceSlug":37,"tags":[],"parents":[],"ranks":[],"artists":{"goo-goo-dolls":true},"scores":[0.1,0.218,0.353,0.4295,0.421,0.4275,0.4275,0.411,0.3975,0.38,0.3575,0.33499999999999996,0.2899999999999999,0.22249999999999986,0.13249999999999978,0.019999999999999685,0],"ascent":[0.1,0.218,0.353,0.4295],"descent-weeks":4.414828870779973,"ascent-weeks":3.8434225844004657,"peak":0.4295}