{"title":"Macho Man","instanceSlug":375,"tags":["disco","macho","man"],"parents":[],"genre":"disco","debut":"1978-08","playlists":[],"ranks":[15,8.7,5,4.7,6.5,8.9,12.2],"artists":{"village-people":true},"scores":[0.097,0.278,0.463,0.484,0.376,0.271,0.166,0.061,0],"ascent":[0.097,0.278,0.463,0.484],"descent-weeks":0.626625344352617,"ascent-weeks":4.097107438016529,"peak":0.484}