{"title":"Sweet Dreams","instanceSlug":377,"tags":["dream","sweet","sweet-dreams"],"parents":[],"genre":"pop","debut":"1996-09","playlists":[],"ranks":[13,7.4,4.2,3.3,3.5,3.9,4.52],"artists":{"la-bouche":true},"scores":[0.145,0.332,0.521,0.602,0.582,0.546,0.497,0.44799999999999995,0.34999999999999987,0.20299999999999974,0.006999999999999562,0],"ascent":[0.145,0.332,0.521,0.602],"descent-weeks":2.16517511074197,"ascent-weeks":3.9867109634551503,"peak":0.602}