{"title":"Poison","instanceSlug":38,"tags":[],"genres":["pop","urban"],"debut":1990,"artists":{"bell-biv-devoe":true},"scores":[0.084,0.174,0.23,0.21,0.18999999999999997,0.14999999999999994,0.08999999999999989,0.009999999999999815,0],"ascent":[0.084,0.174,0.23],"descent-weeks":5.739130434782606}