{"title":"You","instanceSlug":380,"tags":[],"genres":["pop"],"debut":1978,"playlists":[],"artists":{"rita-coolidge":true},"scores":[0.2525,0.62651,0.656751,0.721,0.721,0.71975,0.693,0.6662499999999999,0.6127499999999998,0.5324999999999996,0.42549999999999943,0.2917499999999992,0.13124999999999887,0],"ascent":[0.2525,0.62651,0.656751,0.721],"descent-weeks":11.47312760055478}