{"title":"Caught Up In You","instanceSlug":381,"tags":[],"genre":"rock","debut":"1982-06","playlists":[],"artists":{"38-special":true},"scores":[0.219,0.437,0.656,0.722,0.71,0.675,0.6,0.5249999999999999,0.3749999999999998,0.14999999999999958,0],"ascent":[0.219,0.437,0.656,0.722],"descent-weeks":2.5111711680517077,"ascent-weeks":4.225761772853185,"peak":0.722}