{"title":"Ebony & Ivory","instanceSlug":382,"tags":["#1","black","colors","white"],"parents":[],"genre":"pop","debut":"1982-04","playlists":[],"ranks":[17.9,10.6,7.6,9],"artists":{"paul-mccartney":true,"stevie-wonder":true},"scores":[0.038,0.213,0.323,0.267,0.21100000000000002,0.09900000000000003,0],"ascent":[0.038,0.213,0.323],"descent-weeks":0.34226006191950464,"ascent-weeks":2.6656346749226008,"peak":0.323}