{"title":"Love's Been a Little Bit Hard on Me","instanceSlug":383,"tags":["been","bit","hard","little","love","me"],"parents":[],"genre":"pop","debut":"1982-06","playlists":[],"ranks":[16,9.8,6.4,4.6,3.5,3.2,3.65],"artists":{"juice-newton":true},"scores":[0.075,0.239,0.381,0.491,0.582,0.612,0.568,0.5239999999999999,0.43599999999999983,0.3039999999999997,0.12799999999999956,0],"ascent":[0.075,0.239,0.381,0.491,0.582,0.612],"descent-weeks":1.7342788671023952,"ascent-weeks":5.833333333333333,"peak":0.612}