{"title":"Love is Like Oxygen","instanceSlug":388,"tags":["chemical-element","love-is"],"genres":["rock"],"debut":1978,"playlists":[],"ranks":["analogy"],"artists":{"sweet":true},"scores":[0.1,0.21,0.312951,0.35561236147633757,0.357477963561,0.3446276515977258,0.3289181,0.31523776166182677,0.31,0.28331,0.2643212411,0.2428924261,0.219594933345851,0.19466121,0.1685894531254616,0.14211,0.11563054687453836,0.0626716406236151,0],"ascent":[0.1,0.21,0.312951,0.35561236147633757,0.357477963561],"descent-weeks":3.6595690298965056,"ascent-weeks":5.606113360366711,"peak":0.357477963561}