{"title":"Save the Best for Last","instanceSlug":390,"tags":["#1","#1-r&b"],"genres":["pop","adult-contemporary"],"debut":1992,"playlists":["ballad"],"artists":{"vanessa-williams":true},"scores":[0.132,0.29,0.437,0.656,0.737,0.694,0.6509999999999999,0.5649999999999998,0.4359999999999997,0.26399999999999957,0.04899999999999938,0],"ascent":[0.132,0.29,0.437,0.656,0.737],"descent-weeks":6.9118046132971465}