{"title":"Plush","instanceSlug":40,"tags":[],"genre":"rock","debut":"1993-09","artists":{"stone-temple-pilots":true},"scores":[0.12,0.537,0.939,0.925,0.915,0.885,0.855,0.7949999999999999,0.7049999999999998,0.5849999999999997,0.4349999999999996,0.25499999999999945,0.04499999999999926,0],"ascent":[0.12,0.537,0.939],"descent-weeks":5.819485711750085,"ascent-weeks":2.5495207667731634,"peak":0.939}