{"title":"Semi-Charmed Life","instanceSlug":403,"tags":[],"genre":"alternative","debut":1997,"playlists":[],"artists":{"third-eye-blind":true},"scores":[0.077,0.249,0.51,0.59,0.54,0.49,0.44,0.39,0.29000000000000004,0.14000000000000007,0],"ascent":[0.077,0.249,0.51,0.59],"descent-weeks":7.3220338983050866,"ascent-weeks":3.62542372881356,"peak":0.59}