{"title":"I Know","instanceSlug":406,"tags":[],"genre":"pop","debut":"1995-05","playlists":[],"artists":{"dionne-farris":true},"scores":[0.165,0.662,0.91,0.88,0.85,0.7899999999999999,0.6999999999999998,0.5799999999999997,0.4299999999999996,0.24999999999999944,0.03999999999999926,0],"ascent":[0.165,0.662,0.91],"descent-weeks":3.563810439560437,"ascent-weeks":2.8631868131868132,"peak":0.91}