{"title":"Mmm Mmm Mmm Mmm","instanceSlug":409,"tags":[],"parents":[],"genre":"pop","debut":1994,"playlists":[],"ranks":[15,10.7,5.7,3.1,3.4,4.5],"artists":{"crash-test-dummies":true},"scores":[0.097,0.209,0.419,0.622,0.592,0.498,0.404,0.21600000000000008,0],"ascent":[0.097,0.209,0.419,0.622],"descent-weeks":5.62379421221865,"ascent-weeks":3.2483922829581995,"peak":0.622}