{"title":"Boulevard","instanceSlug":411,"tags":[],"parents":[],"playlists":[],"ranks":[],"artists":{"jackson-browne":true},"scores":[0.1515,0.3435,0.5285,0.511,0.49,0.4645,0.431,0.39749999999999996,0.3304999999999999,0.22999999999999982,0.0959999999999997,0],"ascent":[0.1515,0.3435,0.5285],"descent-weeks":2.4699144591611466,"ascent-weeks":2.9049195837275303,"peak":0.5285}