{"title":"Almost Paradise","instanceSlug":413,"tags":["#1"],"genre":"pop","debut":1984,"source":"footloose","playlists":["ballad"],"artists":{"mike-reno":true,"ann-wilson":true},"scores":[0.345,0.525,0.65,0.72,0.78,0.81,0.8,0.784,0.752,0.704,0.6399999999999999,0.5599999999999999,0.46399999999999997,0.352,0.22399999999999998,0.07999999999999996,0],"ascent":[0.345,0.525,0.65,0.72,0.78,0.81],"descent-weeks":11.425925925925924,"ascent-weeks":7.0925925925925934,"peak":0.81}