{"title":"Cherish","instanceSlug":420,"tags":["#1"],"parents":[],"genre":"pop","debut":"1989-09","playlists":[],"artists":{"madonna":true},"scores":[0.12582758621,0.3529655172413793,0.51,0.5669655172413793,0.572655172413793,0.5691156905687844,0.5584972450337586,0.5407998358087155,0.5160234628936553,0.4841681262885778,0.44523382599348316,0.39922056200837125,0.3461283343332421,0.2859571429680957,0.21870698791293214,0.14437786916775147,0.06296978673255337],"score":7.139482477162039,"debutScore":0.12582758621,"peakScore":0.572655172413793,"duration":5,"ascent":[0.12582758621,0.3529655172413793,0.51,0.5669655172413793,0.572655172413793],"descent-weeks":13.47369487760472}