{"title":"She Drives Me Crazy","instanceSlug":425,"tags":["#1","#1-hot-100"],"parents":[],"genre":"rock","debut":"1989-03","playlists":[],"ranks":[18,11,7,5.5,5.7,6.9],"artists":{"fine-young-cannibals":true},"scores":[0.036,0.2,0.351,0.431,0.419,0.356,0.293,0.16699999999999998,0],"ascent":[0.036,0.2,0.351,0.431],"descent-weeks":5.7981438515081205,"ascent-weeks":3.5429234338747104,"peak":0.431}