{"title":"Girl I'm Gonna Miss You","instanceSlug":427,"tags":["#1","#1-hot-100","i'm-gonna","miss-you"],"genre":"pop","debut":"1989-08","playlists":["breakup","feb13"],"artists":{"milli-vanilli":true},"scores":[0.1,0.177,0.185,0.163,0.14100000000000001,0.09700000000000003,0.031000000000000055,0],"ascent":[0.1,0.177,0.185],"descent-weeks":5.002702702702703,"ascent-weeks":3.7459459459459463,"peak":0.185}