{"title":"Slide","instanceSlug":43,"tags":[],"parents":[],"ranks":[],"artists":{"goo-goo-dolls":true},"scores":[0.066,0.218,0.353,0.4295,0.42,0.4275,0.4275,0.41,0.39249999999999996,0.35749999999999993,0.3049999999999999,0.23499999999999982,0.14749999999999974,0.04249999999999965,0],"ascent":[0.066,0.218,0.353,0.4295],"descent-weeks":12.55355064027939,"ascent-weeks":3.7246798603026776,"peak":0.4295}