{"title":"Caribbean Queen (No More Love on the Run)","instanceSlug":431,"tags":["#1","#1-hot-100","#1-r&b"],"parents":[],"genre":"soul","debut":"1984-08","playlists":[],"ranks":[15,8.3,4.6,2.5,3.1],"artists":{"billy-ocean":true},"scores":[0.097,0.294,0.491,0.694,0.622,0.55,0.40600000000000014,0.19000000000000028,0],"ascent":[0.097,0.294,0.491,0.694],"descent-weeks":5.321325648414987,"ascent-weeks":3.406340057636888,"peak":0.694}