{"title":"Lucky Star","instanceSlug":434,"tags":[],"genre":"dance","debut":"1984-09","playlists":[],"artists":{"madonna":true},"scores":[0.077,0.3,0.554,0.6,0.64,0.66,0.67,0.68,0.658,0.636,0.592,0.5259999999999999,0.43799999999999983,0.32799999999999974,0.19599999999999962,0.04199999999999948,0],"ascent":[0.077,0.3,0.554,0.6,0.64,0.66,0.67,0.68],"descent-weeks":4.154729411764703,"ascent-weeks":9.222794117647057,"peak":0.68}