{"title":"Dynamite","instanceSlug":438,"tags":[],"parents":[],"genre":"dance-pop","debut":"1984-08","playlists":[],"ranks":[16,9.5,6.1,4.5,3.5,3,3.28,3.74],"artists":{"jermaine-jackson":true},"scores":[0.075,0.249,0.397,0.498,0.582,0.633,0.604,0.56,0.5160000000000001,0.42800000000000027,0.2960000000000005,0.12000000000000077,0],"ascent":[0.075,0.249,0.397,0.498,0.582,0.633],"descent-weeks":2.32369497103739,"ascent-weeks":5.767772511848341,"peak":0.633}