{"title":"If Ever You're In My Arms Again","instanceSlug":439,"tags":[],"genre":"soul","debut":1983,"playlists":[],"artists":{"peabo-bryson":true},"scores":[0.038,0.216,0.397,0.437,0.391,0.386,0.37828,0.36284,0.33968,0.30879999999999996,0.27019999999999994,0.22387999999999994,0.16983999999999994,0.10807999999999994,0.03859999999999994,0],"ascent":[0.038,0.216,0.397,0.437],"descent-weeks":11.719221967963385}