{"title":"Ghostbusters","instanceSlug":443,"tags":[],"parents":[],"genre":"pop","debut":1984,"playlists":[],"ranks":[15.9,9.5,7.7,6.6,5.7,8],"artists":{"ray-parker-jr":true},"scores":[0.077,0.249,0.319,0.37,0.419,0.306,0.193,0],"ascent":[0.077,0.249,0.319,0.37,0.419],"descent-weeks":3.286396181384248,"ascent-weeks":5.13365155131265,"peak":0.419}