{"title":"Beds are Burning","instanceSlug":448,"tags":[],"genre":"rock","debut":"1988-05","playlists":["summer"],"artists":{"midnight-oil":true},"scores":[0.077,0.249,0.315,0.267,0.21900000000000003,0.12300000000000005,0],"ascent":[0.077,0.249,0.315],"descent-weeks":4.400000000000001,"ascent-weeks":3.0523809523809526,"peak":0.315}