{"title":"One","instanceSlug":45,"tags":["#1","#1-mainstream-rock","#1-modern-rock"],"genre":"rock","debut":"1992-04","artists":{"u2":true},"scores":[0.1,0.3575714285714286,0.4861,0.521,0.5179262429647324,0.5087049718589299,0.4933361866825922,0.47181988743571945,0.44415607411831165,0.41034474673036886,0.37038590527189097,0.324279549742878,0.2720256801433299,0.21362429647324674,0.14907539873262865,0.07837898692147537,0.007682575110322082,0],"score":5.394242857142858,"debutScore":0.1,"peakScore":0.521,"duration":4,"ascent":[0.1,0.3575714285714286,0.4861,0.521],"descent-weeks":13.76988628268645}