{"title":"Night and Day","instanceSlug":451,"tags":[],"genre":"soul","debut":"1988-06","playlists":["summer"],"ranks":[13,7.4,4.2,3.3,2.9,2.8,2.75,2.95],"artists":{"al-b-sure":true},"scores":[0.145,0.332,0.521,0.602,0.645,0.656,0.662,0.639,0.616,0.57,0.5009999999999999,0.4089999999999998,0.2939999999999997,0.15599999999999958,0],"ascent":[0.145,0.332,0.521,0.602,0.645,0.656,0.662],"descent-weeks":8.716767371601206,"ascent-weeks":8.073262839879154,"peak":0.662}