{"title":"One Good Reason","instanceSlug":452,"tags":[],"parents":[],"genre":"pop","debut":"1988-05","playlists":[],"ranks":[15,8.1,4.4,2.3,2.5,3.5],"artists":{"paul-carrack":true},"scores":[0.097,0.302,0.506,0.722,0.694,0.582,0.47,0.246,0],"ascent":[0.097,0.302,0.506,0.722],"descent-weeks":1.3598192520775623,"ascent-weeks":3.380193905817175,"peak":0.722}