{"title":"Chains of Love","instanceSlug":454,"tags":[],"genre":"dance","debut":"1988-09","playlists":[],"artists":{"erasure":true},"scores":[0.055,0.185,0.37,0.431,0.356,0.282,0.206,0.13,0],"ascent":[0.055,0.185,0.37,0.431],"descent-weeks":4.889791183294664,"ascent-weeks":3.6229698375870067,"peak":0.431}