{"title":"Vogue","instanceSlug":46,"tags":["#1"],"genre":"pop","debut":1990,"artists":{"madonna":true},"scores":[0.126,0.353,0.51,0.567,0.572,0.556,0.5400000000000001,0.5080000000000003,0.46000000000000063,0.396000000000001,0.3160000000000015,0.22000000000000208,0.10800000000000276,0],"ascent":[0.126,0.353,0.51,0.567,0.572],"descent-weeks":9.639860139860163,"ascent-weeks":5.580419580419581,"peak":0.572}