{"title":"Make a Little Magic","instanceSlug":463,"tags":["a","little","magic","make"],"parents":[],"genre":"pop","debut":1980,"playlists":[],"ranks":[14,2,2.1,2.2,2.6,3.3],"artists":{"dirt-band":true},"scores":[0.12,0.768,0.752,0.737,0.681,0.602,0.5229999999999999,0.36499999999999977,0.12799999999999956,0],"ascent":[0.12,0.768],"descent-weeks":2.6912829861111094,"ascent-weeks":1.734375,"peak":0.768}