{"title":"Round Here","instanceSlug":468,"tags":[],"parents":[],"genre":"rock","debut":"1994-08","playlists":["summer","ballad"],"ranks":[15.5,10,6,4,3.2,3.1,3.4,3.8],"artists":{"counting-crows":true},"scores":[0.086,0.232,0.402,0.537,0.612,0.622,0.592,0.554,0.5160000000000001,0.4400000000000003,0.3260000000000005,0.17400000000000082,0],"ascent":[0.086,0.232,0.402,0.537,0.612,0.622],"descent-weeks":2.468536977491964,"ascent-weeks":6.007234726688104,"peak":0.622}