{"title":"Don't Turn Around","instanceSlug":470,"tags":[],"parents":[],"genre":"pop","debut":"1994-06","playlists":["summer"],"ranks":[19,14,11,9,7.8,7.4,7.2,7,7.5,8.2,9.1,10.7],"artists":{"ace-of-base":true},"scores":[0.0475,0.2,0.3,0.354,0.38825,0.3965,0.38325,0.37,0.343,0.304,0.251,0.184,0.105,0.012,0],"score":3.2439999999999998,"debutScore":0.018,"peakScore":0.351,"duration":4,"ascent":[0.0475,0.2,0.3,0.354,0.38825,0.3965],"descent-weeks":8.885561160151324}