{"title":"When Can I See You","instanceSlug":471,"tags":[],"parents":[],"genre":"urban","debut":"1994-07","playlists":["summer"],"ranks":[16,7.5,3.5,1.9,1.6,1.9],"artists":{"babyface":true},"scores":[0.075,0.328,0.582,0.786,0.843,0.786,0.7290000000000001,0.6150000000000002,0.4440000000000004,0.21600000000000064,0],"ascent":[0.075,0.328,0.582,0.786,0.843],"descent-weeks":6.464412811387904,"ascent-weeks":4.6512455516014235,"peak":0.843}