{"title":"Dr. Feelgood","instanceSlug":473,"tags":[],"searchWords":["doctor"],"genres":["hard-rock"],"debut":"1989-10","playlists":[],"artists":{"motley-crue":true},"scores":[0.446,0.872,0.936,0.91,0.884,0.832,0.7539999999999999,0.6499999999999998,0.5199999999999997,0.36399999999999955,0.18199999999999938,0],"ascent":[0.446,0.872,0.936],"descent-weeks":9.666666666666663,"ascent-weeks":3.6121794871794872,"peak":0.936}