{"title":"Doctor My Eyes","instanceSlug":474,"tags":[],"genre":"pop","debut":"1970s","playlists":[],"artists":{"jackson-browne":true},"scores":[0.1515,0.3435,0.5285,0.511,0.49,0.469,0.42699999999999994,0.3639999999999999,0.2799999999999998,0.1749999999999997,0.0489999999999996,0],"ascent":[0.1515,0.3435,0.5285],"descent-weeks":2.2418857615894026,"ascent-weeks":2.9049195837275303,"peak":0.5285}