{"title":"Love in an Elevator","instanceSlug":476,"tags":[],"parents":[],"genre":"rock","debut":"1989-10","playlists":[],"ranks":[],"artists":{"aerosmith":true},"scores":[0.08,0.29,0.46,0.53,0.48,0.43,0.33,0.18],"score":3.005048239154744,"debutScore":0.06493517521485907,"peakScore":0.3417822727277001,"duration":5,"ascent":[0.08,0.29,0.46,0.53],"descent-weeks":5.518867924528301}