{"title":"Black & White","instanceSlug":477,"tags":[],"genres":[],"debut":1972,"playlists":["colors"],"artists":{"three-dog-night":true},"scores":[0.2,0.4,0.65,0.72,0.73,0.71,0.69,0.6499999999999999,0.5899999999999999,0.5099999999999998,0.4099999999999997,0.2899999999999996,0.14999999999999947,0],"ascent":[0.2,0.4,0.65,0.72,0.73],"descent-weeks":9.719178082191776,"ascent-weeks":5.547945205479453,"peak":0.73}