{"title":"Erotica","instanceSlug":48,"debut":"1992","tags":[],"artists":{"madonna":true},"scores":[0.06590157246701567,0.2027493242404654,0.3003632171812971,0.34006725037221286,0.3360364359197296,0.3239439925622798,0.3037899202998635,0.2755742191324807,0.2392968890601313,0.19495793008281545,0.14255734220053304,0.08209512541328409,0.01357127972106867,0],"ascent":[0.06590157246701567,0.2027493242404654,0.3003632171812971,0.34006725037221286],"descent-weeks":9.932845851664531,"ascent-weeks":4.00985994652224,"peak":0.34006725037221286}