{"title":"Fire","instanceSlug":480,"tags":["#1","#1-hot-100","#1-r&b"],"parents":[],"genre":"funk","debut":1975,"playlists":[],"ranks":[],"artists":{"ohio-players":true},"scores":[0.12,0.622,0.786,0.749,0.712,0.6379999999999999,0.5269999999999998,0.37899999999999967,0.1939999999999995,0],"ascent":[0.12,0.622,0.786],"descent-weeks":2.3292308100084798,"ascent-weeks":2.916030534351145,"peak":0.786}