{"title":"Amanda","instanceSlug":483,"tags":[],"parents":[],"genre":"rock","debut":"1986-10","playlists":["women","ballad"],"ranks":[21,13.5,7.6,6.4,6.7,7.9],"artists":{"boston":true},"scores":[0.132,0.323,0.381,0.365,0.311,0.257,0.14900000000000002,0],"ascent":[0.132,0.323,0.381],"descent-weeks":0.7356598862642169,"ascent-weeks":3.2913385826771653,"peak":0.381}