{"title":"Crazy","instanceSlug":49,"tags":[],"genres":["pop"],"ranks":[13,6,3,3.1,3.5],"artists":{"seal":true},"scores":[0.145,0.402,0.633,0.622,0.582,0.5419999999999999,0.46199999999999986,0.34199999999999975,0.1819999999999996,0],"ascent":[0.145,0.402,0.633],"descent-weeks":7.973933649289096,"ascent-weeks":2.7962085308056874,"peak":0.633}