{"title":"Brand New Lover","instanceSlug":491,"tags":["feb13"],"genre":"dance","debut":"1987-02","playlists":[],"artists":{"dead-or-alive":true},"scores":[0.121,0.583,0.754,0.837,0.82,0.8029999999999999,0.7689999999999999,0.7179999999999999,0.6499999999999998,0.5649999999999997,0.46299999999999963,0.34399999999999953,0.2079999999999994,0.05499999999999927,0],"ascent":[0.121,0.583,0.754,0.837],"descent-weeks":5.290747112704096,"ascent-weeks":4.112903225806452,"peak":0.837}