{"title":"I Like It","instanceSlug":495,"tags":[],"parents":[],"genre":"pop","debut":"1989-07","playlists":["summer"],"ranks":[15,4.6,2.5,2.71],"artists":{"dino":true},"scores":[0.097,0.491,0.694,0.667,0.6400000000000001,0.5860000000000003,0.5050000000000006,0.3970000000000009,0.26200000000000134,0.10000000000000187,0],"ascent":[0.097,0.491,0.694],"descent-weeks":2.373581051873205,"ascent-weeks":2.7708933717579254,"peak":0.694}