{"title":"What I Like About You","instanceSlug":496,"tags":[],"genres":["pop"],"debut":"1989-09","playlists":[],"remake":true,"artists":{"michael-morales":true,"romantics":"remake"},"scores":[0.21,0.312951,0.35561236147633757,0.357477963561,0.35,0.342522036439,0.327566109317,0.305132218634,0.27522036438999997,0.23783054658499997,0.19296276521899997,0.14061702029199996,0.08079331180399996,0.013491639754999951,0],"ascent":[0.21,0.312951,0.35561236147633757,0.357477963561],"descent-weeks":11.008849118394565,"ascent-weeks":5.186507076091781,"peak":0.357477963561}