{"title":"Cool Change","instanceSlug":5,"tags":["change","cool"],"parents":[],"genre":"pop","debut":"1979-11","ranks":[15,10,5,4.5,4.2,4.31,4.57,4.99,6.03],"artists":{"little-river-band":null},"scores":[0.097,0.232,0.463,0.498,0.521,0.513,0.493,0.464,0.401,0.338,0.21200000000000002,0.02300000000000002,0],"ascent":[0.097,0.232,0.463,0.498,0.521],"descent-weeks":8.536468330134358,"ascent-weeks":5.214011516314779,"peak":0.521}