{"title":"The Way I Feel About You","instanceSlug":507,"tags":["about","feel","i","","the-way","way","you","you-and-i"],"parents":[],"genre":"soul","debut":"1991-12","playlists":[],"ranks":[11,2.9,2.1,1.8,1.65,1.58,1.76,2.1],"artists":{"karyn-white":true},"scores":[0.2,0.645,0.752,0.804,0.833,0.847,0.811,0.752,0.693,0.5749999999999998,0.3979999999999997,0.16199999999999948,0],"ascent":[0.2,0.645,0.752,0.804,0.833,0.847],"descent-weeks":7.505312868949232,"ascent-weeks":7.227272727272727,"peak":0.847}