{"title":"One More Try","instanceSlug":511,"tags":["#1","#1-hot-100"],"genre":"pop","debut":"1991-02","playlists":[],"artists":{"timmy-t":true},"scores":[0.077,0.491,0.708,0.804,0.827,0.815,0.7987,0.7661,0.7172000000000001,0.652,0.5705,0.4727,0.35860000000000003,0.22820000000000004,0.08150000000000004,0],"ascent":[0.077,0.491,0.708,0.804,0.827],"descent-weeks":5.825314263401854,"ascent-weeks":5.2726723095526005,"peak":0.827}