{"title":"Don't Look Back","instanceSlug":512,"tags":[],"parents":[],"genre":"rock","debut":"1989-09","playlists":[],"ranks":[],"artists":{"fine-young-cannibals":true},"scores":[0.171,0.6,0.668,0.701,0.6805,0.66,0.6190000000000001,0.5575000000000002,0.47550000000000037,0.37300000000000055,0.2500000000000008,0.10650000000000104,0],"ascent":[0.171,0.6,0.668,0.701],"descent-weeks":9.464336661911563,"ascent-weeks":4.579172610556348,"peak":0.701}