{"title":"Friday I'm In Love","instanceSlug":514,"tags":[],"parents":[],"genre":"pop","debut":"1992-07","playlists":["summer"],"ranks":[15,6.4,4.2,3.75,3.64,3.9,4.65],"artists":{"cure":true},"scores":[0.097,0.381,0.521,0.559,0.569,0.546,0.487,0.42799999999999994,0.30999999999999983,0.13299999999999967,0],"ascent":[0.097,0.381,0.521,0.559,0.569],"descent-weeks":6.519332161687169,"ascent-weeks":5.6072056239015815,"peak":0.569}