{"title":"Buffalo Stance","instanceSlug":518,"tags":[],"parents":[],"genre":"pop","debut":"1989-04","playlists":["summer"],"ranks":[12,1.3,1.35,1.54],"artists":{"nenah-cherry":true},"scores":[0.171,0.912,0.899,0.856,0.813,0.7269999999999999,0.5979999999999998,0.4259999999999996,0.2109999999999994,0],"ascent":[0.171,0.912],"descent-weeks":8.950657894736839,"ascent-weeks":1.7812499999999998,"peak":0.912}