{"title":"End of the Innocence","instanceSlug":519,"tags":["#1","#1-mainstream-rock"],"genre":"adult-contemporary","debut":"1989-07","playlists":["summer"],"ranks":[18,13,11,9,10.2],"artists":{"don-henley":true},"scores":[0.036,0.145,0.2,0.267,0.225,0.183,0.09899999999999998,0],"ascent":[0.036,0.145,0.2,0.267],"descent-weeks":4.348314606741573,"ascent-weeks":3.6404494382022468,"peak":0.267}