{"title":"Tubthumping","instanceSlug":52,"tags":[],"playlists":["drinking"],"genres":["pop"],"debut":1998,"artists":{"chumbawumba":true},"scores":[0.177,0.271,0.25,0.22899999999999998,0.18699999999999994,0.12399999999999989,0.039999999999999813,0],"ascent":[0.177,0.271],"descent-weeks":0.5244308118081178,"ascent-weeks":2.4797047970479706,"peak":0.271}