{"title":"Keep On Moving","instanceSlug":522,"tags":["#1","#1-r&b"],"parents":[],"genre":"urban","debut":"1989-08","playlists":[],"ranks":[18,11,8,6.2,5.4,5,5.57],"artists":{"soul-ii-soul":true},"scores":[0.036,0.2,0.306,0.391,0.437,0.463,0.427,0.39099999999999996,0.3189999999999999,0.2109999999999998,0.06699999999999967,0],"ascent":[0.036,0.2,0.306,0.391,0.437,0.463],"descent-weeks":6.084233261339091,"ascent-weeks":5.938444924406048,"peak":0.463}