{"title":"I'm Alright","instanceSlug":523,"tags":["alright","i'm"],"parents":[],"genre":"rock","debut":"1980-09","playlists":[],"ranks":[4.9,1,1.14,1.32],"artists":{"kenny-loggins":true,"eddie-money":"backup"},"scores":[0.171,0.633,1,0.942,0.88,0.8180000000000001,0.6940000000000002,0.5080000000000003,0.26000000000000056,0],"score":13.959,"debutScore":0.47,"peakScore":1,"duration":6,"ascent":[0.171,0.633,1],"descent-weeks":7.653000000000002,"ascent-weeks":2.706,"peak":1}