{"title":"More Love","instanceSlug":525,"tags":[],"genres":["pop"],"debut":"1980-05","playlists":[],"artists":{"kim-carnes":true},"scores":[0.1,0.381,0.513,0.563,0.554,0.517,0.48,0.4059999999999999,0.2949999999999998,0.1469999999999997,0],"ascent":[0.1,0.381,0.513,0.563],"descent-weeks":7.89165186500888}