{"title":"Let Me Love You Tonight","instanceSlug":526,"tags":["let-me"],"genres":["pop","country"],"debut":"1980-05","playlists":[],"artists":{"pure-prairie-league":true},"scores":[0.122,0.323,0.529,0.737,0.72,0.703,0.6689999999999999,0.6179999999999999,0.5499999999999998,0.46499999999999975,0.36299999999999966,0.24399999999999955,0.10799999999999943,0],"ascent":[0.122,0.323,0.529,0.737],"descent-weeks":10.536635006784257,"ascent-weeks":3.4823609226594296,"peak":0.737}