{"title":"Upside Down","instanceSlug":527,"tags":[],"genre":"dance","debut":"1980-08","playlists":[],"ranks":[14,6,4,3,3.4],"artists":{"diana-ross":true},"scores":[0.12,0.402,0.537,0.633,0.592,0.5509999999999999,0.46899999999999986,0.34599999999999975,0.1819999999999996,0],"ascent":[0.12,0.402,0.537,0.633],"descent-weeks":6.571090047393363,"ascent-weeks":4.009478672985782,"peak":0.633}