{"title":"Happy","instanceSlug":532,"tags":[],"parents":[],"genre":"soul","debut":"1987-07","playlists":[],"ranks":[17,9.5,6.6,5.2,4.8,5.2,5.9],"artists":{"surface":true},"scores":[0.055,0.249,0.37,0.45,0.477,0.45,0.408,0.36599999999999994,0.28199999999999986,0.15599999999999975,0],"ascent":[0.055,0.249,0.37,0.45,0.477],"descent-weeks":1.3975995807127874,"ascent-weeks":5.034591194968554,"peak":0.477}