{"title":"Hanging Tough","instanceSlug":533,"tags":["#1","#1-hot-100"],"genre":"pop","debut":"1989-08","playlists":[],"artists":{"nkotb":true},"scores":[0.08,0.24,0.36,0.45,0.49,0.51,0.47,0.42999999999999994,0.34999999999999987,0.22999999999999976,0.06999999999999962,0],"ascent":[0.08,0.24,0.36,0.45,0.49,0.51],"descent-weeks":6.058823529411762,"ascent-weeks":6.264705882352941,"peak":0.51}