{"title":"Heartbreaker","instanceSlug":534,"tags":[],"genres":["pop"],"debut":"1999-09","playlists":[],"artists":{"mariah-carey":true},"scores":[0.145,0.332,0.521,0.6,0.65,0.67,0.65,0.63,0.59,0.5299999999999999,0.44999999999999984,0.34999999999999976,0.22999999999999965,0.08999999999999952,0],"ascent":[0.145,0.332,0.521,0.6,0.65,0.67],"descent-weeks":9.38059701492537,"ascent-weeks":6.532835820895522,"peak":0.67}