{"title":"I Need to Know","instanceSlug":535,"tags":["i","i-need","know","need"],"parents":[],"genre":"latin-pop","debut":"1999-10","playlists":[],"ranks":[17.9,10.6,6.2,4.3,3.7,3.9,4.5],"artists":{"marc-anthony":true},"scores":[0.038,0.213,0.391,0.513,0.563,0.546,0.498,0.44999999999999996,0.35399999999999987,0.20999999999999974,0.017999999999999572,0],"ascent":[0.038,0.213,0.391,0.513,0.563],"descent-weeks":7.03108348134991,"ascent-weeks":4.577264653641208,"peak":0.563}