{"title":"Boogie Oogie Oogie","instanceSlug":536,"tags":[],"genres":["disco"],"debut":"1978-08","playlists":[],"artists":{"a-taste-of-honey":true},"scores":[0.2,0.4,0.513,0.554,0.58,0.6,0.58,0.5599999999999999,0.5199999999999999,0.45999999999999985,0.3799999999999998,0.2799999999999997,0.1599999999999996,0.019999999999999463,0],"ascent":[0.2,0.4,0.513,0.554,0.58,0.6],"descent-weeks":3.1679055555555546,"ascent-weeks":7.117500000000001,"peak":0.6}