{"title":"The Cup of Life","instanceSlug":537,"tags":[],"genres":["dance","latin-dance"],"debut":"1999-08","playlists":["anthem"],"artists":{"ricky-martin":true},"scores":[0.3,0.892,0.91,0.92,0.93,0.907,0.877,0.847,0.7869999999999999,0.6969999999999998,0.5769999999999997,0.4269999999999996,0.24699999999999944,0.036999999999999256,0],"ascent":[0.3,0.892,0.91,0.92,0.93],"descent-weeks":10.214516129032255}