{"title":"Last Kiss","instanceSlug":539,"tags":[],"genres":["rock"],"debut":"1999-08","playlists":["summer","ballad"],"remake":true,"artists":{"pearl-jam":true},"scores":[0.1,0.282,0.35,0.45,0.47,0.46,0.45000000000000007,0.43000000000000016,0.4000000000000003,0.3600000000000005,0.3100000000000007,0.250000000000001,0.18000000000000133,0.1000000000000017,0.010000000000002118,0],"ascent":[0.1,0.282,0.35,0.45,0.47],"descent-weeks":10.914893617021303}