{"title":"Smile","instanceSlug":540,"tags":[],"debut":"1999-08","playlists":[],"artists":{"vitamin-c":true},"scores":[0.04,0.175,0.25,0.275,0.27,0.2646,0.2538,0.23760000000000003,0.21600000000000003,0.18900000000000003,0.15660000000000002,0.11880000000000002,0.0756,0.02699999999999999,0],"ascent":[0.04,0.175,0.25,0.275],"descent-weeks":11.367272727272729}