{"title":"Staying Together","instanceSlug":548,"tags":[],"parents":[],"genre":"pop","debut":"1988-09","playlists":[],"ranks":[22,17,15,13,14.5],"artists":{"debbie-gibson":true},"scores":[0.055,0.097,0.145,0.108,0.07100000000000001,0],"ascent":[0.055,0.097,0.145],"descent-weeks":0.1156344827586207,"ascent-weeks":3.0724137931034488,"peak":0.145}