{"title":"Steal My Sunshine","instanceSlug":556,"tags":[],"parents":[],"genre":"pop","debut":"1999-08","playlists":[],"ranks":[18,12,8,5,3.5,3.3,3.1,3,3.1,3.4,3.8,4.5],"artists":{"len":true},"scores":[0.036,0.171,0.306,0.463,0.582,0.602,0.622,0.633,0.622,0.592,0.554,0.498,0.44199999999999995,0.32999999999999985,0.1619999999999997,0],"ascent":[0.036,0.171,0.306,0.463,0.582,0.602,0.622,0.633],"descent-weeks":9.082938388625593,"ascent-weeks":8.092417061611373,"peak":0.633}