{"title":"Nightmare on My Street","instanceSlug":559,"tags":[],"genres":["urban","rap"],"debut":"1988-08","playlists":[],"artists":{"dj-jazzy-jeff-the-fresh-prince":true,"will-smith":"lead"},"scores":[0.042,0.232,0.381,0.431,0.4,0.356,0.31199999999999994,0.22399999999999987,0.09199999999999975,0],"ascent":[0.042,0.232,0.381,0.431],"descent-weeks":6.316705336426912,"ascent-weeks":3.7795823665893273,"peak":0.431}