{"title":"Baby Baby","instanceSlug":56,"tags":[],"playlists":["summer"],"genre":"pop","debut":"1991-08","ranks":[12,3,2.8,2.83,2.9,3.13,3.49],"artists":{"amy-grant":true},"scores":[0.171,0.633,0.656,0.653,0.645,0.619,0.583,0.5469999999999999,0.47499999999999987,0.36699999999999977,0.22299999999999964,0.04299999999999948,0],"ascent":[0.171,0.633,0.656],"descent-weeks":11.000762195121949,"ascent-weeks":3.3384146341463414,"peak":0.656}