{"title":"Strong Man","instanceSlug":562,"tags":["","strength"],"parents":[],"genre":"pop","debut":"1988-08","playlists":["summer"],"ranks":[20.5,10.7,7.7,8.1,8.9,10.4],"artists":{"rick-astley":true},"scores":[0.209,0.319,0.302,0.271,0.219,0.16699999999999998,0.06299999999999994,0],"ascent":[0.209,0.319],"descent-weeks":6.305642633228841,"ascent-weeks":2.4827586206896552,"peak":0.319}