{"title":"One Good Woman","instanceSlug":563,"tags":["good","one","woman"],"parents":[],"genre":"adult-contemporary","debut":"1988-08","playlists":[],"ranks":[22,18,14,12,12.5,13,14.5,17],"artists":{"peter-cetera":true},"scores":[0.036,0.12,0.171,0.158,0.145,0.108,0.055,0.0020000000000000018,0],"ascent":[0.036,0.12,0.171],"descent-weeks":5.605263157894736,"ascent-weeks":2.868421052631579,"peak":0.171}