{"title":"Black Balloon","instanceSlug":565,"tags":[],"genres":["rock"],"debut":"1999-08","playlists":["colors"],"artists":{"goo-goo-dolls":true},"scores":[0.11,0.331,0.4689285714285714,0.5156428571428572,0.5186428571428572,0.51,0.4827857142857144,0.4644285714285714,0.4387857142857143,0.41951,0.39642857142857146,0.3716428571428571],"ascent":[0.11,0.331,0.4689285714285714,0.5156428571428572,0.5186428571428572],"descent-weeks":10.418222007987879}