{"title":"Mambo #5","instanceSlug":566,"tags":[],"parents":[],"genre":"dance","debut":"1999-09","playlists":[],"ranks":[11.5,5.2,2.9,2.4,2.5,2.6,2.75,2.95,3.2,3.56,3.93,4.3,4.9],"artists":{"lou-bega":true},"scores":[0.185,0.45,0.645,0.708,0.694,0.681,0.662,0.639,0.612,0.576,0.543,0.513,0.47,0.42699999999999994,0.34099999999999986,0.21199999999999974,0.03999999999999959,0],"ascent":[0.185,0.45,0.645,0.708],"descent-weeks":15.08050847457627,"ascent-weeks":4.211864406779662,"peak":0.708}