{"title":"Kiss","instanceSlug":57,"tags":["#1","#1-hot-100"],"playlists":["falsetto"],"genre":"pop","debut":"1986-03","artists":{"prince":true},"scores":[0.1,0.22681,0.357261,0.39427141,0.3812131,0.36816248911,0.3543598561356348,0.33963741,0.32375345239382364,0.31,0.28336579546191,0.26,0.23663420453809003,0.18990261361427008,0.11980522722854015,0.026342045380900236,0],"ascent":[0.1,0.22681,0.357261,0.39427141],"descent-weeks":3.537807709111288,"ascent-weeks":4.102538439193448,"peak":0.39427141}