{"title":"Word Crimes","instanceSlug":571,"tags":[],"genre":"parody","debut":2014,"playlists":[],"parody":true,"artists":{"weird-al-yankovic":true,"robin-thicke":"parody"},"scores":[0.122,0.356,0.592,0.843,0.864,0.737,0.61,0.356,0],"ascent":[0.122,0.356,0.592,0.843,0.864],"descent-weeks":1.3231141975308638,"ascent-weeks":4.821180555555555,"peak":0.864}