{"title":"Fat","instanceSlug":572,"tags":[],"genre":"parody","debut":1988,"playlists":["eating"],"parody":true,"artists":{"weird-al-yankovic":true,"michael-jackson":"writer"},"scores":[0.075,0.216,0.431,0.645,0.681,0.65,0.619,0.5569999999999999,0.46399999999999986,0.33999999999999975,0.1849999999999996,0],"ascent":[0.075,0.216,0.431,0.645,0.681],"descent-weeks":2.3717356828193816,"ascent-weeks":4.51101321585903,"peak":0.681}