{"title":"White & Nerdy","instanceSlug":574,"tags":[],"genre":"parody","debut":"2000s","playlists":["colors"],"parody":true,"artists":{"weird-al-yankovic":true},"scores":[0.26,0.786,1,0.959,0.92,0.876,0.787,0.6980000000000001,0.5200000000000001,0.2530000000000002,0],"ascent":[0.26,0.786,1],"descent-weeks":9.0195,"ascent-weeks":3.0690000000000004,"peak":1}