{"title":"Brilliant Disguise","instanceSlug":576,"tags":["#1","#1-mainstream-rock"],"genre":"pop","debut":"1987-10","playlists":[],"artists":{"bruce-springsteen":true},"scores":[0.036,0.075,0.104,0.122,0.125,0.115,0.105,0.09499999999999999,0.07499999999999997,0.04499999999999994,0.004999999999999907,0],"ascent":[0.036,0.075,0.104,0.122,0.125],"descent-weeks":6.779999999999997,"ascent-weeks":5.544,"peak":0.125}