{"title":"Holiday","instanceSlug":577,"tags":[],"parents":[],"genre":"pop","debut":"1987-10","playlists":[],"ranks":[15,8.6,4.9,4,4.9,6.1],"artists":{"the-other-ones":true},"scores":[0.097,0.282,0.47,0.537,0.47,0.397,0.32400000000000007,0.17800000000000016,0],"ascent":[0.097,0.282,0.47,0.537],"descent-weeks":0.9737045313469899,"ascent-weeks":3.8715083798882683,"peak":0.537}