{"title":"Mandolin Rain","instanceSlug":578,"tags":["#1","#1-adult-contemporary","musical-instrument"],"parents":[],"genre":"adult-contemporary","debut":"1987-02","playlists":[],"ranks":[13.9,5,3.7,1.9,1.5,1.7,2.1],"artists":{"bruce-hornsby-the-range":true},"scores":[0.122,0.463,0.563,0.786,0.864,0.823,0.752,0.681,0.5390000000000001,0.3260000000000003,0.04200000000000048,0],"ascent":[0.122,0.463,0.563,0.786,0.864],"descent-weeks":6.991319444444446,"ascent-weeks":4.857638888888889,"peak":0.864}