{"title":"Kiss from a Rose","instanceSlug":58,"tags":["1990s","1995","flower","kiss","rose"],"parents":[],"ranks":[],"artists":{"seal":true},"scores":[0.121,0.3765,0.585,0.6579999999999999,0.622,0.617,0.607,0.5920000000000001,0.5720000000000001,0.5469999999999999,0.517,0.482,0.442,0.397,0.347,0.29200000000000004,0.232,0.16699999999999998,0.097,0.031]}