{"title":"Kiss from a Rose","instanceSlug":58,"tags":[],"debut":"1995","parents":[],"artists":{"seal":true},"scores":[0.121,0.11599999999999999,0.106,0.091,0.071,0.04599999999999999,0.01599999999999999,0],"ascent":[0.121],"descent-weeks":7.028925619834711}