{"title":"Breakout","instanceSlug":580,"tags":["break"],"parents":[],"genre":"pop","debut":"1987-09","playlists":[],"ranks":[13.9,7.8,4.4,2.38,2.7,3.2],"artists":{"swing-out-sister":true},"scores":[0.122,0.315,0.506,0.71,0.668,0.612,0.5559999999999999,0.44399999999999984,0.2759999999999997,0.05199999999999949,0],"ascent":[0.122,0.315,0.506,0.71],"descent-weeks":7.009859154929577,"ascent-weeks":3.4922535211267607,"peak":0.71}