{"title":"What You Need","instanceSlug":585,"tags":[],"parents":[],"genre":"rock","debut":"1986-03","playlists":[],"ranks":[9,1,1.18],"artists":{"inxs":true},"scores":[0.4399375975039001,0.78419452887538,0.8445984979780474,0.838,0.82124,0.78772,0.73744,0.6704,0.5866,0.48604,0.36872000000000005,0.23464000000000004,0.08380000000000004,0],"ascent":[0.4399375975039001,0.78419452887538,0.8445984979780474],"descent-weeks":5.434888797233334,"ascent-weeks":3.674048608853489,"peak":0.8445984979780474}