{"title":"More than Words","instanceSlug":586,"tags":["more-than","#1","#1-hot-100"],"genre":"soft-rock","debut":"1991-06","playlists":["summer"],"ranks":[17,5.3,3.1,3.25,3.6],"artists":{"extreme":true},"scores":[0.055,0.444,0.622,0.607,0.573,0.5389999999999999,0.47099999999999986,0.3689999999999998,0.23299999999999965,0.0629999999999995,0],"ascent":[0.055,0.444,0.622],"descent-weeks":2.1419139871382624,"ascent-weeks":2.7033762057877815,"peak":0.622}