{"title":"Birmingham","instanceSlug":587,"tags":[],"genres":["pop","adult-contemporary"],"debut":"1996-09","playlists":["places"],"artists":{"amanda-marshall":true},"scores":[0.145,0.864,0.91,0.9,0.859,0.818,0.7359999999999999,0.6129999999999998,0.4489999999999996,0.24399999999999944,0],"ascent":[0.145,0.864,0.91],"descent-weeks":9.113736263736262}