{"title":"Head Over Feet","instanceSlug":588,"tags":[],"parents":[],"genre":"pop","debut":"1996-10","playlists":[],"ranks":[19,15.7,12,11,10,10.5,11.7,13.2],"artists":{"alanis-morrisette":true},"scores":[0.018,0.082,0.171,0.2,0.232,0.216,0.18,0.139,0.09800000000000003,0.01600000000000007,0],"ascent":[0.018,0.082,0.171,0.2,0.232],"descent-weeks":0.5012586206896551,"ascent-weeks":4.545258620689655,"peak":0.232}