{"title":"Crossroads","instanceSlug":589,"tags":["#1","#1-hot-100","#1-r&b","death"],"parents":[],"genre":"rap","debut":"1996-05","playlists":["summer"],"ranks":[15.5,11.3,6.4,4.2,4.45,5.2],"artists":{"bone-thugs-n-harmony":true},"scores":[0.086,0.191,0.381,0.521,0.502,0.45,0.398,0.29400000000000004,0.13800000000000007,0],"ascent":[0.086,0.191,0.381,0.521],"descent-weeks":6.630518234165066,"ascent-weeks":3.394433781190019,"peak":0.521}