{"title":"Nasty","instanceSlug":59,"tags":[],"parents":[],"genre":"pop","debut":"1986-06","ranks":[21,12,10,8.7,8,8.9],"artists":{"janet-jackson":true},"scores":[0.171,0.232,0.278,0.306,0.271,0.23600000000000004,0.1660000000000001,0.061000000000000165,0],"ascent":[0.171,0.232,0.278,0.306],"descent-weeks":0.574095860566449,"ascent-weeks":4.838235294117648,"peak":0.306}