{"title":"Paper in Fire","instanceSlug":596,"tags":["#1","#1-mainstream-rock","this-in-that"],"parents":[],"genre":"rock","debut":"1987-09","playlists":[],"ranks":[17.9,10.6,7.4,6.2,6.03,6.46,7.21],"artists":{"john-mellancamp":true},"scores":[0.038,0.213,0.332,0.391,0.401,0.378,0.341,0.30400000000000005,0.2300000000000001,0.11900000000000016,0],"ascent":[0.038,0.213,0.332,0.391,0.401],"descent-weeks":6.6321695760598525,"ascent-weeks":5.143391521197008,"peak":0.401}