{"title":"C'Mon N' Ride It (The Train)","instanceSlug":599,"tags":[],"parents":[],"genre":"dance","debut":"1996-06","playlists":["summer"],"ranks":[13,7,3.8,2.1,2.3,3.2,3.9],"artists":{"quad-city-djs":true},"scores":[0.145,0.351,0.554,0.752,0.722,0.612,0.546,0.4800000000000001,0.3480000000000002,0.15000000000000036,0],"ascent":[0.145,0.351,0.554,0.752],"descent-weeks":2.165039893617021,"ascent-weeks":3.5944148936170217,"peak":0.752}