{"title":"Ghost Town","instanceSlug":"5GYX","tags":[],"parents":[],"debut":1988,"playlists":[],"scores":[0.1,0.1121,0.1876484561,0.1531,0.113895851,0.074691702,0],"artists":{"cheap-trick":true,"diane-warren":"writer"},"ascent":[0.1,0.1121,0.1876484561],"descent-weeks":4.2313378439248455,"ascent-weeks":3.1954575945482557,"peak":0.1876484561}