{"title":"Day Dreaming","instanceSlug":"5Qa5","tags":[],"parents":[],"genre":"soul","debut":1972,"playlists":[],"scores":[0.113121796731,0.3333333967694741,0.461381,0.51,0.51,0.4965188562511357,0.48,0.464,0.44800000000000006,0.41600000000000015,0.36800000000000027,0.30400000000000044,0.22400000000000064,0.1280000000000009,0.01600000000000118,0],"artists":{"aretha-franklin":true},"ascent":[0.113121796731,0.3333333967694741,0.461381,0.51],"descent-weeks":12.836820165444529,"ascent-weeks":4.170106451471983,"peak":0.51}