{"title":"Nights Are Forever Without You","instanceSlug":"5r18","tags":[],"parents":[],"genre":"adult-contemporary","debut":1976,"playlists":[],"scores":[0.1,0.21,0.312951,0.35561236147633757,0.357477963561,0.3446276515977258,0.329,0.31337234840227424,0.2821170452068227,0.23523409041364535,0.17272348402274224,0.09458522603411335,0.0008193164477586778,0],"artists":{"edjfc":true},"ascent":[0.1,0.21,0.312951,0.35561236147633757,0.357477963561],"descent-weeks":8.937433951740468,"ascent-weeks":5.606113360366711,"peak":0.357477963561}