{"title":"Like a Surgeon","instanceSlug":"5Vov","tags":[],"debut":1986,"playlists":[],"parody":true,"scores":[0.1,0.1995263597162372,0.31,0.34125675641,0.34282688513132636,0.331,0.31571661,0.31,0.3038,0.2914,0.2728,0.248,0.217,0.17980000000000002,0.13640000000000002,0.08680000000000003,0.03100000000000004,0],"artists":{"weird-al-yankovic":true,"madonna":"parody"},"ascent":[0.1,0.1995263597162372,0.31,0.34125675641,0.34282688513132636],"descent-weeks":13.417311891787437,"ascent-weeks":5.660043263943645,"peak":0.34282688513132636}