{"title":"Downtown Train","instanceSlug":"600","tags":["#1","#1-adult-contemporary","#1-mainstream-rock"],"genres":["pop"],"debut":"1989-12","playlists":[],"artists":{"rod-stewart":true},"scores":[0.07,0.38,0.55,0.61,0.63,0.64,0.6270026799932035,0.5880107199728138,0.5230241199388312,0.43204287989125545,0.3150669998300867,0.17209647975532483,0.029125959680562974,0],"score":6.16,"debutScore":0.07,"peakScore":0.64,"duration":4,"ascent":[0.07,0.38,0.55,0.61,0.63,0.64],"descent-weeks":7.796179310301746}