{"title":"Delirious","instanceSlug":604,"tags":[],"parents":[],"genre":"pop","debut":"1983-10","playlists":[],"ranks":[17.5,6.2,5.4,4.8,4.9,5.7],"artists":{"prince":true},"scores":[0.045,0.391,0.437,0.477,0.47,0.419,0.368,0.266,0.11300000000000004,0],"ascent":[0.045,0.391,0.437,0.477],"descent-weeks":6.644654088050315,"ascent-weeks":4.245283018867926,"peak":0.477}