{"title":"She Blinded Me with Science","instanceSlug":605,"tags":[],"genres":["pop"],"debut":"1983-04","playlists":["unique-words"],"artists":{"thomas-dolby":true},"scores":[0.1,0.563,0.768,0.74,0.712,0.6559999999999999,0.5719999999999998,0.45999999999999974,0.3199999999999996,0.15199999999999947,0],"ascent":[0.1,0.563,0.768],"descent-weeks":8.554687499999996,"ascent-weeks":2.794921875,"peak":0.768}