{"title":1979,"instanceSlug":607,"tags":[],"genre":"rock","debut":1996,"playlists":["years"],"ranks":[13,1.9,1,1.15],"artists":{"smashing-pumpkins":true},"scores":[0.5,0.9,0.91,0.89,0.87,0.853,0.83594,0.80182,0.75064,0.6824,0.5971,0.49473999999999996,0.37532,0.23884000000000002,0.08530000000000007,0],"ascent":[0.5,0.9,0.91],"descent-weeks":13.821593406593404}