{"title":"Early in the Morning","instanceSlug":613,"tags":[],"genres":["urban"],"debut":"1982-06","playlists":[],"artists":{"gap-band":true},"scores":[0.185,0.414,0.75,0.81,0.805,0.795,0.77,0.745,0.695,0.6199999999999999,0.5199999999999998,0.3949999999999997,0.24499999999999955,0.0699999999999994,0],"ascent":[0.185,0.414,0.75,0.81],"descent-weeks":11.981481481481477}