{"title":"Even the Nights Are Better","instanceSlug":614,"tags":[],"genre":"adult-contemporary","debut":"1982-07","playlists":[],"artists":{"air-supply":true},"scores":[0.4,0.6,0.63,0.65,0.66,0.61,0.5599999999999999,0.45999999999999985,0.3099999999999997,0.10999999999999954,0],"ascent":[0.4,0.6,0.63,0.65,0.66],"descent-weeks":1.9332702020202008,"ascent-weeks":6.681818181818182,"peak":0.66}