{"title":"Forget-Me-Nots","instanceSlug":615,"tags":[],"genres":["urban"],"debut":"1982-06","playlists":[],"artists":{"patrice-rushin":true},"scores":[0.145,0.337,0.521,0.656,0.642,0.628,0.6,0.5579999999999999,0.5019999999999999,0.43199999999999983,0.34799999999999975,0.24999999999999967,0.13799999999999957,0.011999999999999456,0],"ascent":[0.145,0.337,0.521,0.656],"descent-weeks":10.897865853658534}