{"title":"Personally","instanceSlug":616,"tags":[],"genres":["pop","adult-contemporary"],"debut":"1982-06","playlists":["summer"],"artists":{"carla-bonoff":true},"scores":[0.055,0.235,0.414,0.445,0.475,0.476,0.442,0.40800000000000003,0.3400000000000001,0.23800000000000016,0.10200000000000026,0],"ascent":[0.055,0.235,0.414,0.445,0.475,0.476],"descent-weeks":6.321428571428575,"ascent-weeks":6.617647058823531,"peak":0.476}