{"title":"Who Can It Be Now","instanceSlug":617,"tags":[],"parents":[],"debut":"1982-08","playlists":[],"ranks":[],"artists":{"men-at-work":true},"scores":[0.0485,0.184,0.3295,0.395,0.41,0.4,0.368,0.358,0.348,0.32799999999999996,0.29799999999999993,0.2579999999999999,0.20799999999999985,0.1479999999999998,0.07799999999999974,0],"ascent":[0.0485,0.184,0.3295,0.395,0.41],"descent-weeks":11.71463414634146}