{"title":"Unwell","instanceSlug":62,"tags":[],"searchTerms":["well","unwell"],"genre":"rock","debut":2002,"ranks":[],"artists":{"rob-thomas":true},"scores":[0.11,0.426,0.5645,0.702,0.7565,0.7195,0.6825000000000001,0.6085000000000003,0.4975000000000005,0.3495000000000008,0.1645000000000012,0],"ascent":[0.11,0.426,0.5645,0.702,0.7565],"descent-weeks":7.492068737607408}