{"title":"Keep the Fire Burning","instanceSlug":622,"tags":["burn","fire","keep"],"parents":[],"genre":"rock","debut":"1982-07","playlists":[],"ranks":[18,13,10,9,9.4,9.8,10.2,10.6,11.2,12.6],"artists":{"reo-speedwagon":true},"scores":[0.036,0.145,0.232,0.267,0.253,0.239,0.225,0.213,0.194,0.155,0.11599999999999999,0.03799999999999998,0],"ascent":[0.036,0.145,0.232,0.267],"descent-weeks":9.550561797752808,"ascent-weeks":3.8202247191011236,"peak":0.267}