{"title":"Only the Lonely","instanceSlug":626,"tags":[],"genres":["pop"],"debut":"1982-06","playlists":[],"artists":{"motels":true},"scores":[0.045,0.235,0.425,0.573,0.456,0.346,0.239,0.132,0],"ascent":[0.045,0.235,0.425,0.573],"descent-weeks":0.7678743455497383,"ascent-weeks":3.3455497382198955,"peak":0.573}