{"title":"The Honeythief","instanceSlug":629,"tags":["honey","stealing","thief"],"parents":[],"genre":"pop","debut":"1987-03","playlists":[],"ranks":[15.9,9.2,5.3,4.8,5.2,5.79],"artists":{"hipsway":true},"scores":[0.077,0.26,0.444,0.477,0.45,0.414,0.37799999999999995,0.3059999999999999,0.1979999999999998,0.05399999999999966,0],"ascent":[0.077,0.26,0.444,0.477],"descent-weeks":1.406218553459119,"ascent-weeks":3.955974842767296,"peak":0.477}