{"title":"Graceland","instanceSlug":633,"tags":[],"genres":[],"debut":1987,"playlists":["places"],"artists":{"paul-simon":true},"scores":[0.086,0.306,0.341,0.37,0.381,0.373,0.365,0.349,0.32499999999999996,0.2929999999999999,0.2529999999999999,0.20499999999999985,0.1489999999999998,0.08499999999999974,0.012999999999999678,0],"ascent":[0.086,0.306,0.341,0.37,0.381],"descent-weeks":10.988188976377952}