{"title":"Diamonds on the Soles of their Shoes","instanceSlug":635,"tags":["jewelry"],"parents":[],"genres":["folk-pop"],"debut":1987,"playlists":[],"artists":{"paul-simon":true},"scores":[0.12,0.286,0.341,0.361,0.37,0.363,0.35,0.33699999999999997,0.31099999999999994,0.2719999999999999,0.21999999999999986,0.1549999999999998,0.07699999999999974,0],"ascent":[0.12,0.286,0.341,0.361,0.37],"descent-weeks":9.9527027027027}