{"title":"Love Will Conquer All","instanceSlug":636,"tags":["#1","#1-adult-contemporary","love-will"],"parents":[],"genre":"pop","debut":"1986-11","playlists":[],"ranks":[17.9,10.6,6.2,5.5,4.9,5.46],"artists":{"lionel-richie":true},"scores":[0.038,0.213,0.391,0.431,0.47,0.434,0.398,0.32600000000000007,0.21800000000000014,0.07400000000000023,0],"ascent":[0.038,0.213,0.391,0.431,0.47],"descent-weeks":6.127659574468087,"ascent-weeks":4.9244680851063825,"peak":0.47}