{"title":"Word Up","instanceSlug":639,"tags":[],"genres":["funk"],"debut":"1986-10","playlists":["pph"],"artists":{"cameo":true},"scores":[0.1,0.282,0.376,0.35,0.32399999999999995,0.2719999999999999,0.19399999999999984,0.08999999999999975,0],"ascent":[0.1,0.282,0.376],"descent-weeks":6.406914893617019}