{"title":"YMCA","instanceSlug":64,"tags":["acronym"],"parents":[],"genre":"disco","debut":"1978-11","ranks":[],"artists":{"village-people":true},"scores":[0.097,0.278,0.463,0.484,0.376,0.271,0.166,0.161,0.151,0.136,0.116,0.091,0.061,0.026,0],"ascent":[0.097,0.278,0.463,0.484],"descent-weeks":1.1799378443526172,"ascent-weeks":4.097107438016529,"peak":0.484}