{"title":"Papa Don't Preach","instanceSlug":641,"tags":["father"],"genre":"pop","debut":"1986-07","playlists":[],"artists":{"madonna":true},"scores":[0.2,0.47,0.63,0.65,0.67,0.66,0.6468,0.6204000000000001,0.5808000000000001,0.5280000000000001,0.46200000000000013,0.38280000000000014,0.2904000000000001,0.18480000000000008,0.06600000000000006,0],"ascent":[0.2,0.47,0.63,0.65,0.67],"descent-weeks":11.4,"ascent-weeks":5.865671641791044,"peak":0.67}