{"title":"In Your Eyes","instanceSlug":642,"tags":["eye","in-your","your"],"parents":[],"genre":"pop","debut":"1986-10","playlists":[],"ranks":[21,15,12,10,9,9.1,9.2,9.4,9.8,10.5,12],"artists":{"peter-gabriel":true},"scores":[0.097,0.171,0.232,0.267,0.263,0.26,0.253,0.239,0.216,0.171,0.12600000000000003,0.03600000000000006,0],"ascent":[0.097,0.171,0.232,0.267],"descent-weeks":1.4846872659176027,"ascent-weeks":4.308988764044944,"peak":0.267}