{"title":"Steam","instanceSlug":643,"tags":[],"genres":["pop"],"debut":1992,"playlists":[],"artists":{"peter-gabriel":true},"scores":[0.122,0.3,0.5,0.7,0.85,0.82,0.7899999999999999,0.7299999999999999,0.6399999999999998,0.5199999999999997,0.36999999999999955,0.1899999999999994,0],"ascent":[0.122,0.3,0.5,0.7,0.85],"descent-weeks":8.664705882352939}