{"title":"I'll Be Over You","instanceSlug":644,"tags":["#1","#1-adult-contemporary","i'll-be"],"parents":[],"genre":"pop","debut":"1986-10","playlists":["ballad","breakup","feb13"],"ranks":[17.2,11.8,7.7,7.5,7.9,8.6,9.5],"artists":{"toto":true},"scores":[0.051,0.177,0.319,0.328,0.311,0.282,0.249,0.21600000000000003,0.15000000000000008,0.051000000000000156,0],"ascent":[0.051,0.177,0.319,0.328],"descent-weeks":7.257621951219512,"ascent-weeks":4.001524390243902,"peak":0.328}