{"title":"Muscles","instanceSlug":652,"tags":["body-parts"],"genres":["urban","pop"],"debut":"1982-11","playlists":[],"artists":{"diana-ross":true,"michael-jackson":"writer"},"scores":[0.277,0.456,0.631,0.62,0.6076,0.5828,0.5456,0.496,0.434,0.35960000000000003,0.27280000000000004,0.17360000000000006,0.06200000000000008,0],"ascent":[0.277,0.456,0.631],"descent-weeks":3.8857587163232967,"ascent-weeks":3.2424722662440573,"peak":0.631}