{"title":"Pressure","instanceSlug":653,"tags":[],"genre":"pop","debut":"1982-11","playlists":[],"artists":{"billy-joel":true},"scores":[0.055,0.323,0.554,0.65,0.71,0.74,0.72,0.7,0.6599999999999999,0.5999999999999999,0.5199999999999998,0.4199999999999997,0.2999999999999996,0.15999999999999948,0],"ascent":[0.055,0.323,0.554,0.65,0.71,0.74],"descent-weeks":9.770270270270267,"ascent-weeks":6.145945945945946,"peak":0.74}