{"title":"Together","instanceSlug":658,"tags":[],"genres":[],"debut":1981,"playlists":[],"artists":{"tierra":true},"scores":[0.1,0.3,0.5,0.694,0.651,0.6080000000000001,0.5220000000000002,0.39300000000000046,0.22100000000000075,0.0060000000000011156,0],"ascent":[0.1,0.3,0.5,0.694],"descent-weeks":6.689481268011535,"ascent-weeks":3.4452449567723344,"peak":0.694}