{"title":"Nobody","instanceSlug":663,"tags":[],"genre":"country-pop","debut":"1982-09","playlists":[],"artists":{"sylvia":true},"scores":[0.077,0.26,0.444,0.491,0.485,0.47,0.45499999999999996,0.42499999999999993,0.3799999999999999,0.31999999999999984,0.24499999999999977,0.1549999999999997,0.0499999999999996,0],"ascent":[0.077,0.26,0.444,0.491],"descent-weeks":10.619144602851318,"ascent-weeks":3.885947046843177,"peak":0.491}