{"title":"The One You Love","instanceSlug":665,"tags":["the-one"],"parents":[],"genre":"pop","debut":"1982-09","playlists":[],"ranks":[],"artists":{"glenn-frye":true},"scores":[0.1,0.261,0.3976,0.431,0.426,0.41747999999999996,0.40043999999999996,0.37488,0.3408,0.2982,0.24708000000000002,0.18744000000000002,0.11928000000000002,0.04260000000000003,0],"ascent":[0.1,0.261,0.3976,0.431],"descent-weeks":11.433410672853828,"ascent-weeks":4.140139211136891,"peak":0.431}