{"title":"Oh Sherry","instanceSlug":666,"tags":["#1","#1-mainstream-rock"],"parents":[],"genre":"rock","debut":1984,"playlists":["women"],"ranks":[13,7.1,3.9,2.3,2.4,2.7],"artists":{"steve-perry":true},"scores":[0.145,0.346,0.546,0.722,0.708,0.668,0.6280000000000001,0.5480000000000003,0.4280000000000005,0.2680000000000008,0.06800000000000117,0],"ascent":[0.145,0.346,0.546,0.722],"descent-weeks":2.701787396121886,"ascent-weeks":3.6544321329639886,"peak":0.722}