{"title":"What a Girl Wants","instanceSlug":669,"tags":[],"genre":"pop","debut":"1999-12","playlists":[],"artists":{"christina-aguillera":true},"scores":[0.185,0.622,0.887,0.91,0.92,0.9,0.88,0.84,0.7799999999999999,0.6999999999999998,0.5999999999999998,0.47999999999999965,0.3399999999999995,0.17999999999999938,0],"ascent":[0.185,0.622,0.887,0.91,0.92],"descent-weeks":6.0827246376811575,"ascent-weeks":5.745652173913043,"peak":0.92}