{"title":"Amish Paradise","instanceSlug":670,"tags":[],"genre":"parody","debut":1996,"playlists":[],"parody":true,"artists":{"weird-al-yankovic":true,"coolio":"parody"},"scores":[0.077,0.267,0.463,0.633,0.521,0.408,0.298,0.188,0],"ascent":[0.077,0.267,0.463,0.633],"descent-weeks":0.9404191679831491,"ascent-weeks":3.4123222748815167,"peak":0.633}