{"title":"When the Morning Comes","instanceSlug":673,"tags":[],"parents":[],"genre":"pop","debut":"1999-11","playlists":[],"ranks":[13.9,7.8,4.4,2.5,2.2,2.5,2.8,3.1,3.9,5],"artists":{"smashmouth":true},"scores":[0.122,0.315,0.506,0.694,0.737,0.694,0.656,0.622,0.546,0.463,0.38,0.21399999999999997,0],"ascent":[0.122,0.315,0.506,0.694,0.737],"descent-weeks":3.2598407960199007,"ascent-weeks":4.831750339213026,"peak":0.737}