{"title":"Rock the Casbah","instanceSlug":679,"tags":[],"genre":"rock","debut":"1982-11","playlists":["places"],"xref":["1442"],"artists":{"clash":true},"scores":[0.171,0.592,0.864,0.813,0.7619999999999999,0.6599999999999998,0.5069999999999997,0.3029999999999995,0.047999999999999265,0],"ascent":[0.171,0.592,0.864],"descent-weeks":2.1311620370370354,"ascent-weeks":2.824652777777778,"peak":0.864}