{"title":"Heart Attack","instanceSlug":681,"tags":[],"parents":[],"genre":"pop","debut":"1982-10","playlists":[],"ranks":[18,11,7,5,4,3,3.25,3.7],"artists":{"olivia-newton-john":true},"scores":[0.036,0.2,0.351,0.463,0.537,0.633,0.607,0.563,0.5189999999999999,0.4309999999999998,0.2989999999999997,0.12299999999999955,0],"ascent":[0.036,0.2,0.351,0.463,0.537,0.633],"descent-weeks":2.255019088994206,"ascent-weeks":5.260663507109005,"peak":0.633}