{"title":"You Can Do Magic","instanceSlug":683,"tags":["you-can"],"parents":[],"genre":"adult-contemporary","debut":"1982-09","playlists":[],"ranks":[13.9,8.3,6.6,5.5,4.95,5.2,5.9],"artists":{"america":true},"scores":[0.122,0.294,0.37,0.431,0.466,0.45,0.408,0.36599999999999994,0.28199999999999986,0.15599999999999975,0],"ascent":[0.122,0.294,0.37,0.431,0.466],"descent-weeks":1.4502517882689552,"ascent-weeks":5.4173819742489275,"peak":0.466}