{"title":"Better Be Good to Me","instanceSlug":686,"tags":[],"parents":[],"genre":"pop","debut":"1984-10","playlists":[],"ranks":[15,8.1,4.4,2.3,2.5,3.2],"artists":{"tina-turner":true},"scores":[0.097,0.306,0.477,0.554,0.668,0.645,0.592,0.5389999999999999,0.43299999999999983,0.2739999999999997,0.0619999999999995,0],"ascent":[0.097,0.306,0.477,0.554,0.668],"descent-weeks":2.1303761227544893,"ascent-weeks":4.720059880239521,"peak":0.668}