{"title":"Some Guys Have All the Luck","instanceSlug":694,"tags":[],"genre":"rock","debut":"1984-10","playlists":[],"artists":{"rod-stewart":true},"scores":[0.09,0.31,0.44,0.52,0.55,0.3224086043568964,0.09481720871379273,0],"score":4.932607724798767,"debutScore":0.09,"peakScore":0.55,"duration":4,"ascent":[0.09,0.31,0.44,0.52,0.55],"descent-weeks":0.4216556176417079,"ascent-weeks":5.209090909090909,"peak":0.55}