{"title":"She Bop","instanceSlug":695,"tags":[],"parents":[],"genre":"pop","debut":"1984-07","playlists":[],"ranks":[15.9,9.2,5.3,4.6,4.5,4.7,4.9,5.5],"artists":{"cyndi-lauper":true},"scores":[0.077,0.26,0.444,0.491,0.498,0.484,0.47,0.431,0.392,0.31400000000000006,0.19700000000000012,0.0410000000000002,0],"ascent":[0.077,0.26,0.444,0.491,0.498],"descent-weeks":2.1746517737617133,"ascent-weeks":5.33132530120482,"peak":0.498}