{"title":"Cruel Summer","instanceSlug":696,"tags":["remade"],"genre":"pop","debut":"1984-08","playlists":["summer"],"ranks":[15,8.5,4.8,3.1,3.9],"artists":{"bananarama":true},"scores":[0.097,0.286,0.477,0.622,0.546,0.4700000000000001,0.31800000000000017,0.0900000000000003,0],"ascent":[0.097,0.286,0.477,0.622],"descent-weeks":4.934083601286176,"ascent-weeks":3.5739549839228295,"peak":0.622}