{"title":"Big Girls Don't Cry","instanceSlug":699,"tags":["#1","#1-rdwt40-hot-adult"],"parents":[],"genre":"pop","debut":2007,"playlists":[],"ranks":[15.9,5,3,2.7,3.2],"artists":{"fergie":true},"scores":[0.077,0.463,0.633,0.668,0.612,0.5559999999999999,0.44399999999999984,0.2759999999999997,0.05199999999999949,0],"ascent":[0.077,0.463,0.633,0.668],"descent-weeks":5.856287425149699}