{"title":"Stick Around","instanceSlug":"6lKy","tags":[],"debut":1986,"playlists":[],"scores":[0.14,0.442,0.586,0.676,0.694,0.72,0.7,0.6799999999999999,0.6399999999999999,0.5799999999999998,0.4999999999999998,0.3999999999999997,0.2799999999999996,0.13999999999999946,0],"artists":{"julian-lennon":true},"ascent":[0.14,0.442,0.586,0.676,0.694,0.72],"descent-weeks":9.666666666666663,"ascent-weeks":6.7875000000000005,"peak":0.72}