{"title":"Hey Mr. DJ","instanceSlug":705,"tags":[],"parents":[],"genre":"soul","debut":"1993-10","playlists":[],"ranks":[17,9.9,5.8,4.4,4.2,4.6,5.9],"artists":{"zhane":true},"scores":[0.055,0.235,0.414,0.506,0.521,0.491,0.408,0.32499999999999996,0.15899999999999992,0],"ascent":[0.055,0.235,0.414,0.506,0.521],"descent-weeks":1.1070121561100443,"ascent-weeks":4.983685220729366,"peak":0.521}