{"title":"Feels Good","instanceSlug":712,"tags":["#1","#1-r&b"],"parents":[],"genre":"new-jack-swing","debut":"1990-10","playlists":[],"ranks":[15.9,9,5,3,3.7],"artists":{"tony-toni-tone":true},"scores":[0.077,0.267,0.463,0.633,0.563,0.4929999999999999,0.35299999999999976,0.14299999999999957,0],"ascent":[0.077,0.267,0.463,0.633],"descent-weeks":5.177725118483411,"ascent-weeks":3.4123222748815167,"peak":0.633}