{"title":"Anniversary","instanceSlug":713,"tags":[],"parents":[],"genre":"soul","debut":"1993-10","playlists":[],"ranks":[17.9,12,10.7,12],"artists":{"tony-toni-tone":true},"scores":[0.038,0.171,0.209,0.171,0.13300000000000003,0.05700000000000008,0],"ascent":[0.038,0.171,0.209],"descent-weeks":4.090909090909092,"ascent-weeks":3,"peak":0.209}