{"title":"Baby I'm Yours","instanceSlug":714,"tags":[],"genres":["soul","urban"],"debut":"1993-07","playlists":[],"artists":{"shai":true},"scores":[0.1,0.463,0.633,0.786,0.708,0.703,0.693,0.67914,0.65142,0.60984,0.5544,0.4851,0.40193999999999996,0.30491999999999997,0.19404,0.0693,0],"ascent":[0.1,0.463,0.633,0.786],"descent-weeks":13.053625954198473}