{"title":"Everybody Wants To Rule the World","instanceSlug":718,"tags":[],"parents":[],"genre":"pop","debut":"1985-04","playlists":[],"ranks":[18,11.3,6.4,4.2,4.7],"artists":{"tears-for-fears":true},"scores":[0.036,0.191,0.381,0.521,0.484,0.44699999999999995,0.3729999999999999,0.2619999999999998,0.11399999999999966,0],"ascent":[0.036,0.191,0.381,0.521],"descent-weeks":1.1723176583493276,"ascent-weeks":3.250479846449136,"peak":0.521}