{"title":"Soul to Squeeze","instanceSlug":719,"tags":[],"genre":"rock","debut":"1993-09","playlists":[],"artists":{"red-hot-chili-peppers":true},"scores":[0.232,0.4,0.608,0.668,0.665,0.654,0.64092,0.6147600000000001,0.57552,0.5232,0.4578,0.37932,0.28775999999999996,0.18311999999999992,0.06539999999999987,0],"ascent":[0.232,0.4,0.608,0.668],"descent-weeks":12.832634730538917,"ascent-weeks":4.2844311377245505,"peak":0.668}