{"title":"Sunday Morning","instanceSlug":720,"tags":[],"genre":"soul","debut":"1993-09","playlists":[],"artists":{"earth-wind-fire":true},"scores":[0.5,0.83,0.89,0.94,0.925,0.9065000000000001,0.8695,0.8140000000000001,0.74,0.6475,0.5365,0.407,0.25899999999999995,0.09249999999999992,0],"ascent":[0.5,0.83,0.89,0.94],"descent-weeks":6.515816156914895,"ascent-weeks":5.042553191489362,"peak":0.94}