{"title":"Sweat","instanceSlug":725,"tags":["sweat"],"parents":[],"genre":"reggae","debut":"1993-09","playlists":[],"ranks":[14.3,2.9,1,1.12],"artists":{"inner-circle":true},"scores":[0.113,0.645,1,0.962,0.9239999999999999,0.8479999999999999,0.7339999999999998,0.5819999999999996,0.39199999999999946,0.16399999999999926,0],"ascent":[0.113,0.645,1],"descent-weeks":3.440215333333331,"ascent-weeks":2.637,"peak":1}