{"title":"Dude (Looks Like a Lady)","instanceSlug":728,"tags":[],"parents":[],"genre":"hard-rock","debut":"1987-12","playlists":[],"ranks":[12,3.7,1.5,1.58,1.71,1.86,2.05,2.29,2.58,2.97,3.4],"artists":{"aerosmith":true},"scores":[0.171,0.563,0.864,0.847,0.821,0.793,0.76,0.723,0.684,0.637,0.592,0.5469999999999999,0.45699999999999985,0.32199999999999973,0.14199999999999957,0],"ascent":[0.171,0.563,0.864],"descent-weeks":7.7301063850308624,"ascent-weeks":2.7743055555555554,"peak":0.864}