{"title":"Him","instanceSlug":73,"tags":[],"playlists":["feb13","cheating"],"ranks":[15,6,5,4.3,3.9,4.2,4.7],"genre":"pop","artists":{"rupert-holmes":true},"scores":[0.097,0.402,0.463,0.513,0.546,0.521,0.484,0.44699999999999995,0.3729999999999999,0.2619999999999998,0.11399999999999966,0],"ascent":[0.097,0.402,0.463,0.513,0.546],"descent-weeks":7.546703296703296}