{"title":"The River of Dreams","instanceSlug":730,"tags":["#1","#1-adult-contemporary","this-of-that"],"parents":[],"genre":"pop","debut":"1993-08","playlists":[],"ranks":[16.8,11.8,6.6,5.7,5.5,5.8,6.1,6.5,6.9,7.4,8,9.1],"artists":{"billy-joel":true},"scores":[0.059,0.177,0.37,0.419,0.431,0.414,0.397,0.376,0.356,0.332,0.306,0.263,0.22000000000000003,0.13400000000000006,0.0050000000000001155,0],"ascent":[0.059,0.177,0.37,0.419,0.431],"descent-weeks":11.255220417633412,"ascent-weeks":5.067285382830627,"peak":0.431}