{"title":"Dreamlover","instanceSlug":735,"tags":["#1","dream","lover"],"parents":[],"genre":"soul","debut":"1993-08","playlists":[],"ranks":[13,6,3.6,1.8,1.2,1.35],"artists":{"mariah-carey":true},"scores":[0.145,0.402,0.573,0.804,0.939,0.899,0.8590000000000001,0.7790000000000002,0.6590000000000005,0.4990000000000008,0.29900000000000115,0.05900000000000161,0],"ascent":[0.145,0.402,0.573,0.804,0.939],"descent-weeks":3.4799574014909527,"ascent-weeks":4.573482428115017,"peak":0.939}