{"title":"Complicated","instanceSlug":736,"tags":[],"parents":[],"genre":"pop","debut":2002,"playlists":[],"ranks":[13,6.5,3.2,1.6,1.1,1.5],"artists":{"avril-lavigne":true},"scores":[0.145,0.376,0.612,0.843,0.968,0.864,0.76,0.552,0.2400000000000001,0],"ascent":[0.145,0.376,0.612,0.843,0.968],"descent-weeks":5.243801652892563,"ascent-weeks":4.561983471074381,"peak":0.968}