{"title":"Hot Girls in Love","instanceSlug":737,"tags":["girl","hot","love"],"parents":[],"genre":"rock","debut":"1983-07","playlists":[],"ranks":[18,12,9.4,7.3,6.8,8.2],"artists":{"loverboy":true},"scores":[0.036,0.171,0.253,0.337,0.361,0.298,0.235,0.10899999999999999,0],"ascent":[0.036,0.171,0.253,0.337,0.361],"descent-weeks":0.5003423361034165,"ascent-weeks":4.811634349030471,"peak":0.361}