{"title":"Harden My Heart","instanceSlug":742,"tags":["#1","#1-mainstream-rock"],"parents":[],"genre":"rock","debut":"1981-11","playlists":[],"ranks":[],"artists":{"quarterflash":true},"scores":[0.055,0.139,0.088,0.083,0.073,0.058,0.038,0.013,0],"ascent":[0.055,0.139],"descent-weeks":0.2023453237410072,"ascent-weeks":2.093525179856115,"peak":0.139}