{"title":"Don't Cry","instanceSlug":746,"tags":[],"parents":[],"genre":"rock","debut":"1983-08","playlists":[],"ranks":[17.5,10.2,5.9,6.5,7.6],"artists":{"asia":true},"scores":[0.045,0.225,0.408,0.376,0.323,0.27,0.16400000000000003,0.00500000000000006,0],"ascent":[0.045,0.225,0.408],"descent-weeks":0.7022679738562093,"ascent-weeks":2.4926470588235294,"peak":0.408}