{"title":"Cold Blooded","instanceSlug":750,"tags":["#1","#1-r&b","coldblood"],"parents":[],"genre":"soul","debut":"1983-10","playlists":[],"ranks":[23,14.1,17],"artists":{"rick-james":true},"scores":[0.3464100666173205,0.1888412017167382,0.03127233681615593,0],"ascent":[0.3464100666173205],"descent-weeks":0.12441865023419299,"ascent-weeks":1.5,"peak":0.3464100666173205}