{"title":"Putting on the Ritz","instanceSlug":751,"tags":[],"genre":"pop","debut":"1983-07","playlists":[],"remake":true,"artists":{"taco":true},"scores":[0.127,0.306,0.487,0.506,0.531,0.52,0.509,0.487,0.45399999999999996,0.4099999999999999,0.35499999999999987,0.2889999999999998,0.21199999999999974,0.12399999999999967,0.024999999999999578,0],"ascent":[0.127,0.306,0.487,0.506,0.531],"descent-weeks":3.60933270558694,"ascent-weeks":5.528248587570621,"peak":0.531}