{"title":"Say It Isn't So","instanceSlug":759,"tags":[],"parents":[],"genre":"rock","debut":"1983-11","playlists":[],"ranks":[15,4.7,3.1,2.5,2.43,2.69,3.14],"artists":{"hall-oates":true},"scores":[0.12842857142857142,0.3375714285714286,0.49657142857142855,0.5488571428571428,0.554142857142857,0.5467142857142857,0.5319999999999999,0.5168571428571428,0.5,0.4831428571428572,0.4494285714285716,0.39885714285714324,0.33142857142857207,0.2471428571428581,0.14600000000000135,0.0280000000000018,0],"ascent":[0.12842857142857142,0.3375714285714286,0.49657142857142855,0.5488571428571428,0.554142857142857],"descent-weeks":12.81361175560713,"ascent-weeks":5.591260634184069,"peak":0.554142857142857}