{"title":"Out of Touch","instanceSlug":761,"tags":[],"genre":"rock","debut":"1984-10","playlists":[],"artists":{"hall-oates":true},"scores":[0.07,0.284,0.389,0.438,0.458,0.4577,0.4416,0.4255,0.3933,0.345,0.28059999999999996,0.20009999999999994,0.10349999999999993,0],"ascent":[0.07,0.284,0.389,0.438,0.458],"descent-weeks":2.680581293668121,"ascent-weeks":5.367903930131004,"peak":0.458}