{"title":"Private Eyes","instanceSlug":762,"tags":["#1","#1-hot-100"],"parents":[],"genre":"pop","debut":"1981-09","playlists":[],"ranks":[15.9,9.3,7.3,5.9,5.5,6.4],"artists":{"hall-oates":true},"scores":[0.077,0.256,0.337,0.408,0.431,0.381,0.331,0.23100000000000004,0.08100000000000007,0],"ascent":[0.077,0.256,0.337,0.408,0.431],"descent-weeks":0.8338399071925755,"ascent-weeks":5.251740139211137,"peak":0.431}