{"title":"Victory","instanceSlug":766,"tags":[],"genre":"funk","debut":"1986-12","playlists":[],"artists":{"koolnthegang":true},"scores":[0.12,0.431,0.477,0.51,0.545,0.543,0.52,0.497,0.45099999999999996,0.3819999999999999,0.2899999999999998,0.1749999999999997,0.03699999999999959,0],"ascent":[0.12,0.431,0.477,0.51,0.545],"descent-weeks":9.467889908256877,"ascent-weeks":5.73302752293578,"peak":0.545}