{"title":"Stone Love","instanceSlug":767,"tags":[],"parents":[],"genre":"soul","debut":"1987-03","playlists":[],"ranks":[15.9,9.5,8,8.9],"artists":{"koolnthegang":true},"scores":[0.077,0.249,0.306,0.271,0.23600000000000004,0.1660000000000001,0.061000000000000165,0],"ascent":[0.077,0.249,0.306],"descent-weeks":5.098039215686276,"ascent-weeks":3.0980392156862746,"peak":0.306}