{"title":"Ring of Fire","instanceSlug":"76Wn","tags":["#1","#1-country"],"parents":[],"genre":"country","debut":1963,"playlists":[],"scores":[0.1,0.21,0.312951,0.35561236147633757,0.357477963561,0.3446276515977258,0.3289181,0.31523776166182677,0.31,0.28331,0.2643212411,0.2428924261,0.219594933345851,0.194,0.168405066654149,0.117215199962447,0.040430399924894,0],"artists":{"johnny-cash":true},"ascent":[0.1,0.21,0.312951,0.35561236147633757,0.357477963561],"descent-weeks":3.3593082436471193,"ascent-weeks":5.606113360366711,"peak":0.357477963561}