{"title":"Boom Boom Pow","instanceSlug":772,"tags":[],"parents":[],"genre":"pop","debut":"2010s","playlists":[],"ranks":[13.9,7.8,4.4,2.5,3.5],"artists":{"black-eyed-peas":true},"scores":[0.122,0.315,0.506,0.694,0.582,0.47,0.246,0],"ascent":[0.122,0.315,0.506,0.694],"descent-weeks":0.8680317002881842,"ascent-weeks":3.538184438040346,"peak":0.694}