{"title":"Notorious","instanceSlug":775,"tags":[],"parents":[],"genre":"rock","debut":"1987-10","playlists":[],"ranks":[17,11.5,10,11.4],"artists":{"loverboy":true},"scores":[0.055,0.185,0.232,0.188,0.144,0.055999999999999966,0],"ascent":[0.055,0.185,0.232],"descent-weeks":0.24318965517241378,"ascent-weeks":3.0517241379310343,"peak":0.232}