{"title":"Take My Breath Away","instanceSlug":777,"tags":[],"parents":[],"genre":"pop","debut":"1986-08","playlists":[],"ranks":[15.9,9.3,5.5,6.4],"artists":{"berlin":true},"scores":[0.077,0.256,0.431,0.381,0.331,0.23100000000000004,0.08100000000000007,0],"ascent":[0.077,0.256,0.431],"descent-weeks":0.6242546403712299,"ascent-weeks":2.658932714617169,"peak":0.431}