{"title":"Pamela","instanceSlug":781,"tags":[],"parents":[],"genre":"adult-contemporary","debut":"1988-04","playlists":[],"ranks":[17,10.1,9.3,8.8,10],"artists":{"toto":true},"scores":[0.055,0.229,0.256,0.275,0.232,0.189,0.10299999999999998,0],"ascent":[0.055,0.229,0.256,0.275],"descent-weeks":4.3581818181818175,"ascent-weeks":4.445454545454545,"peak":0.275}