{"title":"Catch Me I'm Falling","instanceSlug":785,"tags":[],"parents":[],"genre":"dance","debut":"1987-10","playlists":[],"ranks":[15.1,8.6,4.6,2.4,2.3,2.35,2.4,2.5,2.65,2.9,3.5],"artists":{"pretty-poison":true},"scores":[0.095,0.282,0.491,0.708,0.722,0.715,0.708,0.694,0.675,0.645,0.582,0.5189999999999999,0.3929999999999998,0.20399999999999963,0],"ascent":[0.095,0.282,0.491,0.708,0.722],"descent-weeks":12.168282548476451,"ascent-weeks":4.774238227146815,"peak":0.722}