{"title":"I'm Still Searching","instanceSlug":787,"tags":[],"parents":[],"genre":"rock","debut":"1988-05","playlists":[],"ranks":[21,16.4,13.3,17.1],"artists":{"glass-tiger":true},"scores":[0.067,0.137,0.053,0],"ascent":[0.067,0.137],"descent-weeks":0.045535279805352796,"ascent-weeks":2.2335766423357666,"peak":0.137}