{"title":"Kiss Me Deadly","instanceSlug":788,"tags":[],"parents":[],"genre":"rock","debut":"1988-05","playlists":[],"ranks":[16.5,10,7.5,6.2,5.5,5,5.7],"artists":{"lita-ford":true},"scores":[0.065,0.232,0.328,0.391,0.431,0.463,0.419,0.37499999999999994,0.28699999999999987,0.15499999999999975,0],"ascent":[0.065,0.232,0.328,0.391,0.431,0.463],"descent-weeks":5.504319654427644,"ascent-weeks":6.187904967602592,"peak":0.463}