{"title":"The Joker","instanceSlug":789,"tags":["joke"],"parents":[],"genre":"rock","debut":"1970s","playlists":[],"ranks":[17.9,10.4,6.1,6,8.3],"artists":{"steve-miller-band":true},"scores":[0.038,0.219,0.397,0.402,0.294,0.18599999999999994,0],"ascent":[0.038,0.219,0.397,0.402],"descent-weeks":3.291044776119402,"ascent-weeks":3.9402985074626864,"peak":0.402}