{"title":"I Still Believe","instanceSlug":791,"tags":[],"parents":[],"genre":"pop","debut":"1988-05","playlists":[],"ranks":[17,12,10,8,8.94],"artists":{"brenda-k-starr":true},"scores":[0.055,0.171,0.232,0.306,0.269,0.23200000000000004,0.15800000000000008,0.04700000000000015,0],"ascent":[0.055,0.171,0.232,0.306],"descent-weeks":0.4894640522875818,"ascent-weeks":3.745098039215686,"peak":0.306}