{"title":"Where Do Broken Hearts Go","instanceSlug":794,"tags":["#1","#1-adult-contemporary","#1-hot-100","broken-heart"],"parents":[],"genre":"pop","debut":"1988-05","playlists":[],"ranks":[17.9,9.9,12.1],"artists":{"whitney-houston":true},"scores":[0.038,0.235,0.168,0.10100000000000003,0],"ascent":[0.038,0.235],"descent-weeks":0.13886808510638293,"ascent-weeks":1.7425531914893617,"peak":0.235}