{"title":"Circle in the Sand","instanceSlug":795,"tags":[],"genre":"pop","debut":"1988-04","playlists":[],"artists":{"belinda-carlisle":true},"scores":[0.03,0.192,0.2821,0.262,0.233,0.20400000000000001,0.14600000000000002,0.059000000000000025,0],"ascent":[0.03,0.192,0.2821],"descent-weeks":6.3068060971286775,"ascent-weeks":2.680432470755051,"peak":0.2821}