{"title":"Girls Girls Girls","instanceSlug":799,"tags":[],"genre":"metal","debut":"1987-06","playlists":[],"artists":{"motley-crue":true},"scores":[0.17371,0.5649452269171,0.641,0.61,0.579,0.5169999999999999,0.4239999999999998,0.2999999999999997,0.14499999999999957,0],"ascent":[0.17371,0.5649452269171,0.641],"descent-weeks":7.525741029641182,"ascent-weeks":3.2285223718808895,"peak":0.641}