{"title":"Like a Child","instanceSlug":800,"tags":["child","like"],"parents":[],"genre":"dance","debut":"1988-04","playlists":[],"ranks":[21,12.6,30.3,85.5,241],"artists":{"noel":true},"scores":[0.155,0.15,0.13999999999999999,0.12499999999999999,0.10499999999999998,0.07999999999999999,0.04999999999999999,0.014999999999999986,0],"ascent":[0.155],"descent-weeks":0.4298387096774194,"ascent-weeks":1.5,"peak":0.155}