{"title":"Let Me Be There","instanceSlug":802,"tags":[],"parents":[],"genre":"pop","debut":1973,"playlists":[],"artists":{"olivia-newton-john":true,"mike-sammes":"backup"},"scores":[0.04,0.22,0.4,0.44,0.48,0.52,0.51,0.4998,0.47940000000000005,0.44880000000000003,0.40800000000000003,0.35700000000000004,0.29580000000000006,0.22440000000000004,0.14280000000000004,0.05100000000000003,0],"ascent":[0.04,0.22,0.4,0.44,0.48,0.52],"descent-weeks":3.8089213141025646,"ascent-weeks":6.057692307692308,"peak":0.52}