{"title":"Master Blaster","instanceSlug":805,"tags":[],"parents":[],"genre":"reggae","debut":"1980-10","playlists":[],"ranks":[17,9.9,5.8,6.2,8.5],"artists":{"stevie-wonder":true},"scores":[0.055,0.235,0.414,0.391,0.286,0.18099999999999994,0],"ascent":[0.055,0.235,0.414],"descent-weeks":4.608695652173913,"ascent-weeks":2.5507246376811596,"peak":0.414}