{"title":"Hardware Store","instanceSlug":809,"tags":[],"parents":[],"genre":"pop","playlists":[],"ranks":[15.9,9.2,5.3,4.6,5.2],"artists":{"weird-al-yankovic":true},"scores":[0.077,0.26,0.444,0.491,0.45,0.40900000000000003,0.32700000000000007,0.20400000000000013,0.0400000000000002,0],"ascent":[0.077,0.26,0.444,0.491],"descent-weeks":5.868635437881876,"ascent-weeks":3.885947046843177,"peak":0.491}