{"title":"C'est La Vie","instanceSlug":811,"tags":[],"parents":[],"genre":"pop","debut":"1986-12","playlists":[],"ranks":[13.9,7.6,4.1,2.2,2.4,2.7],"artists":{"robbie-nevil":true},"scores":[0.122,0.323,0.529,0.737,0.708,0.668,0.6280000000000001,0.5480000000000003,0.4280000000000005,0.2680000000000008,0.06800000000000117,0],"ascent":[0.122,0.323,0.529,0.737],"descent-weeks":8.248982360922666,"ascent-weeks":3.4823609226594296,"peak":0.737}