{"title":"Hot Rod Hearts","instanceSlug":812,"tags":[],"parents":[],"genre":"soft-rock","debut":"1980-08","playlists":[],"ranks":[17,10,6.8,7.9],"artists":{"robbie-dupree":true},"scores":[0.055,0.232,0.361,0.311,0.261,0.16100000000000003,0.011000000000000065,0],"ascent":[0.055,0.232,0.361],"descent-weeks":0.4471525854108956,"ascent-weeks":2.6925207756232687,"peak":0.361}