{"title":"Simply Irresistible","instanceSlug":813,"tags":[],"parents":[],"genre":"rock","debut":1988,"playlists":[],"ranks":[17.9,10.7,9,12],"artists":{"robert-palmer":true},"scores":[0.038,0.209,0.267,0.171,0.07500000000000001,0],"ascent":[0.038,0.209,0.267],"descent-weeks":0.16443539325842702,"ascent-weeks":2.887640449438202,"peak":0.267}