{"title":"(Just Like) Starting Over","instanceSlug":819,"tags":["just","like","over","start","start-over"],"parents":[],"genre":"pop","debut":"1980-11","playlists":[],"ranks":[17.9,10.6,7.3,6.5,6.6,7.3,8.4],"artists":{"john-lennon":true},"scores":[0.038,0.213,0.337,0.376,0.37,0.337,0.29,0.24299999999999994,0.14899999999999985,0.00799999999999973,0],"ascent":[0.038,0.213,0.337,0.376],"descent-weeks":1.0755099734042546,"ascent-weeks":3.8457446808510642,"peak":0.376}