{"title":"My Brave Face","instanceSlug":820,"tags":[],"genre":"pop","debut":"1989-07","playlists":["summer"],"artists":{"paul-mccartney":true},"scores":[0.23,0.356,0.44,0.51,0.53,0.52,0.5096,0.48880000000000007,0.45760000000000006,0.41600000000000004,0.36400000000000005,0.30160000000000003,0.22880000000000003,0.1456,0.05199999999999999,0],"ascent":[0.23,0.356,0.44,0.51,0.53],"descent-weeks":3.8372830188679248,"ascent-weeks":5.847169811320754,"peak":0.53}