{"title":"Take It Away","instanceSlug":821,"tags":[],"parents":[],"genre":"pop","debut":"1982-08","playlists":[],"ranks":[15,8.7,4.7,3.9,3.3,3.4,3.6,4,4.5],"artists":{"paul-mccartney":true},"scores":[0.35,0.52,0.65,0.68,0.66,0.64,0.6,0.5399999999999999,0.45999999999999985,0.35999999999999976,0.23999999999999966,0.09999999999999953,0],"ascent":[0.35,0.52,0.65,0.68],"descent-weeks":9.441176470588234,"ascent-weeks":4.852941176470588,"peak":0.68}