{"title":"The Closer You Get","instanceSlug":822,"tags":["#1"],"parents":[],"genre":"country","debut":"1983-06","playlists":[],"ranks":[15,2.2,1.9,1.95,2.23],"artists":{"alabama":true},"scores":[0.097,0.737,0.786,0.777,0.732,0.6869999999999999,0.5969999999999999,0.46199999999999974,0.2819999999999996,0.056999999999999384,0],"ascent":[0.097,0.737,0.786],"descent-weeks":2.7862595419847307,"ascent-weeks":3.0916030534351147,"peak":0.786}