{"title":"A Fifth of Beethoven","instanceSlug":824,"tags":[],"parents":[],"genre":"disco","debut":"1970s","playlists":[],"ranks":[17,9.7,5.6,4.5,6.2],"artists":{"walter-murphy-the-big-apple-band":true},"scores":[0.055,0.242,0.425,0.498,0.391,0.28400000000000003,0.07000000000000006,0],"ascent":[0.055,0.242,0.425,0.498],"descent-weeks":3.7439759036144586,"ascent-weeks":3.674698795180723,"peak":0.498}