{"title":"Sugar Free","instanceSlug":832,"tags":[],"parents":[],"genre":"pop","debut":"1987-10","playlists":[],"ranks":[13.9,7.8,4.4,2.5,3],"artists":{"wa-wa-nee":true},"scores":[0.122,0.315,0.506,0.694,0.633,0.5720000000000001,0.4500000000000002,0.26700000000000035,0.023000000000000576,0],"ascent":[0.122,0.315,0.506,0.694],"descent-weeks":5.703890489913547,"ascent-weeks":3.538184438040346,"peak":0.694}