{"title":"West End Girls","instanceSlug":"835","tags":[],"genre":"pop","debut":1986,"playlists":[],"artists":{"pet-shop-boys":true},"scores":[0.038,0.213,0.337,0.325,0.31,0.295,0.26499999999999996,0.21999999999999992,0.15999999999999986,0.0849999999999998,0],"ascent":[0.038,0.213,0.337],"descent-weeks":1.276519535113748,"ascent-weeks":2.6172106824925816,"peak":0.337}