{"title":"Never Surrender","instanceSlug":839,"tags":["never","surrender"],"parents":[],"genre":"pop","debut":"1985-08","playlists":[],"ranks":[17,10.1,7.6,8.4,10.1],"artists":{"corey-hart":true},"scores":[0.055,0.229,0.323,0.29,0.229,0.16800000000000004,0.046000000000000096,0],"ascent":[0.055,0.229,0.323],"descent-weeks":0.4530773993808048,"ascent-weeks":2.8188854489164084,"peak":0.323}