{"title":"With or Without You","instanceSlug":842,"tags":["without-you","with-you"],"genre":"rock","debut":"1987-04","playlists":[],"artists":{"u2":true},"scores":[0.1,0.21,0.31,0.341,0.339483741,0.31931445187447666,0.2887199391,0.25285,0.21698006090000005,0.1452401827000001,0.0376303654000002,0],"ascent":[0.1,0.21,0.31,0.341],"descent-weeks":8.53908537085547,"ascent-weeks":4.227272727272727,"peak":0.341}