{"title":"Don't Dream It's Over","instanceSlug":843,"tags":[],"parents":[],"genre":"pop","debut":"1987-03","playlists":[],"ranks":[15.9,9.4,6.2,8.3],"artists":{"crowded-house":true},"scores":[0.077,0.253,0.391,0.294,0.19699999999999995,0.0029999999999998916,0],"ascent":[0.077,0.253,0.391],"descent-weeks":3.3951406649616365,"ascent-weeks":2.765984654731458,"peak":0.391}