{"title":"Crush","instanceSlug":844,"tags":[],"genre":"pop","debut":1997,"playlists":[],"artists":{"jennifer-page":true},"scores":[0.592,1,0.997,0.982,0.954,0.907,0.844,0.778,0.7120000000000001,0.5800000000000002,0.38200000000000034,0.11800000000000055,0],"ascent":[0.592,1],"descent-weeks":6.772407,"ascent-weeks":2.388,"peak":1}