{"title":"I Can't Wait","instanceSlug":848,"tags":[],"parents":[],"genre":"pop","debut":"1986-04","playlists":[],"ranks":[15,8.8,5.6,7.5],"artists":{"nu-shooz":true},"scores":[0.097,0.275,0.425,0.328,0.23100000000000004,0.03700000000000009,0],"ascent":[0.097,0.275,0.425],"descent-weeks":3.6035294117647068,"ascent-weeks":2.8129411764705883,"peak":0.425}