{"title":"How Will I Know","instanceSlug":849,"tags":["#1","#1-adult-contemporary","#1-hot-100","#1-r&b"],"parents":[],"genre":"pop","debut":"1986-01","playlists":[],"ranks":[13,7.1,3.9,2.6,2.9,3.5],"artists":{"whitney-houston":true},"scores":[0.12,0.402,0.529,0.645,0.607,0.569,0.4929999999999999,0.3789999999999998,0.22699999999999965,0.03699999999999948,0],"ascent":[0.12,0.402,0.529,0.645],"descent-weeks":6.876744186046508,"ascent-weeks":3.9441860465116285,"peak":0.645}