{"title":"I've Had the Time of My Life","instanceSlug":854,"tags":["i've","life","my","my-life","this-of-that","time"],"parents":[],"genre":"pop","debut":"1987-10","playlists":[],"ranks":[15.2,9.2,4.6,3.34,2.78,3.01,3.45],"artists":{"bill-medley":true,"jennifer-warnes":true},"scores":[0.092,0.26,0.491,0.598,0.659,0.632,0.587,0.5419999999999999,0.45199999999999985,0.3169999999999997,0.13699999999999957,0],"ascent":[0.092,0.26,0.491,0.598,0.659],"descent-weeks":2.282103692463327,"ascent-weeks":4.779969650986342,"peak":0.659}