{"title":"It's the End of the World","instanceSlug":866,"tags":[],"parents":[],"genre":"rock","debut":1991,"playlists":[],"ranks":[15,8.3,4.6,2.5,3.25],"artists":{"rem":true},"scores":[0.17684594348222427,0.4544049459041731,0.658618376928236,0.819362455726092,0.7554449284380834]}