{"title":"It's the End of the World","instanceSlug":866,"tags":[],"genre":"rock","debut":1991,"playlists":[],"artists":{"rem":true},"ascent":[0.17684,0.4544,0.65861,0.81936],"descent-weeks":6.651904999999999,"ascent-weeks":3.8613246924428823,"peak":0.81936}