{"title":"Divine Thing","instanceSlug":871,"tags":[],"parents":[],"genre":"rock","debut":"1992-08","playlists":[],"ranks":[17.9,10.4,6,5.5,5.2,5.61,6.4],"artists":{"soup-dragons":true},"scores":[0.038,0.219,0.402,0.431,0.45,0.425,0.381,0.337,0.24900000000000005,0.1170000000000001,0],"ascent":[0.038,0.219,0.402,0.431,0.45],"descent-weeks":6.53,"ascent-weeks":5.133333333333334,"peak":0.45}