{"title":"Rhythm is a Dancer","instanceSlug":873,"tags":[],"parents":[],"genre":"dance","debut":"1992-10","playlists":[],"ranks":[17,7.6,5.5,4.9,5.25,5.78,8],"artists":{"snap":true},"scores":[0.055,0.323,0.431,0.47,0.447,0.415,0.306,0.197,0],"ascent":[0.055,0.323,0.431,0.47],"descent-weeks":1.0131542553191488,"ascent-weeks":4.0819148936170215,"peak":0.47}