{"title":"What About Your Friends","instanceSlug":874,"tags":[],"genre":"urban","debut":"1992-10","playlists":[],"artists":{"tlc":true},"scores":[0.214,0.685,0.94,0.925,0.9065000000000001,0.8695,0.8140000000000001,0.74,0.6475,0.5365,0.407,0.25899999999999995,0.09249999999999992,0],"ascent":[0.214,0.685,0.94],"descent-weeks":11.38962765957447,"ascent-weeks":2.9345744680851062,"peak":0.94}