{"title":"Victim of Love","instanceSlug":882,"tags":[],"parents":[],"genre":"rock","debut":1987,"playlists":[],"ranks":[],"artists":{"bryan-adams":true},"scores":[0.1,0.21,0.31,0.341,0.339483741,0.31931445187447666,0.2887199391,0.25285],"ascent":[0.1,0.21,0.31,0.341],"descent-weeks":6.780211724227902}