{"title":"Victim of Love","instanceSlug":882,"tags":[],"parents":[],"genre":"rock","debut":1987,"playlists":[],"ranks":[],"artists":{"bryan-adams":true},"scores":[0.1,0.21,0.31,0.341,0.339483741,0.31931445187447666,0.2887199391,0.25285,0.21698006090000005,0.1452401827000001,0.0376303654000002,0],"ascent":[0.1,0.21,0.31,0.341],"descent-weeks":8.53908537085547}