{"title":"I Will Be Here for You","instanceSlug":883,"tags":["i-will"],"genre":"pop","debut":"1992-11","playlists":["ballad"],"ranks":[15.5,9,5,3.9,3.5,4.2],"artists":{"michael-w-smith":true},"scores":[0.086,0.267,0.463,0.546,0.582,0.521,0.4600000000000001,0.3380000000000002,0.15500000000000036,0],"ascent":[0.086,0.267,0.463,0.546,0.582],"descent-weeks":1.1775486827033224,"ascent-weeks":5.010309278350515,"peak":0.582}