{"title":"Constant Craving","instanceSlug":887,"tags":[],"parents":[],"genre":"pop","debut":"1992-08","playlists":[],"ranks":[17,9.6,5.4,3.4,4.7,6.6],"artists":{"k-d-lang":true},"scores":[0.055,0.246,0.437,0.592,0.484,0.37,0.256,0.028000000000000025,0],"ascent":[0.055,0.246,0.437,0.592],"descent-weeks":0.7451858108108108,"ascent-weeks":3.369932432432433,"peak":0.592}