{"title":"Love Is On the Way","instanceSlug":888,"tags":[],"parents":[],"genre":"rock","debut":"1992-09","playlists":[],"ranks":[15.9,9.2,5.3,4.6,6],"artists":{"saigon-kick":true},"scores":[0.077,0.26,0.444,0.491,0.402,0.31300000000000006,0.13500000000000012,0],"ascent":[0.077,0.26,0.444,0.491],"descent-weeks":0.594710285132383,"ascent-weeks":3.885947046843177,"peak":0.491}