{"title":"Please Don't Go","instanceSlug":890,"tags":["don't-go","please-don't-go","remake"],"parents":[],"genre":"pop","debut":"1992-08","playlists":[],"ranks":[15,8.5,4.8,3.1,4.3,6],"artists":{"kws":true},"scores":[0.097,0.286,0.477,0.622,0.513,0.402,0.29100000000000004,0.06900000000000006,0],"ascent":[0.097,0.286,0.477,0.622],"descent-weeks":0.8587838960342976,"ascent-weeks":3.5739549839228295,"peak":0.622}