{"title":"Broken Glass","instanceSlug":892,"tags":[],"parents":[],"genre":"pop","debut":"1992-10","playlists":[],"ranks":[17.9,10.6,6.2,5.5,6.1,6.9,7.9],"artists":{"annie-lennox":true},"scores":[0.038,0.213,0.391,0.431,0.397,0.356,0.311,0.266,0.17600000000000005,0.04100000000000009,0],"ascent":[0.038,0.213,0.391,0.431],"descent-weeks":6.883990719257543,"ascent-weeks":3.734338747099768,"peak":0.431}