{"title":"Love of a Lifetime","instanceSlug":899,"tags":[],"parents":[],"genre":"rock","debut":"1991-08","playlists":["ballad","love"],"ranks":[13.9,4.5,2.2,2.7,3.5],"artists":{"firehouse":true},"scores":[0.122,0.498,0.737,0.668,0.582,0.4959999999999999,0.32399999999999973,0.0659999999999995,0],"ascent":[0.122,0.498,0.737],"descent-weeks":1.3741282225237441,"ascent-weeks":2.7618724559023065,"peak":0.737}