{"title":"Crazy","instanceSlug":9,"tags":[],"playlists":["halloween"],"genre":"pop","debut":2006,"ranks":[15,8.5,4.8,3.1,4.3,6,8.4,11.7,16.2,22.5,31.3,43.4,60.2,83.6,115.9],"artists":{"gnarls-barkley":true,"ceelo-green":"lead"},"scores":[0.097,0.286,0.477,0.622,0.513,0.402,0.29,0.18,0.071,0],"ascent":[0.097,0.286,0.477,0.622],"descent-weeks":0.9911146838156488,"ascent-weeks":3.5739549839228295,"peak":0.622}