{"title":"Let's Hear It For the Boy","instanceSlug":90,"tags":[],"source":"footloose","genre":"dance","debut":1984,"ranks":[15,5,4.7,4.4,4.52,5.1],"artists":{"deniece-williams":true},"scores":[0.097,0.463,0.484,0.506,0.497,0.456,0.41500000000000004,0.3330000000000001,0.21000000000000013,0.04600000000000021,0],"ascent":[0.097,0.463,0.484,0.506],"descent-weeks":7.301383399209488,"ascent-weeks":4.594861660079052,"peak":0.506}