{"title":"Treasure","instanceSlug":902,"tags":[],"parents":[],"genre":"dance-pop","debut":2013,"playlists":[],"artists":{"bruno-mars":true},"scores":[0.271,0.692,0.943,0.904,0.86,0.816,0.7279999999999999,0.5959999999999998,0.4199999999999996,0.1999999999999994,0],"ascent":[0.271,0.692,0.943],"descent-weeks":3.5620529338989035,"ascent-weeks":3.031813361611877,"peak":0.943}