{"title":"No Gettin' Over Me","instanceSlug":905,"tags":["#1","#1-country"],"parents":[],"genre":"country","debut":"1981-10","playlists":[],"ranks":[17,9.8,5.7,5.3,6.3],"artists":{"ronnie-milsap":true},"scores":[0.055,0.239,0.419,0.444,0.386,0.328,0.21200000000000002,0.038000000000000034,0],"ascent":[0.055,0.239,0.419,0.444],"descent-weeks":4.756756756756758,"ascent-weeks":3.9087837837837838,"peak":0.444}