{"title":"The Voice","instanceSlug":907,"tags":[],"genre":"pop","debut":"1981-10","playlists":[],"ranks":[13,3.3,1,1.15,1.4,1.7],"artists":{"moody-blues":true},"scores":[0.25327510917030566,0.7515605493133584,1,0.9759344598054276,0.9401165871754107,0.9029072956664838,0.8998899889988998,0.8938053097345133,0.8845510317902956,0.8719684151156232,0.8558352402745996,0.8358556461001164,0.8116458704694,0.7827145465611686,0.7484355444305382,0.7080103359173127,0.6604152712659076,0.6043265875785067,0.5380116959064328,0.4591679506933744,0.36467702371218313,0.2502187226596675,0.10964083175803403,0],"score":13.556000000000003,"debutScore":0.145,"peakScore":1,"duration":6}