{"title":"The Voice","instanceSlug":907,"tags":[],"genre":"pop","debut":"1981-10","playlists":[],"artists":{"moody-blues":true},"scores":[0.7515605493133584,1,0.976,0.94,0.9029,0.8658000000000001,0.7916000000000003,0.6803000000000006,0.5319000000000009,0.3464000000000014,0.12380000000000191,0],"ascent":[0.7515605493133584,1],"descent-weeks":10.738050000000008,"ascent-weeks":2.6273408239700373,"peak":1}