{"title":"Dancing with Myself","instanceSlug":91,"debut":"1984","tags":[],"parents":[],"ranks":[19,12,10,9.5,9.7,10.2],"artists":{"billy-idol":true},"scores":[0.018,0.171,0.232,0.249,0.242,0.225,0.20800000000000002,0.17400000000000004,0.12300000000000008,0.05500000000000013,0],"ascent":[0.018,0.171,0.232,0.249],"descent-weeks":7.686746987951807}