{"title":"Waiting For A Girl Like You","instanceSlug":910,"tags":["#1","#1-mainstream-rock","#2-hot-100","girl-like-you"],"genre":"rock","debut":"1981-11","playlists":[],"artists":{"foreigner":true},"scores":[0.13,0.628,0.7093,0.717,0.723,0.705,0.6869999999999999,0.6509999999999999,0.5969999999999999,0.5249999999999998,0.4349999999999997,0.3269999999999996,0.2009999999999995,0.056999999999999384,0],"ascent":[0.13,0.628,0.7093,0.717,0.723],"descent-weeks":4.421103319502072,"ascent-weeks":6.0317427385892115,"peak":0.723}