{"title":"Burnin' For You","instanceSlug":913,"tags":[],"parents":[],"genre":"rock","debut":"1981-10","playlists":[],"ranks":[17.9,10.6,6.2,7.9,10.7],"artists":{"blue-oyster-cult":true},"scores":[0.038,0.213,0.391,0.311,0.209,0.10699999999999998,0],"ascent":[0.038,0.213,0.391],"descent-weeks":0.36016197783461196,"ascent-weeks":2.462915601023018,"peak":0.391}