{"title":"We're In This Love Together","instanceSlug":916,"tags":[],"parents":[],"genre":"soul","debut":"1981-09","playlists":[],"ranks":[],"artists":{"al-jarreau":true},"scores":[0.12,0.273,0.41,0.496,0.511,0.5285,0.496,0.4635,0.3985000000000001,0.30100000000000016,0.17100000000000026,0.008500000000000396,0],"ascent":[0.12,0.273,0.41,0.496,0.511,0.5285],"descent-weeks":6.718070009460741,"ascent-weeks":6.637180700094607,"peak":0.5285}