{"title":"The Night Owls","instanceSlug":918,"tags":[],"parents":[],"genre":"rock","debut":"1981-09","playlists":[],"ranks":[13.9,4.5,1.9,1.41,1.56],"artists":{"little-river-band":true},"scores":[0.122,0.498,0.786,0.885,0.851,0.817,0.7489999999999999,0.6469999999999998,0.5109999999999997,0.3409999999999995,0.13699999999999934,0],"ascent":[0.122,0.498,0.786,0.885],"descent-weeks":8.369491525423726,"ascent-weeks":3.8830508474576275,"peak":0.885}