{"title":"Let Me Be the One","instanceSlug":92,"tags":["let-me","let-me-be-the-one"],"genre":"pop","debut":"1987-08","artists":{"expose":true},"scores":[0.232,0.602,0.72,0.81,0.82,0.79,0.7600000000000001,0.7000000000000003,0.6100000000000005,0.4900000000000009,0.3400000000000013,0.1600000000000018,0],"ascent":[0.232,0.602,0.72,0.81,0.82],"descent-weeks":8.542682926829277,"ascent-weeks":5.824390243902439,"peak":0.82}