{"title":"Don't Lose My Number","instanceSlug":924,"tags":[],"parents":[],"genre":"pop","debut":"1985-08","playlists":[],"ranks":[13.9,7.5,4.2,2.2,2.2,2.5,2.98],"artists":{"phil-collins":true},"scores":[0.122,0.328,0.521,0.737,0.737,0.694,0.636,0.5780000000000001,0.4620000000000002,0.28800000000000037,0.056000000000000605,0],"ascent":[0.122,0.328,0.521,0.737],"descent-weeks":2.7920000000000025,"ascent-weeks":3.476255088195387,"peak":0.737}