{"title":"Soul Kiss","instanceSlug":928,"tags":[],"genre":"pop","debut":"1985-11","playlists":[],"artists":{"olivia-newton-john":true},"scores":[0.1,0.285,0.35,0.37,0.36,0.35,0.32999999999999996,0.29999999999999993,0.2599999999999999,0.20999999999999985,0.1499999999999998,0.07999999999999974,0],"ascent":[0.1,0.285,0.35,0.37],"descent-weeks":1.9079166666666654,"ascent-weeks":4.47972972972973,"peak":0.37}