{"title":"Be Near Me","instanceSlug":931,"tags":[],"parents":[],"genre":"pop","debut":"1985-10","playlists":[],"ranks":[17,9.7,5.6,4.5,5.2],"artists":{"abc":true},"scores":[0.055,0.242,0.425,0.498,0.45,0.402,0.30600000000000005,0.1620000000000001,0],"ascent":[0.055,0.242,0.425,0.498],"descent-weeks":5.475903614457832,"ascent-weeks":3.674698795180723,"peak":0.498}