{"title":"Lovin' Every Minute of It","instanceSlug":935,"tags":[],"parents":[],"genre":"rock","debut":"1985-10","playlists":[],"ranks":[17,10.1,7.6,9.3],"artists":{"loverboy":true},"scores":[0.055,0.229,0.323,0.256,0.189,0.05499999999999999,0],"ascent":[0.055,0.229,0.323],"descent-weeks":3.821981424148606,"ascent-weeks":2.8188854489164084,"peak":0.323}