{"title":"The Dance","instanceSlug":938,"tags":[],"parents":[],"genre":"country","debut":1990,"playlists":[],"ranks":[17.9,10.3,5.8,4.4,6],"artists":{"garth-brooks":true},"scores":[0.038,0.222,0.414,0.506,0.402,0.29800000000000004,0.09000000000000008,0],"ascent":[0.038,0.222,0.414,0.506],"descent-weeks":3.841897233201581,"ascent-weeks":3.4980237154150196,"peak":0.506}