{"title":"Fortress Around Your Heart","instanceSlug":941,"tags":["#1","#1-mainstream-rock"],"genre":"pop","debut":"1985-08","playlists":[],"artists":{"sting":true},"scores":[0.086,0.216,0.351,0.45,0.42,0.408,0.39599999999999996,0.37199999999999994,0.3359999999999999,0.28799999999999987,0.22799999999999981,0.15599999999999975,0.07199999999999968,0],"ascent":[0.086,0.216,0.351,0.45],"descent-weeks":2.4481211111111087,"ascent-weeks":3.6766666666666667,"peak":0.45}