{"title":"O.P.P.","instanceSlug":946,"tags":[],"parents":[],"genre":"rap","debut":"1991-10","playlists":[],"ranks":[17.9,10.6,7.4,10.8],"artists":{"naughty-by-nature":true},"scores":[0.038,0.213,0.332,0.206,0.07999999999999996,0],"ascent":[0.038,0.213,0.332],"descent-weeks":0.18629969879518066,"ascent-weeks":2.634036144578313,"peak":0.332}