{"title":"Let's Wait Awhile","instanceSlug":95,"tags":["#1","#1-r&b"],"parents":[],"genre":"pop","debut":"1987-02","artists":{"janet-jackson":true},"scores":[0.17,0.452,0.652,0.744,0.787,0.772,0.75656,0.72568,0.67936,0.6175999999999999,0.5403999999999999,0.4477599999999999,0.33967999999999987,0.21615999999999988,0.07719999999999988,0],"ascent":[0.17,0.452,0.652,0.744,0.787],"descent-weeks":5.5305554171961,"ascent-weeks":5.346251588310038,"peak":0.787}