{"title":"I Can't Wait Another Minute","instanceSlug":950,"tags":["another","can't","i","i-can't","minute","wait"],"parents":[],"genre":"soul","debut":"1991-08","playlists":[],"ranks":[14.5,6,3.15,2.64,2.5,2.7,2.94,3.44],"artists":{"hi-5":true},"scores":[0.108,0.402,0.617,0.676,0.694,0.668,0.64,0.588,0.5359999999999999,0.43199999999999983,0.2759999999999997,0.0679999999999995,0],"ascent":[0.108,0.402,0.617,0.676,0.694],"descent-weeks":2.9981865994236316,"ascent-weeks":5.3969740634005765,"peak":0.694}