{"title":"Kiss Them For Me","instanceSlug":951,"tags":[],"parents":[],"genre":"pop","debut":"1991-09","playlists":[],"artists":{"siouxsie-the-banshees":true},"scores":[0.232,0.497,0.587,0.62,0.622,0.575,0.5279999999999999,0.43399999999999983,0.2929999999999997,0.10499999999999954,0],"ascent":[0.232,0.497,0.587,0.62,0.622],"descent-weeks":6.166398713826364,"ascent-weeks":6.168810289389067,"peak":0.622}