{"title":"The Promise of a New Day","instanceSlug":952,"tags":[],"genre":"pop","debut":"1991-08","playlists":["summer"],"artists":{"paula-abdul":true},"scores":[0.125,0.45,0.56,0.65,0.73,0.721342653718682,0.6953706148747282,0.6520838834681384,0.5914824594989126,0.5135663429670512,0.41833553387255373,0.3057900322154201,0.17592983799565087,0.028754951213245665,0],"score":6.168290612782115,"debutScore":0.125,"peakScore":0.73,"duration":4,"ascent":[0.125,0.45,0.56,0.65,0.73],"descent-weeks":4.05350429544449,"ascent-weeks":5.167808219178082,"peak":0.73}