{"title":"The One and Only","instanceSlug":953,"tags":[],"parents":[],"genre":"pop","debut":"1991-09","playlists":[],"ranks":[17.9,10.6,6.2,7.9],"artists":{"chesney-hawkes":true},"scores":[0.038,0.213,0.391,0.311,0.23099999999999998,0.07099999999999995,0],"ascent":[0.038,0.213,0.391],"descent-weeks":0.3522131287297527,"ascent-weeks":2.462915601023018,"peak":0.391}