{"title":"With You","instanceSlug":956,"tags":[],"parents":[],"genre":"soul","debut":"1991-10","playlists":[],"ranks":[16.5,9.7,5.7,7.2,9.8],"artists":{"tony-terry":true},"scores":[0.065,0.242,0.419,0.341,0.239,0.13699999999999996,0],"ascent":[0.065,0.242,0.419],"descent-weeks":0.42069053301511533,"ascent-weeks":2.5990453460620526,"peak":0.419}