{"title":"Alibis","instanceSlug":962,"tags":[],"parents":[],"genre":"pop","debut":1984,"playlists":[],"ranks":[15,8.1,4.4,2.3,2.5,3.5,5],"artists":{"sergio-mendez":true},"scores":[0.17684594348222427,0.4639016897081413,0.6719787516600265,0.8385598141695703,0.819362455726092,0.7357774968394437,0.632946001367054,0.5301145058946644,0.324451514949885,0.015957028532715967,0],"ascent":[0.17684594348222427,0.4639016897081413,0.6719787516600265,0.8385598141695703],"descent-weeks":2.3424934319853037,"ascent-weeks":3.8481802299643784,"peak":0.8385598141695703}