{"title":"Walk Through Fire","instanceSlug":963,"tags":[],"parents":[],"genre":"rock","debut":"1991-09","playlists":[],"ranks":[18,14,12,12.5,14],"artists":{"bad-company":true},"scores":[0.036,0.12,0.171,0.158,0.12,0.08199999999999999,0.005999999999999978,0],"ascent":[0.036,0.12,0.171],"descent-weeks":0.22610526315789475,"ascent-weeks":2.868421052631579,"peak":0.171}