{"title":"Real Real Real","instanceSlug":964,"tags":[],"parents":[],"genre":"rock","debut":"1991-09","playlists":[],"ranks":[14,6,4.05,4.1,4.2,4.4,5],"artists":{"jesus-jones":true},"scores":[0.12,0.402,0.533,0.529,0.521,0.506,0.463,0.42000000000000004,0.3340000000000001,0.20500000000000013,0.033000000000000196,0],"ascent":[0.12,0.402,0.533],"descent-weeks":2.548288930581614,"ascent-weeks":2.9690431519699816,"peak":0.533}