{"title":"Everybody Plays the Fool","instanceSlug":969,"tags":["#1","#1-adult-contemporary","remake"],"parents":[],"genre":"pop","debut":"1991-09","playlists":[],"ranks":[17.3,10,6.8,5.7,5.4,5.32,5.69,7.1],"artists":{"aaron-neville":true},"scores":[0.049,0.232,0.361,0.419,0.437,0.442,0.42,0.346,0.27199999999999996,0.12399999999999994,0],"ascent":[0.049,0.232,0.361,0.419,0.437,0.442],"descent-weeks":5.443438914027149,"ascent-weeks":6.58371040723982,"peak":0.442}