{"title":"Perfect Way","instanceSlug":97,"tags":["only-hit","perfect","way"],"parents":[],"genre":"pop","debut":"1985-10","ranks":[15.9,9.2,5.3,4.67,5.2],"artists":{"scritti-politi":true},"scores":[0.077,0.26,0.444,0.486,0.45,0.41400000000000003,0.3420000000000001,0.23400000000000015,0.09000000000000025,0],"ascent":[0.077,0.26,0.444,0.486],"descent-weeks":6.222222222222223,"ascent-weeks":3.9104938271604937,"peak":0.486}