{"title":"Something to Talk About","instanceSlug":970,"tags":[],"parents":[],"genre":"blues-rock","debut":"1991-09","playlists":[],"ranks":[15.5,10.5,6.9,5.9,5.5,5.75,6.8],"artists":{"bonnie-raitt":true},"scores":[0.086,0.216,0.356,0.408,0.431,0.416,0.361,0.306,0.196,0.031000000000000028,0],"ascent":[0.086,0.216,0.356,0.408,0.431],"descent-weeks":6.059164733178655,"ascent-weeks":5.209976798143852,"peak":0.431}