{"title":"Do Anything","instanceSlug":972,"tags":[],"parents":[],"genre":"pop","debut":"1991-09","playlists":[],"ranks":[13,7.2,4,2.3,2.12,2.44],"artists":{"natural-selection":true},"scores":[0.145,0.341,0.537,0.722,0.749,0.702,0.6549999999999999,0.5609999999999998,0.4199999999999997,0.23199999999999954,0],"ascent":[0.145,0.341,0.537,0.722,0.749],"descent-weeks":2.1465673119715163,"ascent-weeks":4.994659546061416,"peak":0.749}