{"title":"Get Into the Groove","instanceSlug":973,"tags":[],"genre":"dance","debut":1984,"playlists":[],"artists":{"madonna":true},"scores":[0.15823467432951,0.421,0.55123754789272,0.592852491,0.595441571,0.5888399249318644,0.569034986727458,0.5360267563867804,0.4898152339098319,0.43040041929661227,0.35778231254712184,0.27196091366136027,0.17293622263932773,0.060708239481024114,0],"score":7.26775012908817,"debutScore":0.15823467432951,"peakScore":0.595441571,"duration":4,"ascent":[0.15823467432951,0.421,0.55123754789272,0.592852491,0.595441571],"descent-weeks":10.260318003346246,"ascent-weeks":5.841294252418505,"peak":0.595441571}