{"title":"Something So Strong","instanceSlug":976,"tags":[],"parents":[],"genre":"pop","debut":"1987-06","playlists":[],"ranks":[17.9,10.7,8,7.3,7.7,9],"artists":{"crowded-house":true},"scores":[0.038,0.209,0.306,0.337,0.319,0.267,0.21500000000000002,0.11100000000000004,0],"ascent":[0.038,0.209,0.306,0.337],"descent-weeks":0.660635756676558,"ascent-weeks":3.961424332344213,"peak":0.337}