{"title":"Every Step of the Way","instanceSlug":980,"tags":[],"parents":[],"genre":"pop","debut":"1985-09","playlists":[],"ranks":[17.5,14,10,7,5,5.2,5.9],"artists":{"jon-waite":true},"scores":[0.045,0.12,0.232,0.351,0.463,0.45,0.408,0.36599999999999994,0.28199999999999986,0.15599999999999975,0],"ascent":[0.045,0.12,0.232,0.351,0.463],"descent-weeks":6.884449244060473,"ascent-weeks":3.923326133909287,"peak":0.463}