{"title":"State of the Heart","instanceSlug":981,"tags":[],"parents":[],"genre":"rock","debut":"1985-07","playlists":[],"ranks":[19,13,10,8.2,7,9],"artists":{"rick-springfield":true},"scores":[0.018,0.145,0.232,0.298,0.351,0.267,0.18300000000000005,0.015000000000000124,0],"ascent":[0.018,0.145,0.232,0.298,0.351],"descent-weeks":0.3603418803418804,"ascent-weeks":4.461538461538462,"peak":0.351}