{"title":"Cry","instanceSlug":983,"tags":[],"parents":[],"genre":"pop","debut":"1985-08","playlists":[],"ranks":[17.9,10.7,10.2,11.1,13.1],"artists":{"godley-cream":true},"scores":[0.038,0.209,0.225,0.197,0.142,0.08699999999999997,0],"ascent":[0.038,0.209,0.225],"descent-weeks":0.2707677777777778,"ascent-weeks":3.1466666666666665,"peak":0.225}