{"title":"Lady","instanceSlug":987,"tags":[],"genre":"country","debut":"1980-09","playlists":[],"artists":{"kenny-rogers":true},"scores":[0.072,0.2191251,0.352,0.421,0.4775,0.459,0.44050000000000006,0.40350000000000014,0.34800000000000025,0.2740000000000004,0.1815000000000006,0.07050000000000084,0],"ascent":[0.072,0.2191251,0.352,0.421,0.4775],"descent-weeks":8.33874345549739,"ascent-weeks":4.842801361256545,"peak":0.4775}