{"title":"Leave It","instanceSlug":"98X9","tags":[],"debut":1984,"playlists":[],"artists":{"yes":true},"scores":[0.11,0.463,0.75,0.78,0.82,0.8,0.7800000000000001,0.7400000000000003,0.6800000000000006,0.600000000000001,0.5000000000000014,0.380000000000002,0.24000000000000266,0.0800000000000034,0],"ascent":[0.11,0.463,0.75,0.78,0.82],"descent-weeks":10.28048780487807}