{"title":"Woman in Love","instanceSlug":990,"tags":[],"parents":[],"genre":"adult-contemporary","debut":"1980-09","playlists":[],"ranks":[13.9,7.3,3.8,1.9,1.6,2.3],"artists":{"barbra-streisand":true},"scores":[0.122,0.337,0.554,0.786,0.843,0.722,0.601,0.359,0],"ascent":[0.122,0.337,0.554,0.786,0.843],"descent-weeks":1.2897068999604584,"ascent-weeks":4.7010676156583635,"peak":0.843}