{"title":"On the Edge of a Broken Heart","instanceSlug":995,"tags":[],"genre":"rock","debut":"1987-10","playlists":[],"artists":{"bon-jovi":true},"scores":[0.06566708038226714,0.20253622001463467,0.30058600143540964,0.3403964917637609,0.3364265095520619,0.3245165629169648,0.30466665185846964,0.2768767763765764,0.24114693647128513,0.19747713214259577,0.14586736339050835,0.08631763021502288,0.0188279326161393],"score":2.6701087194714206,"debutScore":0.06566708038226714,"peakScore":0.3403964917637609,"duration":4}