{"title":"The First Cut is the Deepest","instanceSlug":"AZXK","tags":[],"parents":[],"genre":"rock","debut":1977,"playlists":["remade"],"scores":[0.3,0.2991349399695579,0.2965397598782317,0.29221445972602134,0.2861590395129268,0.2783734992389482,0.26885783890408543,0.2576120585083385,0.24463615805170746,0.22993013753419225,0.21349399695579294,0.1953277363165094,0.17543135561634177,0.15380485485529002,0.1304482340333541,0.10536149315053407,0.07854463220682982,0.04999765120224153,0.019720550136769065],"artists":{"rod-stewart":true},"score":4.750921173841854,"debutScore":0.3,"peakScore":0.3,"duration":6}