{"title":"Crackerbox Palace","instanceSlug":"crackerbox-palace","tags":[],"debut":1977,"playlists":[],"ranks":[23,16,13,12,11,11.5,12.5],"artists":{"george-harrison":true},"scores":[0.075,0.145,0.171,0.2,0.185,0.158,0.131,0.07700000000000001,0],"ascent":[0.075,0.145,0.171,0.2],"descent-weeks":0.4199341666666666,"ascent-weeks":4.432499999999999,"peak":0.2}