{"title":"Cruisin'","instanceSlug":"cruisin-1979","tags":[],"genres":["soul","pop","adult-contemporary"],"debut":"1979-12","playlists":[],"ranks":[19,13,10,9,7,7.7],"artists":{"smokey-robinson":true},"scores":[0.018,0.145,0.232,0.267,0.351,0.319,0.28700000000000003,0.2230000000000001,0.12700000000000017,0],"ascent":[0.018,0.145,0.232,0.267,0.351],"descent-weeks":5.585470085470087,"ascent-weeks":4.329059829059829,"peak":0.351}