{"title":"How Much Love","instanceSlug":"dkAO","tags":[],"genre":"pop","debut":1977,"playlists":[],"scores":[0.115,0.455,0.636,0.695,0.715,0.695,0.6749999999999999,0.6349999999999999,0.5749999999999998,0.4949999999999998,0.3949999999999997,0.2749999999999996,0.13499999999999945,0],"artists":{"leo-sayer":true},"ascent":[0.115,0.455,0.636,0.695,0.715],"descent-weeks":3.861835081585079,"ascent-weeks":5.488111888111888,"peak":0.715}