{"title":"Downtown Venus","instanceSlug":"downtown-venus","tags":[],"parents":[],"debut":1995,"playlists":[],"ranks":[18,12,9,6,6.5],"artists":{"pm-dawn":true},"scores":[0.036,0.171,0.267,0.402,0.376,0.35,0.29799999999999993,0.21999999999999986,0.11599999999999977,0],"ascent":[0.036,0.171,0.267,0.402],"descent-weeks":6.57462686567164,"ascent-weeks":3.2686567164179103,"peak":0.402}