{"title":"My House","instanceSlug":"florida1601","tags":[],"debut":2016,"playlists":[],"scores":[0.25,0.5,0.6,0.68,0.75,0.73,0.71,0.6699999999999999,0.6099999999999999,0.5299999999999998,0.4299999999999997,0.3099999999999996,0.16999999999999948,0.009999999999999343,0],"artists":{"flo-rida":true},"ascent":[0.25,0.5,0.6,0.68,0.75],"descent-weeks":4.209333333333331,"ascent-weeks":5.56,"peak":0.75}