{"title":"Light 'Em Up","instanceSlug":"fob1601","tags":[],"debut":2016,"playlists":[],"scores":[0.1,0.3671,0.761,0.71,0.6589999999999999,0.5569999999999998,0.4039999999999997,0.1999999999999995,0],"artists":{"fallout-boy":true},"ascent":[0.1,0.3671,0.761],"descent-weeks":6.486859395532193,"ascent-weeks":2.4206964520367937,"peak":0.761}