{"title":"Give Me Love (Give Me Peace on Earth)","instanceSlug":"give-me-love-1973","tags":[],"parents":[],"debut":1973,"playlists":[],"ranks":[],"artists":{"george-harrison":true},"scores":[0.11,0.25542857142857145,0.361191,0.4159999999999999,0.4213333333333334,0.41,0.38242857142857156,0.371,0.3554285714285714,0.336191,0.313,0.289809,0.24342699999999995,0.1738539999999999,0.08108999999999983,0],"ascent":[0.11,0.25542857142857145,0.361191,0.4159999999999999,0.4213333333333334],"descent-weeks":12.02454639466546,"ascent-weeks":5.567870309674501,"peak":0.4213333333333334}