{"title":"Where's the Party","instanceSlug":"jdb3","tags":[],"genre":"dance","debut":1987,"playlists":[],"scores":[0.35,0.6,0.68,0.722,0.7,0.658,0.6,0.5288,0.44,0.35119999999999996,0.17359999999999987,0],"artists":{"madonna":true},"ascent":[0.35,0.6,0.68,0.722],"descent-weeks":8.670914127423822,"ascent-weeks":4.8864265927977835,"peak":0.722}