{"title":"Just to See Her","instanceSlug":"just-to-see-her","tags":["#1","#1-adult-contemporary"],"genres":["soul","pop","adult-contemporary"],"debut":"1987-05","playlists":[],"ranks":[18,10.5,7.5,5.5,4.5,4.4,4.7],"artists":{"smokey-robinson":true},"scores":[0.036,0.216,0.328,0.431,0.498,0.506,0.484,0.46199999999999997,0.4179999999999999,0.35199999999999987,0.2639999999999998,0.1539999999999997,0.021999999999999575,0],"ascent":[0.036,0.216,0.328,0.431,0.498,0.506],"descent-weeks":2.050423913043476,"ascent-weeks":5.973320158102767,"peak":0.506}