{"title":"Sisters Are Doin' It for Themselves","instanceSlug":"M0yx","tags":[],"genre":"pop","debut":1985,"playlists":[],"scores":[0.06,0.087,0.0645,0.04200000000000001,0],"artists":{"aretha-franklin":true,"eurythmics":true},"ascent":[0.06,0.087],"descent-weeks":0.06310991379310346,"ascent-weeks":2.5344827586206895,"peak":0.087}