{"title":"Baby Don't Get Hooked On Me","instanceSlug":"macdavis01","tags":["#1","#1-adult-contemporary","#1-hot-100"],"genres":["adult-contemporary","pop","country"],"debut":1972,"playlists":[],"artists":{"mac-davis":true},"scores":[0.12,0.463,0.694,0.701,0.691,0.665,0.6390000000000001,0.5870000000000003,0.5090000000000006,0.4050000000000009,0.27500000000000135,0.11900000000000188,0],"ascent":[0.12,0.463,0.694,0.701],"descent-weeks":3.585149667142184,"ascent-weeks":4.232524964336662,"peak":0.701}