{"title":"Chain of Fools","instanceSlug":"mG6X","tags":[],"parents":[],"genre":"soul","debut":1967,"playlists":[],"scores":[0.1,0.21,0.29986631,0.341,0.3422411,0.331,0.31545311,0.31,0.2882979996619274,0.271841,0.25351,0.232831211814141,0.211,0.189168788185859,0.145506364557577,0.08001272911515403,0],"artists":{"aretha-franklin":true},"ascent":[0.1,0.21,0.29986631,0.341,0.3422411],"descent-weeks":13.020918454861171,"ascent-weeks":5.667528286345504,"peak":0.3422411}