{"title":"Brand New Day","instanceSlug":"o4Kw","tags":[],"parents":[],"genre":"pop","debut":2000,"playlists":[],"scores":[0.54,0.739,0.73,0.7154,0.6862,0.6424000000000001,0.5840000000000001,0.5110000000000001,0.4234000000000001,0.3212000000000001,0.20440000000000008,0.07300000000000009,0],"artists":{"sting":true},"ascent":[0.54,0.739],"descent-weeks":4.3862956698240865,"ascent-weeks":2.596075778078484,"peak":0.739}