{"title":"Patches","instanceSlug":"patches","tags":[],"debut":1970,"playlists":[],"ranks":[],"artists":{"clarence-carter":true},"scores":[0.25,0.55,0.61,0.64,0.63,0.62,0.6076,0.5828,0.5456,0.496,0.434,0.35960000000000003,0.27280000000000004,0.17360000000000006,0.06200000000000008,0],"ascent":[0.25,0.55,0.61,0.64],"descent-weeks":5.278512500000001,"ascent-weeks":4.8046875,"peak":0.64}