{"title":"Da Ya Think I'm Sexy?","instanceSlug":"pr1k","tags":["#1","#1-hot-100"],"genre":"rock","debut":"1979-01","playlists":[],"scores":[0.135,0.443,0.756,0.76,0.7481988722935531,0.7127954891742122,0.6537898506419775,0.5711819566968488,0.4649718073388263,0.33515940256790994,0.18174474238409957,0.02833008220028921,0],"artists":{"rod-stewart":true},"score":5.8740000000000006,"debutScore":0.135,"peakScore":0.76,"duration":3,"ascent":[0.135,0.443,0.756,0.76],"descent-weeks":3.2005148354329633,"ascent-weeks":4.132894736842106,"peak":0.76}