{"title":"You Wear It Well","instanceSlug":"pWVN","tags":[],"parents":[],"genre":"rock","debut":1972,"playlists":[],"scores":[0.3,0.29892495091281074,0.29569980365124293,0.2903245582152967,0.28279921460497187,0.27312377282026856,0.2612982328611867,0.24732259472772633,0.2311968584198875,0.21292102393767012,0.19249509128107417,0.16991906045009977,0.14519293144474688,0.1183167042650154,0.08929037891090544,0.058113955382416954,0.024787433679549952],"artists":{"rod-stewart":true},"score":4.750921173841854,"debutScore":0.3,"peakScore":0.3,"duration":6}