{"title":"Maggie May","instanceSlug":"qgQp","tags":["#1","#1-hot-100"],"genre":"rock","debut":1971,"playlists":[],"scores":[0.3,0.29931739946685626,0.29726959786742496,0.2938565952017062,0.289,0.28321999999999997,0.27165999999999996,0.25431999999999994,0.23119999999999993,0.20229999999999992,0.16761999999999994,0.12715999999999994,0.08091999999999994,0.02889999999999994,0],"artists":{"rod-stewart":true},"ascent":[0.3],"descent-weeks":15.633717962679935,"ascent-weeks":1.5,"peak":0.3}