{"title":"Jurassic Park","instanceSlug":"R1MR","tags":[],"parody":true,"debut":1994,"playlists":[],"scores":[0.1,0.1995263597162372,0.31,0.34125675641,0.34282688513132636,0.331,0.31571661,0.31],"artists":{"weird-al-yankovic":true},"ascent":[0.1,0.1995263597162372,0.31,0.34125675641,0.34282688513132636],"descent-weeks":5.686004590772592}