{"title":"Rock and Roll Heaven","instanceSlug":"rrheaven","tags":[],"parents":[],"debut":1974,"playlists":["tribute"],"ranks":[],"artists":{"righteous-brothers":true},"scores":[0.1,0.15,0.19,0.21,0.23,0.25,0.21,0.205,0.195,0.18,0.16,0.135,0.105,0.07,0.03,0],"ascent":[0.1,0.15,0.19,0.21,0.23,0.25],"descent-weeks":1.3705999999999994,"ascent-weeks":6.779999999999999,"peak":0.25}