{"title":"So Far Away","instanceSlug":"sofaraway-rs","remake":"sofaraway","tags":[],"debut":1995,"playlists":[],"scores":[0.1,0.21,0.31,0.3411,0.34251,0.33988959526480744,0.33202838105922977,0.3189263573832671,0.3005835242369193,0.27699988162018635,0.2481754295330684,0.21411016797556534,0.17480409694767718,0.1302572164494039,0.0804695264807456,0.02544102704170219],"artists":{"rod-stewart":true,"carole-king":"writer"},"score":4.027333454100001,"debutScore":0.1,"peakScore":0.34251,"duration":5,"ascent":[0.1,0.21,0.31,0.3411,0.34251],"descent-weeks":12.193199632095002}