{"title":"Sorry","instanceSlug":"sorry2015","tags":[],"genre":"pop","debut":2015,"playlists":[],"ranks":[16,10,5.7,3,3.2],"artists":{"justin-bieber":true},"scores":[0.075,0.232,0.419,0.633,0.612,0.591,0.5489999999999999,0.4859999999999999,0.4019999999999998,0.2969999999999997,0.1709999999999996,0.023999999999999466,0],"ascent":[0.075,0.232,0.419,0.633],"descent-weeks":2.539739336492889,"ascent-weeks":3.220379146919431,"peak":0.633}