{"title":"Long Tall Glasses (I Can Dance)","instanceSlug":"VLAe","tags":[],"parents":[],"genre":"pop","debut":1975,"playlists":[],"scores":[0.106,0.178,0.368,0.4,0.407,0.35,0.293,0.179,0.008000000000000007,0],"artists":{"leo-sayer":true},"ascent":[0.106,0.178,0.368,0.4,0.407],"descent-weeks":0.6828321048321049,"ascent-weeks":5.377149877149878,"peak":0.407}