{"title":"Respect","instanceSlug":"W8lW","tags":[],"parents":[],"genre":"soul","debut":1967,"playlists":[],"scores":[0.14,0.4588,0.6,0.657,0.671,0.661,0.64778,0.62134,0.58168,0.5287999999999999,0.46269999999999994,0.38337999999999994,0.29083999999999993,0.18507999999999994,0.06609999999999995,0],"artists":{"aretha-franklin":true},"ascent":[0.14,0.4588,0.6,0.657,0.671],"descent-weeks":11.400223546944856,"ascent-weeks":5.648584202682563,"peak":0.671}