{"title":"Weird Science","instanceSlug":"weird-science","tags":[],"debut":1985,"playlists":[],"artists":{"oingo-boingo":true},"scores":[0.2,0.45,0.464,0.471,0.465,0.452,0.431,0.404,0.365,0.32599999999999996,0.2479999999999999,0.13099999999999978,0],"ascent":[0.2,0.45,0.464,0.471],"descent-weeks":10.487261146496815}