{"title":"What is Life","instanceSlug":"what-is-life-1971","tags":[],"parents":[],"debut":1971,"playlists":[],"ranks":[],"artists":{"george-harrison":true},"scores":[0.11,0.25542857142857145,0.361191,0.416,0.421,0.41],"ascent":[0.11,0.25542857142857145,0.361191,0.416,0.421],"descent-weeks":2.9608076009501185}