{"title":"You Make Me Feel Like Dancing","instanceSlug":"xv7r","tags":["#1","#1-hot-100"],"parents":["falsetto"],"genre":"pop","debut":1977,"playlists":[],"scores":[0.078,0.433,0.593,0.623,0.643,0.628,0.6,0.572,0.5159999999999999,0.43199999999999983,0.31999999999999973,0.1799999999999996,0.011999999999999456,0],"artists":{"leo-sayer":true},"ascent":[0.078,0.433,0.593,0.623,0.643],"descent-weeks":9.104976671850697,"ascent-weeks":5.528771384136858,"peak":0.643}