{"title":"Happy Birthday","instanceSlug":"ZaQZ","tags":[],"parents":[],"playlists":[],"scores":[0.1,0.1871,0.28464461,0.3191,0.2976918657699976,0.2838943777161,0.2764461,0.265794571,0.2524642747146194,0.2361,0.2197357252853806,0.1870071758561418,0.13791435171228358,0.07245725285380597,0],"artists":{"stevie-wonder":true},"ascent":[0.1,0.1871,0.28464461,0.3191],"descent-weeks":2.2891994762466195,"ascent-weeks":4.1876117674710125,"peak":0.3191}