{"title":"I Walk the Line","instanceSlug":"Zg","tags":[],"parents":[],"genre":"country","debut":1956,"playlists":[],"scores":[0.1,0.21,0.312951,0.35561236147633757,0.357477963561,0.3446276515977258,0.3289181,0.31523776166182677,0.31,0.28331,0.2643212411,0.2428924261,0.219594933345851,0.19466121,0.169,0.14333879000000002,0.09201637000000004,0.015032740000000072,0],"artists":{"johnny-cash":true},"ascent":[0.1,0.21,0.312951,0.35561236147633757,0.357477963561],"descent-weeks":13.764887021378447,"ascent-weeks":5.606113360366711,"peak":0.357477963561}