{"title":"Reason to Believe","instanceSlug":"zG0R","tags":[],"parents":[],"genre":"rock","debut":1971,"playlists":[],"scores":[0.25,0.3,0.291,0.286,0.28028,0.26883999999999997,0.25167999999999996,0.22879999999999995,0.20019999999999996,0.16587999999999997,0.12583999999999998,0.08007999999999998,0.028599999999999987,0],"artists":{"rod-stewart":true},"ascent":[0.25,0.3],"descent-weeks":12.536000000000001,"ascent-weeks":2.7500000000000004,"peak":0.3}