{"title":"It's Raining Men","instanceSlug":1024,"tags":[],"parents":[],"genre":"dance","debut":1983,"playlists":[],"ranks":{"artist:weather-girls":{"rank":1,"total":2},"genre:dance":{"rank":68,"total":133},"decade:1980s":{"rank":493,"total":1588},"year:1983":{"rank":54,"total":156}},"artists":[{"slug":"weather-girls","title":"Weather Girls","roleSlug":true,"death":"","tags":[]}],"scores":[0.036,0.232,0.351,0.463,0.582,0.602,0.5953656503007523,0.5754626012030094,0.5422908527067711,0.4958504048120375,0.4361412575188086,0.36316341082708437,0.27691686473686494,0.1774016192481501,0.06461767436093996],"ascent":[0.036,0.232,0.351,0.463,0.582,0.602],"descent-weeks":9.525747508305649,"messages":[],"score":5.793210335714418,"debutScore":0.036,"peakScore":0.602,"duration":4,"genres":[{"instanceSlug":"dance","title":"Dance","parents":[]}],"sources":[],"debutEra":{"slug":1983,"title":1983,"type":"year","decade":1980,"year":1983},"rank":1079}