{"title":"It's Raining Men","instanceSlug":1024,"tags":[],"parents":[],"genre":"dance","debut":1983,"playlists":[],"ranks":{"artist:weather-girls":{"rank":1,"total":2},"genre:dance":{"rank":69,"total":133},"decade:1980s":{"rank":489,"total":1592},"year:1983":{"rank":51,"total":156}},"artists":[{"slug":"weather-girls","title":"Weather Girls","roleSlug":true,"death":"","tags":[]}],"scores":[0.036,0.232,0.351,0.463,0.582,0.602,0.582,0.563,0.546,0.498,0.44999999999999996,0.35399999999999987,0.20999999999999974,0.017999999999999572,0],"ascent":[0.036,0.232,0.351,0.463,0.582,0.602],"descent-weeks":9.525747508305649,"ascent-weeks":5.646179401993356,"peak":0.602,"messages":[],"unscored":false,"score":6.089,"duration":4,"genres":[{"instanceSlug":"dance","title":"Dance","parents":[]}],"sources":[],"debutEra":{"slug":1983,"title":1983,"type":"year","decade":1980,"year":1983},"rank":1074}