{"title":"It's Raining Men","instanceSlug":1024,"tags":[],"parents":[],"genre":"dance","debut":1983,"playlists":[],"ranks":{"artist:weather-girls":{"rank":1,"total":2},"genre:dance":{"rank":42,"total":132},"decade:1980s":{"rank":241,"total":1579},"year:1983":{"rank":27,"total":155}},"artists":[{"slug":"weather-girls","title":"Weather Girls","roleSlug":true,"death":"","tags":[]}],"scores":[0.036,0.232,0.351,0.463,0.582,0.602,0.5895523524576224,0.5522094098304896,0.4899711721186016,0.4028376393219583,0.2908088114405599,0.15388468847440628],"ascent":[0.036,0.232,0.351,0.463,0.582,0.602],"descent-weeks":6.954318936877078,"messages":[],"score":4.7452640736436384,"debutScore":0.036,"peakScore":0.602,"duration":3,"genres":[{"instanceSlug":"dance","title":"Dance","parents":[]}],"sources":[],"debutEra":{"slug":1983,"title":1983,"type":"year","decade":1980,"year":1983},"rank":577}