{"title":"Bizarre Love Triangle","instanceSlug":1026,"tags":[],"parents":[],"genre":"pop","debut":1987,"playlists":[{"title":"Songs by Groups","instanceSlug":"group","tags":[],"parents":[]},{"title":"Turn of the Decade","instanceSlug":"td","tags":[],"parents":[]}],"ranks":{"artist:new-order":{"rank":1,"total":3},"genre:pop":{"rank":211,"total":1431},"playlist:group":{"rank":168,"total":1417},"playlist:td":{"rank":154,"total":968},"decade:1980s":{"rank":211,"total":1588},"year:1987":{"rank":37,"total":194}},"artists":[{"slug":"new-order","title":"New Order","type":{"title":"All-Male Group","artists":[],"artistCount":0,"score":0,"artistAdjustedAverage":0,"slug":"mmm"},"roleSlug":true,"death":"","tags":[]}],"scores":[0.075,0.306,0.537,0.645,0.708,0.737,0.7291277008208328,0.7055108032833312,0.666149307387495,0.6110432131333244,0.5401925205208195,0.4535972295499801,0.35125734022080607,0.23317285253329786,0.09934376648745498],"ascent":[0.075,0.306,0.537,0.645,0.708,0.737],"descent-weeks":9.675712347354136,"messages":[],"score":7.397394733937341,"debutScore":0.075,"peakScore":0.737,"duration":4,"genres":[{"instanceSlug":"pop","title":"Pop","parents":[]}],"sources":[],"debutEra":{"slug":1987,"title":1987,"type":"year","decade":1980,"year":1987},"rank":428}