{"title":"Let Your Love Flow","instanceSlug":1048,"tags":[],"parents":[],"genre":"pop","debut":1976,"playlists":[{"title":"Songs by Groups","instanceSlug":"group","tags":[],"parents":[]}],"artists":[{"slug":"bellamy-brothers","title":"Bellamy Brothers","type":{"title":"All-Male Group","artists":[],"artistCount":0,"score":0,"artistAdjustedAverage":0,"slug":"mmm"},"roleSlug":true,"death":"","tags":[]}],"scores":[0.12,0.582,0.912,0.9049434156378601,0.8837736625514404,0.8484907407407407,0.7990946502057613,0.735585390946502,0.657962962962963,0.5662273662551439,0.46037860082304494,0.34041666666666626,0.20634156378600782,0.05815329218106945],"ascent":[0.12,0.582,0.912],"descent-weeks":11.368421052631575,"messages":[],"ranks":{"artist:bellamy-brothers":{"rank":1,"total":1},"genre:pop":{"rank":138,"total":1431},"playlist:group":{"rank":115,"total":1417},"decade:1970s":{"rank":25,"total":548},"year:1976":{"rank":2,"total":52}},"score":8.0753683127572,"debutScore":0.12,"peakScore":0.912,"duration":4,"genres":[{"instanceSlug":"pop","title":"Pop","parents":[]}],"sources":[],"debutEra":{"slug":1976,"title":1976,"type":"year","decade":1970,"year":1976},"rank":277}