{"title":"Disco Lady","instanceSlug":1049,"tags":["disco","lady"],"parents":[],"genre":"soul","debut":1976,"playlists":[{"title":"Songs by Solo Males","instanceSlug":"m","tags":[],"parents":[]}],"ranks":{"artist:johnnie-taylor":{"rank":1,"total":1},"genre:soul":{"rank":30,"total":242},"playlist:m":{"rank":88,"total":1095},"decade:1970s":{"rank":26,"total":548},"year:1976":{"rank":3,"total":52}},"artists":[{"slug":"johnnie-taylor","title":"Johnnie Taylor","type":{"title":"Solo Male","artists":[],"artistCount":0,"score":0,"artistAdjustedAverage":0,"slug":"m"},"roleSlug":true,"death":"","tags":[]}],"scores":[0.075,0.306,0.463,0.582,0.694,0.737,0.7312653151644145,0.7140612606576581,0.6853878364797308,0.6452450426306325,0.5936328791103633,0.5305513459189233,0.4560004430563122,0.3699801705225301,0.2724905283175772,0.16353151644145345,0.043103134894158616],"ascent":[0.075,0.306,0.463,0.582,0.694,0.737],"descent-weeks":11.33649932157395,"messages":[],"score":8.062249473193756,"debutScore":0.075,"peakScore":0.737,"duration":4,"genres":[{"instanceSlug":"soul","title":"Soul","parents":["urban"]}],"sources":[],"debutEra":{"slug":1976,"title":1976,"type":"year","decade":1970,"year":1976},"rank":280}