{"title":"Disco Lady","instanceSlug":1049,"tags":["disco","lady"],"parents":[],"genre":"soul","debut":1976,"playlists":[{"title":"Songs by Solo Males","instanceSlug":"m","tags":[],"parents":[]}],"ranks":{"artist:johnnie-taylor":{"rank":1,"total":1},"genre:soul":{"rank":4,"total":238},"playlist:m":{"rank":21,"total":1090},"decade:1970s":{"rank":6,"total":546},"year:1976":{"rank":1,"total":52}},"artists":[{"slug":"johnnie-taylor","title":"Johnnie Taylor","type":{"title":"Solo Male","artists":[],"artistCount":0,"score":0,"artistAdjustedAverage":0,"slug":"m"},"roleSlug":true,"death":"","tags":[]}],"scores":[0.075,0.306,0.463,0.582,0.694,0.737,0.7293003372856909,0.7062013491427638,0.6677030355712184,0.6138053965710549,0.5445084321422732,0.45981214228487344,0.3597165269988555,0.24422158628421947,0.11332732014096521],"ascent":[0.075,0.306,0.463,0.582,0.694,0.737],"descent-weeks":9.783582089552239,"messages":[],"score":7.295596126421916,"debutScore":0.075,"peakScore":0.737,"duration":4,"genres":[{"instanceSlug":"soul","title":"Soul","parents":["urban"]}],"sources":[],"debutEra":{"slug":1976,"title":1976,"type":"year","decade":1970,"year":1976},"rank":62}