{"title":"Lonely Nights","instanceSlug":1050,"tags":[],"parents":[],"genre":"pop","debut":1976,"playlists":[{"title":"Songs by Deceased and Disbanded Artists","instanceSlug":"deceased","tags":[],"parents":[]},{"title":"Songs by Duos","instanceSlug":"duo","tags":[],"parents":[]}],"ranks":{"artist:captain-tenille":{"rank":1,"total":1},"genre:pop":{"rank":817,"total":1431},"playlist:deceased":{"rank":183,"total":335},"playlist:duo":{"rank":56,"total":90},"decade:1970s":{"rank":344,"total":548},"year:1976":{"rank":28,"total":52}},"artists":[{"slug":"captain-tenille","title":"Captain & Tenille","type":{"title":"Mixed Duo, Male Lead","artists":[],"artistCount":0,"score":0,"artistAdjustedAverage":0,"slug":"mf"},"roleSlug":true,"death":"2010s","tags":["1970s"]}],"scores":[0.055,0.2,0.306,0.402,0.444,0.4404557567536862,0.4298230270147447,0.4121018107831755,0.3872921080589787,0.35539391884215416,0.31640724313270197,0.2703320809306221,0.21716843223591462,0.1569162970485794,0.08957567536861662,0.015146567196026094],"ascent":[0.055,0.2,0.306,0.402,0.444],"descent-weeks":11.192567567567567,"messages":[],"score":4.4976129173652,"debutScore":0.055,"peakScore":0.444,"duration":4,"genres":[{"instanceSlug":"pop","title":"Pop","parents":[]}],"sources":[],"debutEra":{"slug":1976,"title":1976,"type":"year","decade":1970,"year":1976},"rank":1970}