{"title":"Jump","instanceSlug":"1068","tags":[],"parents":[],"genre":"hip-hop","debut":1992,"playlists":[{"title":"Turn of the Decade","instanceSlug":"td","tags":[],"parents":[]}],"ranks":{"artist:kriss-kross":{"rank":1,"total":1},"genre:hip-hop":{"rank":9,"total":15},"playlist:td":{"rank":572,"total":970},"decade:1990s":{"rank":580,"total":933},"year:1992":{"rank":88,"total":142}},"artists":[{"slug":"kriss-kross","title":"Kriss Kross","type":{"title":"Group (deprecated)","artists":[],"artistCount":0,"score":0,"artistAdjustedAverage":0,"slug":"g"},"roleSlug":true,"death":"","tags":[]}],"scores":[0.1,0.21,0.312951,0.35561236147633757,0.357477963561,0.3446276515977258,0.3289181,0.31523776166182677,0.31,0.3038,0.2914,0.2728,0.248,0.217,0.17980000000000002,0.13640000000000002,0.08680000000000003,0.03100000000000004,0],"ascent":[0.1,0.21,0.312951,0.35561236147633757,0.357477963561],"descent-weeks":3.7979818802043264,"ascent-weeks":5.606113360366711,"peak":0.357477963561,"messages":[],"unscored":false,"score":2.2411712104886847,"duration":3,"genres":[{"instanceSlug":"hip-hop","title":"Hip Hop","parents":["urban"]}],"sources":[],"debutEra":{"slug":1992,"title":1992,"type":"year","decade":1990,"year":1992},"rank":2058}