{"title":"Hazard","instanceSlug":1083,"tags":[],"parents":[],"genre":"adult-contemporary","debut":1992,"playlists":[],"ranks":{"artist:richard-marx":{"rank":3,"total":10},"genre:adult-contemporary":{"rank":117,"total":156},"decade:1990s":{"rank":664,"total":886},"year:1992":{"rank":112,"total":141}},"artists":[{"slug":"richard-marx","title":"Richard Marx","roleSlug":true}],"scores":[0.03966666666666666,0.19099999999999998,0.31966666666666665,0.36433333333333334,0.365,0.3333333333333333,0.2993333333333333,0.27599999999999997,0.26599999999999996,0.25099999999999995,0.231,0.206,0.17600000000000002,0.141,0.10099999999999999,0.056,0.02033333333333333,0],"score":3.6366666666666663,"debutScore":0.03966666666666666,"peakScore":0.365,"duration":5,"genres":[{"instanceSlug":"adult-contemporary","title":"Adult Contemporary","parents":[]}],"source":{},"debutEra":{"slug":1992,"title":1992,"type":"year","decade":1990,"year":1992},"rank":2416}