{"title":"Hazard","instanceSlug":1083,"tags":[],"parents":[],"genre":"adult-contemporary","debut":1992,"playlists":[{"title":"Songs by Solo Males","instanceSlug":"m","tags":[],"parents":[]},{"title":"Turn of the Decade","instanceSlug":"td","tags":[],"parents":[]}],"ranks":{"artist:richard-marx":{"rank":1,"total":10},"genre:adult-contemporary":{"rank":107,"total":165},"playlist:m":{"rank":746,"total":1095},"playlist:td":{"rank":646,"total":968},"decade:1990s":{"rank":646,"total":929},"year:1992":{"rank":98,"total":142}},"artists":[{"slug":"richard-marx","title":"Richard Marx","type":{"title":"Solo Male","artists":[],"artistCount":0,"score":0,"artistAdjustedAverage":0,"slug":"m"},"roleSlug":true,"death":"","tags":["1980s","1990s"]}],"scores":[0.03966666666666666,0.19099999999999998,0.31966666666666665,0.36433333333333334,0.365,0.3620831114645416,0.3533324458581663,0.3387480031808741,0.31832978343266516,0.2920777866135393,0.2599920127234966,0.2220724617625371,0.1783191337306607,0.1287320286278674,0.07331114645415729,0.0120564872095303],"ascent":[0.03966666666666666,0.19099999999999998,0.31966666666666665,0.36433333333333334,0.365],"descent-weeks":11.186301369863013,"messages":[],"score":3.8187210677247023,"debutScore":0.03966666666666666,"peakScore":0.365,"duration":4,"genres":[{"instanceSlug":"adult-contemporary","title":"Adult Contemporary","parents":[]}],"sources":[],"debutEra":{"slug":1992,"title":1992,"type":"year","decade":1990,"year":1992},"rank":2354}