{"title":"Where the Streets Have No Name","instanceSlug":1085,"tags":["have","","name","no","street","where"],"parents":[],"genre":"rock","debut":1987,"playlists":[],"ranks":{"artist:u2":{"rank":7,"total":12},"genre:rock":{"rank":203,"total":630},"decade:1980s":{"rank":575,"total":1496},"year:1987":{"rank":85,"total":184}},"artists":[{"slug":"u2","title":"U2","roleSlug":true}],"scores":[0.09314285714285715,0.3575714285714286,0.48600000000000004,0.5204285714285714,0.5125714285714286,0.5082857142857143,0.487,0.47271428571428575,0.4534285714285714,0.43342857142857155,0.409857142857143,0.382,0.3498571428571429,0.3184285714285714,0.2855714285714286,0.24914285714285714,0.21385714285714288,0.17814285714285713,0.1395714285714286,0.09814285714285713,0.05385714285714286,0.011714285714285715,0],"score":7.014714285714285,"debutScore":0.09314285714285715,"peakScore":0.5204285714285714,"duration":6,"genres":[{"instanceSlug":"rock","title":"Rock","parents":[]}],"source":{},"debutEra":{"slug":1987,"title":1987,"type":"year","decade":1980,"year":1987},"rank":1282}