{"title":"The Sweetest Thing","instanceSlug":1088,"tags":[],"genre":"rock","debut":1998,"playlists":[{"title":"Songs by Groups","instanceSlug":"group","tags":[],"parents":[]},{"title":"Rock & Roll Hall of Fame","gloss":"Songs by members of the Rock and Roll Hall of Fame.","instanceSlug":"hof"}],"artists":[{"slug":"u2","title":"U2","type":{"title":"All-Male Group","artists":[],"artistCount":0,"score":0,"artistAdjustedAverage":0,"slug":"mmm"},"roleSlug":true,"death":"","tags":["hof","1980s","1990s"]}],"scores":[0.175,0.451,0.646,0.673,0.681,0.685,0.6802699720369999,0.6660798881479993,0.6424297483329984,0.609319552591997,0.5667493009249953,0.5147189933319932,0.4532286298129907,0.38227821036798787,0.30186773499698477,0.21199720369998107,0.11266661647697707,0.013336029253973064,0],"score":9.150941879975877,"debutScore":0.175,"peakScore":0.685,"duration":5,"ascent":[0.175,0.451,0.646,0.673,0.681,0.685],"descent-weeks":12.788193897757395,"ascent-weeks":7.2503649635036505,"peak":0.685,"messages":[],"ranks":{"artist:u2":{"rank":2,"total":19},"genre:rock":{"rank":26,"total":674},"playlist:hof":{"rank":43,"total":917},"playlist:group":{"rank":68,"total":1417},"decade:1990s":{"rank":67,"total":933},"year:1998":{"rank":1,"total":26}},"unscored":false,"genres":[{"instanceSlug":"rock","title":"Rock","parents":[]}],"sources":[],"debutEra":{"slug":1998,"title":1998,"type":"year","decade":1990,"year":1998},"rank":171}