{"title":"Dark Horse","instanceSlug":"1102","tags":[],"genre":"pop","debut":2014,"playlists":[{"title":"Songs by Solo Females","instanceSlug":"f","tags":[],"parents":[]}],"artists":[{"slug":"katy-perry","title":"Katy Perry","type":{"title":"Solo Female","artists":[],"artistCount":0,"score":0,"artistAdjustedAverage":0,"slug":"f"},"roleSlug":true,"death":"","tags":[]}],"scores":[0.1,0.48261,0.515,0.5242,0.5282,0.51741,0.51,0.4998,0.47940000000000005,0.44880000000000003,0.40800000000000003,0.35700000000000004,0.29580000000000006,0.22440000000000004,0.14280000000000004,0.05100000000000003,0],"ascent":[0.1,0.48261,0.515,0.5242,0.5282],"descent-weeks":12.673068913290422,"ascent-weeks":6.10567020068156,"peak":0.5282,"messages":[],"ranks":{"artist:katy-perry":{"rank":4,"total":9},"genre:pop":{"rank":398,"total":1430},"playlist:f":{"rank":175,"total":595},"decade:2010s":{"rank":29,"total":111},"year:2014":{"rank":5,"total":12}},"score":6.61262,"duration":5,"genres":[{"instanceSlug":"pop","title":"Pop","parents":[]}],"sources":[],"debutEra":{"slug":2014,"title":2014,"type":"year","decade":2010,"year":2014},"rank":838}