{"title":"Dark Horse","instanceSlug":"1102","tags":[],"genre":"pop","debut":2014,"playlists":[{"title":"Songs by Solo Females","instanceSlug":"f","tags":[],"parents":[]}],"artists":[{"slug":"katy-perry","title":"Katy Perry","type":{"title":"Solo Female","artists":[],"artistCount":0,"score":0,"artistAdjustedAverage":0,"slug":"f"},"roleSlug":true,"death":"","tags":[]}],"scores":[0.1,0.48261,0.515,0.5242,0.5282,0.5249112201422492,0.5150448805689972,0.49860098128024366,0.47557952227598865,0.4459805035562323,0.40980392512097447,0.3670497869702153,0.3177180891039546,0.2618088315221926,0.1993220142249291,0.13025763721216413,0.054615700483897946],"ascent":[0.1,0.48261,0.515,0.5242,0.5282],"descent-weeks":12.673068913290422,"messages":[],"ranks":{"artist:katy-perry":{"rank":4,"total":9},"genre:pop":{"rank":387,"total":1431},"playlist:f":{"rank":171,"total":595},"decade:2010s":{"rank":29,"total":111},"year:2014":{"rank":5,"total":12}},"score":6.350703092462039,"debutScore":0.1,"peakScore":0.5282,"duration":4,"genres":[{"instanceSlug":"pop","title":"Pop","parents":[]}],"sources":[],"debutEra":{"slug":2014,"title":2014,"type":"year","decade":2010,"year":2014},"rank":812}