{"title":"Neon Moon","instanceSlug":1114,"tags":[],"parents":[],"genre":"country","debut":1992,"playlists":[{"title":"Songs by Duos","instanceSlug":"duo","tags":[],"parents":[]},{"title":"Turn of the Decade","instanceSlug":"td","tags":[],"parents":[]}],"ranks":{"artist:brooks-dunn":{"rank":1,"total":1},"genre:country":{"rank":58,"total":92},"playlist:td":{"rank":505,"total":969},"playlist:duo":{"rank":46,"total":90},"decade:1990s":{"rank":496,"total":929},"year:1992":{"rank":77,"total":142}},"artists":[{"slug":"brooks-dunn","title":"Brooks & Dunn","type":{"title":"Male Duo","artists":[],"artistCount":0,"score":0,"artistAdjustedAverage":0,"slug":"mm"},"roleSlug":true,"death":"","tags":[]}],"scores":[0.06200821741159169,0.20830894528861146,0.3129502216570068,0.35561236147633757,0.3574779635603355,0.3446276515977258,0.32891805429767385,0.31523776166182677,0.30042162719800025,0.2833026661554992,0.2643212410031802,0.24289242606706696,0.21959493334585015,0.19466120793610409,0.1685894531254616,0.14210166436832847,0.11600004299049087,0.09098520352380506,0.06767556150528035,0.04664449376949029,0.029256418423981474,0.01618867931401627,0.0031209402040510634,0],"ascent":[0.06200821741159169,0.20830894528861146,0.3129502216570068,0.35561236147633757,0.3574779635603355],"descent-weeks":14.820569447990732,"ascent-weeks":5.439598415309378,"peak":0.3574779635603355,"messages":[],"score":4.828375699442051,"duration":5,"genres":[{"instanceSlug":"country","title":"Country","parents":[]}],"sources":[],"debutEra":{"slug":1992,"title":1992,"type":"year","decade":1990,"year":1992},"rank":1774}