{"title":"I Feel Lucky","instanceSlug":1115,"tags":[],"genre":"country","debut":1992,"playlists":[{"title":"Turn of the Decade","instanceSlug":"td","tags":[],"parents":[]}],"artists":[{"slug":"mary-chapin-carpenter","title":"Mary Chapin Carpenter","roleSlug":true,"death":"","tags":[]}],"scores":[0.06200821741159169,0.20830894528861146,0.3129502216570068,0.35561236147633757,0.3574779635603355,0.35450419949988743,0.34558290731854313,0.3307140870163027,0.3098977385931661,0.2831338620491333,0.2504224573842044,0.21176352459837924,0.16715706369165798,0.11660307466404046,0.06010155751552684],"ascent":[0.06200821741159169,0.20830894528861146,0.3129502216570068,0.35561236147633757,0.3574779635603355],"descent-weeks":10.964059491652874,"messages":[],"ranks":{"artist:mary-chapin-carpenter":{"rank":1,"total":1},"genre:country":{"rank":74,"total":90},"playlist:td":{"rank":665,"total":968},"decade:1990s":{"rank":664,"total":929},"year:1992":{"rank":103,"total":142}},"score":3.7262381817247245,"debutScore":0.06200821741159169,"peakScore":0.3574779635603355,"duration":4,"genres":[{"instanceSlug":"country","title":"Country","parents":[]}],"sources":[],"debutEra":{"slug":1992,"title":1992,"type":"year","decade":1990,"year":1992},"rank":2413}