{"title":"I Feel Lucky","instanceSlug":1115,"tags":[],"genre":"country","debut":1992,"playlists":[{"title":"Turn of the Decade","instanceSlug":"td","tags":[],"parents":[]}],"artists":[{"slug":"mary-chapin-carpenter","title":"Mary Chapin Carpenter","roleSlug":true,"death":"","tags":[]}],"scores":[0.06200821741159169,0.20830894528861146,0.3129502216570068,0.35561236147633757,0.3574779635603355,0.3446276515977258,0.32891805429767385,0.31523776166182677,0.3,0.285,0.254,0.209,0.148,0.071,0],"messages":[],"ranks":{"artist:mary-chapin-carpenter":{"rank":1,"total":1},"genre:country":{"rank":74,"total":89},"playlist:td":{"rank":655,"total":967},"decade:1990s":{"rank":654,"total":928},"year:1992":{"rank":102,"total":142}},"score":3.55214117695111,"debutScore":0.06200821741159169,"peakScore":0.3574779635603355,"duration":4,"genres":[{"instanceSlug":"country","title":"Country","parents":[]}],"sources":[],"debutEra":{"slug":1992,"title":1992,"type":"year","decade":1990,"year":1992},"rank":2375}