{"title":"I Feel Lucky","instanceSlug":1115,"tags":[],"genre":"country","debut":1992,"playlists":[{"title":"Turn of the Decade","instanceSlug":"td","tags":[],"parents":[]}],"artists":[{"slug":"mary-chapin-carpenter","title":"Mary Chapin Carpenter","roleSlug":true,"death":"","tags":[]}],"scores":[0.06200821741159169,0.20830894528861146,0.3129502216570068,0.35561236147633757,0.3574779635603355,0.3499864822494772,0.32751203831690223,0.2900546317626106,0.2376142625866024,0.17019093078887754,0.08778463636943594],"ascent":[0.06200821741159169,0.20830894528861146,0.3129502216570068,0.35561236147633757,0.3574779635603355],"descent-weeks":6.907816420576527,"messages":[],"ranks":{"artist:mary-chapin-carpenter":{"rank":1,"total":1},"genre:country":{"rank":61,"total":89},"playlist:td":{"rank":616,"total":967},"decade:1990s":{"rank":645,"total":928},"year:1992":{"rank":100,"total":142}},"score":2.759500691467789,"debutScore":0.06200821741159169,"peakScore":0.3574779635603355,"duration":3,"genres":[{"instanceSlug":"country","title":"Country","parents":[]}],"sources":[],"debutEra":{"slug":1992,"title":1992,"type":"year","decade":1990,"year":1992},"rank":2240}