{"title":"Rest in Peace","instanceSlug":1116,"tags":[],"genre":"rock","debut":1992,"playlists":[{"title":"Songs by Groups","instanceSlug":"group","tags":[],"parents":[]},{"title":"Turn of the Decade","instanceSlug":"td","tags":[],"parents":[]}],"ranks":{"artist:extreme":{"rank":2,"total":3},"genre:rock":{"rank":305,"total":670},"playlist:group":{"rank":693,"total":1416},"playlist:td":{"rank":504,"total":968},"decade:1990s":{"rank":506,"total":929},"year:1992":{"rank":78,"total":142}},"artists":[{"slug":"extreme","title":"Extreme","type":{"title":"All-Male Group","artists":[],"artistCount":0,"score":0,"artistAdjustedAverage":0,"slug":"mmm"},"roleSlug":true,"death":"","tags":[]}],"scores":[0.055,0.267,0.351,0.45,0.537,0.5303785931660192,0.5105143726640765,0.4774073384941721,0.43105749065630594,0.371464829150478,0.2986293539766883,0.2125510651349369,0.11322996262522363,0.0006660464475486382],"ascent":[0.055,0.267,0.351,0.45,0.537],"descent-weeks":9.005586592178767,"messages":[],"score":4.60589905231545,"debutScore":0.055,"peakScore":0.537,"duration":3,"genres":[{"instanceSlug":"rock","title":"Rock","parents":[]}],"sources":[],"debutEra":{"slug":1992,"title":1992,"type":"year","decade":1990,"year":1992},"rank":1776}