{"title":"Mama, I'm Coming Home","instanceSlug":1118,"tags":["come","come-home","coming","home","mama"],"parents":[],"genre":"rock","debut":1992,"playlists":[{"title":"Turn of the Decade","instanceSlug":"td","tags":[],"parents":[]}],"ranks":{"artist:ozzy-osbourne":{"rank":1,"total":2},"genre:rock":{"rank":36,"total":670},"playlist:td":{"rank":94,"total":967},"decade:1990s":{"rank":87,"total":928},"year:1992":{"rank":16,"total":142}},"artists":[{"slug":"ozzy-osbourne","title":"Ozzy Osbourne","roleSlug":true,"death":"","tags":[]}],"scores":[0.065,0.232,0.328,0.391,0.431,0.463,0.46036297747834815,0.45245190991339257,0.4392667973051333,0.42080763965357026,0.39707443695870354,0.36806718922053305,0.3337858964390589,0.29423055861428105,0.2494011757461995,0.1992977478348141,0.1439202748801251,0.08326875688213235,0.017343193840835925],"ascent":[0.065,0.232,0.328,0.391,0.431,0.463],"descent-weeks":13.250539956803454,"messages":[],"score":5.769278554767129,"debutScore":0.065,"peakScore":0.463,"duration":5,"genres":[{"instanceSlug":"rock","title":"Rock","parents":[]}],"sources":[],"debutEra":{"slug":1992,"title":1992,"type":"year","decade":1990,"year":1992},"rank":256}