{"title":"Shake It Off","instanceSlug":1128,"tags":["#1","#1-hot-100","#1-rdwt40-hot-adult","shake-it"],"parents":[],"genre":"pop","debut":2014,"playlists":[{"title":"Songs by Solo Females","instanceSlug":"f","tags":[],"parents":[]}],"ranks":{"artist:taylor-swift":{"rank":3,"total":4},"genre:pop":{"rank":1213,"total":1431},"playlist:f":{"rank":532,"total":595},"decade:2010s":{"rank":99,"total":111},"year:2014":{"rank":10,"total":12}},"artists":[{"slug":"taylor-swift","title":"Taylor Swift","type":{"title":"Solo Female","artists":[],"artistCount":0,"score":0,"artistAdjustedAverage":0,"slug":"f"},"roleSlug":true,"death":"","tags":["2000s","2010s"]}],"scores":[0.075,0.171,0.232,0.306,0.3030366485786869,0.2941465943147476,0.2793298372081821,0.2585863772589904,0.2319162144671725,0.19931934883272845,0.16079578035565814,0.11634550903596168,0.06596853487363898,0.009664857868690088],"ascent":[0.075,0.171,0.232,0.306],"descent-weeks":10.161764705882353,"messages":[],"score":2.7031097027944573,"debutScore":0.075,"peakScore":0.306,"duration":4,"genres":[{"instanceSlug":"pop","title":"Pop","parents":[]}],"sources":[],"debutEra":{"slug":2014,"title":2014,"type":"year","decade":2010,"year":2014},"rank":2955}