{"title":"Never Knew Love Like This Before","instanceSlug":113,"tags":[],"genre":"soul","debut":1981,"artists":[{"slug":"stephanie-mills","title":"Stephanie Mills","type":{"title":"Solo Female","artists":[],"artistCount":0,"score":0,"artistAdjustedAverage":0,"slug":"f"},"roleSlug":true,"death":"","tags":[]}],"scores":[0.235,0.42,0.482,0.545,0.557,0.569,0.5611473147399428,0.5375892589597715,0.4983258326594858,0.44335703583908603,0.37268286849857185,0.2863033306379435,0.18421842225720098,0.06642814335634417],"ascent":[0.235,0.42,0.482,0.545,0.557,0.569],"descent-weeks":8.512302284710033,"messages":[],"ranks":{"artist:stephanie-mills":{"rank":1,"total":1},"genre:soul":{"rank":87,"total":242},"playlist:f":{"rank":226,"total":595},"decade:1980s":{"rank":497,"total":1588},"year:1981":{"rank":48,"total":121}},"score":5.758052206948347,"debutScore":0.235,"peakScore":0.569,"duration":4,"genres":[{"instanceSlug":"soul","title":"Soul","parents":["urban"]}],"playlists":[{"title":"Songs by Solo Females","instanceSlug":"f","tags":[],"parents":[]}],"sources":[],"debutEra":{"slug":1981,"title":1981,"type":"year","decade":1980,"year":1981},"rank":1089}