{"title":"Turtle Power","instanceSlug":1139,"tags":[],"genre":"pop","debut":1990,"playlists":[{"title":"Turn of the Decade","instanceSlug":"td","tags":[],"parents":[]}],"artists":[{"slug":"partners-in-kryme","title":"Partners in Kryme","roleSlug":true,"death":"","tags":[]}],"scores":[0.21,0.512951,0.7556,0.82,0.8446,0.8352031773298212,0.8070127093192847,0.7600285959683907,0.694250837277139,0.6096794332455295,0.5063143838735625,0.3841556891612378,0.2432033491085556,0.08345736371551564],"ascent":[0.21,0.512951,0.7556,0.82,0.8446],"descent-weeks":9.480582524271833,"messages":[],"ranks":{"artist:partners-in-kryme":{"rank":1,"total":1},"genre:pop":{"rank":139,"total":1431},"playlist:td":{"rank":110,"total":968},"decade:1990s":{"rank":98,"total":929},"year:1990":{"rank":23,"total":143}},"score":8.066456538999036,"debutScore":0.21,"peakScore":0.8446,"duration":4,"genres":[{"instanceSlug":"pop","title":"Pop","parents":[]}],"sources":[],"debutEra":{"slug":1990,"title":1990,"type":"year","decade":1990,"year":1990},"rank":276}