{"title":"Turtle Power","instanceSlug":1139,"tags":[],"genre":"pop","debut":1990,"playlists":[{"title":"Turn of the Decade","instanceSlug":"td","tags":[],"parents":[]}],"artists":[{"slug":"partners-in-kryme","title":"Partners in Kryme","roleSlug":true,"death":"","tags":[]}],"scores":[0.21,0.512951,0.7556,0.82,0.8446,0.82,0.7953999999999999,0.7461999999999998,0.6723999999999996,0.5739999999999993,0.45099999999999896,0.30339999999999856,0.1311999999999981,0],"ascent":[0.21,0.512951,0.7556,0.82,0.8446],"descent-weeks":9.480582524271833,"ascent-weeks":5.58220044991712,"peak":0.8446,"messages":[],"ranks":{"artist:partners-in-kryme":{"rank":1,"total":1},"genre:pop":{"rank":137,"total":1430},"playlist:td":{"rank":114,"total":969},"decade:1990s":{"rank":99,"total":929},"year:1990":{"rank":23,"total":143}},"score":8.481350999999991,"duration":4,"genres":[{"instanceSlug":"pop","title":"Pop","parents":[]}],"sources":[],"debutEra":{"slug":1990,"title":1990,"type":"year","decade":1990,"year":1990},"rank":276}