{"title":"Dance Hall Days","instanceSlug":114,"tags":[],"debut":"1984-06","artists":[{"slug":"wang-chung","title":"Wang Chung","roleSlug":true}],"scores":[0.22636688809402145,0.6422608457643354,0.7162471395881007,0.6939582156973461,0.6565433462175595,0.6185594820609659,0.6098738932116985,0.594896331738437,0.5739769150052466,0.5475883415011605,0.5163002274450341,0.4807502467917078,0.44161460836136474,0.39958012596221143,0.35531962954596796,0.30947184635530345,0.2626262626262626,0.21531294308284385,0.16799688534163912,0.12107623318385648,0.07874865156418555,0.048584411045089135,0.018329938900203666,0.0023387905111927833,0],"ranks":{"artist:wang-chung":{"rank":3,"total":5},"decade:1980s":{"rank":367,"total":1537},"year:1984":{"rank":34,"total":146}},"score":9.298322199595736,"debutScore":0.22636688809402145,"peakScore":0.7162471395881007,"duration":7,"genres":[],"playlists":[],"source":{},"debutEra":{"slug":"1984-06","title":"June 1984","type":"month","decade":1980,"year":1984,"month":6},"rank":783}