{"title":"Into the Great Wide Open","instanceSlug":1154,"tags":["great","into","open","wide"],"parents":[],"genre":"rock","debut":1991,"playlists":[],"ranks":{"artist:tom-petty":{"rank":2,"total":5},"genre:rock":{"rank":545,"total":633},"decade:1990s":{"rank":794,"total":895},"year:1991":{"rank":143,"total":146}},"artists":[{"slug":"tom-petty","title":"Tom Petty","roleSlug":true}],"scores":[0.017839444995044598,0.09251311397234144,0.1351981351981352,0.18181818181818182,0.19494584837545126,0.17684594348222427,0.1369352585002329,0.0535279805352798,0.04878048780487806,0.0392156862745098,0.02469135802469136,0.004987531172069826,0],"score":1.1072989701530405,"debutScore":0.017839444995044598,"peakScore":0.19494584837545126,"duration":4,"genres":[{"instanceSlug":"rock","title":"Rock","parents":[]}],"source":{},"debutEra":{"slug":1991,"title":1991,"type":"year","decade":1990,"year":1991},"rank":2890}