{"title":"Ordinary Average Guy","instanceSlug":1156,"tags":[],"parents":[],"genre":"rock","debut":1991,"playlists":[],"ranks":{"artist:joe-walsh":{"rank":1,"total":17},"genre:rock":{"rank":113,"total":631},"decade:1990s":{"rank":225,"total":886},"year:1991":{"rank":38,"total":145}},"artists":[{"slug":"joe-walsh","title":"Joe Walsh","roleSlug":true}],"scores":[0.124,0.42000000000000004,0.56,0.61,0.63,0.625,0.58,0.575,0.565,0.55,0.53,0.505,0.475,0.43999999999999995,0.4,0.355,0.305,0.255,0.225,0.1925,0.1575,0.12,0.08,0.0375,0],"score":9.316500000000001,"debutScore":0.124,"peakScore":0.63,"duration":7,"genres":[{"instanceSlug":"rock","title":"Rock","parents":[]}],"source":{},"debutEra":{"slug":1991,"title":1991,"type":"year","decade":1990,"year":1991},"rank":755}