{"title":"Here We Go, Let's Rock & Roll","instanceSlug":1157,"tags":["go","","rock-and-roll"],"parents":[],"genre":"dance","debut":1991,"playlists":[{"title":"Songs by Groups","instanceSlug":"group","tags":[],"parents":[]},{"title":"Turn of the Decade","instanceSlug":"td","tags":[],"parents":[]}],"ranks":{"artist:c-c-music-factory":{"rank":1,"total":3},"genre:dance":{"rank":11,"total":132},"playlist:group":{"rank":52,"total":1410},"playlist:td":{"rank":58,"total":967},"decade:1990s":{"rank":57,"total":928},"year:1991":{"rank":11,"total":151}},"artists":[{"slug":"c-c-music-factory","title":"C+C Music Factory","type":{"title":"Mixed Group, Male Lead","artists":[],"artistCount":0,"score":0,"artistAdjustedAverage":0,"slug":"mmf"},"roleSlug":true,"death":"","tags":[]}],"scores":[0.158,0.341,0.529,0.612,0.6083024112840297,0.5972096451361192,0.578721701556268,0.5528385805444765,0.5195602821007447,0.47888680622507235,0.43081815291745956,0.3753543221779063,0.3124953140064127,0.24224112840297868,0.16459176536760423,0.07954722490028934],"ascent":[0.158,0.341,0.529,0.612],"descent-weeks":12.86519607843137,"messages":[],"score":6.580567334619362,"debutScore":0.158,"peakScore":0.612,"duration":4,"genres":[{"instanceSlug":"dance","title":"Dance","parents":[]}],"sources":[],"debutEra":{"slug":1991,"title":1991,"type":"year","decade":1990,"year":1991},"rank":146}