{"title":"Impulsive","instanceSlug":1161,"tags":[],"genre":"pop","debut":1991,"playlists":[{"title":"Songs by Groups","instanceSlug":"group","tags":[],"parents":[]},{"title":"Turn of the Decade","instanceSlug":"td","tags":[],"parents":[]}],"artists":[{"slug":"wilson-phillips","title":"Wilson Phillips","type":{"title":"All-Female Group","artists":[],"artistCount":0,"score":0,"artistAdjustedAverage":0,"slug":"fff"},"roleSlug":true,"death":"","tags":["1990s"]}],"scores":[0.15,0.29,0.32,0.34,0.33694185248079617,0.32776740992318454,0.31247667232716514,0.291069639692738,0.26354631201990314,0.22990668930866046,0.19015077155901008,0.14427855877095197,0.09229005094448609,0.034185248079612436],"ascent":[0.15,0.29,0.32,0.34],"descent-weeks":10.544117647058819,"messages":[],"ranks":{"artist:wilson-phillips":{"rank":1,"total":1},"genre:pop":{"rank":1064,"total":1431},"playlist:group":{"rank":1021,"total":1416},"playlist:td":{"rank":720,"total":968},"decade:1990s":{"rank":701,"total":929},"year:1991":{"rank":117,"total":152}},"score":3.3226132051065083,"debutScore":0.15,"peakScore":0.34,"duration":4,"genres":[{"instanceSlug":"pop","title":"Pop","parents":[]}],"sources":[],"debutEra":{"slug":1991,"title":1991,"type":"year","decade":1990,"year":1991},"rank":2566}