{"title":"Return to Innocence","instanceSlug":1166,"tags":[],"genre":"pop","debut":1994,"playlists":[{"title":"Songs by Solo Males","instanceSlug":"m","tags":[],"parents":[]}],"artists":[{"slug":"enigma","title":"Enigma","type":{"title":"Solo Male","artists":[],"artistCount":0,"score":0,"artistAdjustedAverage":0,"slug":"m"},"roleSlug":true,"death":"","tags":[]}],"scores":[0.03896103896103896,0.21285627653123104,0.33067198935462405,0.41542816702052365,0.44927536231884063,0.45137880986937584,0.4491234174763515,0.44235724029727846,0.43108027833215673,0.41529253158098633,0.3949940000437672,0.37018468372049945,0.3408645826111829,0.30703369671581776,0.26869202603440395,0.2258395705669414,0.17847633031343016,0.12660230527387026,0.07021749544826156,0.009321900836604287],"ascent":[0.03896103896103896,0.21285627653123104,0.33067198935462405,0.41542816702052365,0.44927536231884063,0.45137880986937584],"descent-weeks":14.146842807665113,"messages":[],"ranks":{"artist:enigma":{"rank":1,"total":2},"genre:pop":{"rank":461,"total":1431},"playlist:m":{"rank":333,"total":1095},"decade:1990s":{"rank":298,"total":929},"year:1994":{"rank":17,"total":78}},"score":5.928651703307186,"debutScore":0.03896103896103896,"peakScore":0.45137880986937584,"duration":5,"genres":[{"instanceSlug":"pop","title":"Pop","parents":[]}],"sources":[],"debutEra":{"slug":1994,"title":1994,"type":"year","decade":1990,"year":1994},"rank":1012}