{"title":"The Way You Do The Things You Do","instanceSlug":1168,"tags":["","remake","thing","way"],"parents":[],"genre":"pop","debut":1991,"playlists":[{"title":"Songs by Groups","instanceSlug":"group","tags":[],"parents":[]},{"title":"Turn of the Decade","instanceSlug":"td","tags":[],"parents":[]}],"ranks":{"artist:ub40":{"rank":1,"total":3},"genre:pop":{"rank":1117,"total":1430},"playlist:group":{"rank":1073,"total":1417},"playlist:td":{"rank":746,"total":969},"decade:1990s":{"rank":733,"total":929},"year:1991":{"rank":124,"total":152}},"artists":[{"slug":"ub40","title":"UB40","type":{"title":"All-Male Group","artists":[],"artistCount":0,"score":0,"artistAdjustedAverage":0,"slug":"mmm"},"roleSlug":true,"death":"","tags":[]}],"scores":[0.036,0.145,0.232,0.267,0.306,0.3036743195266272,0.29669727810650887,0.28506887573964496,0.2687891124260355,0.24785798816568047,0.2222755029585799,0.19204165680473376,0.15715644970414208,0.11761988165680479,0.07343195266272196,0.024592662721893616],"ascent":[0.036,0.145,0.232,0.267,0.306],"descent-weeks":11.47058823529412,"messages":[],"score":3.175205680473373,"debutScore":0.036,"peakScore":0.306,"duration":4,"genres":[{"instanceSlug":"pop","title":"Pop","parents":[]}],"sources":[],"debutEra":{"slug":1991,"title":1991,"type":"year","decade":1990,"year":1991},"rank":2695}