{"title":"Hero","instanceSlug":1181,"tags":[],"parents":[],"genre":"pop","debut":"1993-07","playlists":[{"instanceSlug":"summer","title":"Songs of Summer"}],"ranks":{"artist:david-crosby-phil-collins":{"rank":1,"total":1},"genre:pop":{"rank":843,"total":1431},"playlist:summer":{"rank":168,"total":237},"decade:1990s":{"rank":565,"total":929},"year:1993":{"rank":73,"total":119}},"artists":[{"slug":"david-crosby-phil-collins"}],"scores":[0.075,0.216,0.286,0.376,0.431,0.463,0.4573248817379304,0.4402995269517216,0.41192393564137353,0.3721981078068862,0.32112204344825973,0.2586957425654939,0.18491920515858892,0.09979243122754478,0.003315420772361316],"ascent":[0.075,0.216,0.286,0.376,0.431,0.463],"descent-weeks":9.032397408207345,"messages":[],"score":4.39659129531016,"debutScore":0.075,"peakScore":0.463,"duration":4,"genres":[{"instanceSlug":"pop","title":"Pop","parents":[]}],"sources":[],"debutEra":{"slug":"1993-07","title":"July 1993","type":"month","decade":1990,"year":1993,"month":7},"rank":2034}