{"title":"Hero","instanceSlug":1181,"tags":[],"parents":[],"genre":"pop","debut":"1993-07","playlists":[{"instanceSlug":"summer","title":"Songs of Summer"}],"ranks":{"artist:david-crosby-phil-collins":{"rank":1,"total":1},"genre:pop":{"rank":491,"total":1431},"playlist:summer":{"rank":113,"total":236},"decade:1990s":{"rank":358,"total":928},"year:1993":{"rank":46,"total":119}},"artists":[{"slug":"david-crosby-phil-collins"}],"scores":[0.075,0.216,0.286,0.376,0.431,0.463,0.4532127548502729,0.42385101940109154,0.37491479365245595,0.306404077604366,0.21831887125682203,0.11065917460982368],"ascent":[0.075,0.216,0.286,0.376,0.431,0.463],"descent-weeks":6.877969762419006,"messages":[],"score":3.7343606913748326,"debutScore":0.075,"peakScore":0.463,"duration":3,"genres":[{"instanceSlug":"pop","title":"Pop","parents":[]}],"sources":[],"debutEra":{"slug":"1993-07","title":"July 1993","type":"month","decade":1990,"year":1993,"month":7},"rank":1203}