{"title":"Bubba Shot the Jukebox","instanceSlug":1183,"tags":["shoot"],"parents":[],"genre":"country","debut":1992,"playlists":[{"title":"Songs by Solo Males","instanceSlug":"m","tags":[],"parents":[]},{"title":"Turn of the Decade","instanceSlug":"td","tags":[],"parents":[]}],"ranks":{"artist:mark-chestnutt":{"rank":1,"total":1},"genre:country":{"rank":59,"total":92},"playlist:m":{"rank":605,"total":1121},"playlist:td":{"rank":530,"total":970},"decade:1990s":{"rank":520,"total":933},"year:1992":{"rank":80,"total":142}},"artists":[{"slug":"mark-chestnutt","title":"Mark Chestnutt","type":{"title":"Solo Male","artists":[],"artistCount":0,"score":0,"artistAdjustedAverage":0,"slug":"m"},"roleSlug":true,"death":"","tags":[]}],"scores":[0.1,0.21,0.312951,0.35561236147633757,0.357477963561,0.3446276515977258,0.3289181,0.31523776166182677,0.31,0.3038,0.2914,0.2728,0.248,0.217,0.17980000000000002,0.13640000000000002,0.08680000000000003,0.03100000000000004,0],"ascent":[0.1,0.21,0.312951,0.35561236147633757,0.357477963561],"descent-weeks":14.364220283901819,"ascent-weeks":5.606113360366711,"peak":0.357477963561,"messages":[],"unscored":false,"score":4.759302801857891,"duration":5,"genres":[{"instanceSlug":"country","title":"Country","parents":[]}],"sources":[],"debutEra":{"slug":1992,"title":1992,"type":"year","decade":1990,"year":1992},"rank":1940}