{"title":"Bubba Shot the Jukebox","instanceSlug":1183,"tags":["shoot"],"parents":[],"genre":"country","debut":1992,"playlists":[{"title":"Songs by Solo Males","instanceSlug":"m","tags":[],"parents":[]},{"title":"Turn of the Decade","instanceSlug":"td","tags":[],"parents":[]}],"ranks":{"artist:mark-chestnutt":{"rank":1,"total":1},"genre:country":{"rank":59,"total":90},"playlist:m":{"rank":596,"total":1095},"playlist:td":{"rank":523,"total":969},"decade:1990s":{"rank":510,"total":929},"year:1992":{"rank":82,"total":142}},"artists":[{"slug":"mark-chestnutt","title":"Mark Chestnutt","type":{"title":"Solo Male","artists":[],"artistCount":0,"score":0,"artistAdjustedAverage":0,"slug":"m"},"roleSlug":true,"death":"","tags":[]}],"scores":[0.1,0.21,0.312951,0.35561236147633757,0.357477963561,0.3557454160143011,0.3505477733742044,0.34188503564070993,0.32975720281381765,0.31416427489352755,0.2951062518798397,0.272583133772754,0.2465949205722706,0.21714161227838932,0.18422320889111027,0.14783971041043345,0.10799111683635884,0.06467742816888644,0.017898644408016227],"ascent":[0.1,0.21,0.312951,0.35561236147633757,0.357477963561],"descent-weeks":14.364220283901819,"messages":[],"score":4.582197054991957,"debutScore":0.1,"peakScore":0.357477963561,"duration":5,"genres":[{"instanceSlug":"country","title":"Country","parents":[]}],"sources":[],"debutEra":{"slug":1992,"title":1992,"type":"year","decade":1990,"year":1992},"rank":1855}