{"title":"I'm In a Hurry","instanceSlug":1184,"tags":[],"genre":"country","debut":1992,"playlists":[{"title":"Songs by Groups","instanceSlug":"group","tags":[],"parents":[]},{"title":"Turn of the Decade","instanceSlug":"td","tags":[],"parents":[]}],"artists":[{"slug":"alabama","title":"Alabama","type":{"title":"All-Male Group","artists":[],"artistCount":0,"score":0,"artistAdjustedAverage":0,"slug":"mmm"},"roleSlug":true,"death":"","tags":[]}],"scores":[0.06266666666666666,0.39066666666666666,0.5543333333333333,0.5468875186711749,0.5245500746846996,0.4873210013739074,0.43520029873879823,0.36818796677937216,0.28628400549562927,0.18948841488756946,0.07780119495519285],"ascent":[0.06266666666666666,0.39066666666666666,0.5543333333333333],"descent-weeks":8.628382441371016,"messages":[],"ranks":{"artist:alabama":{"rank":1,"total":6},"genre:country":{"rank":27,"total":89},"playlist:group":{"rank":428,"total":1410},"playlist:td":{"rank":311,"total":967},"decade:1990s":{"rank":322,"total":928},"year:1992":{"rank":41,"total":142}},"score":3.9233871422530107,"debutScore":0.06266666666666666,"peakScore":0.5543333333333333,"duration":3,"genres":[{"instanceSlug":"country","title":"Country","parents":[]}],"sources":[],"debutEra":{"slug":1992,"title":1992,"type":"year","decade":1990,"year":1992},"rank":1073}