{"title":"Rebirth of Slick (Cool Like Dat)","instanceSlug":1187,"tags":["birth","cool"],"parents":[],"genre":"rap","debut":1992,"playlists":[{"title":"Songs by Groups","instanceSlug":"group","tags":[],"parents":[]},{"title":"Turn of the Decade","instanceSlug":"td","tags":[],"parents":[]}],"ranks":{"artist:digable-planets":{"rank":1,"total":1},"genre:rap":{"rank":5,"total":41},"playlist:group":{"rank":280,"total":1410},"playlist:td":{"rank":209,"total":967},"decade:1990s":{"rank":229,"total":928},"year:1992":{"rank":32,"total":142}},"artists":[{"slug":"digable-planets","title":"Digable Planets","type":{"title":"All-Male Group","artists":[],"artistCount":0,"score":0,"artistAdjustedAverage":0,"slug":"mmm"},"roleSlug":true,"death":"","tags":[]}],"scores":[0.06200821741159169,0.20830894528861146,0.3129502216570068,0.35561236147633757,0.3574779635603355,0.355847589224982,0.35095646621892146,0.3428045945421539,0.33139197419467925,0.31671860517649764,0.2987844874876089,0.2775896211280132,0.2531340060977105,0.2254176423967007,0.1944405300249839,0.16020266898256008,0.12270405926942918,0.0819447008855913,0.03792459383104637],"ascent":[0.06200821741159169,0.20830894528861146,0.3129502216570068,0.35561236147633757,0.3574779635603355],"descent-weeks":14.807473786766046,"messages":[],"score":4.646219248854761,"debutScore":0.06200821741159169,"peakScore":0.3574779635603355,"duration":5,"genres":[{"instanceSlug":"rap","title":"Rap","parents":["urban"]}],"sources":[],"debutEra":{"slug":1992,"title":1992,"type":"year","decade":1990,"year":1992},"rank":665}