{"title":"So What'Cha Want","instanceSlug":1188,"tags":["so","want"],"parents":[],"genre":"rap","debut":1992,"playlists":[],"ranks":{"artist:beastie-boys":{"rank":4,"total":4},"genre:rap":{"rank":11,"total":38},"decade:1990s":{"rank":280,"total":874},"year:1992":{"rank":47,"total":139}},"artists":[{"slug":"beastie-boys","title":"Beastie Boys","roleSlug":true}],"scores":[0.14285714285714285,0.2903225806451613,0.5384615384615385,0.6260162601626016,0.6393442622950818,0.6133369185264854,0.6068559185859667,0.594048884165781,0.5752165922814387,0.5507883173946756,0.5212981744421907,0.48735746157659887,0.449625513409036,0.40878140408546604,0.3654984069185253,0.3204225352112676,0.2741558717349755,0.22724483534465129,0.1801730920535012,0.13335851907820173,0.08715346983149122,0.041847542976211155,0.009251471825063078,0],"score":8.683416713863053,"debutScore":0.14285714285714285,"peakScore":0.6393442622950818,"duration":6,"genres":[{"instanceSlug":"rap","title":"Rap","parents":["urban"]}],"source":{},"debutEra":{"slug":1992,"title":1992,"type":"year","decade":1990,"year":1992},"rank":903}