{"title":"Pop Muzik","instanceSlug":1192,"tags":["music","pop"],"parents":[],"genre":"pop","debut":1979,"playlists":[],"ranks":{"artist:m":{"rank":1,"total":1},"genre:pop":{"rank":553,"total":1434},"decade:1970s":{"rank":172,"total":559},"year:1979":{"rank":31,"total":88}},"artists":[{"slug":"m"}],"scores":[0.055,0.2,0.376,0.498,0.521,0.537,0.633,0.477,0.32099999999999995,0.008999999999999897,0],"ascent":[0.055,0.2,0.376,0.498,0.521,0.537,0.633],"descent-weeks":0.8075829383886253,"ascent-weeks":6.682464454976302,"peak":0.633,"messages":[],"unscored":false,"score":3.1607999999999996,"duration":2,"genres":[{"instanceSlug":"pop","title":"Pop","parents":[]}],"sources":[],"debutEra":{"slug":1979,"title":1979,"type":"year","decade":1970,"year":1979},"rank":1190}