{"title":"Pop Muzik","instanceSlug":1192,"tags":["music","pop"],"parents":[],"genre":"pop","debut":1979,"playlists":[],"ranks":{"artist:m":{"rank":1,"total":1},"genre:pop":{"rank":952,"total":1430},"decade:1970s":{"rank":400,"total":548},"year:1979":{"rank":70,"total":88}},"artists":[{"slug":"m"}],"scores":[0.055,0.2,0.376,0.498,0.521,0.537,0.633,0.5786369733796296,0.41554789351851845,0.14373276041666647],"ascent":[0.055,0.2,0.376,0.498,0.521,0.537,0.633],"descent-weeks":3.412322274881516,"messages":[],"score":3.9579176273148144,"debutScore":0.055,"peakScore":0.633,"duration":3,"genres":[{"instanceSlug":"pop","title":"Pop","parents":[]}],"sources":[],"debutEra":{"slug":1979,"title":1979,"type":"year","decade":1970,"year":1979},"rank":2292}