{"title":"Pop Muzik","instanceSlug":1192,"tags":["music","pop"],"parents":[],"genre":"pop","debut":1979,"playlists":[],"ranks":{"artist:m":{"rank":1,"total":1},"genre:pop":{"rank":516,"total":1431},"decade:1970s":{"rank":207,"total":546},"year:1979":{"rank":40,"total":87}},"artists":[{"slug":"m"}],"scores":[0.055,0.2,0.376,0.498,0.521,0.537,0.633,0.5415080983686389,0.26703239347455554],"ascent":[0.055,0.2,0.376,0.498,0.521,0.537,0.633],"descent-weeks":2.630331753554502,"messages":[],"score":3.6285404918431943,"debutScore":0.055,"peakScore":0.633,"duration":3,"genres":[{"instanceSlug":"pop","title":"Pop","parents":[]}],"sources":[],"debutEra":{"slug":1979,"title":1979,"type":"year","decade":1970,"year":1979},"rank":1268}