{"title":"Give Me Just a Little More Time","instanceSlug":1205,"tags":["give-me","just","little","","more","time"],"parents":[],"genre":"pop","debut":1992,"playlists":[],"ranks":{"artist:kylie-minogue":{"rank":2,"total":5},"genre:pop":{"rank":383,"total":1404},"decade:1990s":{"rank":257,"total":895},"year:1992":{"rank":39,"total":141}},"artists":[{"slug":"kylie-minogue","title":"Kylie Minogue","roleSlug":true}],"scores":[0.10099999999999999,0.367,0.5186666666666666,0.5983333333333333,0.6443333333333333,0.626,0.6136666666666667,0.5970000000000001,0.5853333333333334,0.5686666666666667,0.547,0.5203333333333334,0.48866666666666675,0.45199999999999996,0.41033333333333327,0.36366666666666664,0.312,0.2553333333333333,0.19366666666666668,0.14533333333333334,0.09866666666666667,0.07166666666666667,0.043333333333333335,0.013333333333333334,0],"score":9.135333333333334,"debutScore":0.10099999999999999,"peakScore":0.6443333333333333,"duration":7,"genres":[{"instanceSlug":"pop","title":"Pop","parents":[]}],"source":{},"debutEra":{"slug":1992,"title":1992,"type":"year","decade":1990,"year":1992},"rank":823}