{"title":"Give Me Just a Little More Time","instanceSlug":1205,"tags":[],"parents":[],"genre":"pop","debut":1992,"playlists":[{"title":"Songs by Solo Females","instanceSlug":"f","tags":[],"parents":[]},{"title":"Turn of the Decade","instanceSlug":"td","tags":[],"parents":[]}],"ranks":{"artist:kylie-minogue":{"rank":3,"total":5},"genre:pop":{"rank":844,"total":1431},"playlist:f":{"rank":364,"total":594},"playlist:td":{"rank":573,"total":967},"decade:1990s":{"rank":584,"total":928},"year:1992":{"rank":91,"total":142}},"artists":[{"slug":"kylie-minogue","title":"Kylie Minogue","type":{"title":"Solo Female","artists":[],"artistCount":0,"score":0,"artistAdjustedAverage":0,"slug":"f"},"roleSlug":true,"death":"","tags":[]}],"scores":[0.06592007962463009,0.20345639091641685,0.30206241279169266,0.3420220895447736,0.3379329395306532,0.3256654894882918,0.30521973941768965,0.2765956893188466,0.23979333919176266,0.19481268903643792,0.14165373885287222,0.0803164886410657,0.010800938401018268],"ascent":[0.06592007962463009,0.20345639091641685,0.30206241279169266,0.3420220895447736],"descent-weeks":9.14556532778698,"messages":[],"score":2.826252024756151,"debutScore":0.06592007962463009,"peakScore":0.3420220895447736,"duration":4,"genres":[{"instanceSlug":"pop","title":"Pop","parents":[]}],"sources":[],"debutEra":{"slug":1992,"title":1992,"type":"year","decade":1990,"year":1992},"rank":2032}