{"title":"I Like the Way (the Kissing Game)","instanceSlug":1207,"tags":[],"parents":[],"genre":"pop","debut":1991,"playlists":[],"ranks":{"artist:hi-5":{"rank":2,"total":4},"genre:pop":{"rank":634,"total":1407},"decade:1990s":{"rank":404,"total":886},"year:1991":{"rank":68,"total":145}},"artists":[{"slug":"hi-5","title":"Hi-5","roleSlug":true}],"scores":[0.0925,0.3275,0.524,0.5565,0.5595,0.5095000000000001,0.493,0.46199999999999997,0.45199999999999996,0.43699999999999994,0.41700000000000004,0.392,0.362,0.327,0.28700000000000003,0.242,0.192,0.1565,0.129,0.099,0.0665,0.0315,0],"score":7.115000000000001,"debutScore":0.0925,"peakScore":0.5595,"duration":6,"genres":[{"instanceSlug":"pop","title":"Pop","parents":[]}],"source":{},"debutEra":{"slug":1991,"title":1991,"type":"year","decade":1990,"year":1991},"rank":1372}