{"title":"Every Heartbeat","instanceSlug":1211,"tags":["every","heartbeat"],"parents":[],"genre":"pop","debut":1991,"playlists":[],"ranks":{"artist:amy-grant":{"rank":3,"total":6},"genre:pop":{"rank":691,"total":1406},"decade:1990s":{"rank":456,"total":890},"year:1991":{"rank":88,"total":145}},"artists":[{"slug":"amy-grant","title":"Amy Grant","roleSlug":true}],"scores":[0.1095,0.42175,0.54025,0.54825,0.502,0.4905,0.47274999999999995,0.45899999999999996,0.44025000000000003,0.41650000000000004,0.38775000000000004,0.35625,0.32875,0.2975,0.2625,0.22375,0.18125,0.1395,0.107,0.07200000000000001,0.0345,0],"score":6.791500000000001,"debutScore":0.1095,"peakScore":0.54825,"duration":6,"genres":[{"instanceSlug":"pop","title":"Pop","parents":[]}],"source":{},"debutEra":{"slug":1991,"title":1991,"type":"year","decade":1990,"year":1991},"rank":1501}