{"title":"Rockin' Robin","instanceSlug":1229,"tags":["","birds","rock"],"parents":[],"genre":"pop","debut":1972,"playlists":[{"title":"Animal Songs","instanceSlug":"animals","tags":[],"parents":[]}],"ranks":{"artist:michael-jackson":{"rank":25,"total":69},"genre:pop":{"rank":369,"total":1404},"playlist:animals":{"rank":4,"total":10},"decade:1970s":{"rank":87,"total":517},"year:1972":{"rank":8,"total":29}},"artists":[{"slug":"michael-jackson","title":"Michael Jackson","roleSlug":true}],"scores":[0.15074074074074073,0.4273148148148146,0.571037037037037,0.6258888888888888,0.6346111111111112,0.6209629629629632,0.6037222222222222,0.5889629629629629,0.5715,0.5525185185185184,0.5295740740740741,0.5034629629629632,0.4725370370370373,0.4369814814814814,0.3980000000000001,0.35503703703703704,0.3096481481481483,0.26329629629629625,0.21588888888888888,0.1677037037037037,0.12275925925925922,0.08146296296296297,0.04727777777777779,0.026907407407407408,0.011333333333333332,0.0026666666666666666,0],"score":9.291796296296297,"debutScore":0.15074074074074073,"peakScore":0.6346111111111112,"duration":7,"genres":[{"instanceSlug":"pop","title":"Pop","parents":[]}],"source":{},"debutEra":{"slug":1972,"title":1972,"type":"year","decade":1970,"year":1972},"rank":785}