{"title":"Looking for a New Love","instanceSlug":125,"tags":[],"genres":[{"instanceSlug":"pop","title":"Pop","parents":[]}],"debut":1987,"artists":[{"slug":"jody-watley","title":"Jody Watley","type":{"title":"Solo Female","artists":[],"artistCount":0,"score":0,"artistAdjustedAverage":0,"slug":"f"},"roleSlug":true,"death":"","tags":[]}],"scores":[0.177,0.36,0.42,0.45,0.44606952572277053,0.4342781028910822,0.4146257315049349,0.3871124115643287,0.35173814306926365,0.30850292601973966,0.25740676041575666,0.19844964625731484,0.13163158354441412,0.0569525722770545],"ascent":[0.177,0.36,0.42,0.45],"descent-weeks":10.699999999999996,"messages":[],"ranks":{"artist:jody-watley":{"rank":2,"total":7},"genre:pop":{"rank":845,"total":1431},"playlist:f":{"rank":382,"total":595},"playlist:td":{"rank":559,"total":968},"decade:1980s":{"rank":892,"total":1588},"year:1987":{"rank":117,"total":194}},"score":4.393767403266659,"debutScore":0.177,"peakScore":0.45,"duration":4,"playlists":[{"title":"Songs by Solo Females","instanceSlug":"f","tags":[],"parents":[]},{"title":"Turn of the Decade","instanceSlug":"td","tags":[],"parents":[]}],"sources":[],"debutEra":{"slug":1987,"title":1987,"type":"year","decade":1980,"year":1987},"rank":2041}