{"title":"You're Amazing","instanceSlug":1257,"tags":[],"genre":"pop","debut":1990,"playlists":[{"title":"Songs by Solo Males","instanceSlug":"m","tags":[],"parents":[]},{"title":"Turn of the Decade","instanceSlug":"td","tags":[],"parents":[]}],"artists":[{"slug":"robert-palmer","title":"Robert Palmer","type":{"title":"Solo Male","artists":[],"artistCount":0,"score":0,"artistAdjustedAverage":0,"slug":"m"},"roleSlug":true,"death":"","tags":[]}],"scores":[0.15,0.31,0.45,0.52,0.55,0.5457435245801319,0.5329740983205272,0.5116917212211862,0.4818963932821088,0.44358811450329505,0.3967668848847449,0.3414327044264583,0.27758557312843524,0.2052254909906758,0.12435245801317997,0.03496647419594777],"ascent":[0.15,0.31,0.45,0.52,0.55],"descent-weeks":11.367272727272729,"messages":[],"ranks":{"artist:robert-palmer":{"rank":2,"total":4},"genre:pop":{"rank":480,"total":1431},"playlist:m":{"rank":347,"total":1095},"playlist:td":{"rank":322,"total":968},"decade:1990s":{"rank":308,"total":929},"year:1990":{"rank":48,"total":143}},"score":5.876223437546692,"debutScore":0.15,"peakScore":0.55,"duration":4,"genres":[{"instanceSlug":"pop","title":"Pop","parents":[]}],"sources":[],"debutEra":{"slug":1990,"title":1990,"type":"year","decade":1990,"year":1990},"rank":1045}