{"title":"Next to You, Next to Me","instanceSlug":1259,"tags":["next"],"parents":[],"genre":"country","debut":1990,"playlists":[{"title":"Turn of the Decade","instanceSlug":"td","tags":[],"parents":[]}],"ranks":{"artist:shenandoah":{"rank":1,"total":1},"genre:country":{"rank":54,"total":90},"playlist:td":{"rank":488,"total":968},"decade:1990s":{"rank":480,"total":929},"year:1990":{"rank":72,"total":143}},"artists":[{"slug":"shenandoah","title":"Shenandoah","roleSlug":true,"death":"","tags":[]}],"scores":[0.06200821741159169,0.20830894528861146,0.3129502216570068,0.35561236147633757,0.3574779635603355,0.3558504691948907,0.3509679860985563,0.34283051427133227,0.33143805371321866,0.31679060442421547,0.29888816640432264,0.27773073965354017,0.25331832417186817,0.22565091995930653,0.19472852701585525,0.1605511453415144,0.12311877493628393,0.08243141580016386,0.03848906793315418],"ascent":[0.06200821741159169,0.20830894528861146,0.3129502216570068,0.35561236147633757,0.3574779635603355],"descent-weeks":14.820569447990732,"messages":[],"score":4.649142418312106,"debutScore":0.06200821741159169,"peakScore":0.3574779635603355,"duration":5,"genres":[{"instanceSlug":"country","title":"Country","parents":[]}],"sources":[],"debutEra":{"slug":1990,"title":1990,"type":"year","decade":1990,"year":1990},"rank":1728}