{"title":"Stay the Night","instanceSlug":1264,"tags":[],"parents":[],"genre":"pop","debut":1987,"playlists":[{"title":"Songs by Deceased and Disbanded Artists","instanceSlug":"deceased","tags":[],"parents":[]},{"title":"Turn of the Decade","instanceSlug":"td","tags":[],"parents":[]}],"ranks":{"artist:benjamin-orr":{"rank":1,"total":13},"genre:pop":{"rank":1045,"total":1431},"playlist:deceased":{"rank":228,"total":334},"playlist:td":{"rank":697,"total":958},"decade:1980s":{"rank":1103,"total":1564},"year:1987":{"rank":149,"total":192}},"artists":[{"slug":"benjamin-orr","title":"Benjamin Orr","roleSlug":true,"death":"2000","tags":[]}],"scores":[0.039624999999999994,0.1645,0.26287499999999997,0.30025,0.29075,0.269125,0.260375,0.247,0.233875,0.216375,0.1965,0.17399999999999996,0.14775,0.12275000000000001,0.094625,0.06337499999999999,0.0345,0.015875,0],"messages":[],"score":3.134125,"debutScore":0.039624999999999994,"peakScore":0.30025,"duration":5,"genres":[{"instanceSlug":"pop","title":"Pop","parents":[]}],"sources":[],"debutEra":{"slug":1987,"title":1987,"type":"year","decade":1980,"year":1987},"rank":2484}