{"title":"Stay the Night","instanceSlug":1264,"tags":[],"parents":[],"genre":"pop","debut":1987,"playlists":[{"title":"Songs by Deceased and Disbanded Artists","instanceSlug":"deceased","tags":[],"parents":[]},{"title":"Turn of the Decade","instanceSlug":"td","tags":[],"parents":[]}],"ranks":{"artist:benjamin-orr":{"rank":1,"total":13},"genre:pop":{"rank":1074,"total":1431},"playlist:deceased":{"rank":235,"total":335},"playlist:td":{"rank":731,"total":968},"decade:1980s":{"rank":1153,"total":1588},"year:1987":{"rank":157,"total":194}},"artists":[{"slug":"benjamin-orr","title":"Benjamin Orr","roleSlug":true,"death":"2000","tags":[]}],"scores":[0.039624999999999994,0.1645,0.26287499999999997,0.30025,0.29855885911303637,0.2934854364521454,0.2850297320173272,0.27319174580858163,0.2579714778259088,0.23936892806930862,0.21738409653878119,0.1920169832343264,0.1632675881559444,0.13113591130363503,0.09562195267739837,0.05672571227723442,0.014447190103143208],"ascent":[0.039624999999999994,0.1645,0.26287499999999997,0.30025],"descent-weeks":13.32452123230641,"messages":[],"score":3.285455613576771,"debutScore":0.039624999999999994,"peakScore":0.30025,"duration":4,"genres":[{"instanceSlug":"pop","title":"Pop","parents":[]}],"sources":[],"debutEra":{"slug":1987,"title":1987,"type":"year","decade":1980,"year":1987},"rank":2591}