{"title":"Smells Like Nirvana","instanceSlug":1272,"tags":[],"parents":[],"genre":"parody","debut":1992,"playlists":[],"ranks":{"artist:weird-al-yankovic":{"rank":5,"total":9},"genre:parody":{"rank":4,"total":7},"decade:1990s":{"rank":377,"total":870},"year:1992":{"rank":54,"total":139}},"artists":[{"slug":"weird-al-yankovic","title":"Weird Al Yankovic","roleSlug":true}],"scores":[0.10012499999999999,0.325875,0.527375,0.6426250000000001,0.6205,0.5708749999999999,0.5238750000000001,0.497625,0.482,0.461375,0.43575,0.405125,0.36950000000000005,0.328875,0.28325,0.23375,0.18625,0.144125,0.112875,0.079125,0.052625000000000005,0.03425,0.014875,0.00275,0],"score":7.4353750000000005,"debutScore":0.10012499999999999,"peakScore":0.6426250000000001,"duration":7,"genres":[{"instanceSlug":"parody","title":"Parody","parents":[]}],"source":{},"debutEra":{"slug":1992,"title":1992,"type":"year","decade":1990,"year":1992},"rank":1169}