{"title":"Hotel California","instanceSlug":1280,"tags":["#1","#1-hot-100","places"],"parents":[],"genre":"soft-rock","debut":1977,"playlists":[],"ranks":{"artist:don-henley":{"rank":17,"total":20},"artist:eagles":{"rank":3,"total":16},"genre:soft-rock":{"rank":16,"total":21},"decade:1970s":{"rank":278,"total":491},"year:1977":{"rank":30,"total":58}},"artists":[{"slug":"eagles","title":"Eagles","roleSlug":true},{"slug":"don-henley","title":"Don Henley","roleSlug":"member"}],"scores":[0.0455,0.21900000000000003,0.3285,0.39049999999999996,0.4245,0.424,0.401,0.3915,0.3735,0.3345,0.32199999999999995,0.3045,0.28200000000000003,0.2545,0.222,0.1845,0.14200000000000002,0.0945,0.042,0.0135,0],"score":5.194,"debutScore":0.0455,"peakScore":0.4245,"duration":6,"genres":[{"instanceSlug":"soft-rock","title":"Soft Rock","parents":["rock"]}],"source":{},"debutEra":{"slug":1977,"title":1977,"type":"year","decade":1970,"year":1977},"rank":1860}