{"title":"The Saga Begins","instanceSlug":"12EB","tags":[],"parody":true,"debut":2000,"playlists":[{"title":"Star Wars","instanceSlug":"star-wars","tags":[],"parents":[]},{"title":"Songs by Solo Males","instanceSlug":"m","tags":[],"parents":[]},{"title":"Parodies","instanceSlug":"parody","tags":[],"parents":[]}],"scores":[0.05929986128304713,0.1995263597162372,0.30010719362631805,0.34125675640985936,0.34282688513132636,0.3412640611647789,0.3365755892651365,0.3287614694323991,0.3178217016665668,0.30375628596763954,0.2865652223356173,0.26624851077050016,0.24280615127228805,0.21623814384098097,0.18654448847657895,0.153725185179082,0.11778023394849013,0.07870963478480332,0.03651338768802154],"artists":[{"slug":"weird-al-yankovic","title":"Weird Al Yankovic","type":{"title":"Solo Male","artists":[],"artistCount":0,"score":0,"artistAdjustedAverage":0,"slug":"m"},"roleSlug":true,"death":"","tags":[]},{"slug":"don-mclean"}],"ascent":[0.05929986128304713,0.1995263597162372,0.30010719362631805,0.34125675640985936,0.34282688513132636],"descent-weeks":14.810932580994026,"messages":[],"ranks":{"artist:weird-al-yankovic":{"rank":4,"total":14},"artist:don-mclean":{"rank":1,"total":1},"playlist:m":{"rank":243,"total":1090},"playlist:parody":{"rank":4,"total":12},"playlist:star-wars":{"rank":1,"total":2},"decade:2000s":{"rank":31,"total":123},"year:2000":{"rank":10,"total":26}},"score":4.456327121959672,"debutScore":0.05929986128304713,"peakScore":0.34282688513132636,"duration":5,"genres":[],"sources":[],"debutEra":{"slug":2000,"title":2000,"type":"year","decade":2000,"year":2000},"rank":774}