{"title":"Two to Make It Right","instanceSlug":1342,"tags":["make","right","two"],"parents":[],"genre":"dance","debut":1990,"playlists":[{"title":"Songs by Groups","instanceSlug":"group","tags":[],"parents":[]},{"title":"Turn of the Decade","instanceSlug":"td","tags":[],"parents":[]}],"ranks":{"artist:seduction":{"rank":1,"total":3},"genre:dance":{"rank":37,"total":132},"playlist:group":{"rank":187,"total":1417},"playlist:td":{"rank":165,"total":968},"decade:1990s":{"rank":149,"total":929},"year:1990":{"rank":31,"total":143}},"artists":[{"slug":"seduction","title":"Seduction","type":{"title":"All-Female Group","artists":[],"artistCount":0,"score":0,"artistAdjustedAverage":0,"slug":"fff"},"roleSlug":true,"death":"","tags":[]}],"scores":[0.086,0.216,0.376,0.491,0.563,0.5606471805404378,0.5535887221617515,0.5418246248639409,0.5253548886470061,0.5041795135109471,0.47829849945576386,0.4477118464814564,0.41241955458802465,0.3724216237754688,0.32771805404378856,0.2783088453929842,0.22419399782305555,0.1653735113340027,0.10184738592582568,0.033615621598524305],"ascent":[0.086,0.216,0.376,0.491,0.563],"descent-weeks":15.468916518650087,"messages":[],"score":7.259503870142978,"debutScore":0.086,"peakScore":0.563,"duration":5,"genres":[{"instanceSlug":"dance","title":"Dance","parents":[]}],"sources":[],"debutEra":{"slug":1990,"title":1990,"type":"year","decade":1990,"year":1990},"rank":466}