{"title":"Sending All My Love","instanceSlug":1343,"tags":["my-love","send-love"],"genre":"pop","debut":1990,"playlists":[{"title":"Turn of the Decade","instanceSlug":"td","tags":[],"parents":[]}],"artists":[{"slug":"linear","title":"Linear","type":{"title":"Group (deprecated)","artists":[],"artistCount":0,"score":0,"artistAdjustedAverage":0,"slug":"g"},"roleSlug":true,"death":"","tags":[]}],"scores":[0.11200821741159168,0.2583089452886115,0.3629502216570068,0.40561236147633756,0.4074779635603355,0.360196329150979,0.21835142592290938],"ascent":[0.11200821741159168,0.2583089452886115,0.3629502216570068,0.40561236147633756,0.4074779635603355],"descent-weeks":2.935660458515516,"messages":[],"ranks":{"artist:linear":{"rank":1,"total":1},"genre:pop":{"rank":1155,"total":1431},"playlist:td":{"rank":762,"total":967},"decade:1990s":{"rank":774,"total":928},"year:1990":{"rank":107,"total":143}},"score":2.124905464467772,"debutScore":0.11200821741159168,"peakScore":0.4074779635603355,"duration":2,"genres":[{"instanceSlug":"pop","title":"Pop","parents":[]}],"sources":[],"debutEra":{"slug":1990,"title":1990,"type":"year","decade":1990,"year":1990},"rank":2796}