{"title":"Sending All My Love","instanceSlug":1343,"tags":["my-love","send-love"],"genre":"pop","debut":1990,"playlists":[{"title":"Turn of the Decade","instanceSlug":"td","tags":[],"parents":[]}],"artists":[{"slug":"linear","title":"Linear","type":{"title":"Group (deprecated)","artists":[],"artistCount":0,"score":0,"artistAdjustedAverage":0,"slug":"g"},"roleSlug":true,"death":"","tags":[]}],"scores":[0.11200821741159168,0.2583089452886115,0.3629502216570068,0.40561236147633756,0.4074779635603355,0.4010252787810335,0.38166722444312745,0.3494038005466175,0.3042350070915035,0.2461608440777855,0.17518131150546346,0.09129640937453744],"ascent":[0.11200821741159168,0.2583089452886115,0.3629502216570068,0.40561236147633756,0.4074779635603355],"descent-weeks":7.946608886477515,"messages":[],"ranks":{"artist:linear":{"rank":1,"total":1},"genre:pop":{"rank":1039,"total":1431},"playlist:td":{"rank":698,"total":968},"decade:1990s":{"rank":687,"total":929},"year:1990":{"rank":104,"total":143}},"score":3.495327585213952,"debutScore":0.11200821741159168,"peakScore":0.4074779635603355,"duration":3,"genres":[{"instanceSlug":"pop","title":"Pop","parents":[]}],"sources":[],"debutEra":{"slug":1990,"title":1990,"type":"year","decade":1990,"year":1990},"rank":2508}