{"title":"Drift Away","instanceSlug":1384,"tags":[],"parents":[],"genre":"pop","debut":1971,"playlists":[null,{"title":"Songs by Solo Males","instanceSlug":"m","tags":[],"parents":[]}],"ranks":{"artist:dobie-gray":{"rank":1,"total":1},"genre:pop":{"rank":1013,"total":1430},"playlist:m":{"rank":785,"total":1105},"playlist:remade":{"rank":12,"total":14},"decade:1970s":{"rank":427,"total":550},"year:1971":{"rank":24,"total":32}},"artists":[{"slug":"dobie-gray","title":"Dobie Gray","type":{"title":"Solo Male","artists":[],"artistCount":0,"score":0,"artistAdjustedAverage":0,"slug":"m"},"roleSlug":true,"death":"","tags":[]}],"scores":[0.06200821741159169,0.20830894528861146,0.3129502216570068,0.35561236147633757,0.3574779635603355,0.3446276515977258,0.32891805429767385,0.31523776166182677,0.3,0.2847622383381732,0.25428671501451966,0.20857343002903933,0.14762238338173223,0.07143357507259834,0],"ascent":[0.06200821741159169,0.20830894528861146,0.3129502216570068,0.35561236147633757,0.3574779635603355],"descent-weeks":10.964059491652874,"ascent-weeks":5.439598415309378,"peak":0.3574779635603355,"messages":[],"score":3.9092974823475073,"duration":4,"genres":[{"instanceSlug":"pop","title":"Pop","parents":[]}],"sources":[],"debutEra":{"slug":1971,"title":1971,"type":"year","decade":1970,"year":1971},"rank":2457}