{"title":"Drift Away","instanceSlug":1384,"tags":[],"parents":[],"genre":"pop","debut":1971,"playlists":[null,{"title":"Songs by Solo Males","instanceSlug":"m","tags":[],"parents":[]}],"ranks":{"artist:dobie-gray":{"rank":1,"total":1},"genre:pop":{"rank":1005,"total":1431},"playlist:m":{"rank":760,"total":1095},"playlist:remade":{"rank":8,"total":11},"decade:1970s":{"rank":420,"total":547},"year:1971":{"rank":23,"total":32}},"artists":[{"slug":"dobie-gray","title":"Dobie Gray","type":{"title":"Solo Male","artists":[],"artistCount":0,"score":0,"artistAdjustedAverage":0,"slug":"m"},"roleSlug":true,"death":"","tags":[]}],"scores":[0.06200821741159169,0.20830894528861146,0.3129502216570068,0.35561236147633757,0.3574779635603355,0.35450419949988743,0.34558290731854313,0.3307140870163027,0.3098977385931661,0.2831338620491333,0.2504224573842044,0.21176352459837924,0.16715706369165798,0.11660307466404046,0.06010155751552684],"ascent":[0.06200821741159169,0.20830894528861146,0.3129502216570068,0.35561236147633757,0.3574779635603355],"descent-weeks":10.964059491652874,"messages":[],"score":3.7262381817247245,"debutScore":0.06200821741159169,"peakScore":0.3574779635603355,"duration":4,"genres":[{"instanceSlug":"pop","title":"Pop","parents":[]}],"sources":[],"debutEra":{"slug":1971,"title":1971,"type":"year","decade":1970,"year":1971},"rank":2411}