{"title":"Mentirosa","instanceSlug":1398,"tags":[],"genre":"latin-rap","debut":1990,"playlists":[{"title":"Songs that Sample","instanceSlug":"sample","tags":[],"parents":[]}],"artists":[{"slug":"mellow-man-ace","title":"Mellow Man Ace","roleSlug":true},{"slug":"santana","title":"Santana","roleSlug":"sample"}],"scores":[0.04004160166406656,0.2903225806451613,0.38504155124653744,0.44717800289435594,0.4556040756914119,0.44508670520231214,0.4326647564469914,0.4084507042253521,0.3745704467353952,0.33511348464619495,0.33067198935462405,0.3218770654329148,0.3089005235602094,0.29198966408268734,0.27145581691036236,0.24766063630692453,0.22100122100122102,0.19189511323003577,0.16076610562971563,0.12803158488437677,0.09409190371991247,0.059322033898305086,0.024065540194572452,0],"ranks":{"artist:mellow-man-ace":{"rank":1,"total":1},"artist:santana":{"rank":3,"total":3},"genre:latin-rap":{"rank":3,"total":3},"playlist:sample":{"rank":7,"total":10},"decade:1990s":{"rank":520,"total":893},"year:1990":{"rank":83,"total":139}},"score":6.265803107603642,"debutScore":0.04004160166406656,"peakScore":0.4556040756914119,"duration":6,"genres":[{"instanceSlug":"latin-rap","title":"Latin Rap","parents":["latin","rap"]}],"source":{},"debutEra":{"slug":1990,"title":1990,"type":"year","decade":1990,"year":1990},"rank":1695}