{"title":"Jukebox in My Mind","instanceSlug":1399,"tags":[],"genre":"country","debut":1990,"playlists":[{"title":"Songs by Groups","instanceSlug":"group","tags":[],"parents":[]},{"title":"Turn of the Decade","instanceSlug":"td","tags":[],"parents":[]}],"artists":[{"slug":"alabama","title":"Alabama","type":{"title":"All-Male Group","artists":[],"artistCount":0,"score":0,"artistAdjustedAverage":0,"slug":"mmm"},"roleSlug":true,"death":"","tags":[]}],"scores":[0.06266666666666666,0.39066666666666666,0.5543333333333333,0.5526666666666668,0.5353333333333333,0.5286666666666667,0.5176666666666666,0.5,0.4823333333333334,0.4470000000000002,0.39400000000000035,0.3233333333333339,0.23500000000000087,0.12900000000000122,0.005333333333334966,0],"ascent":[0.06266666666666666,0.39066666666666666,0.5543333333333333],"descent-weeks":14.083583884546016,"ascent-weeks":2.7266987372218883,"peak":0.5543333333333333,"messages":[],"ranks":{"artist:alabama":{"rank":2,"total":6},"genre:country":{"rank":25,"total":92},"playlist:group":{"rank":413,"total":1416},"playlist:td":{"rank":316,"total":969},"decade:1990s":{"rank":302,"total":929},"year:1990":{"rank":48,"total":143}},"score":6.212333333333338,"duration":4,"genres":[{"instanceSlug":"country","title":"Country","parents":[]}],"sources":[],"debutEra":{"slug":1990,"title":1990,"type":"year","decade":1990,"year":1990},"rank":1025}