{"title":"Jukebox in My Mind","instanceSlug":1399,"tags":[],"genre":"country","debut":1990,"playlists":[{"title":"Songs by Groups","instanceSlug":"group","tags":[],"parents":[]},{"title":"Turn of the Decade","instanceSlug":"td","tags":[],"parents":[]}],"artists":[{"slug":"alabama","title":"Alabama","type":{"title":"All-Male Group","artists":[],"artistCount":0,"score":0,"artistAdjustedAverage":0,"slug":"mmm"},"roleSlug":true,"death":"","tags":[]}],"scores":[0.06266666666666666,0.39066666666666666,0.5543333333333333,0.5515385726513157,0.5431542906052628,0.5291804871951745,0.5096171624210509,0.48446431628289216,0.45372194878069805,0.4173900599144687,0.375468649684204,0.327957718089904,0.27485726513156866,0.2161672908091982,0.1518877951227922,0.0820187780723511,0.00656023965787458],"ascent":[0.06266666666666666,0.39066666666666666,0.5543333333333333],"descent-weeks":14.083583884546016,"messages":[],"ranks":{"artist:alabama":{"rank":2,"total":6},"genre:country":{"rank":24,"total":90},"playlist:group":{"rank":408,"total":1417},"playlist:td":{"rank":314,"total":969},"decade:1990s":{"rank":295,"total":929},"year:1990":{"rank":46,"total":143}},"score":5.931651241085422,"debutScore":0.06266666666666666,"peakScore":0.5543333333333333,"duration":4,"genres":[{"instanceSlug":"country","title":"Country","parents":[]}],"sources":[],"debutEra":{"slug":1990,"title":1990,"type":"year","decade":1990,"year":1990},"rank":1008}