{"title":"Jukebox in My Mind","instanceSlug":1399,"tags":["jukebox","mind","my","this-in-that"],"parents":[],"genre":"country","debut":1990,"playlists":[],"ranks":{"artist:alabama":{"rank":3,"total":6},"genre:country":{"rank":34,"total":85},"decade:1990s":{"rank":401,"total":874},"year:1990":{"rank":65,"total":138}},"artists":[{"slug":"alabama","title":"Alabama","roleSlug":true}],"scores":[0.06266666666666666,0.39066666666666666,0.5543333333333333,0.5526666666666668,0.5353333333333333,0.5286666666666667,0.5176666666666666,0.5003333333333333,0.4756666666666667,0.4423333333333333,0.4206666666666667,0.39399999999999996,0.36233333333333334,0.3256666666666667,0.28400000000000003,0.2373333333333333,0.18566666666666667,0.14600000000000002,0.10766666666666667,0.066,0.021,0],"score":7.110666666666666,"debutScore":0.06266666666666666,"peakScore":0.5543333333333333,"duration":6,"genres":[{"instanceSlug":"country","title":"Country","parents":[]}],"source":{},"debutEra":{"slug":1990,"title":1990,"type":"year","decade":1990,"year":1990},"rank":1325}