{"title":"It Takes Two","instanceSlug":1400,"tags":["duet","it","it-takes-two","remake","takes","two"],"parents":[],"genre":"pop","debut":1990,"playlists":[],"ranks":{"artist:rod-stewart":{"rank":12,"total":13},"artist:tina-turner":{"rank":13,"total":14},"genre:pop":{"rank":1000,"total":1405},"decade:1990s":{"rank":657,"total":893},"year:1990":{"rank":101,"total":139}},"artists":[{"slug":"tina-turner","title":"Tina Turner","roleSlug":true},{"slug":"rod-stewart","title":"Rod Stewart","roleSlug":true}],"scores":[0.034304430270643,0.1465698452130709,0.26037180968385676,0.3299346115482655,0.3570055411059595,0.33824021411843425,0.31665569453587894,0.30562506800130573,0.29240710823909527,0.27931769722814503,0.26249342451341406,0.2422360248447206,0.21889283900457085,0.19581464872944698,0.17187500000000006,0.14613180515759308,0.11888111888111884,0.09041344843253064,0.06185293336872845,0.037523776586546785,0.013342340820807298,0.0018367006177992982,0],"score":4.221726080901931,"debutScore":0.034304430270643,"peakScore":0.3570055411059595,"duration":6,"genres":[{"instanceSlug":"pop","title":"Pop","parents":[]}],"source":{},"debutEra":{"slug":1990,"title":1990,"type":"year","decade":1990,"year":1990},"rank":2295}