{"title":"Chasing That Neon Rainbow","instanceSlug":1403,"tags":["chase","neon","rainbow","that"],"parents":[],"genre":"country","debut":1990,"playlists":[],"ranks":{"artist:alan-jackson":{"rank":3,"total":5},"genre:country":{"rank":39,"total":88},"decade:1990s":{"rank":467,"total":895},"year:1990":{"rank":74,"total":139}},"artists":[{"slug":"alan-jackson","title":"Alan Jackson","roleSlug":true}],"scores":[0.08108108108108107,0.21212121212121213,0.4285714285714286,0.5037593984962406,0.5151515151515152,0.5037593984962406,0.4981273408239701,0.48698884758364314,0.4705882352941177,0.44927536231884063,0.42348754448398573,0.3937282229965156,0.36054421768707484,0.32450331125827814,0.2861736334405145,0.2461059190031153,0.20481927710843376,0.16279069767441862,0.12044817927170869,0.07816711590296495,0.036269430051813475,0],"score":6.786461368817113,"debutScore":0.08108108108108107,"peakScore":0.5151515151515152,"duration":6,"genres":[{"instanceSlug":"country","title":"Country","parents":[]}],"source":{},"debutEra":{"slug":1990,"title":1990,"type":"year","decade":1990,"year":1990},"rank":1533}