{"title":"NYPD Blue Theme","instanceSlug":1408,"tags":["new-york","police"],"genres":[{"instanceSlug":"pop","title":"Pop","parents":[]}],"debut":1994,"source":{"title":"NYPD Blue","instanceSlug":"nypd-blue","tags":[],"parents":[],"type":"tv"},"playlists":[{"title":"Instrumentals","instanceSlug":"instrumental","tags":[],"parents":[]},{"title":"TV Show Themes","instanceSlug":"tv-theme","tags":[],"parents":[]}],"artists":[{"slug":"mike-post","title":"Mike Post","roleSlug":true}],"scores":[0.077,0.3336666666666667,0.49933333333333335,0.5636666666666666,0.5680000000000001,0.533,0.5183333333333333,0.5099999999999999,0.49666666666666665,0.47833333333333333,0.4549999999999999,0.4266666666666667,0.39333333333333337,0.355,0.3116666666666667,0.26333333333333336,0.21,0.15166666666666667,0.10033333333333333,0.06433333333333334,0.041,0.016,0],"ranks":{"artist:mike-post":{"rank":2,"total":5},"genre:pop":{"rank":617,"total":1405},"playlist:instrumental":{"rank":2,"total":9},"playlist:tv-theme":{"rank":3,"total":8},"source:nypd-blue":{"rank":1,"total":1},"decade:1990s":{"rank":404,"total":895},"year:1994":{"rank":28,"total":74}},"score":7.366333333333333,"debutScore":0.077,"peakScore":0.5680000000000001,"duration":6,"debutEra":{"slug":1994,"title":1994,"type":"year","decade":1990,"year":1994},"rank":1323}