{"title":"I Heard It Through the Grapevine","instanceSlug":1452,"tags":[],"parents":[],"genre":"soul","debut":1968,"playlists":[],"ranks":{"artist:marvin-gaye":{"rank":1,"total":9},"genre:soul":{"rank":96,"total":223},"decade:1960s":{"rank":19,"total":64},"year:1968":{"rank":4,"total":11}},"artists":[{"slug":"marvin-gaye","title":"Marvin Gaye","roleSlug":true}],"scores":[0.1734,0.40800000000000003,0.5586,0.5630000000000001,0.5508,0.5408,0.5298,0.5138,0.4928,0.4668,0.4358000000000001,0.3998,0.35879999999999995,0.3128,0.2618,0.2116,0.17359999999999998,0.1346,0.0926,0.0492,0.03,0.014000000000000002,0],"score":7.2724,"debutScore":0.1734,"peakScore":0.5630000000000001,"duration":6,"genres":[{"instanceSlug":"soul","title":"Soul","parents":["urban"]}],"source":{},"debutEra":{"slug":1968,"title":1968,"type":"year","decade":1960,"year":1968},"rank":1238}