{"title":"I Can't Drive 55","instanceSlug":1498,"tags":["can't","drive","i","numbers"],"parents":[],"genre":"rock","debut":1984,"playlists":[],"ranks":{"artist:sammy-hagar":{"rank":2,"total":9},"genre:rock":{"rank":147,"total":633},"decade:1980s":{"rank":453,"total":1538},"year:1984":{"rank":46,"total":146}},"artists":[{"slug":"sammy-hagar","title":"Sammy Hagar","roleSlug":true}],"scores":[0.16475000000000004,0.3605,0.48075,0.58875,0.6095,0.58425,0.56125,0.5549999999999999,0.5437500000000001,0.5275,0.50625,0.48,0.44875,0.4125000000000001,0.37125,0.325,0.27375,0.2175,0.1685,0.131,0.09475,0.056,0.035,0.01375,0],"score":8.509999999999998,"debutScore":0.16475000000000004,"peakScore":0.6095,"duration":7,"genres":[{"instanceSlug":"rock","title":"Rock","parents":[]}],"source":{},"debutEra":{"slug":1984,"title":1984,"type":"year","decade":1980,"year":1984},"rank":986}