{"title":"I Can't Drive 55","instanceSlug":1498,"tags":["can't","drive","i","numbers"],"parents":[],"genre":"rock","debut":1984,"playlists":[{"title":"Songs by Solo Males","instanceSlug":"m","tags":[],"parents":[]}],"ranks":{"artist:sammy-hagar":{"rank":3,"total":9},"genre:rock":{"rank":225,"total":671},"playlist:m":{"rank":459,"total":1095},"decade:1980s":{"rank":628,"total":1588},"year:1984":{"rank":65,"total":151}},"artists":[{"slug":"sammy-hagar","title":"Sammy Hagar","type":{"title":"Solo Male","artists":[],"artistCount":0,"score":0,"artistAdjustedAverage":0,"slug":"m"},"roleSlug":true,"death":"","tags":[]}],"scores":[0.164751,0.361,0.481,0.58875,0.61,0.6004945763023748,0.5719783052094994,0.5244511867213737,0.4579132208379978,0.3723644075593715,0.26780474688549505,0.1442342388163683,0.0016528833519912356],"ascent":[0.164751,0.361,0.481,0.58875,0.61],"descent-weeks":8.010860655737714,"messages":[],"score":5.1463945656844725,"debutScore":0.164751,"peakScore":0.61,"duration":3,"genres":[{"instanceSlug":"rock","title":"Rock","parents":[]}],"sources":[],"debutEra":{"slug":1984,"title":1984,"type":"year","decade":1980,"year":1984},"rank":1376}