{"title":"Right Here Waiting","instanceSlug":1523,"tags":["here","right","wait","waiting"],"parents":[],"genre":"pop","debut":1989,"playlists":[{"title":"Songs by Solo Males","instanceSlug":"m","tags":[],"parents":[]},{"title":"Turn of the Decade","instanceSlug":"td","tags":[],"parents":[]}],"ranks":{"artist:richard-marx":{"rank":4,"total":10},"genre:pop":{"rank":996,"total":1430},"playlist:m":{"rank":770,"total":1105},"playlist:td":{"rank":658,"total":969},"decade:1980s":{"rank":1057,"total":1588},"year:1989":{"rank":111,"total":159}},"artists":[{"slug":"richard-marx","title":"Richard Marx","type":{"title":"Solo Male","artists":[],"artistCount":0,"score":0,"artistAdjustedAverage":0,"slug":"m"},"roleSlug":true,"death":"","tags":["1980s","1990s"]}],"scores":[0.03966666666666666,0.19099999999999998,0.31966666666666665,0.36433333333333334,0.365,0.3333333333333333,0.2993333333333333,0.27599999999999997,0.26599999999999996,0.25099999999999995,0.231,0.206,0.17600000000000002,0.141,0.10099999999999999,0.056,0.02033333333333333,0],"ascent":[0.03966666666666666,0.19099999999999998,0.31966666666666665,0.36433333333333334,0.365],"descent-weeks":11.186301369863013,"ascent-weeks":5.258904109589042,"peak":0.365,"messages":[],"score":4.001666666666667,"duration":4,"genres":[{"instanceSlug":"pop","title":"Pop","parents":[]}],"sources":[],"debutEra":{"slug":1989,"title":1989,"type":"year","decade":1980,"year":1989},"rank":2406}