{"title":"Right Here Waiting","instanceSlug":1523,"tags":["here","right","wait","waiting"],"parents":[],"genre":"pop","debut":1989,"playlists":[],"ranks":{"artist:richard-marx":{"rank":6,"total":10},"genre:pop":{"rank":1052,"total":1407},"decade:1980s":{"rank":1136,"total":1530},"year:1989":{"rank":115,"total":151}},"artists":[{"slug":"richard-marx","title":"Richard Marx","roleSlug":true}],"scores":[0.03966666666666666,0.19099999999999998,0.31966666666666665,0.36433333333333334,0.365,0.3333333333333333,0.2993333333333333,0.27599999999999997,0.26599999999999996,0.25099999999999995,0.231,0.206,0.17600000000000002,0.141,0.10099999999999999,0.056,0.02033333333333333,0],"score":3.6366666666666663,"debutScore":0.03966666666666666,"peakScore":0.365,"duration":5,"genres":[{"instanceSlug":"pop","title":"Pop","parents":[]}],"source":{},"debutEra":{"slug":1989,"title":1989,"type":"year","decade":1980,"year":1989},"rank":2410}