{"title":"Sledgehammer","instanceSlug":154,"tags":[],"genres":[{"instanceSlug":"pop","title":"Pop","parents":[]}],"debut":1986,"artists":[{"slug":"peter-gabriel","title":"Peter Gabriel","type":{"title":"Solo Male","artists":[],"artistCount":0,"score":0,"artistAdjustedAverage":0,"slug":"m"},"roleSlug":true,"death":"","tags":["1980s","hof"]}],"scores":[0.145,0.521,0.563,0.592,0.602,0.612,0.602,0.5899599999999999,0.5658799999999999,0.5297599999999999,0.4815999999999999,0.4213999999999999,0.3491599999999999,0.2648799999999999,0.1685599999999999,0.06019999999999992,0],"ascent":[0.145,0.521,0.563,0.592,0.602,0.612],"descent-weeks":11.38578431372549,"ascent-weeks":7.438725490196079,"peak":0.612,"messages":[],"ranks":{"artist:peter-gabriel":{"rank":2,"total":5},"genre:pop":{"rank":221,"total":1430},"playlist:hof":{"rank":116,"total":902},"playlist:m":{"rank":140,"total":1105},"decade:1980s":{"rank":221,"total":1588},"year:1986":{"rank":25,"total":165}},"score":7.6804,"duration":5,"playlists":[{"title":"Rock & Roll Hall of Fame","gloss":"Songs by members of the Rock and Roll Hall of Fame.","instanceSlug":"hof"},{"title":"Songs by Solo Males","instanceSlug":"m","tags":[],"parents":[]}],"sources":[],"debutEra":{"slug":1986,"title":1986,"type":"year","decade":1980,"year":1986},"rank":446}