{"title":"Sledgehammer","instanceSlug":154,"tags":[],"genres":[{"instanceSlug":"pop","title":"Pop","parents":[]}],"debut":1986,"artists":[{"slug":"peter-gabriel","title":"Peter Gabriel","type":{"title":"Solo Male","artists":[],"artistCount":0,"score":0,"artistAdjustedAverage":0,"slug":"m"},"roleSlug":true,"death":"","tags":["1980s","hof"]}],"scores":[0.145,0.521,0.563,0.592,0.602,0.612,0.6072790922168781,0.5931163688675124,0.5695118299519029,0.5364654754700495,0.4939773054219525,0.4420473198076115,0.38067551862702687,0.30986190188019835,0.2296064695671261,0.13990922168781,0.04077015824225011],"ascent":[0.145,0.521,0.563,0.592,0.602,0.612],"descent-weeks":11.38578431372549,"messages":[],"ranks":{"artist:peter-gabriel":{"rank":2,"total":5},"genre:pop":{"rank":216,"total":1431},"playlist:hof":{"rank":118,"total":893},"playlist:m":{"rank":141,"total":1095},"decade:1980s":{"rank":214,"total":1588},"year:1986":{"rank":25,"total":165}},"score":7.378220661740318,"debutScore":0.145,"peakScore":0.612,"duration":4,"playlists":[{"title":"Rock & Roll Hall of Fame","gloss":"Songs by members of the Rock and Roll Hall of Fame.","instanceSlug":"hof"},{"title":"Songs by Solo Males","instanceSlug":"m","tags":[],"parents":[]}],"sources":[],"debutEra":{"slug":1986,"title":1986,"type":"year","decade":1980,"year":1986},"rank":432}