{"title":"Sharing the Night Together","instanceSlug":1547,"tags":[],"genre":"pop","debut":1979,"playlists":[],"artists":[{"slug":"dr-hook","title":"Dr. Hook","roleSlug":true,"death":"","tags":[]}],"scores":[0.1,0.21,0.312951,0.35561236147633757,0.357477963561,0.3446276515977258,0.3289181,0.31523776166182677,0.31,0.305,0.294,0.279,0.258,0.231,0.2,0.163,0.121,0.074,0.022,0],"messages":[],"ranks":{"artist:dr-hook":{"rank":2,"total":4},"genre:pop":{"rank":710,"total":1424},"decade:1970s":{"rank":283,"total":537},"year:1979":{"rank":49,"total":86}},"score":4.581824838296891,"debutScore":0.1,"peakScore":0.357477963561,"duration":5,"genres":[{"instanceSlug":"pop","title":"Pop","parents":[]}],"sources":[],"debutEra":{"slug":1979,"title":1979,"type":"year","decade":1970,"year":1979},"rank":1641}