{"title":"Sharing the Night Together","instanceSlug":1547,"tags":[],"genre":"pop","debut":1979,"playlists":[],"artists":[{"slug":"dr-hook","title":"Dr. Hook","roleSlug":true,"death":"","tags":[]}],"scores":[0.1,0.21,0.312951,0.35561236147633757,0.357477963561,0.3446276515977258,0.3289181,0.31523776166182677,0.31,0.304,0.291,0.273,0.248,0.217,0.18,0.136,0.087,0.031,0],"messages":[],"ranks":{"artist:dr-hook":{"rank":3,"total":4},"genre:pop":{"rank":742,"total":1431},"decade:1970s":{"rank":299,"total":546},"year:1979":{"rank":53,"total":87}},"score":4.40182483829689,"debutScore":0.1,"peakScore":0.357477963561,"duration":5,"genres":[{"instanceSlug":"pop","title":"Pop","parents":[]}],"sources":[],"debutEra":{"slug":1979,"title":1979,"type":"year","decade":1970,"year":1979},"rank":1847}