{"title":"Sharing the Night Together","instanceSlug":1547,"tags":[],"genre":"pop","debut":1979,"playlists":[],"artists":[{"slug":"dr-hook","title":"Dr. Hook","roleSlug":true,"death":"","tags":[]}],"scores":[0.1,0.21,0.312951,0.35561236147633757,0.357477963561,0.3446276515977258,0.3289181,0.31523776166182677,0.31,0.295,0.263,0.217,0.155,0.077,0],"messages":[],"ranks":{"artist:dr-hook":{"rank":4,"total":4},"genre:pop":{"rank":928,"total":1427},"decade:1970s":{"rank":382,"total":539},"year:1979":{"rank":61,"total":86}},"score":3.64182483829689,"debutScore":0.1,"peakScore":0.357477963561,"duration":4,"genres":[{"instanceSlug":"pop","title":"Pop","parents":[]}],"sources":[],"debutEra":{"slug":1979,"title":1979,"type":"year","decade":1970,"year":1979},"rank":2096}