{"title":"Sharing the Night Together","instanceSlug":1547,"tags":[],"genre":"pop","debut":1979,"playlists":[],"artists":[{"slug":"dr-hook","title":"Dr. Hook","roleSlug":true,"death":"","tags":[]}],"scores":[0.1,0.21,0.312951,0.35561236147633757,0.357477963561,0.3446276515977258,0.3289181,0.31523776166182677,0.31,0.3038,0.2914,0.2728,0.248,0.217,0.17980000000000002,0.13640000000000002,0.08680000000000003,0.03100000000000004,0],"ascent":[0.1,0.21,0.312951,0.35561236147633757,0.357477963561],"descent-weeks":14.364220283901819,"ascent-weeks":5.606113360366711,"peak":0.357477963561,"messages":[],"ranks":{"artist:dr-hook":{"rank":3,"total":4},"genre:pop":{"rank":804,"total":1430},"decade:1970s":{"rank":333,"total":550},"year:1979":{"rank":54,"total":88}},"score":4.759302801857891,"duration":5,"genres":[{"instanceSlug":"pop","title":"Pop","parents":[]}],"sources":[],"debutEra":{"slug":1979,"title":1979,"type":"year","decade":1970,"year":1979},"rank":1891}