{"title":"He's the Greatest Dancer","instanceSlug":1548,"tags":["dancer","greatest","he's"],"parents":[],"genre":"disco","debut":1979,"playlists":[],"ranks":{"artist:sister-sledge":{"rank":1,"total":2},"genre:disco":{"rank":8,"total":43},"decade:1970s":{"rank":56,"total":550},"year:1979":{"rank":13,"total":88}},"artists":[{"slug":"sister-sledge","title":"Sister Sledge","roleSlug":true,"death":"","tags":[]}],"scores":[0.1411,0.361,0.5131,0.61,0.5949,0.5884,0.5744,0.5571,0.53851,0.51515,0.49178999999999995,0.44506999999999985,0.3749899999999997,0.2815499999999995,0.16474999999999929,0.024589999999999,0],"ascent":[0.1411,0.361,0.5131,0.61],"descent-weeks":14.166885245901629,"ascent-weeks":3.996393442622951,"peak":0.61,"messages":[],"score":7.386399999999994,"duration":5,"genres":[{"instanceSlug":"disco","title":"Disco","parents":["dance"]}],"sources":[],"debutEra":{"slug":1979,"title":1979,"type":"year","decade":1970,"year":1979},"rank":531}