{"title":"He's the Greatest Dancer","instanceSlug":1548,"tags":["dancer","greatest","he's"],"parents":[],"genre":"disco","debut":1979,"playlists":[],"ranks":{"artist:sister-sledge":{"rank":1,"total":2},"genre:disco":{"rank":8,"total":43},"decade:1970s":{"rank":57,"total":548},"year:1979":{"rank":13,"total":88}},"artists":[{"slug":"sister-sledge","title":"Sister Sledge","roleSlug":true,"death":"","tags":[]}],"scores":[0.1411,0.361,0.5131,0.61,0.6069606474230278,0.5978425896921112,0.5826458268072502,0.5613703587684448,0.534016185575695,0.5005833072290008,0.46107172372836225,0.41548143507377927,0.36381244126525186,0.30606474230278014,0.24223833818636395,0.1723332289160033,0.09634941449169844,0.014286894913448945],"ascent":[0.1411,0.361,0.5131,0.61],"descent-weeks":14.166885245901629,"messages":[],"score":7.080257134373219,"debutScore":0.1411,"peakScore":0.61,"duration":4,"genres":[{"instanceSlug":"disco","title":"Disco","parents":["dance"]}],"sources":[],"debutEra":{"slug":1979,"title":1979,"type":"year","decade":1970,"year":1979},"rank":517}