{"title":"He's the Greatest Dancer","instanceSlug":1548,"tags":["dancer","greatest","he's"],"parents":[],"genre":"disco","debut":1979,"playlists":[],"ranks":{"artist:sister-sledge":{"rank":1,"total":2},"genre:disco":{"rank":2,"total":43},"decade:1970s":{"rank":72,"total":546},"year:1979":{"rank":9,"total":87}},"artists":[{"slug":"sister-sledge","title":"Sister Sledge","roleSlug":true,"death":"","tags":[]}],"scores":[0.1411,0.361,0.5131,0.61,0.6036265146042737,0.5845060584170951,0.5526386314384641,0.5080242336683807,0.4506628651068448,0.3805545257538565,0.2976992156094158,0.20209693467352272,0.09374768294617716],"ascent":[0.1411,0.361,0.5131,0.61],"descent-weeks":9.783098360655739,"messages":[],"score":5.298756662218031,"debutScore":0.1411,"peakScore":0.61,"duration":4,"genres":[{"instanceSlug":"disco","title":"Disco","parents":["dance"]}],"sources":[],"debutEra":{"slug":1979,"title":1979,"type":"year","decade":1970,"year":1979},"rank":369}