{"title":"Lotta Love","instanceSlug":1553,"tags":[],"parents":[],"genre":"pop","debut":1979,"playlists":[{"title":"Songs by Solo Females","instanceSlug":"f","tags":[],"parents":[]}],"ranks":{"artist:nicolette-larson":{"rank":1,"total":1},"genre:pop":{"rank":461,"total":1431},"playlist:f":{"rank":206,"total":594},"decade:1970s":{"rank":187,"total":546},"year:1979":{"rank":37,"total":87}},"artists":[{"slug":"nicolette-larson","title":"Nicolette Larson","type":{"title":"Solo Female","artists":[],"artistCount":0,"score":0,"artistAdjustedAverage":0,"slug":"f"},"roleSlug":true,"death":"","tags":[]}],"scores":[0.1,0.21,0.312951,0.35561236147633757,0.357477963561,0.35462307438942736,0.3460584068747094,0.3317839610168462,0.31179973681583767,0.2861057342716839,0.25470195338438484,0.21758839415394046,0.17476505658035088,0.12623194066361587,0.07198904640373573,0.012036373800710199],"ascent":[0.1,0.21,0.312951,0.35561236147633757,0.357477963561],"descent-weeks":11.18999805242048,"messages":[],"score":3.82372500339258,"debutScore":0.1,"peakScore":0.357477963561,"duration":4,"genres":[{"instanceSlug":"pop","title":"Pop","parents":[]}],"sources":[],"debutEra":{"slug":1979,"title":1979,"type":"year","decade":1970,"year":1979},"rank":1136}