{"title":"I Was Made for Dancing","instanceSlug":1558,"tags":["dance","dancing","i","made"],"parents":[],"genre":"pop","debut":1979,"playlists":[{"title":"Songs by Solo Males","instanceSlug":"m","tags":[],"parents":[]}],"ranks":{"artist:leif-garrett":{"rank":1,"total":1},"genre:pop":{"rank":857,"total":1431},"playlist:m":{"rank":656,"total":1095},"decade:1970s":{"rank":361,"total":548},"year:1979":{"rank":64,"total":88}},"artists":[{"slug":"leif-garrett","title":"Leif Garrett","type":{"title":"Solo Male","artists":[],"artistCount":0,"score":0,"artistAdjustedAverage":0,"slug":"m"},"roleSlug":true,"death":"","tags":[]}],"scores":[0.1,0.21,0.312951,0.35561236147633757,0.357477963561,0.3554898496959574,0.34952550810082983,0.3395849387756172,0.32566814172031944,0.30777511693493664,0.2859058644194687,0.26006038417391575,0.23023867619827773,0.19644074049255467,0.1586665770567465,0.11691618589085323,0.07118956699487493,0.0214867203688116],"ascent":[0.1,0.21,0.312951,0.35561236147633757,0.357477963561],"descent-weeks":13.409235266172923,"messages":[],"score":4.3549895958605,"debutScore":0.1,"peakScore":0.357477963561,"duration":5,"genres":[{"instanceSlug":"pop","title":"Pop","parents":[]}],"sources":[],"debutEra":{"slug":1979,"title":1979,"type":"year","decade":1970,"year":1979},"rank":2060}