{"title":"When You're In Love With a Beautiful Woman","instanceSlug":1559,"tags":[],"genre":"pop","debut":1979,"playlists":[],"artists":[{"slug":"dr-hook","title":"Dr. Hook","roleSlug":true,"death":"","tags":[]}],"scores":[0.21,0.412951,0.5556123614763375,0.557477963561,0.494079904891374,0.303885728882496],"ascent":[0.21,0.412951,0.5556123614763375,0.557477963561],"descent-weeks":2.965349401045183,"messages":[],"ranks":{"artist:dr-hook":{"rank":4,"total":4},"genre:pop":{"rank":1017,"total":1431},"decade:1970s":{"rank":403,"total":546},"year:1979":{"rank":67,"total":87}},"score":2.5340069588112075,"debutScore":0.21,"peakScore":0.557477963561,"duration":2,"genres":[{"instanceSlug":"pop","title":"Pop","parents":[]}],"sources":[],"debutEra":{"slug":1979,"title":1979,"type":"year","decade":1970,"year":1979},"rank":2455}