{"title":"When You're In Love With a Beautiful Woman","instanceSlug":1559,"tags":[],"genre":"pop","debut":1979,"playlists":[],"artists":[{"slug":"dr-hook","title":"Dr. Hook","roleSlug":true,"death":"","tags":[]}],"scores":[0.21,0.412951,0.5556123614763375,0.557477963561,0.5446,0.531722036439,0.5059661093169999,0.4673322186339999,0.4158203643899998,0.3514305465849997,0.2741627652189996,0.1840170202919995,0.08099331180399938,0],"ascent":[0.21,0.412951,0.5556123614763375,0.557477963561],"descent-weeks":10.53007273482867,"ascent-weeks":4.6711478439830145,"peak":0.557477963561,"messages":[],"ranks":{"artist:dr-hook":{"rank":1,"total":4},"genre:pop":{"rank":574,"total":1430},"decade:1970s":{"rank":194,"total":550},"year:1979":{"rank":32,"total":88}},"score":5.649563661278336,"duration":4,"genres":[{"instanceSlug":"pop","title":"Pop","parents":[]}],"sources":[],"debutEra":{"slug":1979,"title":1979,"type":"year","decade":1970,"year":1979},"rank":1280}