{"title":"Venus","instanceSlug":159,"tags":["1970s","mythology","remade"],"parents":[],"ranks":{"artist:shocking-blue":{"rank":1,"total":1},"playlist:group":{"rank":1200,"total":1410}},"artists":[{"slug":"shocking-blue","title":"Shocking Blue","type":{"title":"All-Male Group","artists":[],"artistCount":0,"score":0,"artistAdjustedAverage":0,"slug":"mmm"},"roleSlug":true,"death":"","tags":[]}],"scores":[0.06200821741159169,0.20830894528861146,0.3129502216570068,0.35561236147633757,0.3574779635603355,0.31629093936603403,0.19272986678312956],"ascent":[0.06200821741159169,0.20830894528861146,0.3129502216570068,0.35561236147633757,0.3574779635603355],"descent-weeks":2.9460792834558562,"messages":[],"score":1.8053785155430468,"debutScore":0.06200821741159169,"peakScore":0.3574779635603355,"duration":2,"playlists":[{"title":"Songs by Groups","instanceSlug":"group","tags":[],"parents":[]}],"genres":[],"sources":[],"rank":2982}