{"title":"Heat of the Moment","instanceSlug":16,"tags":[],"genres":[{"instanceSlug":"rock","title":"Rock","parents":[]}],"debut":1982,"artists":[{"slug":"asia","title":"Asia","type":{"title":"All-Male Group","artists":[],"artistCount":0,"score":0,"artistAdjustedAverage":0,"slug":"mmm"},"roleSlug":true,"death":"","tags":[]}],"scores":[0.038,0.213,0.391,0.41,0.4,0.39000000000000007,0.37000000000000016,0.3400000000000003,0.3000000000000005,0.2500000000000007,0.190000000000001,0.12000000000000133,0.0400000000000017,0],"ascent":[0.038,0.213,0.391,0.41],"descent-weeks":2.2057357723577318,"ascent-weeks":3.8487804878048784,"peak":0.41,"messages":[],"ranks":{"artist:asia":{"rank":1,"total":2},"genre:rock":{"rank":458,"total":674},"playlist:group":{"rank":1030,"total":1417},"decade:1980s":{"rank":1178,"total":1592},"year:1982":{"rank":114,"total":150}},"unscored":false,"score":1.6549011111111134,"duration":2,"playlists":[{"title":"Songs by Groups","instanceSlug":"group","tags":[],"parents":[]}],"sources":[],"debutEra":{"slug":1982,"title":1982,"type":"year","decade":1980,"year":1982},"rank":2638}