{"title":"Everything She Wants","instanceSlug":1644,"tags":[],"parents":[],"genre":"pop","debut":1985,"playlists":[],"ranks":{"artist:wham":{"rank":2,"total":4},"genre:pop":{"rank":374,"total":1382},"decade:1980s":{"rank":357,"total":1496},"year:1985":{"rank":30,"total":164}},"artists":[{"slug":"wham","title":"Wham","roleSlug":true}],"scores":[0.10433333333333333,0.38366666666666666,0.5406666666666666,0.642,0.673,0.6373333333333333,0.5996666666666667,0.5573333333333333,0.535,0.5216666666666666,0.5033333333333333,0.48,0.45166666666666666,0.4183333333333333,0.37999999999999995,0.33666666666666667,0.28833333333333333,0.23500000000000001,0.17800000000000002,0.13966666666666666,0.09799999999999999,0.07066666666666667,0.04566666666666667,0.019,0],"score":8.839,"debutScore":0.10433333333333333,"peakScore":0.673,"duration":7,"genres":[{"instanceSlug":"pop","title":"Pop","parents":[]}],"source":{},"debutEra":{"slug":1985,"title":1985,"type":"year","decade":1980,"year":1985},"rank":779}