{"title":"Every Time You Go Away","instanceSlug":1645,"tags":[],"parents":[],"genre":"pop","debut":1985,"playlists":[],"ranks":{"artist:paul-young":{"rank":1,"total":4},"genre:pop":{"rank":1157,"total":1407},"decade:1980s":{"rank":1270,"total":1531},"year:1985":{"rank":125,"total":167}},"artists":[{"slug":"paul-young","title":"Paul Young","roleSlug":true}],"scores":[0.0505,0.21050000000000002,0.31799999999999995,0.3345,0.275,0.22099999999999997,0.168,0.16,0.15,0.1375,0.1225,0.105,0.085,0.0625,0.0375,0.01,0],"score":2.4475,"debutScore":0.0505,"peakScore":0.3345,"duration":5,"genres":[{"instanceSlug":"pop","title":"Pop","parents":[]}],"source":{},"debutEra":{"slug":1985,"title":1985,"type":"year","decade":1980,"year":1985},"rank":2670}