{"title":"Nothing's Broken But My Heart","instanceSlug":1654,"tags":[],"parents":[],"genre":"pop","debut":1992,"playlists":[{"title":"Ballads","instanceSlug":"ballad","tags":[],"parents":[]}],"ranks":{"artist:celine-dion":{"rank":5,"total":9},"genre:pop":{"rank":885,"total":1386},"playlist:ballad":{"rank":86,"total":130},"decade:1990s":{"rank":564,"total":870},"year:1992":{"rank":93,"total":139}},"artists":[{"slug":"celine-dion","title":"Celine Dion","roleSlug":true}],"scores":[0.06266666666666666,0.17866666666666667,0.29233333333333333,0.32799999999999996,0.35566666666666663,0.36133333333333334,0.35766666666666674,0.3363333333333334,0.301,0.2773333333333333,0.272,0.26366666666666666,0.252,0.23700000000000002,0.21866666666666665,0.19699999999999998,0.17200000000000001,0.14366666666666666,0.11199999999999999,0.077,0.03866666666666666,0],"score":4.834666666666666,"debutScore":0.06266666666666666,"peakScore":0.36133333333333334,"duration":6,"genres":[{"instanceSlug":"pop","title":"Pop","parents":[]}],"source":{},"debutEra":{"slug":1992,"title":1992,"type":"year","decade":1990,"year":1992},"rank":1963}