{"title":"I'm the One You Need","instanceSlug":1655,"tags":[],"parents":[],"genre":"pop","debut":1992,"playlists":[{"title":"Songs by Solo Females","instanceSlug":"f","tags":[],"parents":[]},{"title":"Turn of the Decade","instanceSlug":"td","tags":[],"parents":[]}],"ranks":{"artist:jody-watley":{"rank":1,"total":7},"genre:pop":{"rank":622,"total":1431},"playlist:f":{"rank":272,"total":595},"playlist:td":{"rank":415,"total":968},"decade:1990s":{"rank":407,"total":929},"year:1992":{"rank":62,"total":142}},"artists":[{"slug":"jody-watley","title":"Jody Watley","type":{"title":"Solo Female","artists":[],"artistCount":0,"score":0,"artistAdjustedAverage":0,"slug":"f"},"roleSlug":true,"death":"","tags":[]}],"scores":[0.13241,0.3218,0.4234,0.4984,0.4947540390162457,0.4838161560649827,0.46558635114621105,0.44006462425993065,0.40725097540614164,0.36714540458484396,0.31974791179603756,0.26505849703972256,0.2030771603158988,0.13380390162456654,0.05723872096572549],"ascent":[0.13241,0.3218,0.4234,0.4984],"descent-weeks":11.691843900481546,"messages":[],"score":5.0135537422203065,"debutScore":0.13241,"peakScore":0.4984,"duration":4,"genres":[{"instanceSlug":"pop","title":"Pop","parents":[]}],"sources":[],"debutEra":{"slug":1992,"title":1992,"type":"year","decade":1990,"year":1992},"rank":1428}