{"title":"I'm the One You Need","instanceSlug":1655,"tags":[],"parents":[],"genre":"pop","debut":1992,"playlists":[],"ranks":{"artist:jody-watley":{"rank":3,"total":7},"genre:pop":{"rank":780,"total":1405},"decade:1990s":{"rank":528,"total":895},"year:1992":{"rank":80,"total":141}},"artists":[{"slug":"jody-watley","title":"Jody Watley","roleSlug":true}],"scores":[0.13240000000000002,0.3218,0.4234,0.4984,0.4892,0.48460000000000003,0.46959999999999996,0.4486,0.43260000000000004,0.4116000000000001,0.3856,0.3546,0.3186,0.27759999999999996,0.23159999999999997,0.1806,0.1326,0.0876,0.0526,0.026600000000000002,0.0002,0],"score":6.1604,"debutScore":0.13240000000000002,"peakScore":0.4984,"duration":6,"genres":[{"instanceSlug":"pop","title":"Pop","parents":[]}],"source":{},"debutEra":{"slug":1992,"title":1992,"type":"year","decade":1990,"year":1992},"rank":1718}