{"title":"Heartbreak Beat","instanceSlug":1660,"tags":[],"parents":[],"genre":"pop","debut":1987,"playlists":[{"title":"Songs by Groups","instanceSlug":"group","tags":[],"parents":[]},{"title":"Turn of the Decade","instanceSlug":"td","tags":[],"parents":[]}],"ranks":{"artist:psychedelic-furs":{"rank":1,"total":2},"genre:pop":{"rank":176,"total":1431},"playlist:group":{"rank":147,"total":1416},"playlist:td":{"rank":138,"total":968},"decade:1980s":{"rank":175,"total":1588},"year:1987":{"rank":34,"total":194}},"artists":[{"slug":"psychedelic-furs","title":"Psychedelic Furs","type":{"title":"All-Male Group","artists":[],"artistCount":0,"score":0,"artistAdjustedAverage":0,"slug":"mmm"},"roleSlug":true,"death":"","tags":[]}],"scores":[0.129,0.302,0.437,0.592,0.65,0.6464980576612624,0.6359922306450496,0.6184825189513616,0.5939689225801986,0.5624514415315602,0.5239300758054467,0.478404825401858,0.42587569032079414,0.366342670562255,0.2998057661262407,0.22626497701275133,0.14572030322178667,0.058171744753346875],"ascent":[0.129,0.302,0.437,0.592,0.65],"descent-weeks":13.62392307692308,"messages":[],"score":7.6919092245739105,"debutScore":0.129,"peakScore":0.65,"duration":5,"genres":[{"instanceSlug":"pop","title":"Pop","parents":[]}],"sources":[],"debutEra":{"slug":1987,"title":1987,"type":"year","decade":1980,"year":1987},"rank":356}