{"title":"Shake Your Groove Thing","instanceSlug":1668,"tags":[],"parents":[],"genre":"soul","debut":1979,"playlists":[{"title":"Songs by Duos","instanceSlug":"duo","tags":[],"parents":[]}],"ranks":{"artist:peaches-herb":{"rank":1,"total":2},"genre:soul":{"rank":147,"total":241},"playlist:duo":{"rank":52,"total":90},"decade:1970s":{"rank":311,"total":548},"year:1979":{"rank":55,"total":88}},"artists":[{"slug":"peaches-herb","title":"Peaches & Herb","type":{"title":"Mixed Duo, Female Lead","artists":[],"artistCount":0,"score":0,"artistAdjustedAverage":0,"slug":"fm"},"roleSlug":true,"death":"","tags":[]}],"scores":[0.1,0.21,0.312951,0.35561236147633757,0.357477963561,0.3557454160143011,0.3505477733742044,0.34188503564070993,0.32975720281381765,0.31416427489352755,0.2951062518798397,0.272583133772754,0.2465949205722706,0.21714161227838932,0.18422320889111027,0.14783971041043345,0.10799111683635884,0.06467742816888644,0.017898644408016227],"ascent":[0.1,0.21,0.312951,0.35561236147633757,0.357477963561],"descent-weeks":14.364220283901819,"messages":[],"score":4.582197054991957,"debutScore":0.1,"peakScore":0.357477963561,"duration":5,"genres":[{"instanceSlug":"soul","title":"Soul","parents":["urban"]}],"sources":[],"debutEra":{"slug":1979,"title":1979,"type":"year","decade":1970,"year":1979},"rank":1841}