{"title":"With You I'm Born Again","instanceSlug":1676,"tags":[],"parents":[],"genre":"pop","debut":1980,"playlists":[{"title":"Ballads","instanceSlug":"ballad","tags":[],"parents":[]}],"ranks":{"artist:billy-preston-sarita-williams":{"rank":1,"total":1},"genre:pop":{"rank":868,"total":1431},"playlist:ballad":{"rank":102,"total":148},"decade:1980s":{"rank":940,"total":1579},"year:1980":{"rank":66,"total":112}},"artists":[{"slug":"billy-preston-sarita-williams"}],"scores":[0.1,0.21,0.312951,0.35561236147633757,0.357477963561,0.3500766721121608,0.32787279776564343,0.29086634052144766,0.23905730037957362,0.1724456773400213,0.09103147140279066],"ascent":[0.1,0.21,0.312951,0.35561236147633757,0.357477963561],"descent-weeks":6.949777240763801,"messages":[],"score":2.807391584558975,"debutScore":0.1,"peakScore":0.357477963561,"duration":3,"genres":[{"instanceSlug":"pop","title":"Pop","parents":[]}],"sources":[],"debutEra":{"slug":1980,"title":1980,"type":"year","decade":1980,"year":1980},"rank":2077}