{"title":"Good Times","instanceSlug":1677,"tags":[],"parents":[],"genre":"disco","debut":1979,"playlists":[],"ranks":{"artist:chic":{"rank":1,"total":4},"genre:disco":{"rank":30,"total":41},"decade:1970s":{"rank":334,"total":515},"year:1979":{"rank":50,"total":85}},"artists":[{"slug":"chic","title":"Chic","roleSlug":true}],"scores":[0.052631578947368425,0.15406809001731103,0.25,0.31926121372031663,0.375515818431912,0.41043723554301825,0.3522650439486139,0.3477088948787062,0.3386880856760375,0.32538104705102716,0.3080444735120994,0.287001287001287,0.2626262626262626,0.23533045089561458,0.20554550934297772,0.17370892018779344,0.1402508551881414,0.10558319513543395,0.07009095773140717,0.03412616339193382,0],"score":4.748265083227262,"debutScore":0.052631578947368425,"peakScore":0.41043723554301825,"duration":6,"genres":[{"instanceSlug":"disco","title":"Disco","parents":["dance"]}],"source":{},"debutEra":{"slug":1979,"title":1979,"type":"year","decade":1970,"year":1979},"rank":2145}