{"title":"Don't Cry Out Loud","instanceSlug":1684,"tags":[],"genre":"pop","debut":1979,"playlists":[{"title":"Songs by Solo Females","instanceSlug":"f","tags":[],"parents":[]}],"artists":[{"slug":"melissa-manchester","title":"Melissa Manchester","type":{"title":"Solo Female","artists":[],"artistCount":0,"score":0,"artistAdjustedAverage":0,"slug":"f"},"roleSlug":true,"death":"","tags":[]},{"slug":"carol-bayer-sager"}],"scores":[0.05929986128304713,0.1995263597162372,0.30010719362631805,0.34125675640985936,0.34282688513132636,0.3306658313541177,0.31571660027979787,0.30267417160583854,0.28846616087753874,0.27200724823668465,0.2536844292337843,0.23301819993271647,0.2105822709641454,0.18659143494251637,0.16153782604249298,0.136114039746316,0.11108654702397452,0.08713887309040447,0.06481295613444857,0.044676661919001784,0.02800255554546858,0.01545456302759887,0.007333414431756911,0.0031263755584622667,0.0011532406018353982,0.0004064806231716528,0.0001945616944060773,0.00012331842127830678,0.00005932398454435417,0.00003029451780196362,0.000017605479012284728,0.00000412374728123262,0],"ranks":{"artist:carol-bayer-sager":{"rank":9,"total":12},"artist:melissa-manchester":{"rank":2,"total":4},"genre:pop":{"rank":1111,"total":1412},"playlist:f":{"rank":472,"total":553},"decade:1970s":{"rank":436,"total":524},"year:1979":{"rank":73,"total":86}},"score":4.2976961651831855,"debutScore":0.05929986128304713,"peakScore":0.34282688513132636,"duration":9,"genres":[{"instanceSlug":"pop","title":"Pop","parents":[]}],"source":{},"debutEra":{"slug":1979,"title":1979,"type":"year","decade":1970,"year":1979},"messages":[],"rank":2643}