{"title":"Don't Cry Out Loud","instanceSlug":1684,"tags":[],"genre":"pop","debut":1979,"playlists":[{"title":"Songs by Solo Females","instanceSlug":"f","tags":[],"parents":[]}],"artists":[{"slug":"melissa-manchester","title":"Melissa Manchester","type":{"title":"Solo Female","artists":[],"artistCount":0,"score":0,"artistAdjustedAverage":0,"slug":"f"},"roleSlug":true,"death":"","tags":[]},{"slug":"carol-bayer-sager"}],"scores":[0.05929986128304713,0.1995263597162372,0.30010719362631805,0.34125675640985936,0.34282688513132636,0.3412640611647789,0.3365755892651365,0.3287614694323991,0.3178217016665668,0.30375628596763954,0.2865652223356173,0.26624851077050016,0.24280615127228805,0.21623814384098097,0.18654448847657895,0.153725185179082,0.11778023394849013,0.07870963478480332,0.03651338768802154],"ascent":[0.05929986128304713,0.1995263597162372,0.30010719362631805,0.34125675640985936,0.34282688513132636],"descent-weeks":14.810932580994026,"messages":[],"ranks":{"artist:melissa-manchester":{"rank":1,"total":4},"artist:carol-bayer-sager":{"rank":2,"total":11},"genre:pop":{"rank":304,"total":1431},"playlist:f":{"rank":139,"total":594},"decade:1970s":{"rank":133,"total":546},"year:1979":{"rank":25,"total":87}},"score":4.456327121959672,"debutScore":0.05929986128304713,"peakScore":0.34282688513132636,"duration":5,"genres":[{"instanceSlug":"pop","title":"Pop","parents":[]}],"sources":[],"debutEra":{"slug":1979,"title":1979,"type":"year","decade":1970,"year":1979},"rank":773}