{"title":"Raindrops Keep Falling on My Head","instanceSlug":169,"tags":["fall","head","long-title","rain"],"parents":[],"ranks":{"artist:bj-thomas":{"rank":1,"total":2},"playlist:m":{"rank":310,"total":1090}},"artists":[{"slug":"bj-thomas","title":"BJ Thomas","type":{"title":"Solo Male","artists":[],"artistCount":0,"score":0,"artistAdjustedAverage":0,"slug":"m"},"roleSlug":true,"death":"","tags":[]}],"scores":[0.1,0.21,0.312951,0.35561236147633757,0.357477963561,0.3549975902059541,0.3475564701408164,0.3351546033655869,0.3177919898802656,0.29546862968485255,0.2681845227793477,0.23593966916375098,0.19873406883806258,0.15656772180228226,0.10944062805641025,0.057352787600446334,0.00030420043439074014],"ascent":[0.1,0.21,0.312951,0.35561236147633757,0.357477963561],"descent-weeks":12.005109037489788,"messages":[],"score":4.013534206989505,"debutScore":0.1,"peakScore":0.357477963561,"duration":4,"playlists":[{"title":"Songs by Solo Males","instanceSlug":"m","tags":[],"parents":[]}],"genres":[],"sources":[],"rank":1009}