{"title":"What a Fool Believes","instanceSlug":1694,"tags":[],"parents":[],"genre":"pop","debut":1979,"playlists":[],"ranks":{"artist:doobie-brothers":{"rank":2,"total":4},"genre:pop":{"rank":475,"total":1403},"decade:1970s":{"rank":112,"total":518},"year:1979":{"rank":23,"total":85}},"artists":[{"slug":"doobie-brothers","title":"Doobie Brothers","roleSlug":true}],"scores":[0.07833333333333332,0.22266666666666668,0.379,0.48800000000000004,0.5736666666666667,0.646,0.6376666666666667,0.5966666666666667,0.5586666666666668,0.51,0.48666666666666664,0.4583333333333333,0.425,0.38666666666666666,0.3433333333333333,0.298,0.2663333333333333,0.2313333333333333,0.19300000000000003,0.159,0.14066666666666666,0.12066666666666666,0.09899999999999999,0.07566666666666667,0.050666666666666665,0.023999999999999997,0],"score":8.448999999999998,"debutScore":0.07833333333333332,"peakScore":0.646,"duration":7,"genres":[{"instanceSlug":"pop","title":"Pop","parents":[]}],"source":{},"debutEra":{"slug":1979,"title":1979,"type":"year","decade":1970,"year":1979},"rank":1020}