{"title":"Good for Me","instanceSlug":1701,"tags":[],"parents":[],"genre":"pop","debut":1992,"playlists":[],"ranks":{"artist:amy-grant":{"rank":4,"total":6},"genre:pop":{"rank":690,"total":1406},"decade:1990s":{"rank":455,"total":890},"year:1992":{"rank":68,"total":140}},"artists":[{"slug":"amy-grant","title":"Amy Grant","roleSlug":true}],"scores":[0.1095,0.42175,0.54025,0.54825,0.502,0.4905,0.47274999999999995,0.45899999999999996,0.44025000000000003,0.41650000000000004,0.38775000000000004,0.35625,0.32875,0.2975,0.2625,0.22375,0.18125,0.1395,0.107,0.07200000000000001,0.0345,0],"score":6.791500000000001,"debutScore":0.1095,"peakScore":0.54825,"duration":6,"genres":[{"instanceSlug":"pop","title":"Pop","parents":[]}],"source":{},"debutEra":{"slug":1992,"title":1992,"type":"year","decade":1990,"year":1992},"rank":1502}