{"title":"Solid","instanceSlug":1708,"tags":[],"parents":[],"genre":"pop","debut":1985,"playlists":[{"title":"Songs by Duos","instanceSlug":"duo","tags":[],"parents":[]}],"ranks":{"artist:ashford-simpson":{"rank":2,"total":6},"genre:pop":{"rank":235,"total":1430},"playlist:duo":{"rank":11,"total":90},"decade:1980s":{"rank":227,"total":1588},"year:1985":{"rank":18,"total":171}},"artists":[{"slug":"ashford-simpson","title":"Ashford & Simpson","type":{"title":"Mixed Duo, Male Lead","artists":[],"artistCount":0,"score":0,"artistAdjustedAverage":0,"slug":"mf"},"roleSlug":true,"death":"","tags":[]}],"scores":[0.337,0.959,0.9495308457692374,0.9211233830769494,0.8737776119231363,0.807493532307798,0.7222711442309343,0.6181104476925454,0.49501144269263136,0.3529741292311918,0.19199850730822723,0.0120845769237374],"ascent":[0.337,0.959],"descent-weeks":10.06360792492179,"messages":[],"score":7.240375621156389,"debutScore":0.337,"peakScore":0.959,"duration":3,"genres":[{"instanceSlug":"pop","title":"Pop","parents":[]}],"sources":[],"debutEra":{"slug":1985,"title":1985,"type":"year","decade":1980,"year":1985},"rank":474}