{"title":"Slipping Away","instanceSlug":1750,"tags":[],"parents":[],"genre":"pop","debut":1983,"playlists":[],"ranks":{"artist:dave-edmunds":{"rank":1,"total":1},"genre:pop":{"rank":1130,"total":1431},"decade:1980s":{"rank":1196,"total":1579},"year:1983":{"rank":121,"total":155}},"artists":[{"slug":"dave-edmunds","title":"Dave Edmunds","roleSlug":true,"death":"","tags":[]}],"scores":[0.1,0.21,0.312951,0.35561236147633757,0.357477963561,0.33838123374230966,0.2810910442862388,0.18560739519278732,0.05193028646195526],"ascent":[0.1,0.21,0.312951,0.35561236147633757,0.357477963561],"descent-weeks":4.326583958717688,"messages":[],"score":2.1930512847206285,"debutScore":0.1,"peakScore":0.357477963561,"duration":3,"genres":[{"instanceSlug":"pop","title":"Pop","parents":[]}],"sources":[],"debutEra":{"slug":1983,"title":1983,"type":"year","decade":1980,"year":1983},"rank":2740}