{"title":"Slipping Away","instanceSlug":1750,"tags":[],"parents":[],"genre":"pop","debut":1983,"playlists":[],"ranks":{"artist:dave-edmunds":{"rank":1,"total":1},"genre:pop":{"rank":1076,"total":1431},"decade:1980s":{"rank":1155,"total":1588},"year:1983":{"rank":120,"total":157}},"artists":[{"slug":"dave-edmunds","title":"Dave Edmunds","roleSlug":true,"death":"","tags":[]}],"scores":[0.1,0.21,0.312951,0.35561236147633757,0.357477963561,0.353002648813502,0.33957670457100814,0.31720013083351833,0.2858729276010326,0.24559509487355097,0.1963666326510734,0.13818754093359994,0.07105781972113055],"ascent":[0.1,0.21,0.312951,0.35561236147633757,0.357477963561],"descent-weeks":8.937433951740468,"messages":[],"score":3.282900825035754,"debutScore":0.1,"peakScore":0.357477963561,"duration":3,"genres":[{"instanceSlug":"pop","title":"Pop","parents":[]}],"sources":[],"debutEra":{"slug":1983,"title":1983,"type":"year","decade":1980,"year":1983},"rank":2594}