{"title":"Slipping Away","instanceSlug":1750,"tags":[],"parents":[],"genre":"pop","debut":1983,"playlists":[],"ranks":{"artist:dave-edmunds":{"rank":1,"total":1},"genre:pop":{"rank":1081,"total":1430},"decade:1980s":{"rank":1164,"total":1588},"year:1983":{"rank":121,"total":156}},"artists":[{"slug":"dave-edmunds","title":"Dave Edmunds","roleSlug":true,"death":"","tags":[]}],"scores":[0.1,0.21,0.312951,0.35561236147633757,0.357477963561,0.3446276515977258,0.329,0.31337234840227424,0.2821170452068227,0.23523409041364535,0.17272348402274224,0.09458522603411335,0.0008193164477586778,0],"ascent":[0.1,0.21,0.312951,0.35561236147633757,0.357477963561],"descent-weeks":8.937433951740468,"ascent-weeks":5.606113360366711,"peak":0.357477963561,"messages":[],"score":3.4659984507234194,"duration":4,"genres":[{"instanceSlug":"pop","title":"Pop","parents":[]}],"sources":[],"debutEra":{"slug":1983,"title":1983,"type":"year","decade":1980,"year":1983},"rank":2629}