{"title":"The Other Woman","instanceSlug":1770,"tags":["cheating"],"parents":[],"genres":[{"instanceSlug":"pop","title":"Pop","parents":[]},{"instanceSlug":"urban","title":"Urban / R&B","parents":[]}],"debut":1982,"playlists":[{"instanceSlug":"feb13","title":"Feb. 13: Breakups, Cheating & Lost Loves"}],"ranks":{"artist:ray-parker-jr":{"rank":2,"total":3},"genre:pop":{"rank":965,"total":1430},"genre:urban":{"rank":115,"total":155},"playlist:feb13":{"rank":20,"total":27},"decade:1980s":{"rank":1017,"total":1588},"year:1982":{"rank":100,"total":148}},"artists":[{"slug":"ray-parker-jr","title":"Ray Parker Jr.","roleSlug":true,"death":"","tags":[]}],"scores":[0.077,0.249,0.319,0.37,0.419,0.4144650660014696,0.40086026400587826,0.3781855940132261,0.34644105602351305,0.30562665003673917,0.2557423760529044,0.19678823407200882,0.1287642240940523,0.05167034611903497],"ascent":[0.077,0.249,0.319,0.37,0.419],"descent-weeks":9.61217183770883,"messages":[],"score":3.912543810418826,"debutScore":0.077,"peakScore":0.419,"duration":4,"sources":[],"debutEra":{"slug":1982,"title":1982,"type":"year","decade":1980,"year":1982},"rank":2313}