{"title":"It's a Miracle","instanceSlug":1785,"tags":[],"parents":[],"genre":"pop","debut":1984,"playlists":[{"title":"Songs by Groups","instanceSlug":"group","tags":[],"parents":[]}],"ranks":{"artist:culture-club":{"rank":2,"total":5},"genre:pop":{"rank":921,"total":1412},"playlist:group":{"rank":856,"total":1386},"decade:1980s":{"rank":964,"total":1551},"year:1984":{"rank":92,"total":147}},"artists":[{"slug":"culture-club","title":"Culture Club","type":{"title":"All-Male Group","artists":[],"artistCount":0,"score":0,"artistAdjustedAverage":0,"slug":"mmm"},"roleSlug":true,"death":"","tags":[]}],"scores":[0.07575,0.28725,0.4675,0.43425,0.41050000000000003,0.40175000000000005,0.388,0.36924999999999997,0.3455,0.31675000000000003,0.28300000000000003,0.2445,0.21075,0.17325000000000002,0.13525,0.12025,0.104,0.0865,0.06775,0.04775,0.0265,0.004,0],"score":5.000000000000001,"debutScore":0.07575,"peakScore":0.4675,"duration":6,"genres":[{"instanceSlug":"pop","title":"Pop","parents":[]}],"source":{},"debutEra":{"slug":1984,"title":1984,"type":"year","decade":1980,"year":1984},"messages":[],"rank":2094}