{"title":"Take Me Back to Paradise","instanceSlug":1811,"tags":[],"genre":"rock","debut":1987,"playlists":[{"title":"Songs by Groups","instanceSlug":"group","tags":[],"parents":[]},{"title":"Turn of the Decade","instanceSlug":"td","tags":[],"parents":[]}],"artists":[{"slug":"38-special","title":"38 Special","type":{"title":"All-Male Group","artists":[],"artistCount":0,"score":0,"artistAdjustedAverage":0,"slug":"mmm"},"roleSlug":true,"death":"","tags":[]}],"scores":[0.25,0.68,0.81,0.83,0.85,0.841616782684388,0.816467130737552,0.774551044159492,0.7158685229502082,0.6404195671097003,0.5482041766379685,0.4392223515350126,0.3134740918008328,0.17095939743542898,0.011678268438801197],"ascent":[0.25,0.68,0.81,0.83,0.85],"descent-weeks":10.069411764705878,"messages":[],"ranks":{"artist:38-special":{"rank":1,"total":5},"genre:rock":{"rank":24,"total":670},"playlist:group":{"rank":66,"total":1417},"playlist:td":{"rank":70,"total":968},"decade:1980s":{"rank":80,"total":1588},"year:1987":{"rank":18,"total":194}},"score":8.692461333489383,"debutScore":0.25,"peakScore":0.85,"duration":4,"genres":[{"instanceSlug":"rock","title":"Rock","parents":[]}],"sources":[],"debutEra":{"slug":1987,"title":1987,"type":"year","decade":1980,"year":1987},"rank":172}