{"title":"Magnet and Steel","instanceSlug":1848,"tags":[],"parents":[],"genre":"pop","debut":1978,"playlists":[],"ranks":{"artist:walter-egan":{"rank":1,"total":1},"genre:pop":{"rank":685,"total":1424},"decade:1970s":{"rank":268,"total":537},"year:1978":{"rank":53,"total":98}},"artists":[{"slug":"walter-egan","title":"Walter Egan","roleSlug":true,"death":"","tags":[]}],"scores":[0.1,0.21,0.312951,0.35561236147633757,0.357477963561,0.345,0.3289181,0.31523776166182677,0.31,0.305,0.294,0.279,0.258,0.231,0.2,0.163,0.121,0.074,0.022,0],"messages":[],"score":4.582197186699165,"debutScore":0.1,"peakScore":0.357477963561,"duration":5,"genres":[{"instanceSlug":"pop","title":"Pop","parents":[]}],"sources":[],"debutEra":{"slug":1978,"title":1978,"type":"year","decade":1970,"year":1978},"rank":1591}