{"title":"Magnet and Steel","instanceSlug":1848,"tags":[],"parents":[],"genre":"pop","debut":1978,"playlists":[],"ranks":{"artist:walter-egan":{"rank":1,"total":1},"genre:pop":{"rank":865,"total":1431},"decade:1970s":{"rank":326,"total":546},"year:1978":{"rank":64,"total":98}},"artists":[{"slug":"walter-egan","title":"Walter Egan","roleSlug":true,"death":"","tags":[]}],"scores":[0.1,0.21,0.312951,0.35561236147633757,0.357477963561,0.35007999879702933,0.3278861045051173,0.29089628068526396,0.23911052733746924,0.17252884446173317,0.09115123205805578],"ascent":[0.1,0.21,0.312951,0.35561236147633757,0.357477963561],"descent-weeks":6.951339638059141,"messages":[],"score":2.8076943128820067,"debutScore":0.1,"peakScore":0.357477963561,"duration":3,"genres":[{"instanceSlug":"pop","title":"Pop","parents":[]}],"sources":[],"debutEra":{"slug":1978,"title":1978,"type":"year","decade":1970,"year":1978},"rank":2068}