{"title":"Magnet and Steel","instanceSlug":1848,"tags":[],"parents":[],"genre":"pop","debut":1978,"playlists":[],"ranks":{"artist:walter-egan":{"rank":1,"total":1},"genre:pop":{"rank":731,"total":1431},"decade:1970s":{"rank":285,"total":540},"year:1978":{"rank":53,"total":98}},"artists":[{"slug":"walter-egan","title":"Walter Egan","roleSlug":true,"death":"","tags":[]}],"scores":[0.1,0.21,0.312951,0.35561236147633757,0.357477963561,0.345,0.3289181,0.31523776166182677,0.31,0.304,0.291,0.273,0.248,0.217,0.18,0.136,0.087,0.031,0],"messages":[],"score":4.402197186699164,"debutScore":0.1,"peakScore":0.357477963561,"duration":5,"genres":[{"instanceSlug":"pop","title":"Pop","parents":[]}],"sources":[],"debutEra":{"slug":1978,"title":1978,"type":"year","decade":1970,"year":1978},"rank":1743}