{"title":"Dust in the Wind","instanceSlug":1849,"tags":[],"parents":[],"genre":"rock","debut":1978,"playlists":[{"title":"Songs by Groups","instanceSlug":"group","tags":[],"parents":[]}],"ranks":{"artist:kansas":{"rank":1,"total":5},"genre:rock":{"rank":309,"total":670},"playlist:group":{"rank":666,"total":1410},"decade:1970s":{"rank":265,"total":546},"year:1978":{"rank":52,"total":98}},"artists":[{"slug":"kansas","title":"Kansas","type":{"title":"All-Male Group","artists":[],"artistCount":0,"score":0,"artistAdjustedAverage":0,"slug":"mmm"},"roleSlug":true,"death":"","tags":[]}],"scores":[0.06493517521485907,0.20301020464749156,0.3018005417334737,0.3417822727277001,0.3387804284873767,0.32977489576640656,0.3147656745647896,0.29375276488252583,0.26673616671961525,0.23371588007605795,0.19469190495185382,0.14966424134700287,0.09863288926150524,0.04159784869536071],"ascent":[0.06493517521485907,0.20301020464749156,0.3018005417334737,0.3417822727277001],"descent-weeks":10.67039974669467,"messages":[],"score":3.1736408890760184,"debutScore":0.06493517521485907,"peakScore":0.3417822727277001,"duration":4,"genres":[{"instanceSlug":"rock","title":"Rock","parents":[]}],"sources":[],"debutEra":{"slug":1978,"title":1978,"type":"year","decade":1970,"year":1978},"rank":1663}