{"title":"You're In My Heart","instanceSlug":1852,"tags":[],"parents":[],"genre":"pop","debut":1978,"playlists":[],"ranks":{"artist:rod-stewart":{"rank":8,"total":13},"genre:pop":{"rank":710,"total":1403},"decade:1970s":{"rank":209,"total":518},"year:1978":{"rank":47,"total":98}},"artists":[{"slug":"rod-stewart","title":"Rod Stewart","roleSlug":true}],"scores":[0.06633333333333333,0.25566666666666665,0.4131666666666666,0.4961666666666666,0.5261666666666667,0.5055,0.48100000000000004,0.4681666666666666,0.45249999999999996,0.4366666666666667,0.41583333333333333,0.39000000000000007,0.35916666666666663,0.32749999999999996,0.29333333333333333,0.255,0.21250000000000002,0.16583333333333336,0.11649999999999999,0.07233333333333333,0.026333333333333337,0.0036666666666666666,0],"score":6.739333333333334,"debutScore":0.06633333333333333,"peakScore":0.5261666666666667,"duration":6,"genres":[{"instanceSlug":"pop","title":"Pop","parents":[]}],"source":{},"debutEra":{"slug":1978,"title":1978,"type":"year","decade":1970,"year":1978},"rank":1551}