{"title":"Three Times a Lady","instanceSlug":1858,"tags":[],"parents":[],"genre":"pop","debut":1978,"playlists":[],"ranks":{"artist:commodores":{"rank":3,"total":4},"genre:pop":{"rank":148,"total":1431},"decade:1970s":{"rank":28,"total":548},"year:1978":{"rank":4,"total":98}},"artists":[{"slug":"commodores","title":"Commodores","roleSlug":true,"death":"","tags":["1970s","1980s"]}],"scores":[0.25,0.57,0.802,0.7968589981836708,0.7814359927346831,0.7557309836530369,0.7197439709387323,0.6734749545917693,0.6169239346121477,0.5500909109998677,0.47297588375492927,0.38557885287733235,0.287899818367077,0.17993878022416318,0.06169573844859085],"ascent":[0.25,0.57,0.802],"descent-weeks":12.490024937655862,"messages":[],"score":7.904348819386,"debutScore":0.25,"peakScore":0.802,"duration":4,"genres":[{"instanceSlug":"pop","title":"Pop","parents":[]}],"sources":[],"debutEra":{"slug":1978,"title":1978,"type":"year","decade":1970,"year":1978},"rank":303}