{"title":"She's Not There","instanceSlug":1876,"tags":[],"parents":[],"genre":"pop","debut":1964,"playlists":[{"title":"Songs by Groups","instanceSlug":"group","tags":[],"parents":[]}],"ranks":{"artist:zombies":{"rank":1,"total":3},"genre:pop":{"rank":337,"total":1430},"playlist:group":{"rank":257,"total":1417},"decade:1960s":{"rank":13,"total":116},"year:1964":{"rank":3,"total":20}},"artists":[{"slug":"zombies","title":"Zombies","type":{"title":"All-Male Group","artists":[],"artistCount":0,"score":0,"artistAdjustedAverage":0,"slug":"mmm"},"roleSlug":true,"death":"","tags":[]}],"scores":[0.097,0.267,0.431,0.537,0.5348217226863667,0.5282868907454671,0.517395504177301,0.5021475629818682,0.4825430671591692,0.4585820167092036,0.43026441163197154,0.3975902519274731,0.3605595375957082,0.3191722686366767,0.27342844505037883,0.2233280668368144,0.16887113399598352,0.11005764652788624,0.046887604432522476],"ascent":[0.097,0.267,0.431,0.537],"descent-weeks":15.701117318435749,"messages":[],"score":6.68593613109479,"debutScore":0.097,"peakScore":0.537,"duration":5,"genres":[{"instanceSlug":"pop","title":"Pop","parents":[]}],"sources":[],"debutEra":{"slug":1964,"title":1964,"type":"year","decade":1960,"year":1964},"rank":669}