{"title":"Time of the Season","instanceSlug":1878,"tags":[],"parents":[],"genre":"pop","debut":1969,"playlists":[{"title":"Songs by Groups","instanceSlug":"group","tags":[],"parents":[]}],"ranks":{"artist:zombies":{"rank":3,"total":3},"genre:pop":{"rank":917,"total":1431},"playlist:group":{"rank":877,"total":1417},"decade:1960s":{"rank":59,"total":116},"year:1969":{"rank":8,"total":18}},"artists":[{"slug":"zombies","title":"Zombies","type":{"title":"All-Male Group","artists":[],"artistCount":0,"score":0,"artistAdjustedAverage":0,"slug":"mmm"},"roleSlug":true,"death":"","tags":[]}],"scores":[0.097,0.267,0.431,0.537,0.5296209190690685,0.507483676276274,0.47058827162161637,0.41893470510509584,0.3525229767267122,0.2713530864864656,0.17542503438435594,0.06473882042038322],"ascent":[0.097,0.267,0.431,0.537],"descent-weeks":8.53072625698324,"messages":[],"score":4.122667490089971,"debutScore":0.097,"peakScore":0.537,"duration":3,"genres":[{"instanceSlug":"pop","title":"Pop","parents":[]}],"sources":[],"debutEra":{"slug":1969,"title":1969,"type":"year","decade":1960,"year":1969},"rank":2206}