{"title":"Sexy Eyes","instanceSlug":188,"tags":["eye","sexy"],"parents":[],"genre":"pop","debut":1980,"ranks":{"artist:dr-hook":{"rank":1,"total":4},"genre:pop":{"rank":250,"total":1431},"decade:1980s":{"rank":271,"total":1579},"year:1980":{"rank":19,"total":112}},"artists":[{"slug":"dr-hook","title":"Dr. Hook","roleSlug":true,"death":"","tags":[]}],"scores":[0.06200821741159169,0.20830894528861146,0.3129502216570068,0.35561236147633757,0.3574779635603355,0.355847589224982,0.35095646621892146,0.3428045945421539,0.33139197419467925,0.31671860517649764,0.2987844874876089,0.2775896211280132,0.2531340060977105,0.2254176423967007,0.1944405300249839,0.16020266898256008,0.12270405926942918,0.0819447008855913,0.03792459383104637],"ascent":[0.06200821741159169,0.20830894528861146,0.3129502216570068,0.35561236147633757,0.3574779635603355],"descent-weeks":14.807473786766046,"messages":[],"score":4.646219248854761,"debutScore":0.06200821741159169,"peakScore":0.3574779635603355,"duration":5,"genres":[{"instanceSlug":"pop","title":"Pop","parents":[]}],"playlists":[],"sources":[],"debutEra":{"slug":1980,"title":1980,"type":"year","decade":1980,"year":1980},"rank":653}