{"title":"Sexy Eyes","instanceSlug":188,"tags":["eye","sexy"],"parents":[],"genre":"pop","debut":1980,"ranks":{"artist:dr-hook":{"rank":2,"total":4},"genre:pop":{"rank":725,"total":1431},"decade:1980s":{"rank":785,"total":1588},"year:1980":{"rank":56,"total":112}},"artists":[{"slug":"dr-hook","title":"Dr. Hook","roleSlug":true,"death":"","tags":[]}],"scores":[0.06200821741159169,0.20830894528861146,0.3129502216570068,0.35561236147633757,0.3574779635603355,0.3558504691948907,0.3509679860985563,0.34283051427133227,0.33143805371321866,0.31679060442421547,0.29888816640432264,0.27773073965354017,0.25331832417186817,0.22565091995930653,0.19472852701585525,0.1605511453415144,0.12311877493628393,0.08243141580016386,0.03848906793315418],"ascent":[0.06200821741159169,0.20830894528861146,0.3129502216570068,0.35561236147633757,0.3574779635603355],"descent-weeks":14.820569447990732,"messages":[],"score":4.649142418312106,"debutScore":0.06200821741159169,"peakScore":0.3574779635603355,"duration":5,"genres":[{"instanceSlug":"pop","title":"Pop","parents":[]}],"playlists":[],"sources":[],"debutEra":{"slug":1980,"title":1980,"type":"year","decade":1980,"year":1980},"rank":1665}