{"title":"To Love You More","instanceSlug":1900,"tags":[],"parents":[],"genre":"pop","debut":1997,"playlists":[{"title":"Songs by Solo Females","instanceSlug":"f","tags":[],"parents":[]}],"ranks":{"artist:celine-dion":{"rank":6,"total":10},"genre:pop":{"rank":691,"total":1434},"playlist:f":{"rank":308,"total":596},"decade:1990s":{"rank":459,"total":933},"year:1997":{"rank":22,"total":53}},"artists":[{"slug":"celine-dion","title":"Celine Dion","type":{"title":"Solo Female","artists":[],"artistCount":0,"score":0,"artistAdjustedAverage":0,"slug":"f"},"roleSlug":true,"death":"","tags":["1990s"]}],"scores":[0.06266666666666666,0.17866666666666667,0.29233333333333333,0.32799999999999996,0.35566666666666663,0.36133333333333334,0.35766666666666674,0.3363333333333334,0.301,0.2773333333333333,0.272,0.26366666666666666,0.252,0.23700000000000002,0.21866666666666665,0.19699999999999998,0.17200000000000001,0.14366666666666666,0.11199999999999999,0.077,0.03866666666666666,0.0003333333333333244,0],"ascent":[0.06266666666666666,0.17866666666666667,0.29233333333333333,0.32799999999999996,0.35566666666666663,0.36133333333333334],"descent-weeks":4.335470915334153,"ascent-weeks":6.55350553505535,"peak":0.36133333333333334,"messages":[],"unscored":false,"score":2.6230334382716047,"duration":3,"genres":[{"instanceSlug":"pop","title":"Pop","parents":[]}],"sources":[],"debutEra":{"slug":1997,"title":1997,"type":"year","decade":1990,"year":1997},"rank":1564}