{"title":"Just a Girl","instanceSlug":"1906","tags":[],"parents":[],"genre":"pop","debut":1996,"playlists":[{"title":"Songs by Groups","instanceSlug":"group","tags":[],"parents":[]}],"ranks":{"artist:no-doubt":{"rank":3,"total":3},"genre:pop":{"rank":931,"total":1434},"playlist:group":{"rank":867,"total":1417},"decade:1990s":{"rank":630,"total":933},"year:1996":{"rank":41,"total":65}},"artists":[{"slug":"no-doubt","title":"No Doubt","type":{"title":"All-Male Group","artists":[],"artistCount":0,"score":0,"artistAdjustedAverage":0,"slug":"mmm"},"roleSlug":true,"death":"","tags":["1990s","2000s"]}],"scores":[0.1,0.21,0.312951,0.35561236147633757,0.357477963561,0.3446276515977258,0.3289181,0.31523776166182677,0.31,0.28331,0.2643212411,0.2428924261,0.22,0.1971075739,0.1513227217,0.08264544339999999,0],"ascent":[0.1,0.21,0.312951,0.35561236147633757,0.357477963561],"descent-weeks":3.2019717785898223,"ascent-weeks":5.606113360366711,"peak":0.357477963561,"messages":[],"unscored":false,"score":2.099130892230726,"duration":3,"genres":[{"instanceSlug":"pop","title":"Pop","parents":[]}],"sources":[],"debutEra":{"slug":1996,"title":1996,"type":"year","decade":1990,"year":1996},"rank":2213}