{"title":"Just a Girl","instanceSlug":"1906","tags":[],"parents":[],"genre":"pop","debut":1996,"playlists":[{"title":"Songs by Groups","instanceSlug":"group","tags":[],"parents":[]}],"ranks":{"artist:no-doubt":{"rank":3,"total":3},"genre:pop":{"rank":883,"total":1430},"playlist:group":{"rank":845,"total":1417},"decade:1990s":{"rank":585,"total":929},"year:1996":{"rank":38,"total":65}},"artists":[{"slug":"no-doubt","title":"No Doubt","type":{"title":"All-Male Group","artists":[],"artistCount":0,"score":0,"artistAdjustedAverage":0,"slug":"mmm"},"roleSlug":true,"death":"","tags":["1990s","2000s"]}],"scores":[0.1,0.21,0.312951,0.35561236147633757,0.357477963561,0.35536232494247333,0.34901540908689344,0.3384372159942602,0.32362774566457375,0.30458699809783396,0.2813149732940409,0.2538116712531946,0.222077091975295,0.1861112354603421,0.14591410170833594,0.10148569071927649,0.05282600249316368],"ascent":[0.1,0.21,0.312951,0.35561236147633757,0.357477963561],"descent-weeks":12.998818943249075,"messages":[],"score":4.250611785727021,"debutScore":0.1,"peakScore":0.357477963561,"duration":4,"genres":[{"instanceSlug":"pop","title":"Pop","parents":[]}],"sources":[],"debutEra":{"slug":1996,"title":1996,"type":"year","decade":1990,"year":1996},"rank":2128}