{"title":"Just a Girl","instanceSlug":"1906","tags":[],"parents":[],"genre":"pop","debut":1996,"playlists":[{"title":"Songs by Groups","instanceSlug":"group","tags":[],"parents":[]}],"ranks":{"artist:no-doubt":{"rank":2,"total":3},"genre:pop":{"rank":462,"total":1431},"playlist:group":{"rank":455,"total":1410},"decade:1990s":{"rank":339,"total":928},"year:1996":{"rank":23,"total":65}},"artists":[{"slug":"no-doubt","title":"No Doubt","type":{"title":"All-Male Group","artists":[],"artistCount":0,"score":0,"artistAdjustedAverage":0,"slug":"mmm"},"roleSlug":true,"death":"","tags":["1990s","2000s"]}],"scores":[0.1,0.21,0.312951,0.35561236147633757,0.357477963561,0.35462307438942736,0.3460584068747094,0.3317839610168462,0.31179973681583767,0.2861057342716839,0.25470195338438484,0.21758839415394046,0.17476505658035088,0.12623194066361587,0.07198904640373573,0.012036373800710199],"ascent":[0.1,0.21,0.312951,0.35561236147633757,0.357477963561],"descent-weeks":11.18999805242048,"messages":[],"score":3.82372500339258,"debutScore":0.1,"peakScore":0.357477963561,"duration":4,"genres":[{"instanceSlug":"pop","title":"Pop","parents":[]}],"sources":[],"debutEra":{"slug":1996,"title":1996,"type":"year","decade":1990,"year":1996},"rank":1134}