{"title":"Lyin' Eyes","instanceSlug":191,"tags":["#2","#2-hot-100","lie"],"parents":[],"genre":"rock","debut":1975,"ranks":{"artist:eagles":{"rank":5,"total":16},"genre:rock":{"rank":334,"total":629},"decade:1970s":{"rank":277,"total":502},"year:1975":{"rank":31,"total":45}},"artists":[{"slug":"eagles","title":"Eagles","roleSlug":true}],"scores":[0.0455,0.21900000000000003,0.3285,0.39049999999999996,0.4245,0.424,0.401,0.3915,0.3735,0.3345,0.32199999999999995,0.3045,0.28200000000000003,0.2545,0.222,0.1845,0.14200000000000002,0.0945,0.042,0.0135,0],"score":5.194,"debutScore":0.0455,"peakScore":0.4245,"duration":6,"genres":[{"instanceSlug":"rock","title":"Rock","parents":[]}],"playlists":[],"source":{},"debutEra":{"slug":1975,"title":1975,"type":"year","decade":1970,"year":1975},"rank":1871}