{"title":"Stay With Me","instanceSlug":1965,"tags":["#1","#1-rdwt40-hot-adult"],"parents":[],"genre":"pop","debut":2014,"playlists":[],"ranks":{"artist:sam-smith":{"rank":2,"total":2},"genre:pop":{"rank":632,"total":1404},"decade:2010s":{"rank":49,"total":109},"year:2014":{"rank":4,"total":12}},"artists":[{"slug":"sam-smith","title":"Sam Smith","roleSlug":true}],"scores":[0.14514743773260808,0.37575236457437666,0.5984015984015985,0.5907735136209983,0.5847860538827259,0.5723270440251572,0.554001554001554,0.5302218821729151,0.5015015015015016,0.4684287812041116,0.43163922691481743,0.39178844815588026,0.349527665317139,0.30548302872062666,0.26023944549464395,0.21432908318154217,0.16822429906542055,0.122334455667789,0.07700592353257943,0.03252452245740836,0],"score":7.274437829625394,"debutScore":0.14514743773260808,"peakScore":0.5984015984015985,"duration":6,"genres":[{"instanceSlug":"pop","title":"Pop","parents":[]}],"source":{},"debutEra":{"slug":2014,"title":2014,"type":"year","decade":2010,"year":2014},"rank":1351}