{"title":"Stay With Me","instanceSlug":1965,"tags":["#1","#1-rdwt40-hot-adult"],"parents":[],"genre":"pop","debut":2014,"playlists":[{"title":"Songs by Solo Males","instanceSlug":"m","tags":[],"parents":[]}],"ranks":{"artist:sam-smith":{"rank":1,"total":2},"genre:pop":{"rank":190,"total":1431},"playlist:m":{"rank":124,"total":1095},"decade:2010s":{"rank":7,"total":111},"year:2014":{"rank":1,"total":12}},"artists":[{"slug":"sam-smith","title":"Sam Smith","type":{"title":"Solo Male","artists":[],"artistCount":0,"score":0,"artistAdjustedAverage":0,"slug":"m"},"roleSlug":true,"death":"","tags":[]}],"scores":[0.14514743773260808,0.37575236457437666,0.5984015984015985,0.5963135862710639,0.59004954987946,0.5796094892267868,0.5649934043130445,0.5462012951382328,0.5232331617023519,0.4960890040054017,0.4647688220473823,0.42927261582829357,0.3896003853481356,0.3457521306069084,0.297727851604612,0.24552754834124624,0.18915122081681132,0.12859886903130704,0.06387049298473362],"ascent":[0.14514743773260808,0.37575236457437666,0.5984015984015985],"descent-weeks":16.928943819730534,"messages":[],"score":7.570060827854355,"debutScore":0.14514743773260808,"peakScore":0.5984015984015985,"duration":5,"genres":[{"instanceSlug":"pop","title":"Pop","parents":[]}],"sources":[],"debutEra":{"slug":2014,"title":2014,"type":"year","decade":2010,"year":2014},"rank":382}