{"title":"Stay With Me","instanceSlug":1965,"tags":["#1","#1-rdwt40-hot-adult"],"parents":[],"genre":"pop","debut":2014,"playlists":[{"title":"Songs by Solo Males","instanceSlug":"m","tags":[],"parents":[]}],"ranks":{"artist:sam-smith":{"rank":1,"total":2},"genre:pop":{"rank":322,"total":1434},"playlist:m":{"rank":222,"total":1121},"decade:2010s":{"rank":19,"total":111},"year:2014":{"rank":2,"total":12}},"artists":[{"slug":"sam-smith","title":"Sam Smith","type":{"title":"Solo Male","artists":[],"artistCount":0,"score":0,"artistAdjustedAverage":0,"slug":"m"},"roleSlug":true,"death":"","tags":[]}],"scores":[0.14514743773260808,0.37575236457437666,0.5984015984015985,0.5907735136209983,0.5847860538827259,0.5723270440251572,0.554001554001554,0.5302218821729151,0.5015015015015016,0.4684287812041116,0.43163922691481743,0.39178844815588026,0.349527665317139,0.30548302872062666,0.26023944549464395,0.21432908318154217,0.16822429906542055,0.122334455667789,0.07700592353257943,0.03252452245740836,0],"ascent":[0.14514743773260808,0.37575236457437666,0.5984015984015985],"descent-weeks":7.404380909934912,"ascent-weeks":2.805727968554153,"peak":0.5984015984015985,"messages":[],"unscored":false,"score":4.0731636484948055,"duration":3,"genres":[{"instanceSlug":"pop","title":"Pop","parents":[]}],"sources":[],"debutEra":{"slug":2014,"title":2014,"type":"year","decade":2010,"year":2014},"rank":672}