{"title":"Touch Me in the Morning","instanceSlug":1967,"tags":[],"parents":[],"genre":"soul","debut":1973,"playlists":[{"title":"Songs by Solo Females","instanceSlug":"f","tags":[],"parents":[]}],"ranks":{"artist:diana-ross":{"rank":8,"total":25},"genre:soul":{"rank":106,"total":231},"playlist:f":{"rank":269,"total":553},"decade:1970s":{"rank":179,"total":524},"year:1973":{"rank":9,"total":35}},"artists":[{"slug":"diana-ross","title":"Diana Ross","type":{"title":"Solo Female","artists":[],"artistCount":0,"score":0,"artistAdjustedAverage":0,"slug":"f"},"roleSlug":true,"death":"","tags":["1960s","1970s","1980s"]}],"scores":[0.1734,0.40800000000000003,0.5586,0.5630000000000001,0.5508,0.5408,0.5298,0.5138,0.4928,0.4668,0.4358000000000001,0.3998,0.35879999999999995,0.3128,0.2618,0.2116,0.17359999999999998,0.1346,0.0926,0.0492,0.03,0.014000000000000002,0],"score":7.2724,"debutScore":0.1734,"peakScore":0.5630000000000001,"duration":6,"genres":[{"instanceSlug":"soul","title":"Soul","parents":["urban"]}],"source":{},"debutEra":{"slug":1973,"title":1973,"type":"year","decade":1970,"year":1973},"messages":[],"rank":1369}