{"title":"Touch Me in the Morning","instanceSlug":1967,"tags":[],"parents":[],"genre":"soul","debut":1973,"playlists":[{"title":"Songs by Solo Females","instanceSlug":"f","tags":[],"parents":[]}],"ranks":{"artist:diana-ross":{"rank":5,"total":24},"genre:soul":{"rank":99,"total":241},"playlist:f":{"rank":270,"total":596},"decade:1970s":{"rank":186,"total":559},"year:1973":{"rank":9,"total":37}},"artists":[{"slug":"diana-ross","title":"Diana Ross","type":{"title":"Solo Female","artists":[],"artistCount":0,"score":0,"artistAdjustedAverage":0,"slug":"f"},"roleSlug":true,"death":"","tags":["1960s","1970s","1980s"]}],"scores":[0.1734,0.41,0.5586,0.5631,0.551,0.5389,0.5147,0.47840000000000005,0.43000000000000005,0.36950000000000005,0.29690000000000005,0.21220000000000006,0.11540000000000006,0.006500000000000061,0],"ascent":[0.1734,0.41,0.5586,0.5631],"descent-weeks":3.4880835582785763,"ascent-weeks":4.542088438998401,"peak":0.5631,"messages":[],"unscored":false,"score":3.0145265677777773,"duration":2,"genres":[{"instanceSlug":"soul","title":"Soul","parents":["urban"]}],"sources":[],"debutEra":{"slug":1973,"title":1973,"type":"year","decade":1970,"year":1973},"rank":1299}