{"title":"Theme from Mahogany (Do You Know Where You're Going To)","instanceSlug":1968,"tags":[],"parents":[],"genre":"adult-contemporary","debut":1976,"playlists":[],"ranks":{"artist:diana-ross":{"rank":10,"total":24},"genre:adult-contemporary":{"rank":47,"total":156},"decade:1970s":{"rank":182,"total":512},"year:1976":{"rank":11,"total":50}},"artists":[{"slug":"diana-ross","title":"Diana Ross","roleSlug":true}],"scores":[0.1734,0.40800000000000003,0.5586,0.5630000000000001,0.5508,0.5408,0.5298,0.5138,0.4928,0.4668,0.4358000000000001,0.3998,0.35879999999999995,0.3128,0.2618,0.2116,0.17359999999999998,0.1346,0.0926,0.0492,0.03,0.014000000000000002,0],"score":7.2724,"debutScore":0.1734,"peakScore":0.5630000000000001,"duration":6,"genres":[{"instanceSlug":"adult-contemporary","title":"Adult Contemporary","parents":[]}],"source":{},"debutEra":{"slug":1976,"title":1976,"type":"year","decade":1970,"year":1976},"rank":1321}