{"title":"My Mistake (Was to Love You)","instanceSlug":1969,"tags":[],"parents":[],"genre":"soul","debut":1974,"playlists":[],"ranks":{"artist:diana-ross":{"rank":7,"total":24},"artist:marvin-gaye":{"rank":6,"total":11},"genre:soul":{"rank":109,"total":227},"decade:1970s":{"rank":177,"total":517},"year:1974":{"rank":12,"total":39}},"artists":[{"slug":"diana-ross","title":"Diana Ross","roleSlug":true},{"slug":"marvin-gaye","title":"Marvin Gaye","roleSlug":true}],"scores":[0.1734,0.40800000000000003,0.5586,0.5630000000000001,0.5508,0.5408,0.5298,0.5138,0.4928,0.4668,0.4358000000000001,0.3998,0.35879999999999995,0.3128,0.2618,0.2116,0.17359999999999998,0.1346,0.0926,0.0492,0.03,0.014000000000000002,0],"score":7.2724,"debutScore":0.1734,"peakScore":0.5630000000000001,"duration":6,"genres":[{"instanceSlug":"soul","title":"Soul","parents":["urban"]}],"source":{},"debutEra":{"slug":1974,"title":1974,"type":"year","decade":1970,"year":1974},"rank":1359}