{"title":"Love Hangover","instanceSlug":1970,"tags":[],"parents":[],"genre":"soul","debut":1976,"playlists":[{"title":"Songs by Solo Females","instanceSlug":"f","tags":[],"parents":[]}],"ranks":{"artist:diana-ross":{"rank":12,"total":25},"genre:soul":{"rank":170,"total":242},"playlist:f":{"rank":417,"total":595},"decade:1970s":{"rank":396,"total":548},"year:1976":{"rank":33,"total":52}},"artists":[{"slug":"diana-ross","title":"Diana Ross","type":{"title":"Solo Female","artists":[],"artistCount":0,"score":0,"artistAdjustedAverage":0,"slug":"f"},"roleSlug":true,"death":"","tags":["1960s","1970s","1980s"]}],"scores":[0.1,0.24172185431,0.3515796587261361,0.365187713311,0.3630004648832346,0.3564387195999387,0.3455024774611121,0.33019173846675487,0.310506502616867,0.2864467699114486,0.2580125403504994,0.2252038139340196,0.18802059066200924,0.1464628705344682,0.10053065355139647,0.050223939712794236],"ascent":[0.1,0.24172185431,0.3515796587261361,0.365187713311],"descent-weeks":12.921383673872068,"messages":[],"score":4.01903030803168,"debutScore":0.1,"peakScore":0.365187713311,"duration":4,"genres":[{"instanceSlug":"soul","title":"Soul","parents":["urban"]}],"sources":[],"debutEra":{"slug":1976,"title":1976,"type":"year","decade":1970,"year":1976},"rank":2263}