{"title":"Love Hangover","instanceSlug":1970,"tags":[],"parents":[],"genre":"soul","debut":1976,"playlists":[{"title":"Songs by Solo Females","instanceSlug":"f","tags":[],"parents":[]}],"ranks":{"artist:diana-ross":{"rank":1,"total":25},"genre:soul":{"rank":105,"total":238},"playlist:f":{"rank":250,"total":594},"decade:1970s":{"rank":225,"total":546},"year:1976":{"rank":21,"total":52}},"artists":[{"slug":"diana-ross","title":"Diana Ross","type":{"title":"Solo Female","artists":[],"artistCount":0,"score":0,"artistAdjustedAverage":0,"slug":"f"},"roleSlug":true,"death":"","tags":["1960s","1970s","1980s"]}],"scores":[0.1,0.24172185431,0.3515796587261361,0.365187713311,0.3618808211795328,0.3519601447851313,0.3354256841277955,0.31227743920752543,0.28251541002432096,0.24613959657818218,0.20314999886910914,0.15354661689710175,0.09732945066215999,0.03449850016428395],"ascent":[0.1,0.24172185431,0.3515796587261361,0.365187713311],"descent-weeks":10.508677501800914,"messages":[],"score":3.4372128888422786,"debutScore":0.1,"peakScore":0.365187713311,"duration":4,"genres":[{"instanceSlug":"soul","title":"Soul","parents":["urban"]}],"sources":[],"debutEra":{"slug":1976,"title":1976,"type":"year","decade":1970,"year":1976},"rank":1415}