{"title":"Love Hangover","instanceSlug":1970,"tags":[],"parents":[],"genre":"soul","debut":1976,"playlists":[],"ranks":{"artist:diana-ross":{"rank":13,"total":24},"genre:soul":{"rank":171,"total":227},"decade:1970s":{"rank":346,"total":517},"year:1976":{"rank":32,"total":52}},"artists":[{"slug":"diana-ross","title":"Diana Ross","roleSlug":true}],"scores":[0.09902187053522364,0.24172185430463577,0.3515796587261361,0.36518771331058025,0.3576196402307952,0.3480116827679173,0.33244503664223846,0.31817432855495126,0.2999675008124797,0.2795223116703097,0.25740032482841735,0.23253903040262938,0.20530333467255926,0.17606703582104183,0.14520208045044614,0.11456833697116055,0.08952242600326854,0.0646320365523666,0.04103409386657413,0.020929045431342524,0.012658227848101267,0.00586756077116513,0],"score":4.35897513117434,"debutScore":0.09902187053522364,"peakScore":0.36518771331058025,"duration":6,"genres":[{"instanceSlug":"soul","title":"Soul","parents":["urban"]}],"source":{},"debutEra":{"slug":1976,"title":1976,"type":"year","decade":1970,"year":1976},"rank":2268}