{"title":"Love Hangover","instanceSlug":1970,"tags":[],"parents":[],"genre":"soul","debut":1976,"playlists":[{"title":"Songs by Solo Females","instanceSlug":"f","tags":[],"parents":[]}],"ranks":{"artist:diana-ross":{"rank":12,"total":24},"genre:soul":{"rank":169,"total":241},"playlist:f":{"rank":426,"total":596},"decade:1970s":{"rank":398,"total":559},"year:1976":{"rank":34,"total":54}},"artists":[{"slug":"diana-ross","title":"Diana Ross","type":{"title":"Solo Female","artists":[],"artistCount":0,"score":0,"artistAdjustedAverage":0,"slug":"f"},"roleSlug":true,"death":"","tags":["1960s","1970s","1980s"]}],"scores":[0.1,0.24172185431,0.3515796587261361,0.365187713311,0.357619641,0.3481,0.3324451,0.31817432855495126,0.29996751,0.279522311671,0.25741,0.23529768832900005,0.1910730649870001,0.12473612997400019,0.036286883290000294,0],"ascent":[0.1,0.24172185431,0.3515796587261361,0.365187713311],"descent-weeks":12.921383673872068,"ascent-weeks":4.347719766159174,"peak":0.365187713311,"messages":[],"unscored":false,"score":4.204309597464088,"duration":4,"genres":[{"instanceSlug":"soul","title":"Soul","parents":["urban"]}],"sources":[],"debutEra":{"slug":1976,"title":1976,"type":"year","decade":1970,"year":1976},"rank":2288}