{"title":"Car Wash","instanceSlug":1974,"tags":[],"parents":[],"genre":"urban","debut":1977,"playlists":[],"ranks":{"artist:rose-royce":{"rank":2,"total":2},"genre:urban":{"rank":85,"total":152},"decade:1970s":{"rank":303,"total":548},"year:1977":{"rank":36,"total":64}},"artists":[{"slug":"rose-royce","title":"Rose Royce","roleSlug":true,"death":"","tags":[]}],"scores":[0.1,0.21,0.312951,0.35561236147633757,0.357477963561,0.3557454160143011,0.3505477733742044,0.34188503564070993,0.32975720281381765,0.31416427489352755,0.2951062518798397,0.272583133772754,0.2465949205722706,0.21714161227838932,0.18422320889111027,0.14783971041043345,0.10799111683635884,0.06467742816888644,0.017898644408016227],"ascent":[0.1,0.21,0.312951,0.35561236147633757,0.357477963561],"descent-weeks":14.364220283901819,"messages":[],"score":4.582197054991957,"debutScore":0.1,"peakScore":0.357477963561,"duration":5,"genres":[{"instanceSlug":"urban","title":"Urban / R&B","parents":[]}],"sources":[],"debutEra":{"slug":1977,"title":1977,"type":"year","decade":1970,"year":1977},"rank":1851}