{"title":"Car Wash","instanceSlug":1974,"tags":[],"parents":[],"genre":"urban","debut":1977,"playlists":[],"ranks":{"artist:rose-royce":{"rank":2,"total":2},"genre:urban":{"rank":106,"total":150},"decade:1970s":{"rank":364,"total":539},"year:1977":{"rank":42,"total":62}},"artists":[{"slug":"rose-royce","title":"Rose Royce","roleSlug":true,"death":"","tags":[]}],"scores":[0.1,0.21,0.312951,0.35561236147633757,0.357477963561,0.3446276515977258,0.3289181,0.31523776166182677,0.31,0.295,0.263,0.217,0.155,0.077,0],"messages":[],"score":3.64182483829689,"debutScore":0.1,"peakScore":0.357477963561,"duration":4,"genres":[{"instanceSlug":"urban","title":"Urban / R&B","parents":[]}],"sources":[],"debutEra":{"slug":1977,"title":1977,"type":"year","decade":1970,"year":1977},"rank":2102}