{"title":"Car Wash","instanceSlug":1974,"tags":[],"parents":[],"genre":"urban","debut":1977,"playlists":[],"ranks":{"artist:rose-royce":{"rank":2,"total":2},"genre:urban":{"rank":101,"total":152},"decade:1970s":{"rank":357,"total":546},"year:1977":{"rank":48,"total":64}},"artists":[{"slug":"rose-royce","title":"Rose Royce","roleSlug":true,"death":"","tags":[]}],"scores":[0.1,0.21,0.312951,0.35561236147633757,0.357477963561,0.3500766721121608,0.32787279776564343,0.29086634052144766,0.23905730037957362,0.1724456773400213,0.09103147140279066],"ascent":[0.1,0.21,0.312951,0.35561236147633757,0.357477963561],"descent-weeks":6.949777240763801,"messages":[],"score":2.807391584558975,"debutScore":0.1,"peakScore":0.357477963561,"duration":3,"genres":[{"instanceSlug":"urban","title":"Urban / R&B","parents":[]}],"sources":[],"debutEra":{"slug":1977,"title":1977,"type":"year","decade":1970,"year":1977},"rank":2127}