{"title":"Car Wash","instanceSlug":1974,"tags":[],"parents":[],"genre":"urban","debut":1977,"playlists":[],"ranks":{"artist:rose-royce":{"rank":2,"total":2},"genre:urban":{"rank":86,"total":152},"decade:1970s":{"rank":309,"total":546},"year:1977":{"rank":37,"total":64}},"artists":[{"slug":"rose-royce","title":"Rose Royce","roleSlug":true,"death":"","tags":[]}],"scores":[0.1,0.21,0.312951,0.35561236147633757,0.357477963561,0.3446276515977258,0.3289181,0.31523776166182677,0.31,0.304,0.291,0.273,0.248,0.217,0.18,0.136,0.087,0.031,0],"messages":[],"score":4.40182483829689,"debutScore":0.1,"peakScore":0.357477963561,"duration":5,"genres":[{"instanceSlug":"urban","title":"Urban / R&B","parents":[]}],"sources":[],"debutEra":{"slug":1977,"title":1977,"type":"year","decade":1970,"year":1977},"rank":1846}