{"title":"I Wanna Get Next to You","instanceSlug":1975,"tags":["i-something-you"],"parents":[],"genre":"soul","debut":1977,"playlists":[],"ranks":{"artist:rose-royce":{"rank":1,"total":2},"genre:soul":{"rank":54,"total":238},"decade:1970s":{"rank":120,"total":546},"year:1977":{"rank":14,"total":64}},"artists":[{"slug":"rose-royce","title":"Rose Royce","roleSlug":true,"death":"","tags":[]}],"scores":[0.06200821741159169,0.20830894528861146,0.3129502216570068,0.35561236147633757,0.3574779635603355,0.355847589224982,0.35095646621892146,0.3428045945421539,0.33139197419467925,0.31671860517649764,0.2987844874876089,0.2775896211280132,0.2531340060977105,0.2254176423967007,0.1944405300249839,0.16020266898256008,0.12270405926942918,0.0819447008855913,0.03792459383104637],"ascent":[0.06200821741159169,0.20830894528861146,0.3129502216570068,0.35561236147633757,0.3574779635603355],"descent-weeks":14.807473786766046,"messages":[],"score":4.646219248854761,"debutScore":0.06200821741159169,"peakScore":0.3574779635603355,"duration":5,"genres":[{"instanceSlug":"soul","title":"Soul","parents":["urban"]}],"sources":[],"debutEra":{"slug":1977,"title":1977,"type":"year","decade":1970,"year":1977},"rank":652}