{"title":"Love is the Drug","instanceSlug":1979,"tags":[],"parents":[],"genre":"art-rock","debut":1976,"playlists":[{"title":"Songs by Groups","instanceSlug":"group","tags":[],"parents":[]}],"ranks":{"artist:roxy-music":{"rank":1,"total":1},"genre:art-rock":{"rank":1,"total":2},"playlist:group":{"rank":768,"total":1416},"decade:1970s":{"rank":323,"total":550},"year:1976":{"rank":23,"total":52}},"artists":[{"slug":"roxy-music","title":"Roxy Music","type":{"title":"All-Male Group","artists":[],"artistCount":0,"score":0,"artistAdjustedAverage":0,"slug":"mmm"},"roleSlug":true,"death":"","tags":[]}],"scores":[0.1,0.21,0.312951,0.35561236147633757,0.357477963561,0.3446276515977258,0.3289181,0.31523776166182677,0.31,0.3038,0.2914,0.2728,0.248,0.217,0.17980000000000002,0.13640000000000002,0.08680000000000003,0.03100000000000004,0],"ascent":[0.1,0.21,0.312951,0.35561236147633757,0.357477963561],"descent-weeks":14.364220283901819,"ascent-weeks":5.606113360366711,"peak":0.357477963561,"messages":[],"score":4.759302801857891,"duration":5,"genres":[{"instanceSlug":"art-rock","title":"Art Rock","parents":["rock"]}],"sources":[],"debutEra":{"slug":1976,"title":1976,"type":"year","decade":1970,"year":1976},"rank":1882}