{"title":"Just You 'N' Me","instanceSlug":1995,"tags":[],"parents":[],"genre":"jazz-rock","debut":1973,"playlists":[],"ranks":{"artist:chicago":{"rank":11,"total":23},"genre:jazz-rock":{"rank":9,"total":11},"decade:1970s":{"rank":375,"total":512},"year:1973":{"rank":29,"total":33}},"artists":[{"slug":"chicago","title":"Chicago","roleSlug":true}],"scores":[0.03699999999999999,0.15257142857142858,0.24242857142857144,0.25971428571428573,0.26685714285714285,0.2744285714285714,0.2675714285714286,0.2547142857142857,0.2411428571428571,0.22128571428571428,0.20228571428571426,0.18,0.16685714285714287,0.154,0.1382857142857143,0.1197142857142857,0.09828571428571428,0.074,0.05085714285714286,0.03371428571428572,0.01657142857142857,0.006285714285714285,0],"score":3.458571428571428,"debutScore":0.03699999999999999,"peakScore":0.2744285714285714,"duration":6,"genres":[{"instanceSlug":"jazz-rock","title":"Jazz Rock","parents":["rock"]}],"source":{},"debutEra":{"slug":1973,"title":1973,"type":"year","decade":1970,"year":1973},"rank":2461}