{"title":"If You Leave Me Now","instanceSlug":1998,"tags":[],"parents":[],"genre":"adult-contemporary","debut":1976,"playlists":[],"ranks":{"artist:chicago":{"rank":6,"total":23},"genre:adult-contemporary":{"rank":121,"total":158},"decade:1970s":{"rank":378,"total":515},"year:1976":{"rank":38,"total":52}},"artists":[{"slug":"chicago","title":"Chicago","roleSlug":true}],"scores":[0.03699999999999999,0.15257142857142858,0.24242857142857144,0.25971428571428573,0.26685714285714285,0.2744285714285714,0.2675714285714286,0.2547142857142857,0.2411428571428571,0.22128571428571428,0.20228571428571426,0.18,0.16685714285714287,0.154,0.1382857142857143,0.1197142857142857,0.09828571428571428,0.074,0.05085714285714286,0.03371428571428572,0.01657142857142857,0.006285714285714285,0],"score":3.458571428571428,"debutScore":0.03699999999999999,"peakScore":0.2744285714285714,"duration":6,"genres":[{"instanceSlug":"adult-contemporary","title":"Adult Contemporary","parents":[]}],"source":{},"debutEra":{"slug":1976,"title":1976,"type":"year","decade":1970,"year":1976},"rank":2478}