{"title":"A Moment Like This","instanceSlug":2014,"tags":[],"genre":"pop","debut":2002,"playlists":[{"title":"Songs by Solo Females","instanceSlug":"f","tags":[],"parents":[]}],"ranks":{"artist:kelly-clarkson":{"rank":3,"total":7},"genre:pop":{"rank":280,"total":1431},"playlist:f":{"rank":117,"total":595},"decade:2000s":{"rank":30,"total":123},"year:2002":{"rank":4,"total":10}},"artists":[{"slug":"kelly-clarkson","title":"Kelly Clarkson","type":{"title":"Solo Female","artists":[],"artistCount":0,"score":0,"artistAdjustedAverage":0,"slug":"f"},"roleSlug":true,"death":"","tags":["2000s","2010s","american-idol"]}],"scores":[0.171,0.537,0.768,0.7621371887849596,0.7445487551398385,0.7152346990646368,0.6741950205593542,0.6214297196239911,0.5569387962585471,0.48072225046302247,0.39278008223741706,0.293112291581731,0.1817188784959643,0.05859984298011665],"ascent":[0.171,0.537,0.768],"descent-weeks":11.445312500000004,"messages":[],"score":6.9574175251895785,"debutScore":0.171,"peakScore":0.768,"duration":4,"genres":[{"instanceSlug":"pop","title":"Pop","parents":[]}],"sources":[],"debutEra":{"slug":2002,"title":2002,"type":"year","decade":2000,"year":2002},"rank":559}