{"title":"Breakaway","instanceSlug":2016,"tags":[],"genre":"pop","debut":2004,"playlists":[{"title":"Songs by Solo Females","instanceSlug":"f","tags":[],"parents":[]}],"artists":[{"slug":"kelly-clarkson","title":"Kelly Clarkson","type":{"title":"Solo Female","artists":[],"artistCount":0,"score":0,"artistAdjustedAverage":0,"slug":"f"},"roleSlug":true,"death":"","tags":["2000s","2010s","american-idol"]}],"scores":[0.371,0.737,0.868,0.861387744894557,0.8415509795782283,0.8084897040510136,0.762203918312913,0.7026936223639267,0.6299588162040545,0.5439994998332963,0.4448156732516524,0.3324073364591226,0.20677448945570687,0.06791713224140528],"ascent":[0.371,0.737,0.868],"descent-weeks":11.457373271889402,"messages":[],"ranks":{"artist:kelly-clarkson":{"rank":1,"total":7},"genre:pop":{"rank":126,"total":1431},"playlist:f":{"rank":55,"total":595},"decade:2000s":{"rank":10,"total":123},"year:2004":{"rank":1,"total":5}},"score":8.178198916645876,"debutScore":0.371,"peakScore":0.868,"duration":4,"genres":[{"instanceSlug":"pop","title":"Pop","parents":[]}],"sources":[],"debutEra":{"slug":2004,"title":2004,"type":"year","decade":2000,"year":2004},"rank":251}