{"title":"Since U Been Gone","instanceSlug":2017,"tags":[],"parents":[],"genre":"pop","debut":2005,"playlists":[{"title":"Songs by Solo Females","instanceSlug":"f","tags":[],"parents":[]}],"ranks":{"artist:kelly-clarkson":{"rank":6,"total":7},"genre:pop":{"rank":339,"total":1431},"playlist:f":{"rank":147,"total":595},"decade:2000s":{"rank":35,"total":123},"year:2005":{"rank":3,"total":13}},"artists":[{"slug":"kelly-clarkson","title":"Kelly Clarkson","type":{"title":"Solo Female","artists":[],"artistCount":0,"score":0,"artistAdjustedAverage":0,"slug":"f"},"roleSlug":true,"death":"","tags":["2000s","2010s","american-idol"]}],"scores":[0.141,0.507,0.738,0.7323620130014097,0.7154480520056388,0.6872581170126872,0.647792208022555,0.5970503250352424,0.535032468050749,0.4617386370690749,0.3771688320902203,0.2813230531141851,0.1742013001409693,0.05580357317057275],"ascent":[0.141,0.507,0.738],"descent-weeks":11.441056910569106,"messages":[],"score":6.651178578713305,"debutScore":0.141,"peakScore":0.738,"duration":4,"genres":[{"instanceSlug":"pop","title":"Pop","parents":[]}],"sources":[],"debutEra":{"slug":2005,"title":2005,"type":"year","decade":2000,"year":2005},"rank":679}