{"title":"You Are So Beautiful","instanceSlug":2025,"tags":[],"parents":[],"genre":"pop","debut":1975,"playlists":[{"title":"Songs by Solo Males","instanceSlug":"m","tags":[],"parents":[]}],"ranks":{"artist:joe-cocker":{"rank":4,"total":4},"genre:pop":{"rank":575,"total":1431},"playlist:m":{"rank":433,"total":1095},"decade:1970s":{"rank":209,"total":547},"year:1975":{"rank":21,"total":48}},"artists":[{"slug":"joe-cocker","title":"Joe Cocker","type":{"title":"Solo Male","artists":[],"artistCount":0,"score":0,"artistAdjustedAverage":0,"slug":"m"},"roleSlug":true,"death":"","tags":[]}],"scores":[0.092,0.26,0.491,0.598,0.659,0.6490254336105448,0.619101734442179,0.5692289024949024,0.49940693776871553,0.40963584026361816,0.29991560997961,0.17024624691669135,0.020627751074862165],"ascent":[0.092,0.26,0.491,0.598,0.659],"descent-weeks":8.128224582701058,"messages":[],"score":5.337188456551123,"debutScore":0.092,"peakScore":0.659,"duration":3,"genres":[{"instanceSlug":"pop","title":"Pop","parents":[]}],"sources":[],"debutEra":{"slug":1975,"title":1975,"type":"year","decade":1970,"year":1975},"rank":1299}