{"title":"Walk This Way","instanceSlug":2078,"tags":[],"parents":[],"genre":"hard-rock","debut":1977,"playlists":[],"ranks":{"artist:aerosmith":{"rank":7,"total":16},"genre:hard-rock":{"rank":13,"total":31},"decade:1970s":{"rank":193,"total":491},"year:1977":{"rank":19,"total":58}},"artists":[{"slug":"aerosmith","title":"Aerosmith","roleSlug":true}],"scores":[0.09216666666666667,0.3023333333333333,0.47233333333333327,0.5438333333333333,0.5025,0.48383333333333334,0.47,0.45133333333333336,0.42816666666666675,0.4033333333333333,0.3766666666666667,0.35333333333333333,0.33166666666666667,0.30750000000000005,0.28,0.24916666666666668,0.215,0.17750000000000002,0.13666666666666666,0.09250000000000001,0.05516666666666667,0.043666666666666666,0.03366666666666667,0.022833333333333334,0.011166666666666667,0],"score":6.836333333333336,"debutScore":0.09216666666666667,"peakScore":0.5438333333333333,"duration":7,"genres":[{"instanceSlug":"hard-rock","title":"Hard Rock","parents":["rock"]}],"source":{},"debutEra":{"slug":1977,"title":1977,"type":"year","decade":1970,"year":1977},"rank":1367}