{"title":"Gives You Hell","instanceSlug":"2102","tags":[],"parents":[],"genre":"rock","debut":2009,"playlists":[],"ranks":{"artist:all-american-rejects":{"rank":1,"total":1},"genre:rock":{"rank":369,"total":674},"decade:2000s":{"rank":83,"total":123},"year:2009":{"rank":4,"total":8}},"artists":[{"slug":"all-american-rejects","title":"All-American Rejects","type":"","roleSlug":true,"death":"","tags":[]}],"scores":[0.1,0.21,0.312951,0.35561236147633757,0.357477963561,0.3553070949475167,0.34879448910706706,0.3379401460396509,0.32274406574526826,0.30320624822391923,0.2793266934756037,0.2511054015003216,0.2185423722980732,0.1816376058688583,0.14039110221267692,0.09480286132952911,0.04487288321941478,0],"score":2.158057357387355,"debutScore":0.1,"peakScore":0.357477963561,"duration":3,"ascent":[0.1,0.21,0.312951,0.35561236147633757,0.357477963561],"descent-weeks":3.4492309294881145,"ascent-weeks":5.606113360366711,"peak":0.357477963561,"messages":[],"unscored":false,"genres":[{"instanceSlug":"rock","title":"Rock","parents":[]}],"sources":[],"debutEra":{"slug":2009,"title":2009,"type":"year","decade":2000,"year":2009},"rank":2150}