{"title":"Gives You Hell","instanceSlug":"2102","tags":[],"parents":[],"genre":"rock","debut":2009,"playlists":[],"ranks":{"artist:all-american-rejects":{"rank":1,"total":1},"genre:rock":{"rank":348,"total":670},"decade:2000s":{"rank":87,"total":123},"year:2009":{"rank":7,"total":8}},"artists":[{"slug":"all-american-rejects","title":"All-American Rejects","type":"","roleSlug":true,"death":"","tags":[]}],"scores":[0.1,0.21,0.312951,0.35561236147633757,0.357477963561,0.355539273837033,0.34972320466513207,0.3400297560452973,0.3264589279775285,0.3090107204618258,0.2876851334981891,0.26248216708661853,0.233401821227114,0.20044409591967552,0.1636089911643032,0.12289650696099684,0.07830664330975658,0.029839400210582342],"score":4.395467967401391,"debutScore":0.1,"peakScore":0.357477963561,"duration":5,"ascent":[0.1,0.21,0.312951,0.35561236147633757,0.357477963561],"descent-weeks":13.579084268407012,"messages":[],"genres":[{"instanceSlug":"rock","title":"Rock","parents":[]}],"sources":[],"debutEra":{"slug":2009,"title":2009,"type":"year","decade":2000,"year":2009},"rank":2035}