{"title":"Man to Man","instanceSlug":2103,"tags":["#1"],"parents":[],"genre":"country","debut":2003,"playlists":[{"title":"Songs by Solo Males","instanceSlug":"m","tags":[],"parents":[]}],"ranks":{"artist:garry-allan":{"rank":1,"total":2},"genre:country":{"rank":15,"total":89},"playlist:m":{"rank":221,"total":1090},"decade:2000s":{"rank":27,"total":123},"year:2003":{"rank":1,"total":8}},"artists":[{"slug":"garry-allan","title":"Garry Allan","type":{"title":"Solo Male","artists":[],"artistCount":0,"score":0,"artistAdjustedAverage":0,"slug":"m"},"roleSlug":true,"death":"","tags":[]}],"scores":[0.06200821741159169,0.20830894528861146,0.3129502216570068,0.35561236147633757,0.3574779635603355,0.355847589224982,0.35095646621892146,0.3428045945421539,0.33139197419467925,0.31671860517649764,0.2987844874876089,0.2775896211280132,0.2531340060977105,0.2254176423967007,0.1944405300249839,0.16020266898256008,0.12270405926942918,0.0819447008855913,0.03792459383104637],"ascent":[0.06200821741159169,0.20830894528861146,0.3129502216570068,0.35561236147633757,0.3574779635603355],"descent-weeks":14.807473786766046,"messages":[],"score":4.646219248854761,"debutScore":0.06200821741159169,"peakScore":0.3574779635603355,"duration":5,"genres":[{"instanceSlug":"country","title":"Country","parents":[]}],"sources":[],"debutEra":{"slug":2003,"title":2003,"type":"year","decade":2000,"year":2003},"rank":674}