{"title":"Midnight Rider","instanceSlug":"2108","tags":[],"parents":[],"genre":"southern-rock","debut":1974,"playlists":[{"title":"Songs by Solo Males","instanceSlug":"m","tags":[],"parents":[]}],"ranks":{"artist:gregg-allman":{"rank":1,"total":1},"genre:southern-rock":{"rank":1,"total":2},"playlist:m":{"rank":582,"total":1095},"decade:1970s":{"rank":317,"total":547},"year:1974":{"rank":27,"total":42}},"artists":[{"slug":"gregg-allman","title":"Gregg Allman","type":{"title":"Solo Male","artists":[],"artistCount":0,"score":0,"artistAdjustedAverage":0,"slug":"m"},"roleSlug":true,"death":"","tags":[]}],"scores":[0.1,0.21,0.312951,0.35561236147633757,0.357477963561,0.3557454160143011,0.3505477733742044,0.34188503564070993,0.32975720281381765,0.31416427489352755,0.2951062518798397,0.272583133772754,0.2465949205722706,0.21714161227838932,0.18422320889111027,0.14783971041043345,0.10799111683635884,0.06467742816888644,0.017898644408016227],"ascent":[0.1,0.21,0.312951,0.35561236147633757,0.357477963561],"descent-weeks":14.364220283901819,"messages":[],"score":4.582197054991957,"debutScore":0.1,"peakScore":0.357477963561,"duration":5,"genres":[{"instanceSlug":"southern-rock","title":"Southern Rock","parents":["rock"]}],"sources":[],"debutEra":{"slug":1974,"title":1974,"type":"year","decade":1970,"year":1974},"rank":1888}