{"title":"Midnight Rider","instanceSlug":"2108","tags":[],"parents":[],"genre":"southern-rock","debut":1974,"playlists":[{"title":"Songs by Solo Males","instanceSlug":"m","tags":[],"parents":[]}],"ranks":{"artist:gregg-allman":{"rank":1,"total":1},"genre:southern-rock":{"rank":1,"total":2},"playlist:m":{"rank":680,"total":1090},"decade:1970s":{"rank":343,"total":546},"year:1974":{"rank":25,"total":42}},"artists":[{"slug":"gregg-allman","title":"Gregg Allman","type":{"title":"Solo Male","artists":[],"artistCount":0,"score":0,"artistAdjustedAverage":0,"slug":"m"},"roleSlug":true,"death":"","tags":[]}],"scores":[0.1,0.21,0.312951,0.35561236147633757,0.357477963561,0.3500766721121608,0.32787279776564343,0.29086634052144766,0.23905730037957362,0.1724456773400213,0.09103147140279066],"ascent":[0.1,0.21,0.312951,0.35561236147633757,0.357477963561],"descent-weeks":6.949777240763801,"messages":[],"score":2.807391584558975,"debutScore":0.1,"peakScore":0.357477963561,"duration":3,"genres":[{"instanceSlug":"southern-rock","title":"Southern Rock","parents":["rock"]}],"sources":[],"debutEra":{"slug":1974,"title":1974,"type":"year","decade":1970,"year":1974},"rank":2144}