{"title":"I Need You","instanceSlug":2113,"tags":[],"parents":[],"genre":"pop","debut":1972,"playlists":[{"title":"Songs by Groups","instanceSlug":"group","tags":[],"parents":[]}],"ranks":{"artist:america":{"rank":3,"total":9},"genre:pop":{"rank":493,"total":1412},"playlist:group":{"rank":435,"total":1386},"decade:1970s":{"rank":123,"total":524},"year:1972":{"rank":11,"total":31}},"artists":[{"slug":"america","title":"America","type":{"title":"All-Male Group","artists":[],"artistCount":0,"score":0,"artistAdjustedAverage":0,"slug":"mmm"},"roleSlug":true,"death":"","tags":[]}],"scores":[0.10566666666666667,0.2773333333333334,0.4363333333333334,0.5786666666666668,0.6473333333333333,0.6156666666666666,0.5966666666666666,0.5866666666666668,0.5716666666666667,0.5516666666666667,0.5266666666666667,0.49666666666666665,0.46166666666666667,0.4216666666666667,0.37666666666666665,0.32666666666666666,0.27166666666666667,0.21166666666666664,0.14666666666666667,0.09233333333333334,0.04066666666666666,0.004666666666666667,0],"score":8.345333333333333,"debutScore":0.10566666666666667,"peakScore":0.6473333333333333,"duration":6,"genres":[{"instanceSlug":"pop","title":"Pop","parents":[]}],"source":{},"debutEra":{"slug":1972,"title":1972,"type":"year","decade":1970,"year":1972},"messages":[],"rank":1056}