{"title":"I Need You","instanceSlug":2113,"tags":[],"parents":[],"genre":"pop","debut":1972,"playlists":[{"title":"Songs by Groups","instanceSlug":"group","tags":[],"parents":[]}],"ranks":{"artist:america":{"rank":2,"total":9},"genre:pop":{"rank":373,"total":1431},"playlist:group":{"rank":379,"total":1410},"decade:1970s":{"rank":159,"total":546},"year:1972":{"rank":13,"total":33}},"artists":[{"slug":"america","title":"America","type":{"title":"All-Male Group","artists":[],"artistCount":0,"score":0,"artistAdjustedAverage":0,"slug":"mmm"},"roleSlug":true,"death":"","tags":[]}],"scores":[0.10566666666666667,0.2773333333333334,0.4363333333333334,0.5786666666666668,0.6473333333333333,0.6271882008203781,0.5667528032815123,0.46602714071673607,0.3250112131260493,0.143705020509452],"ascent":[0.10566666666666667,0.2773333333333334,0.4363333333333334,0.5786666666666668,0.6473333333333333],"descent-weeks":5.668640576725027,"messages":[],"score":4.174017711787461,"debutScore":0.10566666666666667,"peakScore":0.6473333333333333,"duration":3,"genres":[{"instanceSlug":"pop","title":"Pop","parents":[]}],"sources":[],"debutEra":{"slug":1972,"title":1972,"type":"year","decade":1970,"year":1972},"rank":919}