{"title":"I Need You","instanceSlug":2113,"tags":[],"parents":[],"genre":"pop","debut":1972,"playlists":[{"title":"Songs by Groups","instanceSlug":"group","tags":[],"parents":[]}],"ranks":{"artist:america":{"rank":2,"total":9},"genre:pop":{"rank":196,"total":1430},"playlist:group":{"rank":156,"total":1417},"decade:1970s":{"rank":38,"total":548},"year:1972":{"rank":3,"total":33}},"artists":[{"slug":"america","title":"America","type":{"title":"All-Male Group","artists":[],"artistCount":0,"score":0,"artistAdjustedAverage":0,"slug":"mmm"},"roleSlug":true,"death":"","tags":[]}],"scores":[0.10566666666666667,0.2773333333333334,0.4363333333333334,0.5786666666666668,0.6473333333333333,0.643737543805167,0.6329501752206679,0.6149712275798361,0.5898007008826716,0.5574385951291743,0.5178849103193442,0.4711396464531816,0.41720280353068623,0.356074381551858,0.2877543805166972,0.21224280042520355,0.12953964127737733,0.03964490307321837],"ascent":[0.10566666666666667,0.2773333333333334,0.4363333333333334,0.5786666666666668,0.6473333333333333],"descent-weeks":13.417353244078267,"messages":[],"score":7.515715043098416,"debutScore":0.10566666666666667,"peakScore":0.6473333333333333,"duration":5,"genres":[{"instanceSlug":"pop","title":"Pop","parents":[]}],"sources":[],"debutEra":{"slug":1972,"title":1972,"type":"year","decade":1970,"year":1972},"rank":398}