{"title":"I Need You","instanceSlug":2113,"tags":[],"parents":[],"genre":"pop","debut":1972,"playlists":[{"title":"Songs by Groups","instanceSlug":"group","tags":[],"parents":[]}],"ranks":{"artist:america":{"rank":2,"total":9},"genre:pop":{"rank":187,"total":1431},"playlist:group":{"rank":148,"total":1395},"decade:1970s":{"rank":40,"total":540},"year:1972":{"rank":3,"total":32}},"artists":[{"slug":"america","title":"America","type":{"title":"All-Male Group","artists":[],"artistCount":0,"score":0,"artistAdjustedAverage":0,"slug":"mmm"},"roleSlug":true,"death":"","tags":[]}],"scores":[0.10566666666666667,0.2773333333333334,0.4363333333333334,0.5786666666666668,0.6473333333333333,0.6156666666666666,0.5966666666666666,0.5866666666666668,0.575,0.551,0.516,0.469,0.411,0.34,0.258,0.164,0.059,0],"messages":[],"score":7.187333333333334,"debutScore":0.10566666666666667,"peakScore":0.6473333333333333,"duration":5,"genres":[{"instanceSlug":"pop","title":"Pop","parents":[]}],"sources":[],"debutEra":{"slug":1972,"title":1972,"type":"year","decade":1970,"year":1972},"rank":374}