{"title":"Tin Man","instanceSlug":2115,"tags":["#1"],"parents":[],"genre":"adult-contemporary","debut":1974,"playlists":[],"ranks":{"artist:america":{"rank":4,"total":8},"genre:adult-contemporary":{"rank":37,"total":144},"decade:1970s":{"rank":114,"total":491},"year:1974":{"rank":11,"total":38}},"artists":[{"slug":"america","title":"America","roleSlug":true}],"scores":[0.10566666666666667,0.2773333333333334,0.4363333333333334,0.5786666666666668,0.6473333333333333,0.6156666666666666,0.5966666666666666,0.5866666666666668,0.5716666666666667,0.5516666666666667,0.5266666666666667,0.49666666666666665,0.46166666666666667,0.4216666666666667,0.37666666666666665,0.32666666666666666,0.27166666666666667,0.21166666666666664,0.14666666666666667,0.09233333333333334,0.04066666666666666,0.004666666666666667,0],"score":8.345333333333333,"debutScore":0.10566666666666667,"peakScore":0.6473333333333333,"duration":6,"genres":[{"instanceSlug":"adult-contemporary","title":"Adult Contemporary","parents":[]}],"source":{},"debutEra":{"slug":1974,"title":1974,"type":"year","decade":1970,"year":1974},"rank":924}