{"title":"Lonely People","instanceSlug":2116,"tags":["#1"],"parents":[],"genre":"adult-contemporary","debut":1975,"playlists":[{"title":"Songs by Groups","instanceSlug":"group","tags":[],"parents":[]}],"ranks":{"artist:america":{"rank":3,"total":9},"genre:adult-contemporary":{"rank":33,"total":165},"playlist:group":{"rank":293,"total":1417},"decade:1970s":{"rank":107,"total":548},"year:1975":{"rank":12,"total":48}},"artists":[{"slug":"america","title":"America","type":{"title":"All-Male Group","artists":[],"artistCount":0,"score":0,"artistAdjustedAverage":0,"slug":"mmm"},"roleSlug":true,"death":"","tags":[]}],"scores":[0.10566666666666667,0.2773333333333334,0.4363333333333334,0.5786666666666668,0.6473333333333333,0.6420634544659516,0.6262538178638062,0.5999044235268972,0.5630152714552248,0.5155863616487886,0.4576176941075889,0.38910926883162567,0.31006108582089886,0.22047314507540844,0.12034544659515442,0.0096779903801369],"ascent":[0.10566666666666667,0.2773333333333334,0.4363333333333334,0.5786666666666668,0.6473333333333333],"descent-weeks":11.08316168898045,"messages":[],"score":6.499441293104816,"debutScore":0.10566666666666667,"peakScore":0.6473333333333333,"duration":4,"genres":[{"instanceSlug":"adult-contemporary","title":"Adult Contemporary","parents":[]}],"sources":[],"debutEra":{"slug":1975,"title":1975,"type":"year","decade":1970,"year":1975},"rank":752}