{"title":"Lonely People","instanceSlug":2116,"tags":["#1"],"parents":[],"genre":"adult-contemporary","debut":1975,"playlists":[{"title":"Songs by Groups","instanceSlug":"group","tags":[],"parents":[]}],"ranks":{"artist:america":{"rank":3,"total":9},"genre:adult-contemporary":{"rank":62,"total":165},"playlist:group":{"rank":519,"total":1410},"decade:1970s":{"rank":216,"total":546},"year:1975":{"rank":20,"total":48}},"artists":[{"slug":"america","title":"America","type":{"title":"All-Male Group","artists":[],"artistCount":0,"score":0,"artistAdjustedAverage":0,"slug":"mmm"},"roleSlug":true,"death":"","tags":[]}],"scores":[0.10566666666666667,0.2773333333333334,0.4363333333333334,0.5786666666666668,0.6473333333333333,0.6125976629766162,0.5083906519064647,0.33471230012287917,0.09156260762585922],"ascent":[0.10566666666666667,0.2773333333333334,0.4363333333333334,0.5786666666666668,0.6473333333333333],"descent-weeks":4.316941297631308,"messages":[],"score":3.592596555965153,"debutScore":0.10566666666666667,"peakScore":0.6473333333333333,"duration":3,"genres":[{"instanceSlug":"adult-contemporary","title":"Adult Contemporary","parents":[]}],"sources":[],"debutEra":{"slug":1975,"title":1975,"type":"year","decade":1970,"year":1975},"rank":1299}