{"title":"Lonely People","instanceSlug":2116,"tags":["#1"],"parents":[],"genre":"adult-contemporary","debut":1975,"playlists":[{"title":"Songs by Groups","instanceSlug":"group","tags":[],"parents":[]}],"ranks":{"artist:america":{"rank":2,"total":9},"genre:adult-contemporary":{"rank":32,"total":167},"playlist:group":{"rank":296,"total":1417},"decade:1970s":{"rank":108,"total":559},"year:1975":{"rank":13,"total":48}},"artists":[{"slug":"america","title":"America","type":{"title":"All-Male Group","artists":[],"artistCount":0,"score":0,"artistAdjustedAverage":0,"slug":"mmm"},"roleSlug":true,"death":"","tags":[]}],"scores":[0.10566666666666667,0.2773333333333334,0.4363333333333334,0.5786666666666668,0.6473333333333333,0.6156666666666666,0.6,0.5843333333333334,0.5530000000000002,0.5060000000000003,0.4433333333333339,0.3650000000000009,0.27100000000000124,0.161333333333335,0.03600000000000214,0],"ascent":[0.10566666666666667,0.2773333333333334,0.4363333333333334,0.5786666666666668,0.6473333333333333],"descent-weeks":11.08316168898045,"ascent-weeks":4.739443872296603,"peak":0.6473333333333333,"messages":[],"unscored":false,"score":6.828333333333341,"duration":4,"genres":[{"instanceSlug":"adult-contemporary","title":"Adult Contemporary","parents":[]}],"sources":[],"debutEra":{"slug":1975,"title":1975,"type":"year","decade":1970,"year":1975},"rank":758}