{"title":"Uptight (Everything's Alright)","instanceSlug":2133,"tags":["#1"],"parents":[],"genre":"urban","debut":1966,"playlists":[],"ranks":{"artist:stevie-wonder":{"rank":16,"total":36},"genre:urban":{"rank":99,"total":136},"decade:1960s":{"rank":48,"total":105},"year:1966":{"rank":8,"total":14}},"artists":[{"slug":"stevie-wonder","title":"Stevie Wonder","roleSlug":true}],"scores":[0.10538888888888887,0.2703888888888889,0.39966666666666667,0.44066666666666665,0.41266666666666674,0.39455555555555555,0.384,0.37094444444444447,0.35316666666666663,0.33066666666666666,0.30344444444444446,0.27316666666666667,0.23872222222222225,0.20283333333333334,0.168,0.13238888888888886,0.09883333333333334,0.07044444444444445,0.04938888888888889,0.03688888888888889,0.027166666666666665,0.018555555555555554,0.00938888888888889,0.0005,0],"score":5.091833333333334,"debutScore":0.10538888888888887,"peakScore":0.44066666666666665,"duration":7,"genres":[{"instanceSlug":"urban","title":"Urban / R&B","parents":[]}],"source":{},"debutEra":{"slug":1966,"title":1966,"type":"year","decade":1960,"year":1966},"rank":2064}