{"title":"Behind Blue Eyes","instanceSlug":2159,"tags":[],"genre":"rock","debut":1971,"playlists":[{"title":"Colors","instanceSlug":"colors","tags":[],"parents":[]},{"title":"Body Parts","instanceSlug":"body-parts","tags":[],"parents":[]}],"artists":[{"slug":"who","title":"Who, The","roleSlug":true}],"scores":[0.0695,0.2255,0.33999999999999997,0.43224999999999997,0.4115,0.394,0.38025,0.369,0.35275,0.3315,0.30525,0.27399999999999997,0.24224999999999997,0.21100000000000002,0.176,0.13725,0.09475,0.0485,0.00525,0],"ranks":{"artist:who":{"rank":6,"total":9},"genre:rock":{"rank":356,"total":630},"playlist:colors":{"rank":18,"total":33},"playlist:body-parts":{"rank":2,"total":3},"decade:1970s":{"rank":305,"total":491},"year:1971":{"rank":17,"total":22}},"score":4.8005,"debutScore":0.0695,"peakScore":0.43224999999999997,"duration":5,"genres":[{"instanceSlug":"rock","title":"Rock","parents":[]}],"source":{},"debutEra":{"slug":1971,"title":1971,"type":"year","decade":1970,"year":1971},"rank":1962}