{"title":"I Wouldn't Want to Be Like You","instanceSlug":2210,"tags":[],"parents":[],"genre":"pop","debut":1977,"playlists":[],"ranks":{"artist:alan-parsons-project":{"rank":3,"total":4},"genre:pop":{"rank":1236,"total":1404},"decade:1970s":{"rank":475,"total":517},"year:1977":{"rank":58,"total":62}},"artists":[{"slug":"alan-parsons-project","title":"Alan Parsons Project","roleSlug":true}],"scores":[0.0605,0.1885,0.2435,0.29700000000000004,0.33099999999999996,0.3005,0.2715,0.264,0.2515,0.234,0.2115,0.184,0.1515,0.11399999999999999,0.07150000000000001,0.024,0],"score":3.1985,"debutScore":0.0605,"peakScore":0.33099999999999996,"duration":5,"genres":[{"instanceSlug":"pop","title":"Pop","parents":[]}],"source":{},"debutEra":{"slug":1977,"title":1977,"type":"year","decade":1970,"year":1977},"rank":2907}