{"title":"Daughters","instanceSlug":2220,"tags":[],"parents":[],"genre":"pop","debut":2005,"playlists":[{"title":"Songs by Solo Males","instanceSlug":"m","tags":[],"parents":[]}],"ranks":{"artist:john-mayer":{"rank":2,"total":4},"genre:pop":{"rank":326,"total":1434},"playlist:m":{"rank":226,"total":1121},"decade:2000s":{"rank":33,"total":123},"year:2005":{"rank":3,"total":13}},"artists":[{"slug":"john-mayer","title":"John Mayer","type":{"title":"Solo Male","artists":[],"artistCount":0,"score":0,"artistAdjustedAverage":0,"slug":"m"},"roleSlug":true,"death":"","tags":[]}],"scores":[0.1075,0.55,0.553,0.5755,0.5805,0.574,0.5625199999999999,0.5395599999999999,0.5051199999999999,0.4591999999999999,0.4017999999999999,0.3329199999999999,0.2525599999999999,0.1607199999999999,0.05739999999999988,0],"ascent":[0.1075,0.55,0.553,0.5755,0.5805],"descent-weeks":4.316246144128622,"ascent-weeks":6.11498708010336,"peak":0.5805,"messages":[],"unscored":false,"score":4.036887257777777,"duration":3,"genres":[{"instanceSlug":"pop","title":"Pop","parents":[]}],"sources":[],"debutEra":{"slug":2005,"title":2005,"type":"year","decade":2000,"year":2005},"rank":685}