{"title":"Daughters","instanceSlug":2220,"tags":[],"parents":[],"genre":"pop","debut":2005,"playlists":[],"ranks":{"artist:john-mayer":{"rank":3,"total":4},"genre:pop":{"rank":234,"total":1385},"decade:2000s":{"rank":29,"total":121},"year:2005":{"rank":3,"total":16}},"artists":[{"slug":"john-mayer","title":"John Mayer","roleSlug":true}],"scores":[0.1375,0.44999999999999996,0.653,0.6755,0.6805,0.674,0.6495,0.642,0.6295,0.612,0.5895,0.562,0.5295,0.492,0.4495,0.402,0.34950000000000003,0.292,0.2295,0.18,0.1425,0.1025,0.06,0.015,0],"score":10.199,"debutScore":0.1375,"peakScore":0.6805,"duration":7,"genres":[{"instanceSlug":"pop","title":"Pop","parents":[]}],"source":{},"debutEra":{"slug":2005,"title":2005,"type":"year","decade":2000,"year":2005},"rank":497}