{"title":"Daughters","instanceSlug":2220,"tags":[],"parents":[],"genre":"pop","debut":2005,"playlists":[{"title":"Songs by Solo Males","instanceSlug":"m","tags":[],"parents":[]}],"ranks":{"artist:john-mayer":{"rank":2,"total":4},"genre:pop":{"rank":365,"total":1431},"playlist:m":{"rank":254,"total":1095},"decade:2000s":{"rank":38,"total":123},"year:2005":{"rank":4,"total":13}},"artists":[{"slug":"john-mayer","title":"John Mayer","type":{"title":"Solo Male","artists":[],"artistCount":0,"score":0,"artistAdjustedAverage":0,"slug":"m"},"roleSlug":true,"death":"","tags":[]}],"scores":[0.1075,0.55,0.553,0.5755,0.5805,0.5760624581400514,0.5627498325602057,0.5405621232604628,0.5094993302408227,0.4695614535012856,0.42074849304185125,0.3630604488625197,0.296497320963291,0.22105910934416517,0.1367458140051423,0.04355743494622214],"ascent":[0.1075,0.55,0.553,0.5755,0.5805],"descent-weeks":11.437467700258393,"messages":[],"score":6.506603818866021,"debutScore":0.1075,"peakScore":0.5805,"duration":4,"genres":[{"instanceSlug":"pop","title":"Pop","parents":[]}],"sources":[],"debutEra":{"slug":2005,"title":2005,"type":"year","decade":2000,"year":2005},"rank":746}