{"title":"The Bird","instanceSlug":2256,"tags":[],"parents":[],"genre":"funk-dance","debut":"1985-04","playlists":[],"ranks":{"artist:the-time":{"rank":1,"total":1},"genre:funk-dance":{"rank":5,"total":5},"decade:1980s":{"rank":749,"total":1592},"year:1985":{"rank":66,"total":171}},"artists":[{"slug":"the-time"}],"scores":[0.075,0.232,0.463,0.537,0.582,0.546,0.5100000000000001,0.4380000000000003,0.3300000000000005,0.18600000000000083,0.006000000000001227,0],"ascent":[0.075,0.232,0.463,0.537,0.582],"descent-weeks":1.6691331615120306,"ascent-weeks":4.868556701030928,"peak":0.582,"messages":[],"unscored":false,"score":2.5366236666666677,"duration":2,"genres":[{"title":"Funk Dance","instanceSlug":"funk-dance","parents":["funk","dance"]}],"sources":[],"debutEra":{"slug":"1985-04","title":"April 1985","type":"month","decade":1980,"year":1985,"month":4},"rank":1632}