{"title":"The Bird","instanceSlug":2256,"tags":[],"parents":[],"genre":"funk-dance","debut":"1985-04","playlists":[],"ranks":{"artist:the-time":{"rank":1,"total":1},"genre:funk-dance":{"rank":5,"total":5},"decade:1980s":{"rank":948,"total":1588},"year:1985":{"rank":99,"total":171}},"artists":[{"slug":"the-time"}],"scores":[0.075,0.232,0.463,0.537,0.582,0.569019000225791,0.5300760009031642,0.4651710020321195,0.37430400361265687,0.2574750056447764,0.11468400812847797],"ascent":[0.075,0.232,0.463,0.537,0.582],"descent-weeks":6.695876288659802,"messages":[],"score":4.199729020546986,"debutScore":0.075,"peakScore":0.582,"duration":3,"genres":[{"title":"Funk Dance","instanceSlug":"funk-dance","parents":["funk","dance"]}],"sources":[],"debutEra":{"slug":"1985-04","title":"April 1985","type":"month","decade":1980,"year":1985,"month":4},"rank":2149}