{"title":"Cry Me a River","instanceSlug":2257,"tags":[],"parents":[],"genre":"pop","debut":2003,"playlists":[{"title":"Songs by Solo Males","instanceSlug":"m","tags":[],"parents":[]}],"ranks":{"artist:justin-timberlake":{"rank":2,"total":15},"genre:pop":{"rank":228,"total":1430},"playlist:m":{"rank":144,"total":1105},"decade:2000s":{"rank":22,"total":123},"year:2003":{"rank":1,"total":8}},"artists":[{"slug":"justin-timberlake","title":"Justin Timberlake","type":{"title":"Solo Male","artists":[],"artistCount":0,"score":0,"artistAdjustedAverage":0,"slug":"m"},"roleSlug":true,"death":"","tags":["1990s","2000s","2010s"]}],"scores":[0.1411666666666667,0.45883333333333337,0.5984999999999999,0.6573333333333333,0.671,0.661,0.64778,0.62134,0.58168,0.5287999999999999,0.46269999999999994,0.38337999999999994,0.29083999999999993,0.18507999999999994,0.06609999999999995,0],"ascent":[0.1411666666666667,0.45883333333333337,0.5984999999999999,0.6573333333333333,0.671],"descent-weeks":11.400223546944856,"ascent-weeks":5.648658718330849,"peak":0.671,"messages":[],"score":7.626533333333332,"duration":4,"genres":[{"instanceSlug":"pop","title":"Pop","parents":[]}],"sources":[],"debutEra":{"slug":2003,"title":2003,"type":"year","decade":2000,"year":2003},"rank":461}