{"title":"Rock Your Body","instanceSlug":2258,"tags":[],"parents":[],"genre":"dance-pop","debut":2003,"playlists":[{"title":"Songs by Solo Males","instanceSlug":"m","tags":[],"parents":[]}],"ranks":{"artist:justin-timberlake":{"rank":1,"total":15},"genre:dance-pop":{"rank":15,"total":69},"playlist:m":{"rank":144,"total":1095},"decade:2000s":{"rank":22,"total":123},"year:2003":{"rank":2,"total":8}},"artists":[{"slug":"justin-timberlake","title":"Justin Timberlake","type":{"title":"Solo Male","artists":[],"artistCount":0,"score":0,"artistAdjustedAverage":0,"slug":"m"},"roleSlug":true,"death":"","tags":["1990s","2000s","2010s"]}],"scores":[0.1411666666666667,0.45883333333333337,0.5984999999999999,0.6573333333333333,0.671,0.6658370753694632,0.6503483014778528,0.6245336783251689,0.5883932059114114,0.5419268842365803,0.48513471330067565,0.4180166931036974,0.34057282364564573,0.2528031049265203,0.15470753694632125,0.04628611970504879],"ascent":[0.1411666666666667,0.45883333333333337,0.5984999999999999,0.6573333333333333,0.671],"descent-weeks":11.400223546944856,"messages":[],"score":7.295393470281719,"debutScore":0.1411666666666667,"peakScore":0.671,"duration":4,"genres":[{"instanceSlug":"dance-pop","title":"Dance-Pop","parents":["pop","dance"]}],"sources":[],"debutEra":{"slug":2003,"title":2003,"type":"year","decade":2000,"year":2003},"rank":454}