{"title":"Rock Your Body","instanceSlug":2258,"tags":[],"parents":[],"genre":"dance-pop","debut":2003,"playlists":[],"ranks":{"artist:justin-timberlake":{"rank":1,"total":14},"genre:dance-pop":{"rank":27,"total":63},"decade:2000s":{"rank":46,"total":121},"year:2003":{"rank":6,"total":11}},"artists":[{"slug":"justin-timberlake","title":"Justin Timberlake","roleSlug":true}],"scores":[0.1411666666666667,0.45883333333333337,0.5984999999999999,0.6573333333333333,0.6701666666666667,0.6603333333333333,0.6335,0.6171666666666668,0.6038333333333332,0.5855,0.5621666666666666,0.5338333333333333,0.5005,0.4621666666666666,0.41883333333333334,0.37050000000000005,0.31716666666666665,0.2588333333333333,0.20149999999999998,0.14483333333333334,0.084,0.039,0.011666666666666667,0],"score":9.53133333333333,"debutScore":0.1411666666666667,"peakScore":0.6701666666666667,"duration":6,"genres":[{"instanceSlug":"dance-pop","title":"Dance-Pop","parents":["pop","dance"]}],"source":{},"debutEra":{"slug":2003,"title":2003,"type":"year","decade":2000,"year":2003},"rank":705}