{"title":"Sara Smile","instanceSlug":2263,"tags":[],"parents":[],"genre":"adult-contemporary","debut":1976,"playlists":[],"ranks":{"artist:hall-oates":{"rank":17,"total":22},"genre:adult-contemporary":{"rank":79,"total":158},"decade:1970s":{"rank":256,"total":517},"year:1976":{"rank":21,"total":52}},"artists":[{"slug":"hall-oates","title":"Hall & Oates","roleSlug":true}],"scores":[0.0701271093071829,0.28394402386857354,0.3889176315048811,0.43786219532952614,0.45839996654905507,0.45772083986786816,0.4416428029399219,0.4250319338229188,0.4070311380706887,0.3890384080425445,0.36686964443523196,0.341245005009846,0.31236720954033415,0.2807306633294365,0.24803045518879727,0.21359886361274513,0.1778164000456252,0.14190138386476883,0.11050211479299372,0.07935618362360665,0.04976532992703598,0.02190948948584156,0.0040566945529059,0],"score":6.107865486712329,"debutScore":0.0701271093071829,"peakScore":0.45839996654905507,"duration":6,"genres":[{"instanceSlug":"adult-contemporary","title":"Adult Contemporary","parents":[]}],"source":{},"debutEra":{"slug":1976,"title":1976,"type":"year","decade":1970,"year":1976},"rank":1752}