{"title":"Rich Girl","instanceSlug":2265,"tags":[],"parents":[],"genre":"rock","debut":1977,"playlists":[],"ranks":{"artist:hall-oates":{"rank":10,"total":22},"genre:rock":{"rank":174,"total":631},"decade:1970s":{"rank":142,"total":512},"year:1977":{"rank":14,"total":62}},"artists":[{"slug":"hall-oates","title":"Hall & Oates","roleSlug":true}],"scores":[0.10616666666666663,0.3927500000000001,0.5067499999999999,0.5509166666666667,0.5688333333333334,0.5644166666666667,0.547,0.5296666666666666,0.5126666666666667,0.49474999999999997,0.4718333333333334,0.4439166666666667,0.4109999999999998,0.3730833333333334,0.33375,0.29,0.24166666666666667,0.1905,0.1466666666666667,0.10083333333333333,0.05933333333333334,0.02308333333333333,0.0042499999999999994,0],"score":7.863833333333332,"debutScore":0.10616666666666663,"peakScore":0.5688333333333334,"duration":6,"genres":[{"instanceSlug":"rock","title":"Rock","parents":[]}],"source":{},"debutEra":{"slug":1977,"title":1977,"type":"year","decade":1970,"year":1977},"rank":1148}