{"title":"Strange Magic","instanceSlug":2273,"tags":[],"parents":[],"genre":"orchestral-rock","debut":1976,"playlists":[{"title":"Songs by Groups","instanceSlug":"group","tags":[],"parents":[]}],"ranks":{"artist:electric-light-orchestra":{"rank":3,"total":11},"genre:orchestral-rock":{"rank":4,"total":9},"playlist:group":{"rank":296,"total":1417},"decade:1970s":{"rank":112,"total":548},"year:1976":{"rank":7,"total":52}},"artists":[{"slug":"electric-light-orchestra","title":"Electric Light Orchestra","type":{"title":"All-Male Group","artists":[],"artistCount":0,"score":0,"artistAdjustedAverage":0,"slug":"mmm"},"roleSlug":true,"death":"","tags":["1970s","1980s"]}],"scores":[0.09525,0.26225,0.4125,0.46625,0.471,0.49,0.48743640289295415,0.4797456115718167,0.4669276260365876,0.4489824462872668,0.4259100723238544,0.39771050414635034,0.3643837417547547,0.32592978514906734,0.28234863432928836,0.2336402892954177,0.17980475004745547,0.1208420165854015,0.05675208890925593],"ascent":[0.09525,0.26225,0.4125,0.46625,0.471,0.49],"descent-weeks":13.825255102040817,"messages":[],"score":6.467663969329471,"debutScore":0.09525,"peakScore":0.49,"duration":5,"genres":[{"instanceSlug":"orchestral-rock","title":"Orchestral Rock","parents":["rock"]}],"sources":[],"debutEra":{"slug":1976,"title":1976,"type":"year","decade":1970,"year":1976},"rank":758}