{"title":"More Than a Feeling","instanceSlug":2287,"tags":[],"parents":[],"genre":"rock","debut":1976,"playlists":[],"ranks":{"artist:boston":{"rank":2,"total":3},"genre:rock":{"rank":294,"total":631},"decade:1970s":{"rank":262,"total":515},"year:1976":{"rank":22,"total":52}},"artists":[{"slug":"boston","title":"Boston","roleSlug":true}],"scores":[0.1145,0.3145,0.42200000000000004,0.46399999999999997,0.4515,0.45899999999999996,0.42500000000000004,0.41500000000000004,0.4,0.38,0.355,0.325,0.29000000000000004,0.25,0.205,0.1645,0.1395,0.112,0.082,0.0495,0.0145,0],"score":5.8325000000000005,"debutScore":0.1145,"peakScore":0.46399999999999997,"duration":6,"genres":[{"instanceSlug":"rock","title":"Rock","parents":[]}],"source":{},"debutEra":{"slug":1976,"title":1976,"type":"year","decade":1970,"year":1976},"rank":1794}