{"title":"More Than a Feeling","instanceSlug":2287,"tags":[],"parents":[],"genre":"rock","debut":1976,"playlists":[{"title":"Songs by Groups","instanceSlug":"group","tags":[],"parents":[]}],"ranks":{"artist:boston":{"rank":2,"total":3},"genre:rock":{"rank":207,"total":674},"playlist:group":{"rank":497,"total":1417},"decade:1970s":{"rank":180,"total":559},"year:1976":{"rank":14,"total":54}},"artists":[{"slug":"boston","title":"Boston","type":{"title":"All-Male Group","artists":[],"artistCount":0,"score":0,"artistAdjustedAverage":0,"slug":"mmm"},"roleSlug":true,"death":"","tags":[]}],"scores":[0.1145,0.3145,0.42200000000000004,0.46399999999999997,0.4515,0.45899999999999996,0.42500000000000004,0.41500000000000004,0.4,0.38,0.355,0.325,0.29000000000000004,0.25,0.205,0.1645,0.1395,0.112,0.082,0.0495,0.0145,0],"ascent":[0.1145,0.3145,0.42200000000000004,0.46399999999999997],"descent-weeks":5.633264143318966,"ascent-weeks":4.251077586206897,"peak":0.46399999999999997,"messages":[],"unscored":false,"score":3.057556375,"duration":3,"genres":[{"instanceSlug":"rock","title":"Rock","parents":[]}],"sources":[],"debutEra":{"slug":1976,"title":1976,"type":"year","decade":1970,"year":1976},"rank":1268}