{"title":"Space Oddity","instanceSlug":2289,"tags":[],"parents":[],"genre":"pop","debut":1973,"playlists":[{"title":"Songs by Deceased and Disbanded Artists","instanceSlug":"deceased","tags":[],"parents":[]},{"title":"Rock & Roll Hall of Fame","gloss":"Songs by members of the Rock and Roll Hall of Fame.","instanceSlug":"hof"},{"title":"Songs by Solo Males","instanceSlug":"m","tags":[],"parents":[]}],"ranks":{"artist:david-bowie":{"rank":2,"total":10},"genre:pop":{"rank":674,"total":1431},"playlist:deceased":{"rank":131,"total":334},"playlist:hof":{"rank":408,"total":887},"playlist:m":{"rank":522,"total":1090},"decade:1970s":{"rank":257,"total":546},"year:1973":{"rank":10,"total":35}},"artists":[{"slug":"david-bowie","title":"David Bowie","type":{"title":"Solo Male","artists":[],"artistCount":0,"score":0,"artistAdjustedAverage":0,"slug":"m"},"roleSlug":true,"death":2016,"tags":["1970s","1980s","hof"]}],"scores":[0.1,0.22371428571428573,0.33585714285714285,0.39985714285714286,0.4184285714285714,0.4099095844694356,0.3843526235920281,0.34175768879634905,0.28212478008239833,0.20545389745017592,0.11174504089968189,0.0009982104309161988],"ascent":[0.1,0.22371428571428573,0.33585714285714285,0.39985714285714286,0.4184285714285714],"descent-weeks":7.0083646295664055,"messages":[],"score":3.214198968578128,"debutScore":0.1,"peakScore":0.4184285714285714,"duration":3,"genres":[{"instanceSlug":"pop","title":"Pop","parents":[]}],"sources":[],"debutEra":{"slug":1973,"title":1973,"type":"year","decade":1970,"year":1973},"rank":1615}