{"title":"Space Oddity","instanceSlug":2289,"tags":[],"parents":[],"genre":"pop","debut":1973,"playlists":[{"title":"Songs by Deceased and Disbanded Artists","instanceSlug":"deceased","tags":[],"parents":[]},{"title":"Rock & Roll Hall of Fame","gloss":"Songs by members of the Rock and Roll Hall of Fame.","instanceSlug":"hof"},{"title":"Songs by Solo Males","instanceSlug":"m","tags":[],"parents":[]}],"ranks":{"artist:david-bowie":{"rank":2,"total":10},"genre:pop":{"rank":739,"total":1431},"playlist:deceased":{"rank":168,"total":335},"playlist:hof":{"rank":449,"total":893},"playlist:m":{"rank":571,"total":1095},"decade:1970s":{"rank":290,"total":548},"year:1973":{"rank":23,"total":35}},"artists":[{"slug":"david-bowie","title":"David Bowie","type":{"title":"Solo Male","artists":[],"artistCount":0,"score":0,"artistAdjustedAverage":0,"slug":"m"},"roleSlug":true,"death":2016,"tags":["1970s","1980s","hof"]}],"scores":[0.1,0.22371428571428573,0.33585714285714285,0.39985714285714286,0.4184285714285714,0.41555649995051547,0.4069402855163474,0.39257992812606746,0.37247542777967546,0.34662678447717155,0.31503399821855554,0.27769706900382757,0.2346159968329877,0.18579078170603572,0.13122142362297184,0.07090792258379591,0.004850278588507987],"ascent":[0.1,0.22371428571428573,0.33585714285714285,0.39985714285714286,0.4184285714285714],"descent-weeks":12.070160464322283,"messages":[],"score":4.6321535392636015,"debutScore":0.1,"peakScore":0.4184285714285714,"duration":4,"genres":[{"instanceSlug":"pop","title":"Pop","parents":[]}],"sources":[],"debutEra":{"slug":1973,"title":1973,"type":"year","decade":1970,"year":1973},"rank":1767}