{"title":"Space Oddity","instanceSlug":2289,"tags":[],"parents":[],"genre":"pop","debut":1973,"playlists":[{"title":"Songs by Deceased and Disbanded Artists","instanceSlug":"deceased","tags":[],"parents":[]},{"title":"Rock & Roll Hall of Fame","gloss":"Songs by members of the Rock and Roll Hall of Fame.","instanceSlug":"hof"},{"title":"Songs by Solo Males","instanceSlug":"m","tags":[],"parents":[]}],"ranks":{"artist:david-bowie":{"rank":2,"total":10},"genre:pop":{"rank":722,"total":1430},"playlist:deceased":{"rank":182,"total":345},"playlist:hof":{"rank":463,"total":902},"playlist:m":{"rank":570,"total":1105},"decade:1970s":{"rank":278,"total":550},"year:1973":{"rank":24,"total":35}},"artists":[{"slug":"david-bowie","title":"David Bowie","type":{"title":"Solo Male","artists":[],"artistCount":0,"score":0,"artistAdjustedAverage":0,"slug":"m"},"roleSlug":true,"death":2016,"tags":["1970s","1980s","hof"]}],"scores":[0.1,0.22371428571428573,0.33585714285714285,0.39985714285714286,0.4184285714285714,0.41,0.3889999999999999,0.3755714285714286,0.362,0.34842857142857137,0.3212857142857141,0.28057142857142825,0.22628571428571376,0.15842857142857064,0.0769999999999989,0],"ascent":[0.1,0.22371428571428573,0.33585714285714285,0.39985714285714286,0.4184285714285714],"descent-weeks":12.070160464322283,"ascent-weeks":5.297883236599521,"peak":0.4184285714285714,"messages":[],"score":4.844857142857139,"duration":4,"genres":[{"instanceSlug":"pop","title":"Pop","parents":[]}],"sources":[],"debutEra":{"slug":1973,"title":1973,"type":"year","decade":1970,"year":1973},"rank":1708}