{"title":"Fame","instanceSlug":2290,"tags":[],"parents":[],"genre":"pop","debut":1975,"playlists":[],"ranks":{"artist:david-bowie":{"rank":4,"total":10},"genre:pop":{"rank":861,"total":1382},"decade:1970s":{"rank":300,"total":491},"year:1975":{"rank":34,"total":41}},"artists":[{"slug":"david-bowie","title":"David Bowie","roleSlug":true}],"scores":[0.07257142857142858,0.22371428571428573,0.33585714285714285,0.39985714285714286,0.4184285714285714,0.40857142857142864,0.3889999999999999,0.3755714285714286,0.362,0.3434285714285714,0.3198571428571429,0.2912857142857143,0.2577142857142857,0.21914285714285714,0.17557142857142854,0.13314285714285715,0.09671428571428572,0.06257142857142858,0.04014285714285715,0.02514285714285714,0.01442857142857143,0.003,0],"score":4.967714285714286,"debutScore":0.07257142857142858,"peakScore":0.4184285714285714,"duration":6,"genres":[{"instanceSlug":"pop","title":"Pop","parents":[]}],"source":{},"debutEra":{"slug":1975,"title":1975,"type":"year","decade":1970,"year":1975},"rank":1918}