{"title":"Fame","instanceSlug":2290,"tags":[],"parents":[],"genre":"pop","debut":1975,"playlists":[{"title":"Songs by Deceased and Disbanded Artists","instanceSlug":"deceased","tags":[],"parents":[]},{"title":"Rock & Roll Hall of Fame","gloss":"Songs by members of the Rock and Roll Hall of Fame.","instanceSlug":"hof"},{"title":"Songs by Solo Males","instanceSlug":"m","tags":[],"parents":[]}],"ranks":{"artist:david-bowie":{"rank":3,"total":10},"genre:pop":{"rank":876,"total":1430},"playlist:deceased":{"rank":194,"total":335},"playlist:hof":{"rank":517,"total":893},"playlist:m":{"rank":665,"total":1095},"decade:1970s":{"rank":365,"total":548},"year:1975":{"rank":36,"total":48}},"artists":[{"slug":"david-bowie","title":"David Bowie","type":{"title":"Solo Male","artists":[],"artistCount":0,"score":0,"artistAdjustedAverage":0,"slug":"m"},"roleSlug":true,"death":2016,"tags":["1970s","1980s","hof"]}],"scores":[0.1,0.22371428571428573,0.33585714285714285,0.39985714285714286,0.4184285714285714,0.41481907296605275,0.40399057757849677,0.38594308526590343,0.3606765960282728,0.3281911098656048,0.2884866267778995,0.2415631467651568,0.18742066982737685,0.12605919596455956,0.05747872517670488],"ascent":[0.1,0.22371428571428573,0.33585714285714285,0.39985714285714286,0.4184285714285714],"descent-weeks":10.766814612495729,"messages":[],"score":4.272485949073172,"debutScore":0.1,"peakScore":0.4184285714285714,"duration":4,"genres":[{"instanceSlug":"pop","title":"Pop","parents":[]}],"sources":[],"debutEra":{"slug":1975,"title":1975,"type":"year","decade":1970,"year":1975},"rank":2113}