{"title":"Fame","instanceSlug":2290,"tags":[],"parents":[],"genre":"pop","debut":1975,"playlists":[{"title":"Songs by Deceased and Disbanded Artists","instanceSlug":"deceased","tags":[],"parents":[]},{"title":"Rock & Roll Hall of Fame","gloss":"Songs by members of the Rock and Roll Hall of Fame.","instanceSlug":"hof"},{"title":"Songs by Solo Males","instanceSlug":"m","tags":[],"parents":[]}],"ranks":{"artist:david-bowie":{"rank":2,"total":11},"genre:pop":{"rank":875,"total":1434},"playlist:deceased":{"rank":194,"total":345},"playlist:hof":{"rank":519,"total":917},"playlist:m":{"rank":670,"total":1121},"decade:1970s":{"rank":365,"total":559},"year:1975":{"rank":36,"total":48}},"artists":[{"slug":"david-bowie","title":"David Bowie","type":{"title":"Solo Male","artists":[],"artistCount":0,"score":0,"artistAdjustedAverage":0,"slug":"m"},"roleSlug":true,"death":2016,"tags":["1970s","1980s","hof"]}],"scores":[0.1,0.22371428571428573,0.33585714285714285,0.39985714285714286,0.4184285714285714,0.41,0.39,0.375,0.36,0.32999999999999996,0.2849999999999999,0.22499999999999987,0.1499999999999998,0.05999999999999972,0],"ascent":[0.1,0.22371428571428573,0.33585714285714285,0.39985714285714286,0.4184285714285714],"descent-weeks":10.766814612495729,"ascent-weeks":5.297883236599521,"peak":0.4184285714285714,"messages":[],"unscored":false,"score":4.481285714285713,"duration":4,"genres":[{"instanceSlug":"pop","title":"Pop","parents":[]}],"sources":[],"debutEra":{"slug":1975,"title":1975,"type":"year","decade":1970,"year":1975},"rank":2125}