{"title":"Golden Years","instanceSlug":2291,"tags":[],"parents":[],"genre":"pop","debut":1976,"playlists":[{"title":"Songs by Deceased and Disbanded Artists","instanceSlug":"deceased","tags":[],"parents":[]},{"title":"Rock & Roll Hall of Fame","gloss":"Songs by members of the Rock and Roll Hall of Fame.","instanceSlug":"hof"},{"title":"Songs by Solo Males","instanceSlug":"m","tags":[],"parents":[]}],"ranks":{"artist:david-bowie":{"rank":4,"total":10},"genre:pop":{"rank":1003,"total":1431},"playlist:deceased":{"rank":220,"total":335},"playlist:hof":{"rank":604,"total":893},"playlist:m":{"rank":758,"total":1095},"decade:1970s":{"rank":419,"total":548},"year:1976":{"rank":38,"total":52}},"artists":[{"slug":"david-bowie","title":"David Bowie","type":{"title":"Solo Male","artists":[],"artistCount":0,"score":0,"artistAdjustedAverage":0,"slug":"m"},"roleSlug":true,"death":2016,"tags":["1970s","1980s","hof"]}],"scores":[0.1,0.22371428571428573,0.33585714285714285,0.39985714285714286,0.4184285714285714,0.4130848926021322,0.3970538561228146,0.37033546199061856,0.3329297102055442,0.28483660076759126,0.22605613367676008,0.1565883089330504,0.07643312653646239],"ascent":[0.1,0.22371428571428573,0.33585714285714285,0.39985714285714286,0.4184285714285714],"descent-weeks":8.848924547627183,"messages":[],"score":3.7351752336921162,"debutScore":0.1,"peakScore":0.4184285714285714,"duration":3,"genres":[{"instanceSlug":"pop","title":"Pop","parents":[]}],"sources":[],"debutEra":{"slug":1976,"title":1976,"type":"year","decade":1970,"year":1976},"rank":2406}