{"title":"Golden Years","instanceSlug":2291,"tags":[],"parents":[],"genre":"pop","debut":1976,"playlists":[],"ranks":{"artist:david-bowie":{"rank":5,"total":10},"genre:pop":{"rank":884,"total":1394},"decade:1970s":{"rank":315,"total":502},"year:1976":{"rank":30,"total":50}},"artists":[{"slug":"david-bowie","title":"David Bowie","roleSlug":true}],"scores":[0.07257142857142858,0.22371428571428573,0.33585714285714285,0.39985714285714286,0.4184285714285714,0.40857142857142864,0.3889999999999999,0.3755714285714286,0.362,0.3434285714285714,0.3198571428571429,0.2912857142857143,0.2577142857142857,0.21914285714285714,0.17557142857142854,0.13314285714285715,0.09671428571428572,0.06257142857142858,0.04014285714285715,0.02514285714285714,0.01442857142857143,0.003,0],"score":4.967714285714286,"debutScore":0.07257142857142858,"peakScore":0.4184285714285714,"duration":6,"genres":[{"instanceSlug":"pop","title":"Pop","parents":[]}],"source":{},"debutEra":{"slug":1976,"title":1976,"type":"year","decade":1970,"year":1976},"rank":1993}