{"title":"Carry On Wayward Son","instanceSlug":2314,"tags":[],"genre":"rock","debut":1977,"playlists":[{"title":"Songs by Groups","instanceSlug":"group","tags":[],"parents":[]}],"artists":[{"slug":"kansas","title":"Kansas","type":{"title":"All-Male Group","artists":[],"artistCount":0,"score":0,"artistAdjustedAverage":0,"slug":"mmm"},"roleSlug":true,"death":"","tags":[]}],"scores":[0.075,0.145,0.22,0.25,0.27,0.29,0.31,0.30709526308059726,0.29838105232238915,0.2838573677253755,0.2635242092895565,0.23738157701493204,0.20542947090150213,0.16766789094926676,0.12409683715822599,0.07471630952837972,0.019526308059728086],"ascent":[0.075,0.145,0.22,0.25,0.27,0.29,0.31],"descent-weeks":10.330645161290317,"messages":[],"ranks":{"artist:kansas":{"rank":1,"total":5},"genre:rock":{"rank":430,"total":670},"playlist:group":{"rank":994,"total":1416},"decade:1970s":{"rank":432,"total":547},"year:1977":{"rank":51,"total":64}},"score":3.5416762860299533,"debutScore":0.075,"peakScore":0.31,"duration":4,"genres":[{"instanceSlug":"rock","title":"Rock","parents":[]}],"sources":[],"debutEra":{"slug":1977,"title":1977,"type":"year","decade":1970,"year":1977},"rank":2493}