{"title":"Carry On Wayward Son","instanceSlug":2314,"tags":[],"genre":"rock","debut":1977,"playlists":[{"title":"Songs by Groups","instanceSlug":"group","tags":[],"parents":[]}],"artists":[{"slug":"kansas","title":"Kansas","type":{"title":"All-Male Group","artists":[],"artistCount":0,"score":0,"artistAdjustedAverage":0,"slug":"mmm"},"roleSlug":true,"death":"","tags":[]}],"scores":[0.075,0.145,0.22,0.25,0.27,0.29,0.31,0.305,0.295,0.285,0.26499999999999996,0.23499999999999993,0.1949999999999999,0.14499999999999985,0.0849999999999998,0.014999999999999736,0],"ascent":[0.075,0.145,0.22,0.25,0.27,0.29,0.31],"descent-weeks":10.330645161290317,"ascent-weeks":7.548387096774193,"peak":0.31,"messages":[],"ranks":{"artist:kansas":{"rank":1,"total":5},"genre:rock":{"rank":438,"total":674},"playlist:group":{"rank":997,"total":1417},"decade:1970s":{"rank":435,"total":559},"year:1977":{"rank":52,"total":66}},"unscored":false,"score":3.6949999999999985,"duration":5,"genres":[{"instanceSlug":"rock","title":"Rock","parents":[]}],"sources":[],"debutEra":{"slug":1977,"title":1977,"type":"year","decade":1970,"year":1977},"rank":2516}