{"title":"Keep It Coming Love","instanceSlug":2320,"tags":["#1","#1-r&b"],"genre":"disco","debut":1977,"playlists":[{"title":"Songs by Groups","instanceSlug":"group","tags":[],"parents":[]}],"artists":[{"slug":"kc","title":"KC & the Sunshine Band","type":{"title":"All-Male Group","artists":[],"artistCount":0,"score":0,"artistAdjustedAverage":0,"slug":"mmm"},"roleSlug":true,"death":"","tags":[]}],"scores":[0.065,0.3255,0.492,0.5525,0.5775,0.5915,0.569,0.5615,0.55,0.5385000000000001,0.5155000000000002,0.4810000000000003,0.4350000000000005,0.3775000000000007,0.308500000000001,0.2280000000000013,0.13600000000000168,0.03250000000000208,0],"ascent":[0.065,0.3255,0.492,0.5525,0.5775,0.5915],"descent-weeks":13.502535925612868,"ascent-weeks":6.603550295857988,"peak":0.5915,"messages":[],"ranks":{"artist:kc":{"rank":1,"total":8},"genre:disco":{"rank":6,"total":46},"playlist:group":{"rank":152,"total":1417},"decade:1970s":{"rank":34,"total":559},"year:1977":{"rank":4,"total":66}},"unscored":false,"score":7.928500000000008,"duration":5,"genres":[{"instanceSlug":"disco","title":"Disco","parents":["dance"]}],"sources":[],"debutEra":{"slug":1977,"title":1977,"type":"year","decade":1970,"year":1977},"rank":392}