{"title":"Keep It Coming Love","instanceSlug":2320,"tags":["#1","#1-r&b"],"genre":"disco","debut":1977,"playlists":[{"title":"Songs by Groups","instanceSlug":"group","tags":[],"parents":[]}],"artists":[{"slug":"kc","title":"KC & the Sunshine Band","type":{"title":"All-Male Group","artists":[],"artistCount":0,"score":0,"artistAdjustedAverage":0,"slug":"mmm"},"roleSlug":true,"death":"","tags":[]}],"scores":[0.065,0.3255,0.492,0.5525,0.5775,0.5915,0.5882556771447048,0.5785227085788194,0.5623010943023435,0.5395908343152773,0.5103919286176208,0.47470437720937403,0.43252818009053684,0.3838633372611093,0.32870984872109155,0.26706771447048333,0.19893693450928482,0.12431750883749595,0.04320943745511679],"ascent":[0.065,0.3255,0.492,0.5525,0.5775,0.5915],"descent-weeks":13.502535925612868,"messages":[],"ranks":{"artist:kc":{"rank":1,"total":8},"genre:disco":{"rank":5,"total":43},"playlist:group":{"rank":149,"total":1416},"decade:1970s":{"rank":36,"total":547},"year:1977":{"rank":4,"total":64}},"score":7.636399581513258,"debutScore":0.065,"peakScore":0.5915,"duration":5,"genres":[{"instanceSlug":"disco","title":"Disco","parents":["dance"]}],"sources":[],"debutEra":{"slug":1977,"title":1977,"type":"year","decade":1970,"year":1977},"rank":368}