{"title":"Mr. Brightside","instanceSlug":2339,"tags":[],"parents":[],"genre":"rock","debut":21,"playlists":[],"ranks":{"artist:killers":{"rank":1,"total":1},"genre:rock":{"rank":329,"total":671}},"artists":[{"slug":"killers","title":"Killers","type":{"title":"Group (deprecated)","artists":[],"artistCount":0,"score":0,"artistAdjustedAverage":0,"slug":"g"},"roleSlug":true,"death":"","tags":[]}],"scores":[0.1,0.21,0.312951,0.35561236147633757,0.357477963561,0.3446276515977258,0.3289181,0.31523776166182677,0.31,0.3038,0.2914,0.2728,0.248,0.217,0.17980000000000002,0.13640000000000002,0.08680000000000003,0.03100000000000004,0],"ascent":[0.1,0.21,0.312951,0.35561236147633757,0.357477963561],"descent-weeks":14.364220283901819,"ascent-weeks":5.606113360366711,"peak":0.357477963561,"messages":[],"score":4.759302801857891,"duration":5,"genres":[{"instanceSlug":"rock","title":"Rock","parents":[]}],"sources":[],"debutEra":{"slug":21,"title":21},"rank":1965}