{"title":"Miracles","instanceSlug":2368,"tags":[],"parents":[],"genre":"pop","debut":1975,"playlists":[],"ranks":{"artist:starship":{"rank":6,"total":13},"genre:pop":{"rank":990,"total":1405},"decade:1970s":{"rank":347,"total":517},"year:1975":{"rank":40,"total":46}},"artists":[{"slug":"starship","title":"Jefferson Airplane / Jefferson Starship / Starship","roleSlug":true}],"scores":[0.04933333333333332,0.2611666666666667,0.41583333333333344,0.3996666666666666,0.3651666666666667,0.3343333333333333,0.3218333333333333,0.30683333333333335,0.2851666666666667,0.2676666666666667,0.24766666666666662,0.224,0.2031666666666667,0.17900000000000002,0.1515,0.12066666666666669,0.09216666666666667,0.0655,0.036333333333333336,0.013833333333333335,0.0013333333333333333,0],"score":4.342166666666667,"debutScore":0.04933333333333332,"peakScore":0.41583333333333344,"duration":6,"genres":[{"instanceSlug":"pop","title":"Pop","parents":[]}],"source":{},"debutEra":{"slug":1975,"title":1975,"type":"year","decade":1970,"year":1975},"rank":2278}