{"title":"Love Fire","instanceSlug":2382,"tags":[],"parents":[],"genre":"pop","debut":1976,"playlists":[{"title":"Songs by Groups","instanceSlug":"group","tags":[],"parents":[]}],"ranks":{"artist:jigsaw":{"rank":2,"total":2},"genre:pop":{"rank":1010,"total":1434},"playlist:group":{"rank":936,"total":1417},"decade:1970s":{"rank":408,"total":559},"year:1976":{"rank":36,"total":54}},"artists":[{"slug":"jigsaw","title":"Jigsaw","type":{"title":"All-Male Group","artists":[],"artistCount":0,"score":0,"artistAdjustedAverage":0,"slug":"mmm"},"roleSlug":true,"death":"","tags":[]}],"scores":[0.1,0.21,0.312951,0.35561236147633757,0.357477963561,0.3446276515977258,0.3289181,0.31523776166182677,0.3,0.2847622383381732,0.25428671501451966,0.20857343002903933,0.14762238338173223,0.07143357507259834,0],"ascent":[0.1,0.21,0.312951,0.35561236147633757,0.357477963561],"descent-weeks":2.405381386005661,"ascent-weeks":5.606113360366711,"peak":0.357477963561,"messages":[],"unscored":false,"score":1.9092885513418971,"duration":2,"genres":[{"instanceSlug":"pop","title":"Pop","parents":[]}],"sources":[],"debutEra":{"slug":1976,"title":1976,"type":"year","decade":1970,"year":1976},"rank":2392}