{"title":"Love Fire","instanceSlug":2382,"tags":[],"parents":[],"genre":"pop","debut":1976,"playlists":[{"title":"Songs by Groups","instanceSlug":"group","tags":[],"parents":[]}],"ranks":{"artist:jigsaw":{"rank":2,"total":2},"genre:pop":{"rank":1000,"total":1431},"playlist:group":{"rank":947,"total":1417},"decade:1970s":{"rank":416,"total":548},"year:1976":{"rank":36,"total":52}},"artists":[{"slug":"jigsaw","title":"Jigsaw","type":{"title":"All-Male Group","artists":[],"artistCount":0,"score":0,"artistAdjustedAverage":0,"slug":"mmm"},"roleSlug":true,"death":"","tags":[]}],"scores":[0.1,0.21,0.312951,0.35561236147633757,0.357477963561,0.35450419960456364,0.3455829077352547,0.3307140879530731,0.3098977402580189,0.28313386465009205,0.2504224611292925,0.2117635296956204,0.16715707034907565,0.11660308308965826,0.0601015679173682],"ascent":[0.1,0.21,0.312951,0.35561236147633757,0.357477963561],"descent-weeks":10.964059683405116,"messages":[],"score":3.7659218374193544,"debutScore":0.1,"peakScore":0.357477963561,"duration":4,"genres":[{"instanceSlug":"pop","title":"Pop","parents":[]}],"sources":[],"debutEra":{"slug":1976,"title":1976,"type":"year","decade":1970,"year":1976},"rank":2390}