{"title":"Love Fire","instanceSlug":2382,"tags":[],"parents":[],"genre":"pop","debut":1976,"playlists":[{"title":"Songs by Groups","instanceSlug":"group","tags":[],"parents":[]}],"ranks":{"artist:jigsaw":{"rank":2,"total":2},"genre:pop":{"rank":908,"total":1431},"playlist:group":{"rank":891,"total":1410},"decade:1970s":{"rank":365,"total":546},"year:1976":{"rank":34,"total":52}},"artists":[{"slug":"jigsaw","title":"Jigsaw","type":{"title":"All-Male Group","artists":[],"artistCount":0,"score":0,"artistAdjustedAverage":0,"slug":"mmm"},"roleSlug":true,"death":"","tags":[]}],"scores":[0.1,0.21,0.312951,0.35561236147633757,0.357477963561,0.34998648266605215,0.32751203998120865,0.29005463550646954,0.23761426924183474,0.17019094118730424,0.08778465134287819],"ascent":[0.1,0.21,0.312951,0.35561236147633757,0.357477963561],"descent-weeks":6.907816612336308,"messages":[],"score":2.7991843449630855,"debutScore":0.1,"peakScore":0.357477963561,"duration":3,"genres":[{"instanceSlug":"pop","title":"Pop","parents":[]}],"sources":[],"debutEra":{"slug":1976,"title":1976,"type":"year","decade":1970,"year":1976},"rank":2199}