{"title":"Piano Man","instanceSlug":2387,"tags":[],"parents":[],"genre":"pop","debut":1974,"playlists":[],"ranks":{"artist:billy-joel":{"rank":22,"total":30},"genre:pop":{"rank":475,"total":1404},"decade:1970s":{"rank":114,"total":517},"year:1974":{"rank":8,"total":39}},"artists":[{"slug":"billy-joel","title":"Billy Joel","roleSlug":true}],"scores":[0.14100000000000004,0.36080000000000007,0.5130499999999999,0.60295,0.5949,0.5884,0.5744,0.55705,0.5385000000000001,0.5150000000000001,0.49004999999999993,0.4601499999999999,0.42765,0.3904,0.34895000000000004,0.3052,0.26165000000000005,0.21835000000000004,0.17555,0.13905,0.10055,0.060149999999999995,0.025899999999999996,0.01155,0.00625,0.0017500000000000003,0],"score":8.409199999999998,"debutScore":0.14100000000000004,"peakScore":0.60295,"duration":7,"genres":[{"instanceSlug":"pop","title":"Pop","parents":[]}],"source":{},"debutEra":{"slug":1974,"title":1974,"type":"year","decade":1970,"year":1974},"rank":1017}