{"title":"Saturday Night's Alright for Fighting","instanceSlug":2403,"tags":[],"parents":[],"genre":"pop","debut":1973,"playlists":[],"ranks":{"artist:elton-john":{"rank":15,"total":34},"genre:pop":{"rank":268,"total":1382},"decade:1970s":{"rank":53,"total":491},"year:1973":{"rank":6,"total":33}},"artists":[{"slug":"elton-john","title":"Elton John","roleSlug":true}],"scores":[0.11657142857142858,0.56,0.6698571428571428,0.6894285714285714,0.678,0.6498571428571429,0.6372857142857143,0.6244285714285713,0.6065714285714285,0.5837142857142857,0.5558571428571428,0.5272857142857144,0.4944285714285714,0.4572857142857143,0.41585714285714287,0.3701428571428571,0.3201428571428572,0.27142857142857146,0.22214285714285714,0.1692857142857143,0.11285714285714286,0.05585714285714286,0.01742857142857143,0],"score":9.805714285714284,"debutScore":0.11657142857142858,"peakScore":0.6894285714285714,"duration":6,"genres":[{"instanceSlug":"pop","title":"Pop","parents":[]}],"source":{},"debutEra":{"slug":1973,"title":1973,"type":"year","decade":1970,"year":1973},"rank":572}