{"title":"Don't Go Breaking My Heart","instanceSlug":2410,"tags":["#1","#1-adult-contemporary","#1-hot-100"],"parents":[],"genre":"pop","debut":1976,"playlists":[],"ranks":{"artist:elton-john":{"rank":21,"total":34},"artist:kiki-dee":{"rank":1,"total":1},"genre:pop":{"rank":270,"total":1382},"decade:1970s":{"rank":55,"total":491},"year:1976":{"rank":6,"total":48}},"artists":[{"slug":"elton-john","title":"Elton John","roleSlug":true},{"slug":"kiki-dee","title":"Kiki Dee","roleSlug":true}],"scores":[0.11657142857142858,0.56,0.6698571428571428,0.6894285714285714,0.678,0.6498571428571429,0.6372857142857143,0.6244285714285713,0.6065714285714285,0.5837142857142857,0.5558571428571428,0.5272857142857144,0.4944285714285714,0.4572857142857143,0.41585714285714287,0.3701428571428571,0.3201428571428572,0.27142857142857146,0.22214285714285714,0.1692857142857143,0.11285714285714286,0.05585714285714286,0.01742857142857143,0],"score":9.805714285714284,"debutScore":0.11657142857142858,"peakScore":0.6894285714285714,"duration":6,"genres":[{"instanceSlug":"pop","title":"Pop","parents":[]}],"source":{},"debutEra":{"slug":1976,"title":1976,"type":"year","decade":1970,"year":1976},"rank":560}