{"title":"Don't Cha","instanceSlug":2427,"tags":[],"parents":[],"genre":"dance-pop","debut":2005,"playlists":[{"title":"Songs by Groups","instanceSlug":"group","tags":[],"parents":[]}],"ranks":{"artist:pussycat-dolls":{"rank":1,"total":2},"genre:dance-pop":{"rank":45,"total":68},"playlist:group":{"rank":752,"total":1417},"decade:2000s":{"rank":67,"total":123},"year:2005":{"rank":8,"total":13}},"artists":[{"slug":"pussycat-dolls","title":"Pussycat Dolls","type":{"title":"All-Female Group","artists":[],"artistCount":0,"score":0,"artistAdjustedAverage":0,"slug":"fff"},"roleSlug":true,"death":"","tags":[]}],"scores":[0.06200821741159169,0.20830894528861146,0.3129502216570068,0.35561236147633757,0.3574779635603355,0.3446276515977258,0.32891805429767385,0.31523776166182677,0.30042162719800025,0.2833026661554992,0.2643212410031802,0.24289242606706696,0.21959493334585015,0.19466120793610409,0.1685894531254616,0.14210166436832847,0.11600004299049087,0.09098520352380506,0.06767556150528035,0.04664449376949029,0.029256418423981474,0.01618867931401627,0.0031209402040510634,0],"ascent":[0.06200821741159169,0.20830894528861146,0.3129502216570068,0.35561236147633757,0.3574779635603355],"descent-weeks":3.97551540969843,"ascent-weeks":5.439598415309378,"peak":0.3574779635603355,"messages":[],"unscored":false,"score":2.2437971445683678,"duration":3,"genres":[{"instanceSlug":"dance-pop","title":"Dance-Pop","parents":["pop","dance"]}],"sources":[],"debutEra":{"slug":2005,"title":2005,"type":"year","decade":2000,"year":2005},"rank":1857}