{"title":"Somebody to Love","instanceSlug":2433,"tags":[],"parents":[],"genre":"rock","debut":1977,"playlists":[{"title":"Ballads","instanceSlug":"ballad","tags":[],"parents":[]}],"ranks":{"artist:queen":{"rank":6,"total":14},"genre:rock":{"rank":334,"total":633},"playlist:ballad":{"rank":93,"total":134},"decade:1970s":{"rank":288,"total":517},"year:1977":{"rank":32,"total":62}},"artists":[{"slug":"queen","title":"Queen","roleSlug":true}],"scores":[0.06566666666666666,0.22566666666666668,0.37600000000000006,0.49466666666666664,0.44966666666666666,0.4446666666666666,0.4346666666666666,0.4196666666666667,0.39966666666666667,0.3746666666666667,0.3446666666666667,0.30966666666666665,0.26966666666666667,0.22466666666666665,0.17466666666666666,0.129,0.08900000000000001,0.04566666666666667,0.012666666666666666,0],"score":5.284666666666668,"debutScore":0.06566666666666666,"peakScore":0.49466666666666664,"duration":5,"genres":[{"instanceSlug":"rock","title":"Rock","parents":[]}],"source":{},"debutEra":{"slug":1977,"title":1977,"type":"year","decade":1970,"year":1977},"rank":1981}