{"title":"Knockin' On Heaven's Door","instanceSlug":2455,"tags":[],"parents":[],"genre":"folk-rock","debut":1973,"playlists":[],"ranks":{"artist:bob-dylan":{"rank":3,"total":5},"genre:folk-rock":{"rank":3,"total":4},"decade:1970s":{"rank":216,"total":517},"year:1973":{"rank":15,"total":34}},"artists":[{"slug":"bob-dylan","title":"Bob Dylan","roleSlug":true}],"scores":[0.0975,0.2535,0.4015,0.569,0.5205,0.5155,0.5055000000000001,0.49050000000000005,0.47050000000000003,0.4455,0.4155,0.38050000000000006,0.3405,0.2955,0.2455,0.1905,0.1555,0.123,0.088,0.0505,0.0105,0],"score":6.565000000000001,"debutScore":0.0975,"peakScore":0.569,"duration":6,"genres":[{"instanceSlug":"folk-rock","title":"Folk Rock","parents":["rock"]}],"source":{},"debutEra":{"slug":1973,"title":1973,"type":"year","decade":1970,"year":1973},"rank":1581}