{"title":"Already Gone","instanceSlug":2461,"tags":[],"parents":[],"genre":"rock","debut":1974,"playlists":[],"ranks":{"artist:eagles":{"rank":2,"total":16},"artist:glenn-frey":{"rank":3,"total":5},"genre:rock":{"rank":336,"total":630},"decade:1970s":{"rank":287,"total":506},"year:1974":{"rank":21,"total":38}},"artists":[{"slug":"eagles","title":"Eagles","roleSlug":true},{"slug":"glenn-frey"}],"scores":[0.0455,0.21900000000000003,0.3285,0.39049999999999996,0.4245,0.424,0.401,0.3915,0.3735,0.3345,0.32199999999999995,0.3045,0.28200000000000003,0.2545,0.222,0.1845,0.14200000000000002,0.0945,0.042,0.0135,0],"score":5.194,"debutScore":0.0455,"peakScore":0.4245,"duration":6,"genres":[{"instanceSlug":"rock","title":"Rock","parents":[]}],"source":{},"debutEra":{"slug":1974,"title":1974,"type":"year","decade":1970,"year":1974},"rank":1921}