{"title":"Take It to the Limit","instanceSlug":2463,"tags":[],"parents":[],"genre":"soft-rock","debut":1976,"playlists":[],"ranks":{"artist:eagles":{"rank":11,"total":16},"artist:randy-meisner":{"rank":1,"total":1},"genre:soft-rock":{"rank":13,"total":21},"decade:1970s":{"rank":274,"total":491},"year:1976":{"rank":26,"total":48}},"artists":[{"slug":"eagles","title":"Eagles","roleSlug":true},{"slug":"randy-meisner","title":"Randy Meisner","roleSlug":"lead"}],"scores":[0.0455,0.21900000000000003,0.3285,0.39049999999999996,0.4245,0.424,0.401,0.3915,0.3735,0.3345,0.32199999999999995,0.3045,0.28200000000000003,0.2545,0.222,0.1845,0.14200000000000002,0.0945,0.042,0.0135,0],"score":5.194,"debutScore":0.0455,"peakScore":0.4245,"duration":6,"genres":[{"instanceSlug":"soft-rock","title":"Soft Rock","parents":["rock"]}],"source":{},"debutEra":{"slug":1976,"title":1976,"type":"year","decade":1970,"year":1976},"rank":1843}