{"title":"Angel in Your Arms","instanceSlug":2480,"tags":[],"parents":[],"genre":"pop","debut":1977,"playlists":[{"title":"Songs by Groups","instanceSlug":"group","tags":[],"parents":[]}],"ranks":{"artist:hot":{"rank":1,"total":1},"genre:pop":{"rank":907,"total":1431},"playlist:group":{"rank":864,"total":1417},"decade:1970s":{"rank":381,"total":548},"year:1977":{"rank":44,"total":64}},"artists":[{"slug":"hot","title":"Hot","type":{"title":"All-Male Group","artists":[],"artistCount":0,"score":0,"artistAdjustedAverage":0,"slug":"mmm"},"roleSlug":true,"death":"","tags":[]}],"scores":[0.1,0.21,0.312951,0.35561236147633757,0.357477963561,0.3552106775531888,0.3484088195297554,0.3370723894906997,0.3212013874360217,0.3007958133657214,0.2758556672797989,0.24638094917825404,0.2123716590610869,0.17382779692829753,0.13074936277988577,0.08313635661585182,0.030988778436195515],"ascent":[0.1,0.21,0.312951,0.35561236147633757,0.357477963561],"descent-weeks":12.55658334619241,"messages":[],"score":4.152040982692095,"debutScore":0.1,"peakScore":0.357477963561,"duration":4,"genres":[{"instanceSlug":"pop","title":"Pop","parents":[]}],"sources":[],"debutEra":{"slug":1977,"title":1977,"type":"year","decade":1970,"year":1977},"rank":2185}