{"title":"Angel in Your Arms","instanceSlug":2480,"tags":[],"parents":[],"genre":"pop","debut":1977,"playlists":[{"title":"Songs by Groups","instanceSlug":"group","tags":[],"parents":[]}],"ranks":{"artist:hot":{"rank":1,"total":1},"genre:pop":{"rank":525,"total":1431},"playlist:group":{"rank":515,"total":1410},"decade:1970s":{"rank":213,"total":546},"year:1977":{"rank":31,"total":64}},"artists":[{"slug":"hot","title":"Hot","type":{"title":"All-Male Group","artists":[],"artistCount":0,"score":0,"artistAdjustedAverage":0,"slug":"mmm"},"roleSlug":true,"death":"","tags":[]}],"scores":[0.1,0.21,0.312951,0.35561236147633757,0.357477963561,0.3540869037439451,0.3439137242927805,0.3269584252075062,0.30322100648812206,0.27270146813462826,0.23539981014702469,0.19131603252531146,0.14045013526948838,0.08280211837955556,0.018371981855513107],"ascent":[0.1,0.21,0.312951,0.35561236147633757,0.357477963561],"descent-weeks":10.267315613860273,"messages":[],"score":3.6052629310812128,"debutScore":0.1,"peakScore":0.357477963561,"duration":4,"genres":[{"instanceSlug":"pop","title":"Pop","parents":[]}],"sources":[],"debutEra":{"slug":1977,"title":1977,"type":"year","decade":1970,"year":1977},"rank":1290}