{"title":"Emma","instanceSlug":2481,"tags":[],"parents":[],"genre":"pop","debut":1975,"playlists":[{"title":"Songs by Groups","instanceSlug":"group","tags":[],"parents":[]}],"ranks":{"artist:hot-chocolate":{"rank":2,"total":3},"genre:pop":{"rank":676,"total":1431},"playlist:group":{"rank":638,"total":1416},"decade:1970s":{"rank":262,"total":547},"year:1975":{"rank":28,"total":48}},"artists":[{"slug":"hot-chocolate","title":"Hot Chocolate","type":{"title":"All-Male Group","artists":[],"artistCount":0,"score":0,"artistAdjustedAverage":0,"slug":"mmm"},"roleSlug":true,"death":"","tags":[]}],"scores":[0.086,0.381,0.513,0.5093320920996576,0.4983283683986303,0.4799888288969182,0.4543134735945212,0.4213023024914394,0.38095531558767265,0.33327251288322124,0.2782538943780848,0.21589946007226363,0.14620920996575754,0.06918314405856654],"ascent":[0.086,0.381,0.513],"descent-weeks":11.826315789473682,"messages":[],"score":4.767038602426733,"debutScore":0.086,"peakScore":0.513,"duration":4,"genres":[{"instanceSlug":"pop","title":"Pop","parents":[]}],"sources":[],"debutEra":{"slug":1975,"title":1975,"type":"year","decade":1970,"year":1975},"rank":1596}