{"title":"You Sexy Thing","instanceSlug":2482,"tags":[],"parents":[],"genre":"urban-rock","debut":1975,"playlists":[{"title":"Songs by Groups","instanceSlug":"group","tags":[],"parents":[]}],"ranks":{"artist:hot-chocolate":{"rank":1,"total":3},"genre:urban-rock":{"rank":1,"total":3},"playlist:group":{"rank":158,"total":1410},"decade:1970s":{"rank":70,"total":546},"year:1975":{"rank":8,"total":48}},"artists":[{"slug":"hot-chocolate","title":"Hot Chocolate","type":{"title":"All-Male Group","artists":[],"artistCount":0,"score":0,"artistAdjustedAverage":0,"slug":"mmm"},"roleSlug":true,"death":"","tags":[]}],"scores":[0.086,0.381,0.513,0.5102118198422784,0.5018472793691134,0.4879063785805054,0.468389117476454,0.44329549605695934,0.41262551432202144,0.37637917227164025,0.33455646990581595,0.2871574072245483,0.23418198422783731,0.17563020091568318,0.11150205728808578,0.04179755334504517],"ascent":[0.086,0.381,0.513],"descent-weeks":13.564327485380113,"messages":[],"score":5.365480450825988,"debutScore":0.086,"peakScore":0.513,"duration":4,"genres":[{"instanceSlug":"urban-rock","title":"Urban Rock","parents":["rock"]}],"sources":[],"debutEra":{"slug":1975,"title":1975,"type":"year","decade":1970,"year":1975},"rank":355}