{"title":"You Sexy Thing","instanceSlug":2482,"tags":[],"parents":[],"genre":"urban-rock","debut":1975,"playlists":[{"title":"Songs by Groups","instanceSlug":"group","tags":[],"parents":[]}],"ranks":{"artist:hot-chocolate":{"rank":1,"total":3},"genre:urban-rock":{"rank":1,"total":3},"playlist:group":{"rank":489,"total":1416},"decade:1970s":{"rank":182,"total":547},"year:1975":{"rank":18,"total":48}},"artists":[{"slug":"hot-chocolate","title":"Hot Chocolate","type":{"title":"All-Male Group","artists":[],"artistCount":0,"score":0,"artistAdjustedAverage":0,"slug":"mmm"},"roleSlug":true,"death":"","tags":[]}],"scores":[0.086,0.381,0.513,0.5103032677756929,0.5022130711027718,0.48872940998123643,0.46985228441108706,0.44558169439232354,0.4159176399249459,0.3808601210089541,0.3404091376443482,0.2945646898311283,0.24332677756929413,0.18669540085884592,0.12467055969978351,0.05725225409210702],"ascent":[0.086,0.381,0.513],"descent-weeks":13.792397660818711,"messages":[],"score":5.440376308292519,"debutScore":0.086,"peakScore":0.513,"duration":4,"genres":[{"instanceSlug":"urban-rock","title":"Urban Rock","parents":["rock"]}],"sources":[],"debutEra":{"slug":1975,"title":1975,"type":"year","decade":1970,"year":1975},"rank":1232}