{"title":"Rock the Boat","instanceSlug":2493,"tags":["#1","#1-hot-100"],"parents":[],"genre":"funk","debut":1974,"playlists":[{"title":"Songs by Groups","instanceSlug":"group","tags":[],"parents":[]}],"ranks":{"artist:hues-corporation":{"rank":1,"total":1},"genre:funk":{"rank":18,"total":31},"playlist:group":{"rank":686,"total":1417},"decade:1970s":{"rank":286,"total":548},"year:1974":{"rank":24,"total":42}},"artists":[{"slug":"hues-corporation","title":"Hues Corporation","type":{"title":"Mixed Group, Male Lead","artists":[],"artistCount":0,"score":0,"artistAdjustedAverage":0,"slug":"mmf"},"roleSlug":true,"death":"","tags":[]}],"scores":[0.06200821741159169,0.20830894528861146,0.3129502216570068,0.35561236147633757,0.3574779635603355,0.3558504691948907,0.3509679860985563,0.34283051427133227,0.33143805371321866,0.31679060442421547,0.29888816640432264,0.27773073965354017,0.25331832417186817,0.22565091995930653,0.19472852701585525,0.1605511453415144,0.12311877493628393,0.08243141580016386,0.03848906793315418],"ascent":[0.06200821741159169,0.20830894528861146,0.3129502216570068,0.35561236147633757,0.3574779635603355],"descent-weeks":14.820569447990732,"messages":[],"score":4.649142418312106,"debutScore":0.06200821741159169,"peakScore":0.3574779635603355,"duration":5,"genres":[{"instanceSlug":"funk","title":"Funk","parents":["urban"]}],"sources":[],"debutEra":{"slug":1974,"title":1974,"type":"year","decade":1970,"year":1974},"rank":1705}