{"title":"Vehicle","instanceSlug":2497,"tags":[],"parents":[],"genre":"urban-rock","debut":1970,"playlists":[{"title":"Songs by Groups","instanceSlug":"group","tags":[],"parents":[]}],"ranks":{"artist:ides-of-march":{"rank":1,"total":1},"genre:urban-rock":{"rank":2,"total":3},"playlist:group":{"rank":1013,"total":1417},"decade:1970s":{"rank":437,"total":548},"year:1970":{"rank":17,"total":25}},"artists":[{"slug":"ides-of-march","title":"Ides of March","type":{"title":"All-Male Group","artists":[],"artistCount":0,"score":0,"artistAdjustedAverage":0,"slug":"mmm"},"roleSlug":true,"death":"","tags":[]}],"scores":[0.312951,0.35561236147633757,0.357477963561,0.35432850441156005,0.34488012696324016,0.3291328312160404,0.3070866171699607,0.27874148482500116,0.24409743418116173,0.20315446523844233,0.15591257799684302,0.10237177245636385,0.04253204861700477],"ascent":[0.312951,0.35561236147633757,0.357477963561],"descent-weeks":10.653851715200744,"messages":[],"score":3.388279188112956,"debutScore":0.312951,"peakScore":0.357477963561,"duration":3,"genres":[{"instanceSlug":"urban-rock","title":"Urban Rock","parents":["rock"]}],"sources":[],"debutEra":{"slug":1970,"title":1970,"type":"year","decade":1970,"year":1970},"rank":2543}