{"title":"Vehicle","instanceSlug":2497,"tags":[],"parents":[],"genre":"urban-rock","debut":1970,"playlists":[{"title":"Songs by Groups","instanceSlug":"group","tags":[],"parents":[]}],"ranks":{"artist:ides-of-march":{"rank":1,"total":1},"genre:urban-rock":{"rank":2,"total":3},"playlist:group":{"rank":1018,"total":1417},"decade:1970s":{"rank":438,"total":559},"year:1970":{"rank":17,"total":25}},"artists":[{"slug":"ides-of-march","title":"Ides of March","type":{"title":"All-Male Group","artists":[],"artistCount":0,"score":0,"artistAdjustedAverage":0,"slug":"mmm"},"roleSlug":true,"death":"","tags":[]}],"scores":[0.312951,0.35561236147633757,0.357477963561,0.3446276515977258,0.3289181,0.31523776166182677,0.31,0.28331,0.25662,0.20324000000000003,0.12317000000000006,0.01641000000000009,0],"ascent":[0.312951,0.35561236147633757,0.357477963561],"descent-weeks":10.653851715200744,"ascent-weeks":4.3053338791144276,"peak":0.357477963561,"messages":[],"unscored":false,"score":3.56505280185789,"duration":4,"genres":[{"instanceSlug":"urban-rock","title":"Urban Rock","parents":["rock"]}],"sources":[],"debutEra":{"slug":1970,"title":1970,"type":"year","decade":1970,"year":1970},"rank":2561}