{"title":"Vehicle","instanceSlug":2497,"tags":[],"parents":[],"genre":"urban-rock","debut":1970,"playlists":[{"title":"Songs by Groups","instanceSlug":"group","tags":[],"parents":[]}],"ranks":{"artist:ides-of-march":{"rank":1,"total":1},"genre:urban-rock":{"rank":2,"total":3},"playlist:group":{"rank":897,"total":1410},"decade:1970s":{"rank":366,"total":546},"year:1970":{"rank":11,"total":25}},"artists":[{"slug":"ides-of-march","title":"Ides of March","type":{"title":"All-Male Group","artists":[],"artistCount":0,"score":0,"artistAdjustedAverage":0,"slug":"mmm"},"roleSlug":true,"death":"","tags":[]}],"scores":[0.312951,0.35561236147633757,0.357477963561,0.352080947257496,0.3358898983469841,0.3089048168294642,0.27112570270493636,0.22255255597340065,0.16318537663485694,0.0930241646893053,0.012068920136745665],"ascent":[0.312951,0.35561236147633757,0.357477963561],"descent-weeks":8.138563804743104,"messages":[],"score":2.7848737076105268,"debutScore":0.312951,"peakScore":0.357477963561,"duration":3,"genres":[{"instanceSlug":"urban-rock","title":"Urban Rock","parents":["rock"]}],"sources":[],"debutEra":{"slug":1970,"title":1970,"type":"year","decade":1970,"year":1970},"rank":2209}