{"title":"Jungle Boogie","instanceSlug":2515,"tags":[],"genres":[{"instanceSlug":"funk","title":"Funk","parents":["urban"]}],"debut":1974,"playlists":[{"title":"PPH","instanceSlug":"pph","tags":[],"parents":[]},{"title":"Songs by Groups","instanceSlug":"group","tags":[],"parents":[]}],"artists":[{"slug":"koolnthegang","title":"Kool & the Gang","type":{"title":"All-Male Group","artists":[],"artistCount":0,"score":0,"artistAdjustedAverage":0,"slug":"mmm"},"roleSlug":true,"death":"","tags":["1970s","1980s"]}],"scores":[0.125571,0.382142,0.484857,0.477857,0.467,0.4561430000000001,0.4344290000000002,0.4018580000000003,0.3584300000000005,0.3041450000000008,0.23900300000000108,0.16300400000000143,0.07614800000000183,0],"ascent":[0.125571,0.382142,0.484857],"descent-weeks":11.950556555850508,"ascent-weeks":3.070709508164263,"peak":0.484857,"messages":[],"ranks":{"artist:koolnthegang":{"rank":12,"total":19},"genre:funk":{"rank":18,"total":32},"playlist:group":{"rank":675,"total":1416},"playlist:pph":{"rank":44,"total":52},"decade:1970s":{"rank":277,"total":550},"year:1974":{"rank":23,"total":42}},"score":4.8554440000000065,"duration":4,"sources":[],"debutEra":{"slug":1974,"title":1974,"type":"year","decade":1970,"year":1974},"rank":1706}