{"title":"Hollywood Swinging","instanceSlug":2516,"tags":["#1","#1-r&b"],"parents":[],"genre":"funk","debut":1974,"playlists":[{"title":"Songs by Groups","instanceSlug":"group","tags":[],"parents":[]}],"ranks":{"artist:koolnthegang":{"rank":6,"total":19},"genre:funk":{"rank":12,"total":32},"playlist:group":{"rank":420,"total":1416},"decade:1970s":{"rank":156,"total":550},"year:1974":{"rank":16,"total":42}},"artists":[{"slug":"koolnthegang","title":"Kool & the Gang","type":{"title":"All-Male Group","artists":[],"artistCount":0,"score":0,"artistAdjustedAverage":0,"slug":"mmm"},"roleSlug":true,"death":"","tags":["1970s","1980s"]}],"scores":[0.12557142857142858,0.3821428571428572,0.4848571428571429,0.47785714285714287,0.457,0.4462857142857143,0.43128571428571433,0.41557142857142854,0.39485714285714285,0.3691428571428571,0.3384285714285714,0.3031428571428571,0.2695714285714286,0.23228571428571426,0.205,0.1777142857142857,0.12314285714285716,0.04128571428571434,0],"ascent":[0.12557142857142858,0.3821428571428572,0.4848571428571429],"descent-weeks":15.986446670595168,"ascent-weeks":3.0707130229817325,"peak":0.4848571428571429,"messages":[],"score":6.159999999999999,"duration":5,"genres":[{"instanceSlug":"funk","title":"Funk","parents":["urban"]}],"sources":[],"debutEra":{"slug":1974,"title":1974,"type":"year","decade":1970,"year":1974},"rank":1059}