{"title":"Hollywood Swinging","instanceSlug":2516,"tags":["#1","#1-r&b"],"parents":[],"genre":"funk","debut":1974,"playlists":[{"title":"Songs by Groups","instanceSlug":"group","tags":[],"parents":[]}],"ranks":{"artist:koolnthegang":{"rank":6,"total":19},"genre:funk":{"rank":11,"total":30},"playlist:group":{"rank":421,"total":1388},"decade:1970s":{"rank":173,"total":537},"year:1974":{"rank":18,"total":42}},"artists":[{"slug":"koolnthegang","title":"Kool & the Gang","type":{"title":"All-Male Group","artists":[],"artistCount":0,"score":0,"artistAdjustedAverage":0,"slug":"mmm"},"roleSlug":true,"death":"","tags":["1970s","1980s"]}],"scores":[0.12557142857142858,0.3821428571428572,0.4848571428571429,0.47785714285714287,0.457,0.4462857142857143,0.43128571428571433,0.41557142857142854,0.39485714285714285,0.3691428571428571,0.3384285714285714,0.3031428571428571,0.2695714285714286,0.23228571428571426,0.205,0.178,0.123,0.041,0],"messages":[],"score":5.675000000000001,"debutScore":0.12557142857142858,"peakScore":0.4848571428571429,"duration":5,"genres":[{"instanceSlug":"funk","title":"Funk","parents":["urban"]}],"sources":[],"debutEra":{"slug":1974,"title":1974,"type":"year","decade":1970,"year":1974},"rank":1086}