{"title":"Jealous","instanceSlug":2526,"tags":[],"parents":[],"genre":"pop","debut":2015,"playlists":[{"title":"Songs by Solo Males","instanceSlug":"m","tags":[],"parents":[]}],"ranks":{"artist:nick-jonas":{"rank":1,"total":2},"genre:pop":{"rank":372,"total":1431},"playlist:m":{"rank":261,"total":1095},"decade:2010s":{"rank":27,"total":111},"year:2015":{"rank":8,"total":46}},"artists":[{"slug":"nick-jonas","title":"Nick Jonas","type":{"title":"Solo Male","artists":[],"artistCount":0,"score":0,"artistAdjustedAverage":0,"slug":"m"},"roleSlug":true,"death":"","tags":[]}],"scores":[0.036,0.232,0.463,0.537,0.5346777760172239,0.5277111040688952,0.5160999841550142,0.4998444162755808,0.4789444004305949,0.4533999366200567,0.42321102484396605,0.3883776651023229,0.34889985739512747,0.3047776017223796,0.2560108980840793,0.20259974648022658,0.1445441469108215,0.08184409937586398,0.01449960387535404],"ascent":[0.036,0.232,0.463,0.537],"descent-weeks":15.206703910614523,"messages":[],"score":6.443442261357507,"debutScore":0.036,"peakScore":0.537,"duration":5,"genres":[{"instanceSlug":"pop","title":"Pop","parents":[]}],"sources":[],"debutEra":{"slug":2015,"title":2015,"type":"year","decade":2010,"year":2015},"rank":771}