{"title":"Geronimo","instanceSlug":2529,"tags":[],"parents":[],"genre":"pop","debut":2015,"playlists":[{"title":"Songs by Groups","instanceSlug":"group","tags":[],"parents":[]}],"ranks":{"artist:sheppard":{"rank":1,"total":1},"genre:pop":{"rank":68,"total":1430},"playlist:group":{"rank":52,"total":1417},"decade:2010s":{"rank":1,"total":111},"year:2015":{"rank":1,"total":46}},"artists":[{"slug":"sheppard","title":"Sheppard","type":{"title":"Mixed Group, Male Lead","artists":[],"artistCount":0,"score":0,"artistAdjustedAverage":0,"slug":"mmf"},"roleSlug":true,"death":"","tags":[]}],"scores":[0.171,0.3,0.5,0.7,0.78,0.82,0.8137206306744363,0.7948825226977455,0.7634856760699273,0.719530090790982,0.6630157668609094,0.5939427042797095,0.5123109030473824,0.41812036316392803,0.31137108462934643,0.19206306744363752,0.060196311606801556],"ascent":[0.171,0.3,0.5,0.7,0.78,0.82],"descent-weeks":11.427439024390246,"messages":[],"score":9.113639121264805,"debutScore":0.171,"peakScore":0.82,"duration":4,"genres":[{"instanceSlug":"pop","title":"Pop","parents":[]}],"sources":[],"debutEra":{"slug":2015,"title":2015,"type":"year","decade":2010,"year":2015},"rank":129}