{"title":"Must of Got Lost","instanceSlug":2544,"tags":[],"parents":[],"genre":"rock","debut":1975,"playlists":[{"title":"Songs by Groups","instanceSlug":"group","tags":[],"parents":[]}],"ranks":{"artist:j-geils-band":{"rank":3,"total":4},"genre:rock":{"rank":433,"total":634},"playlist:group":{"rank":981,"total":1386},"decade:1970s":{"rank":356,"total":524},"year:1975":{"rank":40,"total":46}},"artists":[{"slug":"j-geils-band","title":"J. Geils Band","type":{"title":"All-Male Group","artists":[],"artistCount":0,"score":0,"artistAdjustedAverage":0,"slug":"mmm"},"roleSlug":true,"death":"","tags":[]}],"scores":[0.06200821741159169,0.20830894528861146,0.3129502216570068,0.35561236147633757,0.3574779635603355,0.3446276515977258,0.32891805429767385,0.31523776166182677,0.30042162719800025,0.2833026661554992,0.2643212410031802,0.24289242606706696,0.21959493334585015,0.19466120793610409,0.1685894531254616,0.14210166436832847,0.11600004299049087,0.09098520352380506,0.06767556150528035,0.04664449376949029,0.029256418423981474,0.01618867931401627,0.007745342825954284,0.0033393274080207288,0.0012554906244683004,0.0004411896605915778,0.00019993983443486086,0.00012351325096891143,0.00006041753523827709,0.000031876850547138604,0.000018525042770318343,0.000004339137653134009,0],"score":4.4809967578483105,"debutScore":0.06200821741159169,"peakScore":0.3574779635603355,"duration":9,"genres":[{"instanceSlug":"rock","title":"Rock","parents":[]}],"source":{},"debutEra":{"slug":1975,"title":1975,"type":"year","decade":1970,"year":1975},"messages":[],"rank":2250}