{"title":"Ruby, Don't Take Your Love to Town","instanceSlug":2572,"tags":[],"parents":[],"genre":"country","debut":1969,"playlists":[{"title":"Songs by Solo Males","instanceSlug":"m","tags":[],"parents":[]}],"ranks":{"artist:kenny-rogers":{"rank":6,"total":17},"genre:country":{"rank":37,"total":90},"playlist:m":{"rank":441,"total":1095},"decade:1960s":{"rank":31,"total":115},"year:1969":{"rank":5,"total":18}},"artists":[{"slug":"kenny-rogers","title":"Kenny Rogers","type":{"title":"Solo Male","artists":[],"artistCount":0,"score":0,"artistAdjustedAverage":0,"slug":"m"},"roleSlug":true,"death":"","tags":["1970s","1980s"]}],"scores":[0.1,0.2191251,0.35262499999999997,0.421,0.4775,0.47441153886396176,0.46514615545584714,0.44970384977565603,0.4280846218233886,0.4002884715990447,0.36631539910262434,0.3261654043341276,0.27983848729355437,0.2273346479809048,0.1686538863961788,0.10379620253937633,0.03276159641049741],"ascent":[0.1,0.2191251,0.35262499999999997,0.421,0.4775],"descent-weeks":12.434136125654451,"messages":[],"score":5.292750361575162,"debutScore":0.1,"peakScore":0.4775,"duration":4,"genres":[{"instanceSlug":"country","title":"Country","parents":[]}],"sources":[],"debutEra":{"slug":1969,"title":1969,"type":"year","decade":1960,"year":1969},"rank":1319}