{"title":"Ruby, Don't Take Your Love to Town","instanceSlug":2572,"tags":[],"parents":[],"genre":"country","debut":1969,"playlists":[{"title":"Songs by Solo Males","instanceSlug":"m","tags":[],"parents":[]}],"ranks":{"artist:kenny-rogers":{"rank":6,"total":17},"genre:country":{"rank":38,"total":92},"playlist:m":{"rank":450,"total":1105},"decade:1960s":{"rank":31,"total":121},"year:1969":{"rank":5,"total":20}},"artists":[{"slug":"kenny-rogers","title":"Kenny Rogers","type":{"title":"Solo Male","artists":[],"artistCount":0,"score":0,"artistAdjustedAverage":0,"slug":"m"},"roleSlug":true,"death":"","tags":["1970s","1980s"]}],"scores":[0.1,0.2191251,0.35262499999999997,0.421,0.4775,0.459,0.451,0.44198000000000004,0.42394000000000004,0.39688,0.3608,0.3157,0.26158,0.19843999999999998,0.12627999999999998,0.04509999999999997,0],"ascent":[0.1,0.2191251,0.35262499999999997,0.421,0.4775],"descent-weeks":12.434136125654451,"ascent-weeks":4.932722827225131,"peak":0.4775,"messages":[],"score":5.5284501,"duration":4,"genres":[{"instanceSlug":"country","title":"Country","parents":[]}],"sources":[],"debutEra":{"slug":1969,"title":1969,"type":"year","decade":1960,"year":1969},"rank":1348}