{"title":"Reuben James","instanceSlug":2573,"tags":[],"parents":[],"genre":"country","debut":1969,"playlists":[{"title":"Songs by Solo Males","instanceSlug":"m","tags":[],"parents":[]}],"ranks":{"artist:kenny-rogers":{"rank":3,"total":17},"genre:country":{"rank":22,"total":90},"playlist:m":{"rank":290,"total":1095},"decade:1960s":{"rank":18,"total":115},"year:1969":{"rank":4,"total":18}},"artists":[{"slug":"kenny-rogers","title":"Kenny Rogers","type":{"title":"Solo Male","artists":[],"artistCount":0,"score":0,"artistAdjustedAverage":0,"slug":"m"},"roleSlug":true,"death":"","tags":["1970s","1980s"]}],"scores":[0.072,0.21912500000000001,0.35262499999999997,0.420625,0.4775,0.4754889849686135,0.46945593987445416,0.45940086471752184,0.4453237594978166,0.42722462421533847,0.4051034588700874,0.3789602634620634,0.3487950379912665,0.31460778245769666,0.2763984968613539,0.23416718120223823,0.18791383548034962,0.13763845969568808,0.08334105384825366,0.025021617938046303],"ascent":[0.072,0.21912500000000001,0.35262499999999997,0.420625,0.4775],"descent-weeks":15.409162303664921,"messages":[],"score":6.210716361080788,"debutScore":0.072,"peakScore":0.4775,"duration":5,"genres":[{"instanceSlug":"country","title":"Country","parents":[]}],"sources":[],"debutEra":{"slug":1969,"title":1969,"type":"year","decade":1960,"year":1969},"rank":874}