{"title":"Reuben James","instanceSlug":2573,"tags":[],"parents":[],"genre":"country","debut":1969,"playlists":[{"title":"Songs by Solo Males","instanceSlug":"m","tags":[],"parents":[]}],"ranks":{"artist:kenny-rogers":{"rank":6,"total":17},"genre:country":{"rank":45,"total":88},"playlist:m":{"rank":590,"total":1061},"decade:1960s":{"rank":40,"total":106},"year:1969":{"rank":8,"total":17}},"artists":[{"slug":"kenny-rogers","title":"Kenny Rogers","type":{"title":"Solo Male","artists":[],"artistCount":0,"score":0,"artistAdjustedAverage":0,"slug":"m"},"roleSlug":true,"death":"","tags":["1970s","1980s"]}],"scores":[0.072,0.21912500000000001,0.35262499999999997,0.420625,0.4775,0.45899999999999996,0.450625,0.4355,0.419875,0.39925,0.37362499999999993,0.34475,0.31475000000000003,0.28037500000000004,0.241625,0.19849999999999998,0.163375,0.12775,0.095625,0.067625,0.041375,0.014125,0.0025,0],"score":5.972125000000002,"debutScore":0.072,"peakScore":0.4775,"duration":6,"genres":[{"instanceSlug":"country","title":"Country","parents":[]}],"source":{},"debutEra":{"slug":1969,"title":1969,"type":"year","decade":1960,"year":1969},"messages":[],"rank":1789}