{"title":"Lucille","instanceSlug":2574,"tags":["#1","#1-country"],"parents":[],"genre":"country","debut":1977,"playlists":[{"title":"Songs by Solo Males","instanceSlug":"m","tags":[],"parents":[]}],"ranks":{"artist:kenny-rogers":{"rank":2,"total":17},"genre:country":{"rank":22,"total":92},"playlist:m":{"rank":306,"total":1105},"decade:1970s":{"rank":138,"total":550},"year:1977":{"rank":13,"total":66}},"artists":[{"slug":"kenny-rogers","title":"Kenny Rogers","type":{"title":"Solo Male","artists":[],"artistCount":0,"score":0,"artistAdjustedAverage":0,"slug":"m"},"roleSlug":true,"death":"","tags":["1970s","1980s"]}],"scores":[0.072,0.21912500000000001,0.35262499999999997,0.420625,0.4775,0.45899999999999996,0.450625,0.4355,0.419875,0.39925,0.37362499999999993,0.34475,0.31475000000000003,0.28037500000000004,0.241625,0.19849999999999998,0.163375,0.12775,0.095625,0.067625,0.041375,0.014125,0],"ascent":[0.072,0.21912500000000001,0.35262499999999997,0.420625,0.4775],"descent-weeks":15.409162303664921,"ascent-weeks":4.843586387434556,"peak":0.4775,"messages":[],"score":6.447125,"duration":5,"genres":[{"instanceSlug":"country","title":"Country","parents":[]}],"sources":[],"debutEra":{"slug":1977,"title":1977,"type":"year","decade":1970,"year":1977},"rank":925}