{"title":"Lucille","instanceSlug":2574,"tags":["#1","#1-country"],"parents":[],"genre":"country","debut":1977,"playlists":[],"ranks":{"artist:kenny-rogers":{"rank":7,"total":17},"genre:country":{"rank":40,"total":85},"decade:1970s":{"rank":241,"total":502},"year:1977":{"rank":25,"total":59}},"artists":[{"slug":"kenny-rogers","title":"Kenny Rogers","roleSlug":true}],"scores":[0.072,0.21912500000000001,0.35262499999999997,0.420625,0.4775,0.45899999999999996,0.450625,0.4355,0.419875,0.39925,0.37362499999999993,0.34475,0.31475000000000003,0.28037500000000004,0.241625,0.19849999999999998,0.163375,0.12775,0.095625,0.067625,0.041375,0.014125,0.0025,0],"score":5.972125000000002,"debutScore":0.072,"peakScore":0.4775,"duration":6,"genres":[{"instanceSlug":"country","title":"Country","parents":[]}],"source":{},"debutEra":{"slug":1977,"title":1977,"type":"year","decade":1970,"year":1977},"rank":1651}