{"title":"I Just Want to Be Your Everything","instanceSlug":2585,"tags":["#1","#1-hot-100"],"parents":[],"genre":"pop","debut":1977,"playlists":[{"title":"Songs by Deceased and Disbanded Artists","instanceSlug":"deceased","tags":[],"parents":[]},{"title":"Songs by the Gibb Family","instanceSlug":"gibb","tags":[],"parents":[]},{"title":"Songs by Solo Males","instanceSlug":"m","tags":[],"parents":[]}],"ranks":{"artist:andy-gibb":{"rank":4,"total":5},"genre:pop":{"rank":804,"total":1431},"playlist:deceased":{"rank":176,"total":335},"playlist:m":{"rank":617,"total":1095},"playlist:gibb":{"rank":19,"total":26},"decade:1970s":{"rank":334,"total":548},"year:1977":{"rank":39,"total":64}},"artists":[{"slug":"andy-gibb","title":"Andy Gibb","type":{"title":"Solo Male","artists":[],"artistCount":0,"score":0,"artistAdjustedAverage":0,"slug":"m"},"roleSlug":true,"death":1988,"tags":[]}],"scores":[0.044659179942543745,0.12803158488437677,0.23973345730667905,0.30399348003259985,0.3168724279835391,0.315819317283612,0.3126599851838307,0.3073944316841952,0.3000226567847055,0.2905446604853616,0.27896044278616355,0.26527000368711123,0.24947334318820474,0.23157046128944409,0.21156135799082917,0.18944603329236012,0.16522448719403682,0.13889671969585934,0.11046273079782766,0.07992252049994177,0.04727608880220169,0.012523435704607472],"ascent":[0.044659179942543745,0.12803158488437677,0.23973345730667905,0.30399348003259985,0.3168724279835391],"descent-weeks":17.346234495295075,"messages":[],"score":4.540318806500031,"debutScore":0.044659179942543745,"peakScore":0.3168724279835391,"duration":5,"genres":[{"instanceSlug":"pop","title":"Pop","parents":[]}],"sources":[],"debutEra":{"slug":1977,"title":1977,"type":"year","decade":1970,"year":1977},"rank":1938}