{"title":"I Just Want to Be Your Everything","instanceSlug":2585,"tags":["#1","#1-hot-100"],"parents":[],"genre":"pop","debut":1977,"playlists":[],"ranks":{"artist:andy-gibb":{"rank":4,"total":5},"genre:pop":{"rank":965,"total":1407},"decade:1970s":{"rank":344,"total":512},"year:1977":{"rank":42,"total":62}},"artists":[{"slug":"andy-gibb","title":"Andy Gibb","roleSlug":true}],"scores":[0.044659179942543745,0.12803158488437677,0.23973345730667905,0.30399348003259985,0.3168724279835391,0.31298211061874287,0.30612244897959184,0.29198966408268734,0.2759170653907496,0.2586532410320957,0.24204316099984477,0.2243648607284971,0.20300751879699244,0.17994100294985255,0.15440115440115443,0.14367405289492494,0.13154172560113153,0.12438510189739986,0.11498257839721256,0.10344827586206896,0.0899182561307902,0.07454667562122229,0.05750165234633178,0.03896103896103897,0.019108280254777073,0],"score":4.380779996096846,"debutScore":0.044659179942543745,"peakScore":0.3168724279835391,"duration":7,"genres":[{"instanceSlug":"pop","title":"Pop","parents":[]}],"source":{},"debutEra":{"slug":1977,"title":1977,"type":"year","decade":1970,"year":1977},"rank":2208}