{"title":"Strawberry Letter 23","instanceSlug":2611,"tags":["#1","#1-r&b","remade"],"genre":"urban","debut":1977,"playlists":[],"artists":[{"slug":"brothers-johnson","title":"Brothers Johnson","roleSlug":true},{"slug":"quincy-jones","title":"Quincy Jones","roleSlug":"producer"}],"scores":[0.13617534972897488,0.37875567300511287,0.5112874279777085,0.5473887814313347,0.5297342086812415,0.5002813027442646,0.48349610582272223,0.4679796929475808,0.4475707952592058,0.42543208410049294,0.3990090352666861,0.37025406794176424,0.33816559799275164,0.30328536519141996,0.2671929037197392,0.22985472341079702,0.19313944817300518,0.1585527744925298,0.12739571589627957,0.09774504871243654,0.0693995766960009,0.04359169474942928,0.022603804938324215,0.0099522376754266,0.003134796238244514,0.0003959900794064317,0],"ranks":{"artist:quincy-jones":{"rank":22,"total":30},"artist:brothers-johnson":{"rank":2,"total":3},"genre:urban":{"rank":73,"total":135},"decade:1970s":{"rank":190,"total":517},"year:1977":{"rank":20,"total":62}},"score":7.061774202872879,"debutScore":0.13617534972897488,"peakScore":0.5473887814313347,"duration":7,"genres":[{"instanceSlug":"urban","title":"Urban / R&B","parents":[]}],"source":{},"debutEra":{"slug":1977,"title":1977,"type":"year","decade":1970,"year":1977},"rank":1415}