{"title":"Skin Tight","instanceSlug":2630,"tags":[],"parents":[],"genre":"urban","debut":1974,"playlists":[{"title":"Songs by Groups","instanceSlug":"group","tags":[],"parents":[]}],"ranks":{"artist:ohio-players":{"rank":2,"total":3},"genre:urban":{"rank":72,"total":152},"playlist:group":{"rank":650,"total":1410},"decade:1970s":{"rank":259,"total":546},"year:1974":{"rank":19,"total":42}},"artists":[{"slug":"ohio-players","title":"Ohio Players","type":{"title":"All-Male Group","artists":[],"artistCount":0,"score":0,"artistAdjustedAverage":0,"slug":"mmm"},"roleSlug":true,"death":"","tags":[]}],"scores":[0.06208480746386911,0.20199400396112047,0.300902954038119,0.3408754613664351,0.33795780892604843,0.32920485160488855,0.3146165894029553,0.2941930223202488,0.26793415035676904,0.23583997351251598,0.19791049178748962,0.15414570518168996,0.10454561369511707,0.049110217327770864],"ascent":[0.06208480746386911,0.20199400396112047,0.300902954038119,0.3408754613664351],"descent-weeks":10.808889854761139,"messages":[],"score":3.1913156509450373,"debutScore":0.06208480746386911,"peakScore":0.3408754613664351,"duration":4,"genres":[{"instanceSlug":"urban","title":"Urban / R&B","parents":[]}],"sources":[],"debutEra":{"slug":1974,"title":1974,"type":"year","decade":1970,"year":1974},"rank":1639}