{"title":"I'll Be Around","instanceSlug":2660,"tags":["#1","#1-r&b"],"parents":[],"genre":"soul","debut":1972,"playlists":[{"title":"Songs by Groups","instanceSlug":"group","tags":[],"parents":[]}],"ranks":{"artist:spinners":{"rank":3,"total":8},"genre:soul":{"rank":58,"total":242},"playlist:group":{"rank":221,"total":1416},"decade:1970s":{"rank":74,"total":547},"year:1972":{"rank":5,"total":33}},"artists":[{"slug":"spinners","title":"Spinners","type":{"title":"All-Male Group","artists":[],"artistCount":0,"score":0,"artistAdjustedAverage":0,"slug":"mmm"},"roleSlug":true,"death":"","tags":[]}],"scores":[0.145,0.463,0.829,0.8215731590554092,0.7992926362216368,0.7621584314986829,0.7101705448865475,0.6433289763852305,0.5616337259947318,0.4650847937150516,0.35368217954619,0.22742588348814677,0.08631590554092193],"ascent":[0.145,0.463,0.829],"descent-weeks":10.565138721351046,"messages":[],"score":6.86766623633255,"debutScore":0.145,"peakScore":0.829,"duration":3,"genres":[{"instanceSlug":"soul","title":"Soul","parents":["urban"]}],"sources":[],"debutEra":{"slug":1972,"title":1972,"type":"year","decade":1970,"year":1972},"rank":582}