{"title":"One of a Kind (Love Affair)","instanceSlug":2662,"tags":["#1","#1-r&b"],"parents":[],"genre":"urban","debut":1973,"playlists":[{"title":"Songs by Groups","instanceSlug":"group","tags":[],"parents":[]}],"ranks":{"artist:spinners":{"rank":5,"total":8},"genre:urban":{"rank":33,"total":152},"playlist:group":{"rank":222,"total":1417},"decade:1970s":{"rank":72,"total":548},"year:1973":{"rank":2,"total":35}},"artists":[{"slug":"spinners","title":"Spinners","type":{"title":"All-Male Group","artists":[],"artistCount":0,"score":0,"artistAdjustedAverage":0,"slug":"mmm"},"roleSlug":true,"death":"","tags":[]}],"scores":[0.145,0.463,0.829,0.8215731590554092,0.7992926362216368,0.7621584314986829,0.7101705448865475,0.6433289763852305,0.5616337259947318,0.4650847937150516,0.35368217954619,0.22742588348814677,0.08631590554092193],"ascent":[0.145,0.463,0.829],"descent-weeks":10.565138721351046,"messages":[],"score":6.86766623633255,"debutScore":0.145,"peakScore":0.829,"duration":3,"genres":[{"instanceSlug":"urban","title":"Urban / R&B","parents":[]}],"sources":[],"debutEra":{"slug":1973,"title":1973,"type":"year","decade":1970,"year":1973},"rank":584}