{"title":"Amos Moses","instanceSlug":2684,"tags":[],"parents":[],"genre":"country","debut":1971,"playlists":[{"title":"Songs by Solo Males","instanceSlug":"m","tags":[],"parents":[]}],"ranks":{"artist:jerry-reed":{"rank":1,"total":3},"genre:country":{"rank":12,"total":90},"playlist:m":{"rank":164,"total":1095},"decade:1970s":{"rank":51,"total":548},"year:1971":{"rank":3,"total":32}},"artists":[{"slug":"jerry-reed","title":"Jerry Reed","type":{"title":"Solo Male","artists":[],"artistCount":0,"score":0,"artistAdjustedAverage":0,"slug":"m"},"roleSlug":true,"death":"","tags":[]}],"scores":[0.097,0.267,0.402,0.498,0.633,0.6293358358835803,0.6183433435343214,0.600022522952223,0.5743733741372855,0.5413958970895085,0.5010900918088923,0.45345595829543667,0.39849349654914185,0.3362027065700076,0.26658358835803414,0.1896361419132212,0.10536036723556912,0.013756264325077629],"ascent":[0.097,0.267,0.402,0.498,0.633],"descent-weeks":13.143601895734594,"messages":[],"score":7.125049588652298,"debutScore":0.097,"peakScore":0.633,"duration":4,"genres":[{"instanceSlug":"country","title":"Country","parents":[]}],"sources":[],"debutEra":{"slug":1971,"title":1971,"type":"year","decade":1970,"year":1971},"rank":501}