{"title":"Amos Moses","instanceSlug":2684,"tags":[],"parents":[],"genre":"country","debut":1971,"playlists":[{"title":"Songs by Solo Males","instanceSlug":"m","tags":[],"parents":[]}],"ranks":{"artist:jerry-reed":{"rank":1,"total":3},"genre:country":{"rank":13,"total":92},"playlist:m":{"rank":196,"total":1121},"decade:1970s":{"rank":69,"total":559},"year:1971":{"rank":5,"total":33}},"artists":[{"slug":"jerry-reed","title":"Jerry Reed","type":{"title":"Solo Male","artists":[],"artistCount":0,"score":0,"artistAdjustedAverage":0,"slug":"m"},"roleSlug":true,"death":"","tags":[]}],"scores":[0.097,0.267,0.402,0.498,0.633,0.612,0.563,0.558,0.5468400000000001,0.5245200000000001,0.4910400000000001,0.4464000000000001,0.39060000000000006,0.32364000000000004,0.24552000000000002,0.15624,0.055799999999999975,0],"ascent":[0.097,0.267,0.402,0.498,0.633],"descent-weeks":5.435317503949444,"ascent-weeks":4.495260663507109,"peak":0.633,"messages":[],"unscored":false,"score":4.190703986666665,"duration":3,"genres":[{"instanceSlug":"country","title":"Country","parents":[]}],"sources":[],"debutEra":{"slug":1971,"title":1971,"type":"year","decade":1970,"year":1971},"rank":606}