{"title":"The Most Beautiful Girl","instanceSlug":2698,"tags":["#1","#1-adult-contemporary","#1-country","#1-hot-100"],"parents":[],"genre":"country","debut":1973,"playlists":[{"title":"Songs by Solo Males","instanceSlug":"m","tags":[],"parents":[]}],"ranks":{"artist:charlie-rich":{"rank":1,"total":1},"genre:country":{"rank":52,"total":89},"playlist:m":{"rank":652,"total":1090},"decade:1970s":{"rank":327,"total":546},"year:1973":{"rank":17,"total":35}},"artists":[{"slug":"charlie-rich","title":"Charlie Rich","type":{"title":"Solo Male","artists":[],"artistCount":0,"score":0,"artistAdjustedAverage":0,"slug":"m"},"roleSlug":true,"death":"","tags":[]}],"scores":[0.1,0.21,0.312951,0.35561236147633757,0.357477963561,0.3500774040265595,0.3278757254232382,0.2908729277510359,0.23906901100995273,0.1724639751999887,0.09105782032114373],"ascent":[0.1,0.21,0.312951,0.35561236147633757,0.357477963561],"descent-weeks":6.950120898310621,"messages":[],"score":2.8074581887692562,"debutScore":0.1,"peakScore":0.357477963561,"duration":3,"genres":[{"instanceSlug":"country","title":"Country","parents":[]}],"sources":[],"debutEra":{"slug":1973,"title":1973,"type":"year","decade":1970,"year":1973},"rank":2070}