{"title":"The Most Beautiful Girl","instanceSlug":2698,"tags":["#1","#1-adult-contemporary","#1-country","#1-hot-100"],"parents":[],"genre":"country","debut":1973,"playlists":[{"title":"Songs by Solo Males","instanceSlug":"m","tags":[],"parents":[]}],"ranks":{"artist:charlie-rich":{"rank":1,"total":1},"genre:country":{"rank":59,"total":92},"playlist:m":{"rank":603,"total":1105},"decade:1970s":{"rank":310,"total":550},"year:1973":{"rank":25,"total":35}},"artists":[{"slug":"charlie-rich","title":"Charlie Rich","type":{"title":"Solo Male","artists":[],"artistCount":0,"score":0,"artistAdjustedAverage":0,"slug":"m"},"roleSlug":true,"death":"","tags":[]}],"scores":[0.1,0.21,0.312951,0.35561236147633757,0.357477963561,0.3446276515977258,0.329,0.31523776166182677,0.31,0.3038,0.2914,0.2728,0.248,0.217,0.17980000000000002,0.13640000000000002,0.08680000000000003,0.03100000000000004,0],"ascent":[0.1,0.21,0.312951,0.35561236147633757,0.357477963561],"descent-weeks":14.364563941448639,"ascent-weeks":5.606113360366711,"peak":0.357477963561,"messages":[],"score":4.759384701857891,"duration":5,"genres":[{"instanceSlug":"country","title":"Country","parents":[]}],"sources":[],"debutEra":{"slug":1973,"title":1973,"type":"year","decade":1970,"year":1973},"rank":1856}