{"title":"Pon de Replay","instanceSlug":2709,"tags":[],"parents":[],"genre":"dance","debut":2005,"playlists":[{"title":"Songs by Solo Females","instanceSlug":"f","tags":[],"parents":[]}],"ranks":{"artist:rihanna":{"rank":1,"total":6},"genre:dance":{"rank":17,"total":132},"playlist:f":{"rank":46,"total":595},"decade:2000s":{"rank":8,"total":123},"year:2005":{"rank":1,"total":13}},"artists":[{"slug":"rihanna","title":"Rihanna","type":{"title":"Solo Female","artists":[],"artistCount":0,"score":0,"artistAdjustedAverage":0,"slug":"f"},"roleSlug":true,"death":"","tags":["2000s"]}],"scores":[0.25,0.45,0.7,0.77,0.78,0.7740203654933651,0.7560814619734603,0.7261832894402857,0.6843258478938411,0.6305091373341267,0.5647331577611423,0.4869979091748883,0.3973033915753643,0.2956496049625705,0.18203654933650673,0.05646422469717313],"ascent":[0.25,0.45,0.7,0.77,0.78],"descent-weeks":11.421153846153846,"messages":[],"score":8.504304939642724,"debutScore":0.25,"peakScore":0.78,"duration":4,"genres":[{"instanceSlug":"dance","title":"Dance","parents":[]}],"sources":[],"debutEra":{"slug":2005,"title":2005,"type":"year","decade":2000,"year":2005},"rank":200}