{"title":"Umbrella","instanceSlug":2711,"tags":["#1","#1-hot-100"],"parents":[],"genre":"pop","debut":2007,"playlists":[],"ranks":{"artist:rihanna":{"rank":5,"total":6},"genre:pop":{"rank":440,"total":1404},"decade:2000s":{"rank":53,"total":121},"year:2007":{"rank":4,"total":8}},"artists":[{"slug":"rihanna","title":"Rihanna","roleSlug":true}],"scores":[0.1387900355871886,0.28514056224899603,0.5311004784688994,0.6194331983805669,0.6260162601626017,0.6145307769929365,0.606425702811245,0.5920398009950248,0.5717092337917484,0.5458937198067634,0.515151515151515,0.48011100832562453,0.4414414414414415,0.399825021872266,0.3559322033898305,0.31040131040131036,0.26382306477093204,0.21673003802281368,0.16959064327485382,0.12280701754385964,0.07671601615074025,0.03492884864165589,0.0018785222291797118,0],"score":8.520416420461993,"debutScore":0.1387900355871886,"peakScore":0.6260162601626017,"duration":6,"genres":[{"instanceSlug":"pop","title":"Pop","parents":[]}],"source":{},"debutEra":{"slug":2007,"title":2007,"type":"year","decade":2000,"year":2007},"rank":944}