{"title":"Shut Up and Drive","instanceSlug":2712,"tags":[],"genre":"pop","debut":2007,"playlists":[{"title":"Songs by Solo Females","instanceSlug":"f","tags":[],"parents":[]}],"ranks":{"artist:rihanna":{"rank":5,"total":6},"genre:pop":{"rank":468,"total":1431},"playlist:f":{"rank":208,"total":595},"decade:2000s":{"rank":45,"total":123},"year:2007":{"rank":2,"total":7}},"artists":[{"slug":"rihanna","title":"Rihanna","type":{"title":"Solo Female","artists":[],"artistCount":0,"score":0,"artistAdjustedAverage":0,"slug":"f"},"roleSlug":true,"death":"","tags":["2000s"]}],"scores":[0.245,0.445,0.795,0.7854473050158862,0.7567892200635448,0.7090257451429758,0.642156880254179,0.5561826253971547,0.4511029805719027,0.32691794577842326,0.183627521016716,0.02123170628678114],"ascent":[0.245,0.445,0.795],"descent-weeks":9.122641509433961,"messages":[],"score":5.917481929527565,"debutScore":0.245,"peakScore":0.795,"duration":3,"genres":[{"instanceSlug":"pop","title":"Pop","parents":[]}],"sources":[],"debutEra":{"slug":2007,"title":2007,"type":"year","decade":2000,"year":2007},"rank":1024}