{"title":"Disturbia","instanceSlug":2714,"tags":["#1","#1-hot-100"],"parents":[],"genre":"dance-pop","debut":2008,"playlists":[{"title":"Songs by Solo Females","instanceSlug":"f","tags":[],"parents":[]}],"ranks":{"artist:rihanna":{"rank":3,"total":6},"genre:dance-pop":{"rank":14,"total":68},"playlist:f":{"rank":92,"total":595},"decade:2000s":{"rank":18,"total":123},"year:2008":{"rank":2,"total":10}},"artists":[{"slug":"rihanna","title":"Rihanna","type":{"title":"Solo Female","artists":[],"artistCount":0,"score":0,"artistAdjustedAverage":0,"slug":"f"},"roleSlug":true,"death":"","tags":["2000s"]}],"scores":[0.225,0.425,0.675,0.75,0.7442451588127459,0.7269806352509834,0.6982064293147128,0.657922541003934,0.6061289703186469,0.5428257172588515,0.46801278182454803,0.3816901640157361,0.28385786383241607,0.17451588127458767,0.053664216342251075],"ascent":[0.225,0.425,0.675,0.75],"descent-weeks":11.415999999999999,"messages":[],"score":7.413050359249414,"debutScore":0.225,"peakScore":0.75,"duration":4,"genres":[{"instanceSlug":"dance-pop","title":"Dance-Pop","parents":["pop","dance"]}],"sources":[],"debutEra":{"slug":2008,"title":2008,"type":"year","decade":2000,"year":2008},"rank":425}