{"title":"Green-Eyed Lady","instanceSlug":2724,"tags":[],"parents":[],"genre":"pop","debut":1970,"playlists":[{"title":"Songs by Groups","instanceSlug":"group","tags":[],"parents":[]}],"ranks":{"artist:sugarloaf":{"rank":2,"total":2},"genre:pop":{"rank":895,"total":1431},"playlist:group":{"rank":857,"total":1410},"decade:1970s":{"rank":345,"total":546},"year:1970":{"rank":10,"total":25}},"artists":[{"slug":"sugarloaf","title":"Sugarloaf","type":{"title":"All-Male Group","artists":[],"artistCount":0,"score":0,"artistAdjustedAverage":0,"slug":"mmm"},"roleSlug":true,"death":"","tags":[]}],"scores":[0.1,0.21,0.312951,0.35561236147633757,0.357477963561,0.3500766721121608,0.32787279776564343,0.29086634052144766,0.23905730037957362,0.1724456773400213,0.09103147140279066],"ascent":[0.1,0.21,0.312951,0.35561236147633757,0.357477963561],"descent-weeks":6.949777240763801,"messages":[],"score":2.807391584558975,"debutScore":0.1,"peakScore":0.357477963561,"duration":3,"genres":[{"instanceSlug":"pop","title":"Pop","parents":[]}],"sources":[],"debutEra":{"slug":1970,"title":1970,"type":"year","decade":1970,"year":1970},"rank":2170}