{"title":"Love to Love You Baby","instanceSlug":2728,"tags":[],"parents":[],"genre":"disco","debut":1976,"playlists":[],"ranks":{"artist:donna-summer":{"rank":14,"total":15},"genre:disco":{"rank":23,"total":38},"decade:1970s":{"rank":265,"total":502},"year:1976":{"rank":26,"total":50}},"artists":[{"slug":"donna-summer","title":"Donna Summer","roleSlug":true}],"scores":[0.06764367926026527,0.36605723438297755,0.4516948537417435,0.46909393631477786,0.44873208778592094,0.432441578765486,0.40944326990838614,0.3839074627209926,0.36633798647325383,0.34467296040845774,0.31931901370129284,0.2907254118825794,0.2593665386310687,0.22572821917981728,0.1902872559911126,0.15365746429358046,0.12032275751762245,0.08624809906582664,0.051736726282756176,0.026773372378102105,0.015176894573879496,0.005732676254651513,0],"score":5.4850994795145525,"debutScore":0.06764367926026527,"peakScore":0.46909393631477786,"duration":6,"genres":[{"instanceSlug":"disco","title":"Disco","parents":["dance"]}],"source":{},"debutEra":{"slug":1976,"title":1976,"type":"year","decade":1970,"year":1976},"rank":1794}