{"title":"Secret Separation","instanceSlug":2738,"tags":["#1","#1-mainstream-rock"],"parents":[],"genre":"rock","debut":"1986-07","playlists":[],"ranks":{"artist:the-fixx":{"rank":1,"total":2},"genre:rock":{"rank":130,"total":670},"decade:1980s":{"rank":273,"total":1579},"year:1986":{"rank":28,"total":164}},"artists":[{"slug":"the-fixx"}],"scores":[0.06200821741159169,0.20830894528861146,0.3129502216570068,0.35561236147633757,0.3574779635603355,0.355847589224982,0.35095646621892146,0.3428045945421539,0.33139197419467925,0.31671860517649764,0.2987844874876089,0.2775896211280132,0.2531340060977105,0.2254176423967007,0.1944405300249839,0.16020266898256008,0.12270405926942918,0.0819447008855913,0.03792459383104637],"ascent":[0.06200821741159169,0.20830894528861146,0.3129502216570068,0.35561236147633757,0.3574779635603355],"descent-weeks":14.807473786766046,"messages":[],"score":4.646219248854761,"debutScore":0.06200821741159169,"peakScore":0.3574779635603355,"duration":5,"genres":[{"instanceSlug":"rock","title":"Rock","parents":[]}],"sources":[],"debutEra":{"slug":"1986-07","title":"July 1986","type":"month","decade":1980,"year":1986,"month":7},"rank":681}