{"title":"The First Time Ever I Saw Your Face","instanceSlug":2739,"tags":["#1","#1-adult-contemporary","#1-hot-100"],"parents":[],"genre":"adult-contemporary","debut":1972,"playlists":[{"title":"Songs by Solo Females","instanceSlug":"f","tags":[],"parents":[]}],"ranks":{"artist:roberta-flack":{"rank":2,"total":7},"genre:adult-contemporary":{"rank":8,"total":165},"playlist:f":{"rank":29,"total":594},"decade:1970s":{"rank":15,"total":546},"year:1972":{"rank":2,"total":33}},"artists":[{"slug":"roberta-flack","title":"Roberta Flack","type":{"title":"Solo Female","artists":[],"artistCount":0,"score":0,"artistAdjustedAverage":0,"slug":"f"},"roleSlug":true,"death":"","tags":[]}],"scores":[0.0775,0.3465,0.4895,0.517,0.5149810789632431,0.5089243158529722,0.49882971066918724,0.48469726341188846,0.4665269740810758,0.44431884267674915,0.4180728691989085,0.38778905364755395,0.35346739602268545,0.315107896324303,0.2727105545524066,0.22627537070699635,0.17580234478807213,0.12129147679563393,0.06274276672968178,0.00015621459021573293],"ascent":[0.0775,0.3465,0.4895,0.517],"descent-weeks":16.00241779497098,"messages":[],"score":6.682194129011572,"debutScore":0.0775,"peakScore":0.517,"duration":5,"genres":[{"instanceSlug":"adult-contemporary","title":"Adult Contemporary","parents":[]}],"sources":[],"debutEra":{"slug":1972,"title":1972,"type":"year","decade":1970,"year":1972},"rank":127}