{"title":"Killing Me Softly With His Song","instanceSlug":2741,"tags":["#1","#1-hot-100"],"parents":[],"genre":"adult-contemporary","debut":1973,"playlists":[],"ranks":{"artist:roberta-flack":{"rank":5,"total":7},"genre:adult-contemporary":{"rank":64,"total":158},"decade:1970s":{"rank":223,"total":517},"year:1973":{"rank":16,"total":34}},"artists":[{"slug":"roberta-flack","title":"Roberta Flack","roleSlug":true}],"scores":[0.0775,0.3465,0.4895,0.517,0.502,0.491,0.46900000000000003,0.439,0.4265,0.40900000000000003,0.38649999999999995,0.359,0.3265,0.289,0.2465,0.199,0.1465,0.121,0.0935,0.0635,0.031,0],"score":6.428999999999999,"debutScore":0.0775,"peakScore":0.517,"duration":6,"genres":[{"instanceSlug":"adult-contemporary","title":"Adult Contemporary","parents":[]}],"source":{},"debutEra":{"slug":1973,"title":1973,"type":"year","decade":1970,"year":1973},"rank":1615}