{"title":"Best Day of My Life","instanceSlug":2761,"tags":[],"parents":[],"genre":"pop","debut":2013,"playlists":[{"title":"Songs by Groups","instanceSlug":"group","tags":[],"parents":[]}],"ranks":{"artist:american-authors":{"rank":1,"total":2},"genre:pop":{"rank":182,"total":1430},"playlist:group":{"rank":148,"total":1416},"decade:2010s":{"rank":4,"total":111},"year:2013":{"rank":1,"total":12}},"artists":[{"slug":"american-authors","title":"American Authors","type":{"title":"All-Male Group","artists":[],"artistCount":0,"score":0,"artistAdjustedAverage":0,"slug":"mmm"},"roleSlug":true,"death":"","tags":[]}],"scores":[0.075,0.463,0.681,0.694,0.668,0.642,0.537,0.532,0.52136,0.5000800000000001,0.4681600000000001,0.4256000000000001,0.37240000000000006,0.30856000000000006,0.23408000000000007,0.1489600000000001,0.05320000000000011,0],"ascent":[0.075,0.463,0.681,0.694],"descent-weeks":13.196109510086456,"ascent-weeks":4.134726224783862,"peak":0.694,"messages":[],"score":8.0184,"duration":4,"genres":[{"instanceSlug":"pop","title":"Pop","parents":[]}],"sources":[],"debutEra":{"slug":2013,"title":2013,"type":"year","decade":2010,"year":2013},"rank":371}