{"title":"No Good in Goodbye","instanceSlug":2762,"tags":[],"genre":"pop","debut":2015,"playlists":[{"title":"Songs by Groups","instanceSlug":"group","tags":[],"parents":[]}],"artists":[{"slug":"script","title":"Script, The","type":{"title":"All-Male Group","artists":[],"artistCount":0,"score":0,"artistAdjustedAverage":0,"slug":"mmm"},"roleSlug":true,"death":"","tags":["2010s"]}],"scores":[0.3535,0.54625,0.64875,0.64275,0.6298950000000001,0.6041850000000001,0.5656200000000001,0.5142000000000001,0.4499250000000001,0.37279500000000004,0.28281,0.17996999999999996,0.06427499999999993,0],"ascent":[0.3535,0.54625,0.64875],"descent-weeks":11.457052023121388,"ascent-weeks":3.5803468208092486,"peak":0.64875,"messages":[],"ranks":{"artist:script":{"rank":1,"total":1},"genre:pop":{"rank":413,"total":1434},"playlist:group":{"rank":353,"total":1417},"decade:2010s":{"rank":30,"total":111},"year:2015":{"rank":10,"total":46}},"unscored":false,"score":6.503675,"duration":4,"genres":[{"instanceSlug":"pop","title":"Pop","parents":[]}],"sources":[],"debutEra":{"slug":2015,"title":2015,"type":"year","decade":2010,"year":2015},"rank":893}