{"title":"Have You Never Been Mellow","instanceSlug":2790,"tags":["#1","#1-adult-contemporary","#1-hot-100"],"genre":"adult-contemporary","debut":1975,"playlists":[{"title":"Songs by Solo Females","instanceSlug":"f","tags":[],"parents":[]}],"artists":[{"slug":"olivia-newton-john","title":"Olivia Newton-John","type":{"title":"Solo Female","artists":[],"artistCount":0,"score":0,"artistAdjustedAverage":0,"slug":"f"},"roleSlug":true,"death":"","tags":["1970s","1980s"]}],"scores":[0.025,0.2,0.385,0.44,0.45,0.44606952572277053,0.4342781028910822,0.4146257315049349,0.3871124115643287,0.35173814306926365,0.30850292601973966,0.25740676041575666,0.19844964625731484,0.13163158354441412,0.0569525722770545],"ascent":[0.025,0.2,0.385,0.44,0.45],"descent-weeks":10.699999999999996,"messages":[],"ranks":{"artist:olivia-newton-john":{"rank":11,"total":16},"genre:adult-contemporary":{"rank":88,"total":165},"playlist:f":{"rank":370,"total":595},"decade:1970s":{"rank":346,"total":548},"year:1975":{"rank":35,"total":48}},"score":4.486767403266659,"debutScore":0.025,"peakScore":0.45,"duration":4,"genres":[{"instanceSlug":"adult-contemporary","title":"Adult Contemporary","parents":[]}],"sources":[],"debutEra":{"slug":1975,"title":1975,"type":"year","decade":1970,"year":1975},"rank":1978}