{"title":"How You Remind Me","instanceSlug":2795,"tags":["#1","#1-hot-100","#1-mainstream-rock","#1-modern-rock"],"parents":[],"genre":"pop","debut":2001,"playlists":[{"title":"Songs by Groups","instanceSlug":"group","tags":[],"parents":[]}],"ranks":{"artist:nickelback":{"rank":1,"total":5},"genre:pop":{"rank":812,"total":1434},"playlist:group":{"rank":750,"total":1417},"decade:2000s":{"rank":66,"total":123},"year:2001":{"rank":11,"total":18}},"artists":[{"slug":"nickelback","title":"Nickelback","type":{"title":"All-Male Group","artists":[],"artistCount":0,"score":0,"artistAdjustedAverage":0,"slug":"mmm"},"roleSlug":true,"death":"","tags":[]}],"scores":[0.06200821741159169,0.20830894528861146,0.3129502216570068,0.35561236147633757,0.3574779635603355,0.3446276515977258,0.32891805429767385,0.31523776166182677,0.30042162719800025,0.2833026661554992,0.2643212410031802,0.24289242606706696,0.21959493334585015,0.19466120793610409,0.1685894531254616,0.14210166436832847,0.11600004299049087,0.09098520352380506,0.06767556150528035,0.04664449376949029,0.029256418423981474,0.01618867931401627,0.0031209402040510634,0],"ascent":[0.06200821741159169,0.20830894528861146,0.3129502216570068,0.35561236147633757,0.3574779635603355],"descent-weeks":3.97551540969843,"ascent-weeks":5.439598415309378,"peak":0.3574779635603355,"messages":[],"unscored":false,"score":2.2437971445683678,"duration":3,"genres":[{"instanceSlug":"pop","title":"Pop","parents":[]}],"sources":[],"debutEra":{"slug":2001,"title":2001,"type":"year","decade":2000,"year":2001},"rank":1905}