{"title":"Far Away","instanceSlug":2798,"tags":[],"parents":[],"genre":"rock","debut":2006,"playlists":[{"title":"Songs by Groups","instanceSlug":"group","tags":[],"parents":[]}],"ranks":{"artist:nickelback":{"rank":3,"total":5},"genre:rock":{"rank":399,"total":670},"playlist:group":{"rank":851,"total":1410},"decade:2000s":{"rank":81,"total":123},"year:2006":{"rank":6,"total":7}},"artists":[{"slug":"nickelback","title":"Nickelback","type":{"title":"All-Male Group","artists":[],"artistCount":0,"score":0,"artistAdjustedAverage":0,"slug":"mmm"},"roleSlug":true,"death":"","tags":[]}],"scores":[0.1,0.21,0.312951,0.35561236147633757,0.357477963561,0.3500766721121608,0.32787279776564343,0.29086634052144766,0.23905730037957362,0.1724456773400213,0.09103147140279066],"ascent":[0.1,0.21,0.312951,0.35561236147633757,0.357477963561],"descent-weeks":6.949777240763801,"messages":[],"score":2.807391584558975,"debutScore":0.1,"peakScore":0.357477963561,"duration":3,"genres":[{"instanceSlug":"rock","title":"Rock","parents":[]}],"sources":[],"debutEra":{"slug":2006,"title":2006,"type":"year","decade":2000,"year":2006},"rank":2091}