{"title":"Overload","instanceSlug":2816,"tags":[],"genre":"pop","debut":2015,"playlists":[],"artists":[{"slug":"life-of-dylan","title":"Life of Dylan","roleSlug":true,"death":"","tags":[]}],"scores":[0.1535,0.24625,0.34875,0.34275,0.335895,0.322185,0.30162,0.2742,0.239925,0.198795,0.15081,0.09597,0.034275,0],"ascent":[0.1535,0.24625,0.34875],"descent-weeks":11.377096774193548,"ascent-weeks":3.2193548387096773,"peak":0.34875,"messages":[],"ranks":{"artist:life-of-dylan":{"rank":1,"total":1},"genre:pop":{"rank":1091,"total":1430},"decade:2010s":{"rank":83,"total":111},"year:2015":{"rank":37,"total":46}},"score":3.3936749999999996,"duration":4,"genres":[{"instanceSlug":"pop","title":"Pop","parents":[]}],"sources":[],"debutEra":{"slug":2015,"title":2015,"type":"year","decade":2010,"year":2015},"rank":2662}