{"title":"Overload","instanceSlug":2816,"tags":[],"genre":"pop","debut":2015,"playlists":[],"artists":[{"slug":"life-of-dylan","title":"Life of Dylan","roleSlug":true,"death":"","tags":[]}],"scores":[0.1535,0.24625,0.34875,0.34605566674276134,0.33797266697104533,0.324501000684852,0.3056406678841813,0.2813916685690333,0.25175400273940796,0.21672767039530527,0.17631267153672525,0.13050900616366784,0.07931667427613316,0.022735675874121106],"ascent":[0.1535,0.24625,0.34875],"descent-weeks":11.377096774193548,"messages":[],"ranks":{"artist:life-of-dylan":{"rank":1,"total":1},"genre:pop":{"rank":1094,"total":1430},"decade:2010s":{"rank":84,"total":111},"year:2015":{"rank":37,"total":46}},"score":3.2214173718372328,"debutScore":0.1535,"peakScore":0.34875,"duration":4,"genres":[{"instanceSlug":"pop","title":"Pop","parents":[]}],"sources":[],"debutEra":{"slug":2015,"title":2015,"type":"year","decade":2010,"year":2015},"rank":2642}