{"title":"Up on Cripple Creek","instanceSlug":2840,"tags":[],"parents":[],"genre":"rock","debut":1970,"playlists":[{"title":"Rock & Roll Hall of Fame","gloss":"Songs by members of the Rock and Roll Hall of Fame.","instanceSlug":"hof"}],"ranks":{"artist:band":{"rank":1,"total":1},"genre:rock":{"rank":341,"total":674},"playlist:hof":{"rank":491,"total":917},"decade:1970s":{"rank":343,"total":559},"year:1970":{"rank":12,"total":25}},"artists":[{"slug":"band","title":"The Band","type":{"title":"Group (deprecated)","artists":[],"artistCount":0,"score":0,"artistAdjustedAverage":0,"slug":"g"},"roleSlug":true,"death":"","tags":["hof"]}],"scores":[0.1,0.21,0.312951,0.35561236147633757,0.357477963561,0.3446276515977258,0.3289181,0.31523776166182677,0.31,0.3038,0.2914,0.2728,0.248,0.217,0.17980000000000002,0.13640000000000002,0.08680000000000003,0.03100000000000004,0],"ascent":[0.1,0.21,0.312951,0.35561236147633757,0.357477963561],"descent-weeks":3.7979818802043264,"ascent-weeks":5.606113360366711,"peak":0.357477963561,"messages":[],"unscored":false,"score":2.2411712104886847,"duration":3,"genres":[{"instanceSlug":"rock","title":"Rock","parents":[]}],"sources":[],"debutEra":{"slug":1970,"title":1970,"type":"year","decade":1970,"year":1970},"rank":2052}