{"title":"Up on Cripple Creek","instanceSlug":2840,"tags":[],"parents":[],"genre":"rock","debut":1970,"playlists":[{"title":"Rock & Roll Hall of Fame","gloss":"Songs by members of the Rock and Roll Hall of Fame.","instanceSlug":"hof"}],"ranks":{"artist:band":{"rank":1,"total":1},"genre:rock":{"rank":378,"total":670},"playlist:hof":{"rank":550,"total":887},"decade:1970s":{"rank":336,"total":546},"year:1970":{"rank":9,"total":25}},"artists":[{"slug":"band","title":"The Band","type":{"title":"Group (deprecated)","artists":[],"artistCount":0,"score":0,"artistAdjustedAverage":0,"slug":"g"},"roleSlug":true,"death":"","tags":["hof"]}],"scores":[0.1,0.21,0.312951,0.35561236147633757,0.357477963561,0.3500766721121608,0.32787279776564343,0.29086634052144766,0.23905730037957362,0.1724456773400213,0.09103147140279066],"ascent":[0.1,0.21,0.312951,0.35561236147633757,0.357477963561],"descent-weeks":6.949777240763801,"messages":[],"score":2.807391584558975,"debutScore":0.1,"peakScore":0.357477963561,"duration":3,"genres":[{"instanceSlug":"rock","title":"Rock","parents":[]}],"sources":[],"debutEra":{"slug":1970,"title":1970,"type":"year","decade":1970,"year":1970},"rank":2107}