{"title":"Come and Get Your Love","instanceSlug":2848,"tags":[],"genres":[{"instanceSlug":"pop-rock","title":"Pop-Rock","parents":["pop"]},null],"debut":1974,"playlists":[null,{"title":"Songs by Groups","instanceSlug":"group","tags":[],"parents":[]}],"artists":[{"slug":"redbone","title":"Redbone","type":{"title":"All-Male Group","artists":[],"artistCount":0,"score":0,"artistAdjustedAverage":0,"slug":"mmm"},"roleSlug":true,"death":"","tags":[]},{"slug":"lolly-vegas","title":"Lolly Vegas","roleSlug":"writer","death":"","tags":[]}],"scores":[0.1,0.21,0.312951,0.35561236147633757,0.357477963561,0.35526591654084394,0.3486297754803758,0.33756954037959563,0.32208521123850337,0.30217678805709897,0.27784427083538255,0.24908765957335402,0.21590695427101345,0.17830215492836074,0.13627326154539596,0.0898202741221192,0.03894319265853024],"ascent":[0.1,0.21,0.312951,0.35561236147633757,0.357477963561],"descent-weeks":12.71239739026361,"messages":[],"ranks":{"artist:redbone":{"rank":2,"total":3},"artist:lolly-vegas":{"rank":2,"total":2},"genre:pop-rock":{"rank":2,"total":9},"genre:swamp-pop":{"rank":1,"total":1},"playlist:group":{"rank":370,"total":1410},"playlist:remade":{"rank":1,"total":11},"decade:1970s":{"rank":152,"total":546},"year:1974":{"rank":16,"total":42}},"score":4.187946324667911,"debutScore":0.1,"peakScore":0.357477963561,"duration":5,"sources":[],"debutEra":{"slug":1974,"title":1974,"type":"year","decade":1970,"year":1974},"rank":901}