{"title":"The Witch Queen of New Orleans","instanceSlug":2852,"tags":[],"parents":[],"genre":"urban","debut":1972,"playlists":[{"title":"Songs by Groups","instanceSlug":"group","tags":[],"parents":[]}],"ranks":{"artist:redbone":{"rank":1,"total":3},"genre:urban":{"rank":98,"total":157},"playlist:group":{"rank":771,"total":1417},"decade:1970s":{"rank":339,"total":559},"year:1972":{"rank":27,"total":34}},"artists":[{"slug":"redbone","title":"Redbone","type":{"title":"All-Male Group","artists":[],"artistCount":0,"score":0,"artistAdjustedAverage":0,"slug":"mmm"},"roleSlug":true,"death":"","tags":[]}],"scores":[0.1,0.21,0.312951,0.35561236147633757,0.357477963561,0.3446276515977258,0.3289181,0.31523776166182677,0.31,0.28331,0.2643212411,0.2428924261,0.219594933345851,0.19466121,0.1685894531254616,0.14211,0.1161,0.09009,0.03807000000000002,0],"ascent":[0.1,0.21,0.312951,0.35561236147633757,0.357477963561],"descent-weeks":14.333753777982006,"ascent-weeks":5.606113360366711,"peak":0.357477963561,"messages":[],"unscored":false,"score":4.752042065529202,"duration":5,"genres":[{"instanceSlug":"urban","title":"Urban / R&B","parents":[]}],"sources":[],"debutEra":{"slug":1972,"title":1972,"type":"year","decade":1970,"year":1972},"rank":1957}