{"title":"The Witch Queen of New Orleans","instanceSlug":2852,"tags":[],"parents":[],"genre":"urban","debut":1972,"playlists":[{"title":"Songs by Groups","instanceSlug":"group","tags":[],"parents":[]}],"ranks":{"artist:redbone":{"rank":1,"total":3},"genre:urban":{"rank":26,"total":152},"playlist:group":{"rank":318,"total":1410},"decade:1970s":{"rank":136,"total":546},"year:1972":{"rank":12,"total":33}},"artists":[{"slug":"redbone","title":"Redbone","type":{"title":"All-Male Group","artists":[],"artistCount":0,"score":0,"artistAdjustedAverage":0,"slug":"mmm"},"roleSlug":true,"death":"","tags":[]}],"scores":[0.1,0.21,0.312951,0.35561236147633757,0.357477963561,0.355599755230966,0.3499651302408642,0.3405740885906944,0.3274266302804567,0.3105227553101511,0.2898624636797777,0.26544575538933624,0.2372726304388269,0.20534308882824975,0.16965713055760465,0.1302147556268916,0.08701596403611067,0.040060755785261824],"ascent":[0.1,0.21,0.312951,0.35561236147633757,0.357477963561],"descent-weeks":13.795986364055258,"messages":[],"score":4.445002229032529,"debutScore":0.1,"peakScore":0.357477963561,"duration":5,"genres":[{"instanceSlug":"urban","title":"Urban / R&B","parents":[]}],"sources":[],"debutEra":{"slug":1972,"title":1972,"type":"year","decade":1970,"year":1972},"rank":784}