{"title":"The Witch Queen of New Orleans","instanceSlug":2852,"tags":[],"parents":[],"genre":"urban","debut":1972,"playlists":[{"title":"Songs by Groups","instanceSlug":"group","tags":[],"parents":[]}],"ranks":{"artist:redbone":{"rank":1,"total":3},"genre:urban":{"rank":89,"total":152},"playlist:group":{"rank":750,"total":1417},"decade:1970s":{"rank":330,"total":548},"year:1972":{"rank":25,"total":33}},"artists":[{"slug":"redbone","title":"Redbone","type":{"title":"All-Male Group","artists":[],"artistCount":0,"score":0,"artistAdjustedAverage":0,"slug":"mmm"},"roleSlug":true,"death":"","tags":[]}],"scores":[0.1,0.21,0.312951,0.35561236147633757,0.357477963561,0.35573804310026597,0.350518281718064,0.341818679414394,0.329639236189256,0.31397995204265,0.2948408269745759,0.2722218609850339,0.2461230540740239,0.21654440624154592,0.1834859174875999,0.14694758781218584,0.10692941721530382,0.06343140569695381,0.016453553257135805],"ascent":[0.1,0.21,0.312951,0.35561236147633757,0.357477963561],"descent-weeks":14.333753777982006,"messages":[],"score":4.574713547246326,"debutScore":0.1,"peakScore":0.357477963561,"duration":5,"genres":[{"instanceSlug":"urban","title":"Urban / R&B","parents":[]}],"sources":[],"debutEra":{"slug":1972,"title":1972,"type":"year","decade":1970,"year":1972},"rank":1920}