{"title":"Anticipation","instanceSlug":2866,"tags":[],"genre":"pop","debut":1972,"playlists":[{"title":"Songs by Solo Females","instanceSlug":"f","tags":[],"parents":[]}],"artists":[{"slug":"carly-simon","title":"Carly Simon","type":{"title":"Solo Female","artists":[],"artistCount":0,"score":0,"artistAdjustedAverage":0,"slug":"f"},"roleSlug":true,"death":"","tags":["1970s","1980s"]}],"scores":[0.09,0.325,0.47,0.51,0.53,0.5225490343277831,0.5001961373111321,0.4629413089500473,0.4107845492445285,0.3437258581945758,0.2617652358001892,0.16490268206136852,0.05313819697811402],"ascent":[0.09,0.325,0.47,0.51,0.53],"descent-weeks":8.433962264150942,"messages":[],"ranks":{"artist:carly-simon":{"rank":7,"total":8},"genre:pop":{"rank":735,"total":1431},"playlist:f":{"rank":347,"total":595},"decade:1970s":{"rank":289,"total":548},"year:1972":{"rank":23,"total":33}},"score":4.645003002867739,"debutScore":0.09,"peakScore":0.53,"duration":3,"genres":[{"instanceSlug":"pop","title":"Pop","parents":[]}],"sources":[],"debutEra":{"slug":1972,"title":1972,"type":"year","decade":1970,"year":1972},"rank":1761}