{"title":"Haven't Got Time for the Pain","instanceSlug":2868,"tags":[],"parents":[],"genre":"pop","debut":1974,"playlists":[{"title":"Songs by Solo Females","instanceSlug":"f","tags":[],"parents":[]}],"ranks":{"artist:carly-simon":{"rank":5,"total":8},"genre:pop":{"rank":359,"total":1431},"playlist:f":{"rank":155,"total":595},"decade:1970s":{"rank":100,"total":548},"year:1974":{"rank":9,"total":42}},"artists":[{"slug":"carly-simon","title":"Carly Simon","type":{"title":"Solo Female","artists":[],"artistCount":0,"score":0,"artistAdjustedAverage":0,"slug":"f"},"roleSlug":true,"death":"","tags":["1970s","1980s"]}],"scores":[0.25,0.51,0.62,0.64,0.6350693274493819,0.6202773097975275,0.5956239470444369,0.5611092391901099,0.5167331862345468,0.46249578817774734,0.3983970450197117,0.3244369567604397,0.24061552339993156,0.14693274493818706,0.043388621375206354],"ascent":[0.25,0.51,0.62,0.64],"descent-weeks":11.392968749999996,"messages":[],"score":6.565079689387228,"debutScore":0.25,"peakScore":0.64,"duration":4,"genres":[{"instanceSlug":"pop","title":"Pop","parents":[]}],"sources":[],"debutEra":{"slug":1974,"title":1974,"type":"year","decade":1970,"year":1974},"rank":724}