{"title":"Help Me","instanceSlug":2882,"tags":["#1","#1-adult-contemporary"],"parents":[],"genre":"adult-contemporary","debut":1974,"playlists":[{"title":"Rock & Roll Hall of Fame","gloss":"Songs by members of the Rock and Roll Hall of Fame.","instanceSlug":"hof"}],"ranks":{"artist:joni-mitchell":{"rank":1,"total":1},"genre:adult-contemporary":{"rank":85,"total":167},"playlist:hof":{"rank":466,"total":917},"decade:1970s":{"rank":304,"total":559},"year:1974":{"rank":25,"total":46}},"artists":[{"slug":"joni-mitchell","title":"Joni Mitchell","roleSlug":true,"death":"","tags":["1970s","hof"]}],"scores":[0.1,0.21,0.312951,0.35561236147633757,0.357477963561,0.3446276515977258,0.3289181,0.31523776166182677,0.31,0.3038,0.2914,0.2728,0.248,0.217,0.17980000000000002,0.13640000000000002,0.08680000000000003,0.03100000000000004,0],"ascent":[0.1,0.21,0.312951,0.35561236147633757,0.357477963561],"descent-weeks":14.364220283901819,"ascent-weeks":5.606113360366711,"peak":0.357477963561,"messages":[],"unscored":false,"score":4.759302801857891,"duration":5,"genres":[{"instanceSlug":"adult-contemporary","title":"Adult Contemporary","parents":[]}],"sources":[],"debutEra":{"slug":1974,"title":1974,"type":"year","decade":1970,"year":1974},"rank":1833}