{"title":"Paralyzer","instanceSlug":2891,"tags":["#1","#1-mainstream-rock","#1-modern-rock"],"parents":[],"genre":"rock","debut":2007,"playlists":[{"title":"Songs by Groups","instanceSlug":"group","tags":[],"parents":[]}],"ranks":{"artist:finger-eleven":{"rank":2,"total":2},"genre:rock":{"rank":515,"total":670},"playlist:group":{"rank":1143,"total":1410},"decade:2000s":{"rank":112,"total":123},"year:2007":{"rank":7,"total":7}},"artists":[{"slug":"finger-eleven","title":"Finger Eleven","type":{"title":"All-Male Group","artists":[],"artistCount":0,"score":0,"artistAdjustedAverage":0,"slug":"mmm"},"roleSlug":true,"death":"","tags":[]}],"scores":[0.06592007962463009,0.20345639091641685,0.30206241279169266,0.3420220895447736,0.33974921456656404,0.31719507004601416,0.28142733686111887,0.2371328741977257,0.18605653364816144,0.13376352928929622,0.08887957861419904,0.05779769166533028,0.03976620925032311,0.027967017966615118,0.019474607912516085,0.014091822089318922,0.009,0],"messages":[],"score":2.665762458984696,"debutScore":0.06592007962463009,"peakScore":0.3420220895447736,"duration":4,"genres":[{"instanceSlug":"rock","title":"Rock","parents":[]}],"sources":[],"debutEra":{"slug":2007,"title":2007,"type":"year","decade":2000,"year":2007},"rank":2832}