{"title":"Paralyzer","instanceSlug":2891,"tags":["#1","#1-mainstream-rock","#1-modern-rock"],"parents":[],"genre":"rock","debut":2007,"playlists":[{"title":"Songs by Groups","instanceSlug":"group","tags":[],"parents":[]}],"ranks":{"artist:finger-eleven":{"rank":2,"total":2},"genre:rock":{"rank":519,"total":670},"playlist:group":{"rank":1161,"total":1416},"decade:2000s":{"rank":111,"total":123},"year:2007":{"rank":7,"total":7}},"artists":[{"slug":"finger-eleven","title":"Finger Eleven","type":{"title":"All-Male Group","artists":[],"artistCount":0,"score":0,"artistAdjustedAverage":0,"slug":"mmm"},"roleSlug":true,"death":"","tags":[]}],"scores":[0.06592007962463009,0.20345639091641685,0.30206241279169266,0.3420220895447736,0.33796688217284926,0.32580126005707616,0.3055252231974544,0.2771387715939839,0.24064190524666476,0.1960346241554969,0.14331692832048032,0.08248881774161505,0.013550292418901062],"ascent":[0.06592007962463009,0.20345639091641685,0.30206241279169266,0.3420220895447736],"descent-weeks":9.183760388277284,"messages":[],"score":2.8359256777820354,"debutScore":0.06592007962463009,"peakScore":0.3420220895447736,"duration":3,"genres":[{"instanceSlug":"rock","title":"Rock","parents":[]}],"sources":[],"debutEra":{"slug":2007,"title":2007,"type":"year","decade":2000,"year":2007},"rank":2872}