{"title":"Paralyzer","instanceSlug":2891,"tags":["#1","#1-mainstream-rock","#1-modern-rock"],"parents":[],"genre":"rock","debut":2007,"playlists":[{"title":"Songs by Groups","instanceSlug":"group","tags":[],"parents":[]}],"ranks":{"artist:finger-eleven":{"rank":2,"total":2},"genre:rock":{"rank":370,"total":670},"playlist:group":{"rank":829,"total":1410},"decade:2000s":{"rank":75,"total":123},"year:2007":{"rank":5,"total":7}},"artists":[{"slug":"finger-eleven","title":"Finger Eleven","type":{"title":"All-Male Group","artists":[],"artistCount":0,"score":0,"artistAdjustedAverage":0,"slug":"mmm"},"roleSlug":true,"death":"","tags":[]}],"scores":[0.06592007962463009,0.20345639091641685,0.30206241279169266,0.3420220895447736,0.3379329395306532,0.3256654894882918,0.30521973941768965,0.2765956893188466,0.23979333919176266,0.19481268903643792,0.14165373885287222,0.0803164886410657,0.010800938401018268],"ascent":[0.06592007962463009,0.20345639091641685,0.30206241279169266,0.3420220895447736],"descent-weeks":9.14556532778698,"messages":[],"score":2.826252024756151,"debutScore":0.06592007962463009,"peakScore":0.3420220895447736,"duration":4,"genres":[{"instanceSlug":"rock","title":"Rock","parents":[]}],"sources":[],"debutEra":{"slug":2007,"title":2007,"type":"year","decade":2000,"year":2007},"rank":2013}