{"title":"Radioactive","instanceSlug":2894,"tags":[],"parents":[],"genre":"rock","debut":2014,"playlists":[{"title":"Songs by Groups","instanceSlug":"group","tags":[],"parents":[]}],"ranks":{"artist:imagine-dragons":{"rank":2,"total":3},"genre:rock":{"rank":472,"total":670},"playlist:group":{"rank":1070,"total":1417},"decade:2010s":{"rank":90,"total":111},"year:2014":{"rank":9,"total":12}},"artists":[{"slug":"imagine-dragons","title":"Imagine Dragons","type":{"title":"All-Male Group","artists":[],"artistCount":0,"score":0,"artistAdjustedAverage":0,"slug":"mmm"},"roleSlug":true,"death":"","tags":["2010s"]}],"scores":[0.06493517521485907,0.20301020464749156,0.3018005417334737,0.3417822727277001,0.33879140210680836,0.32981879024413313,0.3148644371396743,0.29392834279343205,0.26701050720540626,0.234110930375597,0.1952296123040042,0.1503665529906279,0.09952175243546807,0.042695210638524723],"ascent":[0.06493517521485907,0.20301020464749156,0.3018005417334737,0.3417822727277001],"descent-weeks":10.68995687784853,"messages":[],"score":3.1778657325572,"debutScore":0.06493517521485907,"peakScore":0.3417822727277001,"duration":4,"genres":[{"instanceSlug":"rock","title":"Rock","parents":[]}],"sources":[],"debutEra":{"slug":2014,"title":2014,"type":"year","decade":2010,"year":2014},"rank":2693}