{"title":"Radioactive","instanceSlug":2894,"tags":[],"parents":[],"genre":"rock","debut":2014,"playlists":[{"title":"Songs by Groups","instanceSlug":"group","tags":[],"parents":[]}],"ranks":{"artist:imagine-dragons":{"rank":2,"total":3},"genre:rock":{"rank":479,"total":674},"playlist:group":{"rank":1073,"total":1417},"decade:2010s":{"rank":90,"total":111},"year:2014":{"rank":9,"total":12}},"artists":[{"slug":"imagine-dragons","title":"Imagine Dragons","type":{"title":"All-Male Group","artists":[],"artistCount":0,"score":0,"artistAdjustedAverage":0,"slug":"mmm"},"roleSlug":true,"death":"","tags":["2010s"]}],"scores":[0.06493517521485907,0.20301020464749156,0.3018005417334737,0.3417822727277001,0.34049378148769893,0.32036673911239577,0.28963567847687105,0.2533831990831219,0.21318416564794027,0.17113569966537778,0.13318152129973762,0.10257039188766756,0.07891734133222605,0.06001314087329579,0.04491139597641368,0.03280764065926471,0.023152393925800742,0.015692574550316155,0.010074380853091296,0.004456187155866438,0],"ascent":[0.06493517521485907,0.20301020464749156,0.3018005417334737,0.3417822727277001],"descent-weeks":10.68995687784853,"ascent-weeks":4.000477498651945,"peak":0.3417822727277001,"messages":[],"unscored":false,"score":3.3472866990383108,"duration":4,"genres":[{"instanceSlug":"rock","title":"Rock","parents":[]}],"sources":[],"debutEra":{"slug":2014,"title":2014,"type":"year","decade":2010,"year":2014},"rank":2720}