{"title":"Radioactive","instanceSlug":2894,"tags":[],"parents":[],"genre":"rock","debut":2014,"playlists":[{"title":"Songs by Groups","instanceSlug":"group","tags":[],"parents":[]}],"ranks":{"artist:imagine-dragons":{"rank":1,"total":3},"genre:rock":{"rank":306,"total":670},"playlist:group":{"rank":672,"total":1410},"decade:2010s":{"rank":43,"total":111},"year:2014":{"rank":9,"total":12}},"artists":[{"slug":"imagine-dragons","title":"Imagine Dragons","type":{"title":"All-Male Group","artists":[],"artistCount":0,"score":0,"artistAdjustedAverage":0,"slug":"mmm"},"roleSlug":true,"death":"","tags":["2010s"]}],"scores":[0.06493517521485907,0.20301020464749156,0.3018005417334737,0.3417822727277001,0.3387804284873767,0.32977489576640656,0.3147656745647896,0.29375276488252583,0.26673616671961525,0.23371588007605795,0.19469190495185382,0.14966424134700287,0.09863288926150524,0.04159784869536071],"ascent":[0.06493517521485907,0.20301020464749156,0.3018005417334737,0.3417822727277001],"descent-weeks":10.67039974669467,"messages":[],"score":3.1736408890760184,"debutScore":0.06493517521485907,"peakScore":0.3417822727277001,"duration":4,"genres":[{"instanceSlug":"rock","title":"Rock","parents":[]}],"sources":[],"debutEra":{"slug":2014,"title":2014,"type":"year","decade":2010,"year":2014},"rank":1670}