{"title":"It's the Same Old Song","instanceSlug":2900,"tags":[],"parents":[],"genre":"soul","debut":1965,"playlists":[],"ranks":{"artist:hdh":{"rank":23,"total":27},"artist:four-tops":{"rank":5,"total":7},"genre:soul":{"rank":174,"total":227},"decade:1960s":{"rank":65,"total":105},"year:1965":{"rank":8,"total":13}},"artists":[{"slug":"four-tops","title":"Four Tops","roleSlug":true},{"slug":"hdh","title":"Holland-Dozier-Holland","roleSlug":"writer"}],"scores":[0.03225806451612903,0.16686114352392067,0.3205678441729944,0.3522650439486139,0.35135135135135137,0.34453781512605036,0.3377926421404682,0.3266998341625207,0.3114754098360656,0.2924071082390953,0.2698412698412698,0.24416796267496113,0.21580547112462004,0.18518518518518517,0.1527377521613833,0.11888111888111887,0.08401084010840108,0.04849279161205767,0.012658227848101266,0],"score":4.167996876454309,"debutScore":0.03225806451612903,"peakScore":0.3522650439486139,"duration":5,"genres":[{"instanceSlug":"soul","title":"Soul","parents":["urban"]}],"source":{},"debutEra":{"slug":1965,"title":1965,"type":"year","decade":1960,"year":1965},"rank":2269}