{"title":"Reach Out I'll Be There","instanceSlug":2901,"tags":["#1","#1-hot-100","#1-r&b"],"parents":[],"genre":"soul","debut":1966,"playlists":[],"ranks":{"artist:four-tops":{"rank":5,"total":7},"genre:soul":{"rank":167,"total":223},"decade:1960s":{"rank":49,"total":92},"year:1966":{"rank":6,"total":10}},"artists":[{"slug":"four-tops","title":"Four Tops","roleSlug":true}],"scores":[0.03225806451612903,0.16686114352392067,0.3205678441729944,0.3522650439486139,0.35135135135135137,0.34453781512605036,0.3377926421404682,0.3266998341625207,0.3114754098360656,0.2924071082390953,0.2698412698412698,0.24416796267496113,0.21580547112462004,0.18518518518518517,0.1527377521613833,0.11888111888111887,0.08401084010840108,0.04849279161205767,0.012658227848101266,0],"score":4.167996876454309,"debutScore":0.03225806451612903,"peakScore":0.3522650439486139,"duration":5,"genres":[{"instanceSlug":"soul","title":"Soul","parents":["urban"]}],"source":{},"debutEra":{"slug":1966,"title":1966,"type":"year","decade":1960,"year":1966},"rank":2197}