{"title":"Standing in the Shadows of Love","instanceSlug":2902,"tags":[],"parents":[],"genre":"soul","debut":1967,"playlists":[],"ranks":{"artist:hdh":{"rank":14,"total":27},"artist:four-tops":{"rank":3,"total":7},"genre:soul":{"rank":164,"total":227},"decade:1960s":{"rank":52,"total":105},"year:1967":{"rank":9,"total":18}},"artists":[{"slug":"four-tops","title":"Four Tops","roleSlug":true},{"slug":"hdh","title":"Holland-Dozier-Holland","roleSlug":"writer"}],"scores":[0.03225806451612903,0.16686114352392067,0.3205678441729944,0.3522650439486139,0.35135135135135137,0.34453781512605036,0.3377926421404682,0.3266998341625207,0.322,0.312,0.297,0.277,0.252,0.222,0.187,0.147,0.102,0.052,0],"score":4.4023337389420485,"debutScore":0.03225806451612903,"peakScore":0.3522650439486139,"duration":5,"genres":[{"instanceSlug":"soul","title":"Soul","parents":["urban"]}],"source":{},"debutEra":{"slug":1967,"title":1967,"type":"year","decade":1960,"year":1967},"rank":2207}