{"title":"Bernadette","instanceSlug":2903,"tags":[],"parents":[],"genre":"soul","debut":1967,"playlists":[{"title":"Women of Music","instanceSlug":"women","tags":[],"parents":[]}],"artists":[{"slug":"four-tops","title":"Four Tops","roleSlug":true},{"slug":"hdh","title":"Holland-Dozier-Holland","roleSlug":"writer"}],"scores":[0.03225806451612903,0.16686114352392067,0.3205678441729944,0.3522650439486139,0.35135135135135137,0.34453781512605036,0.3377926421404682,0.3266998341625207,0.3114754098360656,0.2924071082390953,0.2698412698412698,0.24416796267496113,0.21580547112462004,0.18518518518518517,0.1527377521613833,0.11888111888111887,0.08401084010840108,0.04849279161205767,0.012658227848101266,0],"ranks":{"artist:hdh":{"rank":21,"total":27},"artist:four-tops":{"rank":7,"total":7},"genre:soul":{"rank":172,"total":227},"playlist:women":{"rank":9,"total":12},"decade:1960s":{"rank":67,"total":105},"year:1967":{"rank":13,"total":18}},"score":4.167996876454309,"debutScore":0.03225806451612903,"peakScore":0.3522650439486139,"duration":5,"genres":[{"instanceSlug":"soul","title":"Soul","parents":["urban"]}],"source":{},"debutEra":{"slug":1967,"title":1967,"type":"year","decade":1960,"year":1967},"rank":2273}