{"title":"Can't Take My Eyes Off You","instanceSlug":2910,"tags":["#2","#2-hot-100"],"parents":[],"genre":"pop","debut":1967,"playlists":[{"title":"Ballads","instanceSlug":"ballad","tags":[],"parents":[]},{"title":"Songs by Solo Males","instanceSlug":"m","tags":[],"parents":[]}],"ranks":{"artist:frankie-valli":{"rank":1,"total":4},"genre:pop":{"rank":152,"total":1431},"playlist:m":{"rank":93,"total":1095},"playlist:ballad":{"rank":17,"total":148},"decade:1960s":{"rank":4,"total":115},"year:1967":{"rank":1,"total":23}},"artists":[{"slug":"frankie-valli","title":"Frankie Valli","type":{"title":"Solo Male","artists":[],"artistCount":0,"score":0,"artistAdjustedAverage":0,"slug":"m"},"roleSlug":true,"death":"","tags":["1960s","1970s"]}],"scores":[0.12,0.694,0.6913111434850656,0.6832445739402625,0.6698002913655907,0.6509782957610502,0.6267785871266409,0.5972011654623629,0.5622460307682162,0.5219131830442008,0.4762026222903166,0.4251143485065638,0.36864836169294213,0.3068046618494519,0.23958324897609282,0.16698412307286495,0.08900728413976854,0.005652732176803302],"ascent":[0.12,0.694],"descent-weeks":16.065561959654183,"messages":[],"score":7.895470653658194,"debutScore":0.12,"peakScore":0.694,"duration":4,"genres":[{"instanceSlug":"pop","title":"Pop","parents":[]}],"sources":[],"debutEra":{"slug":1967,"title":1967,"type":"year","decade":1960,"year":1967},"rank":307}