{"title":"Dance with My Father","instanceSlug":2914,"tags":["dance-with","my-father"],"parents":[],"genre":"soul","debut":2003,"playlists":[{"title":"Songs by Deceased and Disbanded Artists","instanceSlug":"deceased","tags":[],"parents":[]},{"title":"Songs by Solo Males","instanceSlug":"m","tags":[],"parents":[]}],"ranks":{"artist:luther-vandross":{"rank":3,"total":8},"genre:soul":{"rank":152,"total":238},"playlist:deceased":{"rank":197,"total":334},"playlist:m":{"rank":691,"total":1090},"decade:2000s":{"rank":87,"total":123},"year:2003":{"rank":5,"total":8}},"artists":[{"slug":"luther-vandross","title":"Luther Vandross","type":{"title":"Solo Male","artists":[],"artistCount":0,"score":0,"artistAdjustedAverage":0,"slug":"m"},"roleSlug":true,"death":2005,"tags":["1980s","1990s"]}],"scores":[0.0575,0.16,0.24050000000000002,0.2955,0.2930668421156482,0.28576736846259293,0.2736015790408341,0.25656947385037177,0.2346710528912059,0.20790631616333646,0.17627526366676358,0.1397778954014871,0.09841421136750712,0.05218421156482363,0.0010878959934365543],"ascent":[0.0575,0.16,0.24050000000000002,0.2955],"descent-weeks":11.020304568527923,"messages":[],"score":2.772822110518007,"debutScore":0.0575,"peakScore":0.2955,"duration":4,"genres":[{"instanceSlug":"soul","title":"Soul","parents":["urban"]}],"sources":[],"debutEra":{"slug":2003,"title":2003,"type":"year","decade":2000,"year":2003},"rank":2225}