{"title":"Dance with My Father","instanceSlug":2914,"tags":["dance-with","my-father"],"parents":[],"genre":"soul","debut":2003,"playlists":[],"ranks":{"artist:luther-vandross":{"rank":7,"total":8},"genre:soul":{"rank":211,"total":227},"decade:2000s":{"rank":119,"total":124},"year:2003":{"rank":11,"total":11}},"artists":[{"slug":"luther-vandross","title":"Luther Vandross","roleSlug":true}],"scores":[0.0575,0.16,0.24050000000000002,0.2955,0.2645,0.23049999999999998,0.22299999999999998,0.21050000000000002,0.193,0.17049999999999998,0.14300000000000002,0.1255,0.108,0.088,0.0655,0.0405,0.013,0],"score":2.629000000000001,"debutScore":0.0575,"peakScore":0.2955,"duration":5,"genres":[{"instanceSlug":"soul","title":"Soul","parents":["urban"]}],"source":{},"debutEra":{"slug":2003,"title":2003,"type":"year","decade":2000,"year":2003},"rank":3039}