{"title":"Switch","instanceSlug":2934,"tags":[],"parents":[],"genre":"urban","debut":2005,"playlists":[],"ranks":{"artist:will-smith":{"rank":5,"total":8},"genre:urban":{"rank":16,"total":124},"decade:2000s":{"rank":25,"total":121},"year:2005":{"rank":2,"total":16}},"artists":[{"slug":"will-smith","title":"Will Smith","roleSlug":true}],"scores":[0.257,0.74325,0.80575,0.8145,0.7870000000000001,0.74975,0.7334999999999999,0.6935,0.676,0.6535,0.6259999999999999,0.5935,0.556,0.5135,0.466,0.4135,0.35600000000000004,0.2935,0.226,0.1535,0.09425,0.04325,0.0032500000000000003,0],"score":11.252000000000002,"debutScore":0.257,"peakScore":0.8145,"duration":6,"genres":[{"instanceSlug":"urban","title":"Urban / R&B","parents":[]}],"source":{},"debutEra":{"slug":2005,"title":2005,"type":"year","decade":2000,"year":2005},"rank":393}