{"title":"Tattoo","instanceSlug":2946,"tags":[],"parents":[],"genre":"pop","debut":2007,"playlists":[{"title":"Songs by Solo Females","instanceSlug":"f","tags":[],"parents":[]}],"ranks":{"artist:jordin-sparks":{"rank":1,"total":2},"genre:pop":{"rank":709,"total":1431},"playlist:f":{"rank":333,"total":595},"decade:2000s":{"rank":71,"total":123},"year:2007":{"rank":4,"total":7}},"artists":[{"slug":"jordin-sparks","title":"Jordin Sparks","type":{"title":"Solo Female","artists":[],"artistCount":0,"score":0,"artistAdjustedAverage":0,"slug":"f"},"roleSlug":true,"death":"","tags":["american-idol"]}],"scores":[0.06200821741159169,0.20830894528861146,0.3129502216570068,0.35561236147633757,0.3574779635603355,0.3558504691948907,0.3509679860985563,0.34283051427133227,0.33143805371321866,0.31679060442421547,0.29888816640432264,0.27773073965354017,0.25331832417186817,0.22565091995930653,0.19472852701585525,0.1605511453415144,0.12311877493628393,0.08243141580016386,0.03848906793315418],"ascent":[0.06200821741159169,0.20830894528861146,0.3129502216570068,0.35561236147633757,0.3574779635603355],"descent-weeks":14.820569447990732,"messages":[],"score":4.649142418312106,"debutScore":0.06200821741159169,"peakScore":0.3574779635603355,"duration":5,"genres":[{"instanceSlug":"pop","title":"Pop","parents":[]}],"sources":[],"debutEra":{"slug":2007,"title":2007,"type":"year","decade":2000,"year":2007},"rank":1750}