{"title":"Womanizer","instanceSlug":2954,"tags":["#1","#1-hot-100"],"parents":[],"genre":"pop","debut":2008,"playlists":[],"ranks":{"artist:brittni-spears":{"rank":6,"total":7},"genre:pop":{"rank":605,"total":1405},"decade:2000s":{"rank":60,"total":122},"year:2008":{"rank":5,"total":9}},"artists":[{"slug":"brittni-spears","title":"Britney Spears","roleSlug":true}],"scores":[0.1325,0.317,0.487,0.5685,0.535,0.5205,0.501,0.47800000000000004,0.4425,0.4275,0.4075,0.3825,0.3525,0.3175,0.2775,0.2465,0.2265,0.204,0.179,0.1515,0.1215,0.089,0.054,0.0165,0],"score":7.435500000000001,"debutScore":0.1325,"peakScore":0.5685,"duration":7,"genres":[{"instanceSlug":"pop","title":"Pop","parents":[]}],"source":{},"debutEra":{"slug":2008,"title":2008,"type":"year","decade":2000,"year":2008},"rank":1299}