{"title":"Respect Yourself","instanceSlug":2956,"tags":["remade"],"parents":[],"genre":"urban","debut":1971,"playlists":[{"title":"Rock & Roll Hall of Fame","gloss":"Songs by members of the Rock and Roll Hall of Fame.","instanceSlug":"hof"}],"ranks":{"artist:staple-singers":{"rank":2,"total":2},"genre:urban":{"rank":128,"total":155},"playlist:hof":{"rank":684,"total":893},"decade:1970s":{"rank":456,"total":548},"year:1971":{"rank":28,"total":32}},"artists":[{"slug":"staple-singers","title":"Staple Singers","roleSlug":true,"death":"","tags":["hof"]}],"scores":[0.062,0.2083,0.31295,0.3556,0.3574,0.3525850936075685,0.33814037443027417,0.31406584246811686,0.2803614977210967,0.23702734018921362,0.1840633698724676,0.12146958677085863,0.04924599088438684],"ascent":[0.062,0.2083,0.31295,0.3556,0.3574],"descent-weeks":8.615556799104649,"messages":[],"score":3.1732090959439834,"debutScore":0.062,"peakScore":0.3574,"duration":3,"genres":[{"instanceSlug":"urban","title":"Urban / R&B","parents":[]}],"sources":[],"debutEra":{"slug":1971,"title":1971,"type":"year","decade":1970,"year":1971},"rank":2697}