{"title":"Respect Yourself","instanceSlug":2956,"tags":["remade"],"parents":[],"genre":"urban","debut":1971,"playlists":[{"title":"Rock & Roll Hall of Fame","gloss":"Songs by members of the Rock and Roll Hall of Fame.","instanceSlug":"hof"}],"ranks":{"artist:staple-singers":{"rank":2,"total":2},"genre:urban":{"rank":127,"total":157},"playlist:hof":{"rank":708,"total":917},"decade:1970s":{"rank":466,"total":559},"year:1971":{"rank":29,"total":33}},"artists":[{"slug":"staple-singers","title":"Staple Singers","roleSlug":true,"death":"","tags":["hof"]}],"scores":[0.062,0.2083,0.31295,0.3556,0.3574,0.3446,0.33180000000000004,0.3062000000000001,0.26780000000000015,0.21660000000000024,0.15260000000000035,0.07580000000000048,0],"ascent":[0.062,0.2083,0.31295,0.3556,0.3574],"descent-weeks":8.615556799104649,"ascent-weeks":5.4403329602686075,"peak":0.3574,"messages":[],"unscored":false,"score":3.349050000000001,"duration":4,"genres":[{"instanceSlug":"urban","title":"Urban / R&B","parents":[]}],"sources":[],"debutEra":{"slug":1971,"title":1971,"type":"year","decade":1970,"year":1971},"rank":2713}