{"title":"I'll Take You There","instanceSlug":2957,"tags":["#1","#1-r&b","remade"],"parents":[],"genre":"urban","debut":1972,"playlists":[{"title":"Rock & Roll Hall of Fame","gloss":"Songs by members of the Rock and Roll Hall of Fame.","instanceSlug":"hof"}],"ranks":{"artist:staple-singers":{"rank":1,"total":2},"genre:urban":{"rank":84,"total":155},"playlist:hof":{"rank":444,"total":893},"decade:1970s":{"rank":281,"total":548},"year:1972":{"rank":22,"total":33}},"artists":[{"slug":"staple-singers","title":"Staple Singers","roleSlug":true,"death":"","tags":["hof"]}],"scores":[0.06200821741159169,0.20830894528861146,0.3129502216570068,0.35561236147633757,0.3574779635603355,0.3558504691948907,0.3509679860985563,0.34283051427133227,0.33143805371321866,0.31679060442421547,0.29888816640432264,0.27773073965354017,0.25331832417186817,0.22565091995930653,0.19472852701585525,0.1605511453415144,0.12311877493628393,0.08243141580016386,0.03848906793315418],"ascent":[0.06200821741159169,0.20830894528861146,0.3129502216570068,0.35561236147633757,0.3574779635603355],"descent-weeks":14.820569447990732,"messages":[],"score":4.649142418312106,"debutScore":0.06200821741159169,"peakScore":0.3574779635603355,"duration":5,"genres":[{"instanceSlug":"urban","title":"Urban / R&B","parents":[]}],"sources":[],"debutEra":{"slug":1972,"title":1972,"type":"year","decade":1970,"year":1972},"rank":1680}