{"title":"Moonlight Feels Right","instanceSlug":2958,"tags":[],"genre":"pop","debut":1976,"playlists":[{"title":"Songs by Groups","instanceSlug":"group","tags":[],"parents":[]}],"artists":[{"slug":"starbuck","title":"Starbuck","type":{"title":"All-Male Group","artists":[],"artistCount":0,"score":0,"artistAdjustedAverage":0,"slug":"mmm"},"roleSlug":true,"death":"","tags":[]}],"scores":[0.26,0.52,0.58,0.61,0.62,0.6152191606128226,0.6008766424512902,0.5769724455154032,0.5435065698051612,0.5004790153205644,0.4478897820616126,0.38573887002830604,0.3140262792206447,0.2327520096386284,0.1419160612822573,0.04151843415153135],"ascent":[0.26,0.52,0.58,0.61,0.62],"descent-weeks":11.387903225806449,"messages":[],"ranks":{"artist:starbuck":{"rank":1,"total":1},"genre:pop":{"rank":270,"total":1431},"playlist:group":{"rank":211,"total":1417},"decade:1970s":{"rank":66,"total":548},"year:1976":{"rank":5,"total":52}},"score":6.990895270088223,"debutScore":0.26,"peakScore":0.62,"duration":4,"genres":[{"instanceSlug":"pop","title":"Pop","parents":[]}],"sources":[],"debutEra":{"slug":1976,"title":1976,"type":"year","decade":1970,"year":1976},"rank":543}