{"title":"Afternoon Delight","instanceSlug":2959,"tags":["#1","#1-r&b"],"parents":[],"genre":"pop","debut":1976,"playlists":[{"title":"Songs by Groups","instanceSlug":"group","tags":[],"parents":[]}],"ranks":{"artist:starland-vocal-band":{"rank":1,"total":1},"genre:pop":{"rank":762,"total":1431},"playlist:group":{"rank":744,"total":1416},"decade:1970s":{"rank":307,"total":547},"year:1976":{"rank":24,"total":52}},"artists":[{"slug":"starland-vocal-band","title":"Starland Vocal Band","type":{"title":"Mixed Group, Female Lead","artists":[],"artistCount":0,"score":0,"artistAdjustedAverage":0,"slug":"fmm"},"roleSlug":true,"death":"","tags":[]}],"scores":[0.1,0.21,0.312951,0.35561236147633757,0.357477963561,0.3557454160143011,0.3505477733742044,0.34188503564070993,0.32975720281381765,0.31416427489352755,0.2951062518798397,0.272583133772754,0.2465949205722706,0.21714161227838932,0.18422320889111027,0.14783971041043345,0.10799111683635884,0.06467742816888644,0.017898644408016227],"ascent":[0.1,0.21,0.312951,0.35561236147633757,0.357477963561],"descent-weeks":14.364220283901819,"messages":[],"score":4.582197054991957,"debutScore":0.1,"peakScore":0.357477963561,"duration":5,"genres":[{"instanceSlug":"pop","title":"Pop","parents":[]}],"sources":[],"debutEra":{"slug":1976,"title":1976,"type":"year","decade":1970,"year":1976},"rank":1891}