{"title":"War","instanceSlug":2961,"tags":["#1","#1-hot-100","remade"],"parents":[],"genre":"urban","debut":1970,"playlists":[{"title":"Songs by Solo Males","instanceSlug":"m","tags":[],"parents":[]}],"ranks":{"artist:edwin-starr":{"rank":1,"total":1},"genre:urban":{"rank":93,"total":157},"playlist:m":{"rank":611,"total":1121},"decade:1970s":{"rank":332,"total":559},"year:1970":{"rank":14,"total":25}},"artists":[{"slug":"edwin-starr","title":"Edwin Starr","type":{"title":"Solo Male","artists":[],"artistCount":0,"score":0,"artistAdjustedAverage":0,"slug":"m"},"roleSlug":true,"death":"","tags":[]}],"scores":[0.1,0.21,0.312951,0.35561236147633757,0.357477963561,0.3446276515977258,0.3289181,0.31523776166182677,0.31,0.3038,0.2914,0.2728,0.248,0.217,0.17980000000000002,0.13640000000000002,0.08680000000000003,0.03100000000000004,0],"ascent":[0.1,0.21,0.312951,0.35561236147633757,0.357477963561],"descent-weeks":14.364220283901819,"ascent-weeks":5.606113360366711,"peak":0.357477963561,"messages":[],"unscored":false,"score":4.759302801857891,"duration":5,"genres":[{"instanceSlug":"urban","title":"Urban / R&B","parents":[]}],"sources":[],"debutEra":{"slug":1970,"title":1970,"type":"year","decade":1970,"year":1970},"rank":1859}