{"title":"War","instanceSlug":2961,"tags":["#1","#1-hot-100","remade"],"parents":[],"genre":"urban","debut":1970,"playlists":[{"title":"Songs by Solo Males","instanceSlug":"m","tags":[],"parents":[]}],"ranks":{"artist:edwin-starr":{"rank":1,"total":1},"genre:urban":{"rank":100,"total":152},"playlist:m":{"rank":664,"total":1090},"decade:1970s":{"rank":350,"total":546},"year:1970":{"rank":8,"total":25}},"artists":[{"slug":"edwin-starr","title":"Edwin Starr","type":{"title":"Solo Male","artists":[],"artistCount":0,"score":0,"artistAdjustedAverage":0,"slug":"m"},"roleSlug":true,"death":"","tags":[]}],"scores":[0.1,0.21,0.312951,0.35561236147633757,0.357477963561,0.3500766721121608,0.32787279776564343,0.29086634052144766,0.23905730037957362,0.1724456773400213,0.09103147140279066],"ascent":[0.1,0.21,0.312951,0.35561236147633757,0.357477963561],"descent-weeks":6.949777240763801,"messages":[],"score":2.807391584558975,"debutScore":0.1,"peakScore":0.357477963561,"duration":3,"genres":[{"instanceSlug":"urban","title":"Urban / R&B","parents":[]}],"sources":[],"debutEra":{"slug":1970,"title":1970,"type":"year","decade":1970,"year":1970},"rank":2183}