{"title":"Na Na Hey Hey Kiss Him Goodbye","instanceSlug":2968,"tags":["#1","#1-hot-100"],"parents":[],"genre":"pop","debut":1969,"playlists":[null,{"title":"Songs by Groups","instanceSlug":"group","tags":[],"parents":[]}],"ranks":{"artist:steam":{"rank":3,"total":3},"genre:pop":{"rank":890,"total":1431},"playlist:group":{"rank":872,"total":1410},"playlist:remade":{"rank":8,"total":11},"decade:1960s":{"rank":69,"total":115},"year:1969":{"rank":9,"total":18}},"artists":[{"slug":"steam","title":"Steam","type":{"title":"All-Male Group","artists":[],"artistCount":0,"score":0,"artistAdjustedAverage":0,"slug":"mmm"},"roleSlug":true,"death":"","tags":["fictional"]}],"scores":[0.1,0.21,0.312951,0.35561236147633757,0.357477963561,0.3500766721121608,0.32787279776564343,0.29086634052144766,0.23905730037957362,0.1724456773400213,0.09103147140279066],"ascent":[0.1,0.21,0.312951,0.35561236147633757,0.357477963561],"descent-weeks":6.949777240763801,"messages":[],"score":2.807391584558975,"debutScore":0.1,"peakScore":0.357477963561,"duration":3,"genres":[{"instanceSlug":"pop","title":"Pop","parents":[]}],"sources":[],"debutEra":{"slug":1969,"title":1969,"type":"year","decade":1960,"year":1969},"rank":2189}