{"title":"Na Na Hey Hey Kiss Him Goodbye","instanceSlug":2968,"tags":["#1","#1-hot-100"],"parents":[],"genre":"pop","debut":1969,"playlists":[null,{"title":"Songs by Groups","instanceSlug":"group","tags":[],"parents":[]}],"ranks":{"artist:steam":{"rank":2,"total":3},"genre:pop":{"rank":802,"total":1430},"playlist:group":{"rank":733,"total":1416},"playlist:remade":{"rank":7,"total":14},"decade:1960s":{"rank":47,"total":121},"year:1969":{"rank":9,"total":20}},"artists":[{"slug":"steam","title":"Steam","type":{"title":"All-Male Group","artists":[],"artistCount":0,"score":0,"artistAdjustedAverage":0,"slug":"mmm"},"roleSlug":true,"death":"","tags":["fictional"]}],"scores":[0.1,0.21,0.312951,0.35561236147633757,0.357477963561,0.3446276515977258,0.3289181,0.31523776166182677,0.31,0.3038,0.2914,0.2728,0.248,0.217,0.17980000000000002,0.13640000000000002,0.08680000000000003,0.03100000000000004,0],"ascent":[0.1,0.21,0.312951,0.35561236147633757,0.357477963561],"descent-weeks":14.364220283901819,"ascent-weeks":5.606113360366711,"peak":0.357477963561,"messages":[],"score":4.759302801857891,"duration":5,"genres":[{"instanceSlug":"pop","title":"Pop","parents":[]}],"sources":[],"debutEra":{"slug":1969,"title":1969,"type":"year","decade":1960,"year":1969},"rank":1907}