{"title":"Fun","instanceSlug":2979,"tags":[],"parents":[],"genre":"funk","debut":1977,"playlists":[],"ranks":{"artist:confunktion":{"rank":1,"total":1},"genre:funk":{"rank":19,"total":31},"decade:1970s":{"rank":271,"total":547},"year:1977":{"rank":35,"total":64}},"artists":[{"slug":"confunktion","title":"Confunktion","roleSlug":true,"death":"","tags":[]}],"scores":[0.06200821741159169,0.20830894528861146,0.3129502216570068,0.35561236147633757,0.3574779635603355,0.3558504691948907,0.3509679860985563,0.34283051427133227,0.33143805371321866,0.31679060442421547,0.29888816640432264,0.27773073965354017,0.25331832417186817,0.22565091995930653,0.19472852701585525,0.1605511453415144,0.12311877493628393,0.08243141580016386,0.03848906793315418],"ascent":[0.06200821741159169,0.20830894528861146,0.3129502216570068,0.35561236147633757,0.3574779635603355],"descent-weeks":14.820569447990732,"messages":[],"score":4.649142418312106,"debutScore":0.06200821741159169,"peakScore":0.3574779635603355,"duration":5,"genres":[{"instanceSlug":"funk","title":"Funk","parents":["urban"]}],"sources":[],"debutEra":{"slug":1977,"title":1977,"type":"year","decade":1970,"year":1977},"rank":1708}