{"title":"It's a Miracle","instanceSlug":2988,"tags":["#1","#1-adult-contemporary"],"parents":[],"genre":"pop","debut":1975,"playlists":[{"title":"Songs by Solo Males","instanceSlug":"m","tags":[],"parents":[]}],"ranks":{"artist:barry-manilow":{"rank":2,"total":9},"genre:pop":{"rank":227,"total":1431},"playlist:m":{"rank":147,"total":1095},"decade:1970s":{"rank":46,"total":548},"year:1975":{"rank":8,"total":48}},"artists":[{"slug":"barry-manilow","title":"Barry Manilow","type":{"title":"Solo Male","artists":[],"artistCount":0,"score":0,"artistAdjustedAverage":0,"slug":"m"},"roleSlug":true,"death":"","tags":["1970s","1980s"]}],"scores":[0.15,0.35,0.6,0.67,0.68,0.6747696451333755,0.6590785805335018,0.6329268062003789,0.5963143221340068,0.5492411283343858,0.4917072248015154,0.4237126115353959,0.3452572885360273,0.25634125580340955,0.15696451333754258,0.04712706113842655],"ascent":[0.15,0.35,0.6,0.67,0.68],"descent-weeks":11.402205882352941,"messages":[],"score":7.283440437487966,"debutScore":0.15,"peakScore":0.68,"duration":4,"genres":[{"instanceSlug":"pop","title":"Pop","parents":[]}],"sources":[],"debutEra":{"slug":1975,"title":1975,"type":"year","decade":1970,"year":1975},"rank":462}