{"title":"I Write the Songs","instanceSlug":2989,"tags":["#1","#1-adult-contemporary","#1-hit-100"],"parents":[],"genre":"adult-contemporary","debut":1976,"playlists":[{"title":"Songs by Solo Males","instanceSlug":"m","tags":[],"parents":[]}],"ranks":{"artist:barry-manilow":{"rank":4,"total":9},"genre:adult-contemporary":{"rank":55,"total":165},"playlist:m":{"rank":441,"total":1095},"decade:1970s":{"rank":217,"total":548},"year:1976":{"rank":18,"total":52}},"artists":[{"slug":"barry-manilow","title":"Barry Manilow","type":{"title":"Solo Male","artists":[],"artistCount":0,"score":0,"artistAdjustedAverage":0,"slug":"m"},"roleSlug":true,"death":"","tags":["1970s","1980s"]}],"scores":[0.05,0.272,0.471,0.492,0.5,0.49604938271604937,0.48419753086419753,0.46444444444444444,0.4367901234567901,0.4012345679012345,0.35777777777777764,0.3064197530864196,0.24716049382716032,0.17999999999999977,0.10493827160493802,0.021975308641975],"ascent":[0.05,0.272,0.471,0.492,0.5],"descent-weeks":11.249999999999996,"messages":[],"score":5.285987654320987,"debutScore":0.05,"peakScore":0.5,"duration":4,"genres":[{"instanceSlug":"adult-contemporary","title":"Adult Contemporary","parents":[]}],"sources":[],"debutEra":{"slug":1976,"title":1976,"type":"year","decade":1970,"year":1976},"rank":1320}