{"title":"Looks Like We Made It","instanceSlug":2990,"tags":["#1","#1-adult-contemporary","#1-hit-100"],"parents":[],"genre":"pop","debut":1977,"playlists":[{"title":"Songs by Solo Males","instanceSlug":"m","tags":[],"parents":[]}],"ranks":{"artist:barry-manilow":{"rank":6,"total":9},"genre:pop":{"rank":900,"total":1431},"playlist:m":{"rank":685,"total":1095},"decade:1970s":{"rank":380,"total":548},"year:1977":{"rank":43,"total":64}},"artists":[{"slug":"barry-manilow","title":"Barry Manilow","type":{"title":"Solo Male","artists":[],"artistCount":0,"score":0,"artistAdjustedAverage":0,"slug":"m"},"roleSlug":true,"death":"","tags":["1970s","1980s"]}],"scores":[0.025641025641025644,0.1574074074074074,0.3080444735120994,0.32625994694960214,0.3333333333333333,0.3317223565757428,0.32688942630297113,0.3188345425150183,0.3075577052118844,0.29305891439356946,0.27533817006007333,0.25439547221139613,0.2302308208475378,0.20284421596849836,0.17223565757427783,0.13840514566487616,0.10135268024029334,0.06107826130052951,0.0175818888455845],"ascent":[0.025641025641025644,0.1574074074074074,0.3080444735120994,0.32625994694960214,0.3333333333333333],"descent-weeks":14.38449883198115,"messages":[],"score":4.182211444555722,"debutScore":0.025641025641025644,"peakScore":0.3333333333333333,"duration":5,"genres":[{"instanceSlug":"pop","title":"Pop","parents":[]}],"sources":[],"debutEra":{"slug":1977,"title":1977,"type":"year","decade":1970,"year":1977},"rank":2169}