{"title":"Mighty Quinn","instanceSlug":2996,"tags":[],"parents":[],"genre":"pop","debut":1968,"playlists":[{"title":"Songs by Groups","instanceSlug":"group","tags":[],"parents":[]}],"ranks":{"artist:manfredd-mann":{"rank":2,"total":5},"genre:pop":{"rank":778,"total":1431},"playlist:group":{"rank":705,"total":1416},"decade:1960s":{"rank":40,"total":115},"year:1968":{"rank":6,"total":16}},"artists":[{"slug":"manfredd-mann","title":"Manfred Mann","type":{"title":"All-Male Group","artists":[],"artistCount":0,"score":0,"artistAdjustedAverage":0,"slug":"mmm"},"roleSlug":true,"death":"","tags":[]}],"scores":[0.1,0.21,0.312951,0.35561236147633757,0.357477963561,0.3557454160143011,0.3505477733742044,0.34188503564070993,0.32975720281381765,0.31416427489352755,0.2951062518798397,0.272583133772754,0.2465949205722706,0.21714161227838932,0.18422320889111027,0.14783971041043345,0.10799111683635884,0.06467742816888644,0.017898644408016227],"ascent":[0.1,0.21,0.312951,0.35561236147633757,0.357477963561],"descent-weeks":14.364220283901819,"messages":[],"score":4.582197054991957,"debutScore":0.1,"peakScore":0.357477963561,"duration":5,"genres":[{"instanceSlug":"pop","title":"Pop","parents":[]}],"sources":[],"debutEra":{"slug":1968,"title":1968,"type":"year","decade":1960,"year":1968},"rank":1809}