{"title":"Mighty Quinn","instanceSlug":2996,"tags":[],"parents":[],"genre":"pop","debut":1968,"playlists":[{"title":"Songs by Groups","instanceSlug":"group","tags":[],"parents":[]}],"ranks":{"artist:manfredd-mann":{"rank":2,"total":5},"genre:pop":{"rank":904,"total":1431},"playlist:group":{"rank":852,"total":1410},"decade:1960s":{"rank":68,"total":115},"year:1968":{"rank":11,"total":16}},"artists":[{"slug":"manfredd-mann","title":"Manfred Mann","type":{"title":"All-Male Group","artists":[],"artistCount":0,"score":0,"artistAdjustedAverage":0,"slug":"mmm"},"roleSlug":true,"death":"","tags":[]}],"scores":[0.1,0.21,0.312951,0.35561236147633757,0.357477963561,0.3500766721121608,0.32787279776564343,0.29086634052144766,0.23905730037957362,0.1724456773400213,0.09103147140279066],"ascent":[0.1,0.21,0.312951,0.35561236147633757,0.357477963561],"descent-weeks":6.949777240763801,"messages":[],"score":2.807391584558975,"debutScore":0.1,"peakScore":0.357477963561,"duration":3,"genres":[{"instanceSlug":"pop","title":"Pop","parents":[]}],"sources":[],"debutEra":{"slug":1968,"title":1968,"type":"year","decade":1960,"year":1968},"rank":2162}