{"title":"Mighty Quinn","instanceSlug":2996,"tags":[],"parents":[],"genre":"pop","debut":1968,"playlists":[{"title":"Songs by Groups","instanceSlug":"group","tags":[],"parents":[]}],"ranks":{"artist:manfredd-mann":{"rank":2,"total":5},"genre:pop":{"rank":781,"total":1434},"playlist:group":{"rank":743,"total":1417},"decade:1960s":{"rank":42,"total":121},"year:1968":{"rank":6,"total":16}},"artists":[{"slug":"manfredd-mann","title":"Manfred Mann","type":{"title":"All-Male Group","artists":[],"artistCount":0,"score":0,"artistAdjustedAverage":0,"slug":"mmm"},"roleSlug":true,"death":"","tags":[]}],"scores":[0.1,0.21,0.312951,0.35561236147633757,0.357477963561,0.3446276515977258,0.3289181,0.31523776166182677,0.31,0.3038,0.2914,0.2728,0.248,0.217,0.17980000000000002,0.13640000000000002,0.08680000000000003,0.03100000000000004,0],"ascent":[0.1,0.21,0.312951,0.35561236147633757,0.357477963561],"descent-weeks":14.364220283901819,"ascent-weeks":5.606113360366711,"peak":0.357477963561,"messages":[],"unscored":false,"score":4.759302801857891,"duration":5,"genres":[{"instanceSlug":"pop","title":"Pop","parents":[]}],"sources":[],"debutEra":{"slug":1968,"title":1968,"type":"year","decade":1960,"year":1968},"rank":1831}