{"title":"Blinded by the Light","instanceSlug":2997,"tags":["#1","#1-hot-100"],"parents":[],"genre":"rock","debut":1977,"playlists":[{"title":"Songs by Groups","instanceSlug":"group","tags":[],"parents":[]}],"ranks":{"artist:manfredd-mann":{"rank":3,"total":5},"genre:rock":{"rank":339,"total":671},"playlist:group":{"rank":748,"total":1416},"decade:1970s":{"rank":320,"total":550},"year:1977":{"rank":38,"total":66}},"artists":[{"slug":"manfredd-mann","title":"Manfred Mann","type":{"title":"All-Male Group","artists":[],"artistCount":0,"score":0,"artistAdjustedAverage":0,"slug":"mmm"},"roleSlug":true,"death":"","tags":[]}],"scores":[0.1,0.21,0.312951,0.35561236147633757,0.357477963561,0.3446276515977258,0.3289181,0.31523776166182677,0.31,0.3038,0.2914,0.2728,0.248,0.217,0.17980000000000002,0.13640000000000002,0.08680000000000003,0.03100000000000004,0],"ascent":[0.1,0.21,0.312951,0.35561236147633757,0.357477963561],"descent-weeks":14.364220283901819,"ascent-weeks":5.606113360366711,"peak":0.357477963561,"messages":[],"score":4.759302801857891,"duration":5,"genres":[{"instanceSlug":"rock","title":"Rock","parents":[]}],"sources":[],"debutEra":{"slug":1977,"title":1977,"type":"year","decade":1970,"year":1977},"rank":1948}