{"title":"Pillow Talk","instanceSlug":"2Vj2","tags":[],"parents":[],"genre":"pop","debut":2016,"playlists":[],"scores":[0.19617224880382778,0.34498991257565564,0.5503875968992248,0.5384615384615384,0.5325670498084292,0.5209125475285171,0.5037593984962405,0.4814814814814814,0.45454545454545453,0.42348754448398573,0.38888888888888895,0.35135135135135137,0.3114754098360656,0.2698412698412698,0.22699386503067487,0.1834319526627219,0.1396011396011396,0.0958904109589041,0.052631578947368425,0.017811704834605598,0],"artists":[{"slug":"zayn-malik","title":"Zayn Malik","roleSlug":true,"death":"","tags":[]}],"messages":[],"ranks":{"artist:zayn-malik":{"rank":1,"total":6},"genre:pop":{"rank":163,"total":1427},"decade:2010s":{"rank":10,"total":109},"year:2016":{"rank":3,"total":6}},"score":6.584682345037345,"debutScore":0.19617224880382778,"peakScore":0.5503875968992248,"duration":5,"genres":[{"instanceSlug":"pop","title":"Pop","parents":[]}],"sources":[],"debutEra":{"slug":2016,"title":2016,"type":"year","decade":2010,"year":2016},"rank":334}