{"title":"Don't Be Cruel","instanceSlug":3004,"tags":[],"genre":"rock","debut":1988,"playlists":[{"instanceSlug":"remake","title":"Remakes"}],"remake":true,"artists":[{"slug":"cheap-trick","title":"Cheap Trick","roleSlug":true}],"scores":[0.17684594348222427,0.2920580700256191,0.4214680347277033,0.3987189751801441,0.3457402812241522,0.341,0.331,0.316,0.296,0.271,0.241,0.206,0.166,0.121,0.071,0.016,0],"ranks":{"artist:cheap-trick":{"rank":1,"total":3},"genre:rock":{"rank":476,"total":633},"playlist:remake":{"rank":45,"total":54},"decade:1980s":{"rank":1198,"total":1542},"year:1988":{"rank":129,"total":179}},"score":4.010831304639843,"debutScore":0.17684594348222427,"peakScore":0.4214680347277033,"duration":5,"genres":[{"instanceSlug":"rock","title":"Rock","parents":[]}],"source":{},"debutEra":{"slug":1988,"title":1988,"type":"year","decade":1980,"year":1988},"rank":2697}