{"title":"Call Me Maybe","instanceSlug":3013,"tags":["#1","#1-rdwt40-hot-adult"],"parents":[],"genre":"pop","debut":2012,"playlists":[],"ranks":{"artist:carl":{"rank":1,"total":1},"genre:pop":{"rank":819,"total":1431},"decade:2010s":{"rank":51,"total":111},"year:2012":{"rank":1,"total":2}},"artists":[{"slug":"carl"}],"scores":[0.097,0.463,0.694,0.6565239876671429,0.5440959506685717,0.3567158890042864,0.09438380267428687],"ascent":[0.097,0.463,0.694],"descent-weeks":4.303314121037465,"messages":[],"score":2.905719630014288,"debutScore":0.097,"peakScore":0.694,"duration":2,"genres":[{"instanceSlug":"pop","title":"Pop","parents":[]}],"sources":[],"debutEra":{"slug":2012,"title":2012,"type":"year","decade":2010,"year":2012},"rank":1936}