{"title":"Call Me Maybe","instanceSlug":3013,"tags":["#1","#1-rdwt40-hot-adult"],"parents":[],"genre":"pop","debut":2012,"playlists":[],"ranks":{"artist:carl":{"rank":1,"total":1},"genre:pop":{"rank":861,"total":1430},"decade:2010s":{"rank":63,"total":111},"year:2012":{"rank":1,"total":2}},"artists":[{"slug":"carl"}],"scores":[0.097,0.463,0.694,0.681291400554354,0.6431656022174161,0.5796226049891865,0.49066240886966483,0.3762850138588513,0.23649041995674594,0.07127862716334862],"ascent":[0.097,0.463,0.694],"descent-weeks":7.389769452449567,"messages":[],"score":4.332796077609567,"debutScore":0.097,"peakScore":0.694,"duration":3,"genres":[{"instanceSlug":"pop","title":"Pop","parents":[]}],"sources":[],"debutEra":{"slug":2012,"title":2012,"type":"year","decade":2010,"year":2012},"rank":2076}