{"title":"E.T.","instanceSlug":3016,"tags":["#1","#1-rdwt40-hot-adult"],"genre":"pop","debut":2008,"playlists":[{"title":"Songs by Solo Females","instanceSlug":"f","tags":[],"parents":[]}],"artists":[{"slug":"katy-perry","title":"Katy Perry","type":{"title":"Solo Female","artists":[],"artistCount":0,"score":0,"artistAdjustedAverage":0,"slug":"f"},"roleSlug":true,"death":"","tags":[]}],"scores":[0.09,0.45,0.55,0.61,0.63,0.6241672866404506,0.6066691465618025,0.5775055797640556,0.5366765862472099,0.4841821660112656,0.4200223190562226,0.3441970453820807,0.25670634498884,0.15755021787650073,0.04672866404506252],"ascent":[0.09,0.45,0.55,0.61,0.63],"descent-weeks":10.392857142857137,"messages":[],"ranks":{"artist:katy-perry":{"rank":3,"total":9},"genre:pop":{"rank":379,"total":1431},"playlist:f":{"rank":166,"total":595},"decade:2000s":{"rank":39,"total":123},"year:2008":{"rank":3,"total":10}},"score":6.38440535657349,"debutScore":0.09,"peakScore":0.63,"duration":4,"genres":[{"instanceSlug":"pop","title":"Pop","parents":[]}],"sources":[],"debutEra":{"slug":2008,"title":2008,"type":"year","decade":2000,"year":2008},"rank":794}