{"title":"I Bet My Life","instanceSlug":3019,"tags":[],"genre":"pop","debut":2015,"playlists":[{"title":"Songs by Groups","instanceSlug":"group","tags":[],"parents":[]}],"artists":[{"slug":"imagine-dragons","title":"Imagine Dragons","type":{"title":"All-Male Group","artists":[],"artistCount":0,"score":0,"artistAdjustedAverage":0,"slug":"mmm"},"roleSlug":true,"death":"","tags":["2010s"]}],"scores":[0.1535,0.24625,0.34875,0.34605566674276134,0.33797266697104533,0.324501000684852,0.3056406678841813,0.2813916685690333,0.25175400273940796,0.21672767039530527,0.17631267153672525,0.13050900616366784,0.07931667427613316,0.022735675874121106],"ascent":[0.1535,0.24625,0.34875],"descent-weeks":11.377096774193548,"messages":[],"ranks":{"artist:imagine-dragons":{"rank":1,"total":3},"genre:pop":{"rank":1095,"total":1431},"playlist:group":{"rank":1047,"total":1417},"decade:2010s":{"rank":78,"total":111},"year:2015":{"rank":39,"total":46}},"score":3.2214173718372328,"debutScore":0.1535,"peakScore":0.34875,"duration":4,"genres":[{"instanceSlug":"pop","title":"Pop","parents":[]}],"sources":[],"debutEra":{"slug":2015,"title":2015,"type":"year","decade":2010,"year":2015},"rank":2634}