{"title":"Last Friday Night","instanceSlug":3026,"tags":["#1","#1-rdwt40-hot-adult"],"parents":[],"genre":"dance-pop","debut":2008,"playlists":[{"title":"Songs by Solo Females","instanceSlug":"f","tags":[],"parents":[]}],"ranks":{"artist:katy-perry":{"rank":7,"total":9},"genre:dance-pop":{"rank":50,"total":64},"playlist:f":{"rank":392,"total":554},"decade:2000s":{"rank":81,"total":127},"year:2008":{"rank":6,"total":10}},"artists":[{"slug":"katy-perry","title":"Katy Perry","type":{"title":"Solo Female","artists":[],"artistCount":0,"score":0,"artistAdjustedAverage":0,"slug":"f"},"roleSlug":true,"death":"","tags":[]}],"scores":[0.047230076447795574,0.31804402267035725,0.34680134680134683,0.3551971811898631,0.3588802826470988,0.3489815189531903,0.3413816230717639,0.3333333333333333,0.3218770654329148,0.30718954248366015,0.2894906511927789,0.26903553299492383,0.2461059190031153,0.22100122100122105,0.19402985074626866,0.16550116550116548,0.13571834185122086,0.10497237569060772,0.0735373054213634,0.04766893661602933,0.02406554019457245,0.006542526421741318,0],"score":4.856585359666333,"debutScore":0.047230076447795574,"peakScore":0.3588802826470988,"duration":6,"genres":[{"instanceSlug":"dance-pop","title":"Dance-Pop","parents":["pop","dance"]}],"source":{},"debutEra":{"slug":2008,"title":2008,"type":"year","decade":2000,"year":2008},"messages":[],"rank":2132}