{"title":"Last Friday Night","instanceSlug":3026,"tags":["#1","#1-rdwt40-hot-adult"],"parents":[],"genre":"dance-pop","debut":2008,"playlists":[],"ranks":{"artist:katy-perry":{"rank":7,"total":9},"genre:dance-pop":{"rank":34,"total":62},"decade:2000s":{"rank":55,"total":121},"year:2008":{"rank":3,"total":9}},"artists":[{"slug":"katy-perry","title":"Katy Perry","roleSlug":true}],"scores":[0.09019999999999999,0.48260000000000003,0.515,0.5242,0.5282,0.5174000000000001,0.509,0.5,0.487,0.47000000000000003,0.449,0.42400000000000004,0.395,0.362,0.325,0.284,0.23899999999999996,0.19,0.137,0.091,0.047,0.013000000000000001,0],"score":7.579600000000001,"debutScore":0.09019999999999999,"peakScore":0.5282,"duration":6,"genres":[{"instanceSlug":"dance-pop","title":"Dance-Pop","parents":["pop","dance"]}],"source":{},"debutEra":{"slug":2008,"title":2008,"type":"year","decade":2000,"year":2008},"rank":1169}