{"title":"Moves Like Jagger","instanceSlug":3029,"tags":["#1","#1-rdwt40-hot-adult","a:mick-jagger"],"parents":[],"genre":"dance-pop","debut":2010,"playlists":[],"ranks":{"artist:christina-aguillera":{"rank":5,"total":6},"artist:maroon-5":{"rank":1,"total":5},"genre:dance-pop":{"rank":11,"total":64},"decade:2010s":{"rank":6,"total":109},"year:2010":{"rank":1,"total":2}},"artists":[{"slug":"maroon-5","title":"Maroon 5","roleSlug":true},{"slug":"christina-aguillera","title":"Christina Aguilera","roleSlug":true}],"scores":[0.14100000000000001,0.5495,0.7395,0.7775000000000001,0.785,0.7745,0.7585,0.751,0.7384999999999999,0.721,0.6984999999999999,0.671,0.6385000000000001,0.601,0.5585,0.511,0.45849999999999996,0.401,0.3385,0.271,0.1985,0.121,0.0675,0.0225,0],"score":12.293000000000005,"debutScore":0.14100000000000001,"peakScore":0.785,"duration":7,"genres":[{"instanceSlug":"dance-pop","title":"Dance-Pop","parents":["pop","dance"]}],"source":{},"debutEra":{"slug":2010,"title":2010,"type":"year","decade":2010,"year":2010},"rank":298}