{"title":"Not a Bad Thing","instanceSlug":3031,"tags":["#1","#1-rdwt40-hot-adult"],"parents":[],"genre":"pop","debut":2013,"playlists":[],"ranks":{"artist:justin-timberlake":{"rank":2,"total":14},"genre:pop":{"rank":341,"total":1407},"decade:2010s":{"rank":22,"total":107},"year:2013":{"rank":3,"total":12}},"artists":[{"slug":"justin-timberlake","title":"Justin Timberlake","roleSlug":true}],"scores":[0.1411666666666667,0.45883333333333337,0.5984999999999999,0.6573333333333333,0.6701666666666667,0.6603333333333333,0.6335,0.6171666666666668,0.6038333333333332,0.5855,0.5621666666666666,0.5338333333333333,0.5005,0.4621666666666666,0.41883333333333334,0.37050000000000005,0.31716666666666665,0.2588333333333333,0.20149999999999998,0.14483333333333334,0.084,0.039,0.011666666666666667,0],"score":9.53133333333333,"debutScore":0.1411666666666667,"peakScore":0.6701666666666667,"duration":6,"genres":[{"instanceSlug":"pop","title":"Pop","parents":[]}],"source":{},"debutEra":{"slug":2013,"title":2013,"type":"year","decade":2010,"year":2013},"rank":709}