{"title":"Not a Bad Thing","instanceSlug":3031,"tags":["#1","#1-rdwt40-hot-adult"],"parents":[],"genre":"pop","debut":2013,"playlists":[{"title":"Songs by Solo Males","instanceSlug":"m","tags":[],"parents":[]}],"ranks":{"artist:justin-timberlake":{"rank":7,"total":15},"genre:pop":{"rank":850,"total":1431},"playlist:m":{"rank":641,"total":1090},"decade:2010s":{"rank":55,"total":111},"year:2013":{"rank":10,"total":12}},"artists":[{"slug":"justin-timberlake","title":"Justin Timberlake","type":{"title":"Solo Male","artists":[],"artistCount":0,"score":0,"artistAdjustedAverage":0,"slug":"m"},"roleSlug":true,"death":"","tags":["1990s","2000s","2010s"]}],"scores":[0.06592007962463009,0.20345639091641685,0.30206241279169266,0.3420220895447736,0.3379329395306532,0.3256654894882918,0.30521973941768965,0.2765956893188466,0.23979333919176266,0.19481268903643792,0.14165373885287222,0.0803164886410657,0.010800938401018268],"ascent":[0.06592007962463009,0.20345639091641685,0.30206241279169266,0.3420220895447736],"descent-weeks":9.14556532778698,"messages":[],"score":2.826252024756151,"debutScore":0.06592007962463009,"peakScore":0.3420220895447736,"duration":4,"genres":[{"instanceSlug":"pop","title":"Pop","parents":[]}],"sources":[],"debutEra":{"slug":2013,"title":2013,"type":"year","decade":2010,"year":2013},"rank":2016}