{"title":"Not a Bad Thing","instanceSlug":3031,"tags":["#1","#1-rdwt40-hot-adult"],"parents":[],"genre":"pop","debut":2013,"playlists":[{"title":"Songs by Solo Males","instanceSlug":"m","tags":[],"parents":[]}],"ranks":{"artist:justin-timberlake":{"rank":8,"total":15},"genre:pop":{"rank":1157,"total":1424},"playlist:m":{"rank":874,"total":1071},"decade:2010s":{"rank":79,"total":109},"year:2013":{"rank":11,"total":12}},"artists":[{"slug":"justin-timberlake","title":"Justin Timberlake","type":{"title":"Solo Male","artists":[],"artistCount":0,"score":0,"artistAdjustedAverage":0,"slug":"m"},"roleSlug":true,"death":"","tags":["1990s","2000s","2010s"]}],"scores":[0.06592007962463009,0.20345639091641685,0.30206241279169266,0.3420220895447736,0.33974921456656404,0.31719507004601416,0.28142733686111887,0.2371328741977257,0.18605653364816144,0.13376352928929622,0.08887957861419904,0.05779769166533028,0.03976620925032311,0.027967017966615118,0.019474607912516085,0.014091822089318922,0.009,0],"messages":[],"score":2.665762458984696,"debutScore":0.06592007962463009,"peakScore":0.3420220895447736,"duration":4,"genres":[{"instanceSlug":"pop","title":"Pop","parents":[]}],"sources":[],"debutEra":{"slug":2013,"title":2013,"type":"year","decade":2010,"year":2013},"rank":2753}