{"title":"Not a Bad Thing","instanceSlug":3031,"tags":["#1","#1-rdwt40-hot-adult"],"parents":[],"genre":"pop","debut":2013,"playlists":[{"title":"Songs by Solo Males","instanceSlug":"m","tags":[],"parents":[]}],"ranks":{"artist:justin-timberlake":{"rank":8,"total":15},"genre:pop":{"rank":1171,"total":1431},"playlist:m":{"rank":903,"total":1095},"decade:2010s":{"rank":96,"total":111},"year:2013":{"rank":11,"total":12}},"artists":[{"slug":"justin-timberlake","title":"Justin Timberlake","type":{"title":"Solo Male","artists":[],"artistCount":0,"score":0,"artistAdjustedAverage":0,"slug":"m"},"roleSlug":true,"death":"","tags":["1990s","2000s","2010s"]}],"scores":[0.06592007962463009,0.20345639091641685,0.30206241279169266,0.3420220895447736,0.33796688217284926,0.32580126005707616,0.3055252231974544,0.2771387715939839,0.24064190524666476,0.1960346241554969,0.14331692832048032,0.08248881774161505,0.013550292418901062],"ascent":[0.06592007962463009,0.20345639091641685,0.30206241279169266,0.3420220895447736],"descent-weeks":9.183760388277284,"messages":[],"score":2.8359256777820354,"debutScore":0.06592007962463009,"peakScore":0.3420220895447736,"duration":3,"genres":[{"instanceSlug":"pop","title":"Pop","parents":[]}],"sources":[],"debutEra":{"slug":2013,"title":2013,"type":"year","decade":2010,"year":2013},"rank":2863}