{"title":"Team","instanceSlug":3038,"tags":["#1","#1-rdwt40-hot-adult"],"parents":[],"genre":"pop","debut":2013,"playlists":[{"title":"Songs by Solo Females","instanceSlug":"f","tags":[],"parents":[]}],"ranks":{"artist:lorde":{"rank":2,"total":3},"genre:pop":{"rank":685,"total":1431},"playlist:f":{"rank":317,"total":595},"decade:2010s":{"rank":51,"total":111},"year:2013":{"rank":8,"total":12}},"artists":[{"slug":"lorde","title":"Lorde","type":{"title":"Solo Female","artists":[],"artistCount":0,"score":0,"artistAdjustedAverage":0,"slug":"f"},"roleSlug":true,"death":"","tags":[]}],"scores":[0.077,0.26,0.444,0.491,0.4871446112474673,0.4755784449898691,0.45630150122720553,0.4293137799594765,0.394615281186682,0.3522060049088221,0.3020859511258968,0.24425511983790602,0.1787135110448498,0.10546112474672813,0.024497960943541026],"ascent":[0.077,0.26,0.444,0.491],"descent-weeks":11.285132382892057,"messages":[],"score":4.722173291218445,"debutScore":0.077,"peakScore":0.491,"duration":4,"genres":[{"instanceSlug":"pop","title":"Pop","parents":[]}],"sources":[],"debutEra":{"slug":2013,"title":2013,"type":"year","decade":2010,"year":2013},"rank":1622}