{"title":"Team","instanceSlug":3038,"tags":["#1","#1-rdwt40-hot-adult"],"parents":[],"genre":"pop","debut":2013,"playlists":[{"title":"Songs by Solo Females","instanceSlug":"f","tags":[],"parents":[]}],"ranks":{"artist:lorde":{"rank":2,"total":3},"genre:pop":{"rank":235,"total":1431},"playlist:f":{"rank":111,"total":594},"decade:2010s":{"rank":16,"total":111},"year:2013":{"rank":2,"total":12}},"artists":[{"slug":"lorde","title":"Lorde","type":{"title":"Solo Female","artists":[],"artistCount":0,"score":0,"artistAdjustedAverage":0,"slug":"f"},"roleSlug":true,"death":"","tags":[]}],"scores":[0.077,0.26,0.444,0.491,0.4871425230206931,0.47557009208277234,0.45628270718623776,0.42928036833108935,0.3945630755173271,0.352130828744951,0.30198362801396117,0.24412147332435744,0.17854436467613988,0.1052523020693085,0.02424528550386329],"ascent":[0.077,0.26,0.444,0.491],"descent-weeks":11.282077393075356,"messages":[],"score":4.7211166484707014,"debutScore":0.077,"peakScore":0.491,"duration":4,"genres":[{"instanceSlug":"pop","title":"Pop","parents":[]}],"sources":[],"debutEra":{"slug":2013,"title":2013,"type":"year","decade":2010,"year":2013},"rank":585}