{"title":"The One That Got Away","instanceSlug":3039,"tags":["#1","#1-rdwt40-hot-adult","breakup","feb13"],"genre":"pop","debut":2008,"playlists":[{"title":"Ballads","instanceSlug":"ballad","tags":[],"parents":[]},{"title":"Songs by Solo Females","instanceSlug":"f","tags":[],"parents":[]}],"artists":[{"slug":"katy-perry","title":"Katy Perry","type":{"title":"Solo Female","artists":[],"artistCount":0,"score":0,"artistAdjustedAverage":0,"slug":"f"},"roleSlug":true,"death":"","tags":[]}],"scores":[0.06592007962463009,0.20345639091641685,0.30206241279169266,0.3420220895447736,0.3379329395306532,0.3256654894882918,0.30521973941768965,0.2765956893188466,0.23979333919176266,0.19481268903643792,0.14165373885287222,0.0803164886410657,0.010800938401018268],"ascent":[0.06592007962463009,0.20345639091641685,0.30206241279169266,0.3420220895447736],"descent-weeks":9.14556532778698,"messages":[],"ranks":{"artist:katy-perry":{"rank":6,"total":9},"genre:pop":{"rank":846,"total":1431},"playlist:f":{"rank":366,"total":594},"playlist:ballad":{"rank":95,"total":148},"decade:2000s":{"rank":77,"total":123},"year:2008":{"rank":7,"total":10}},"score":2.826252024756151,"debutScore":0.06592007962463009,"peakScore":0.3420220895447736,"duration":4,"genres":[{"instanceSlug":"pop","title":"Pop","parents":[]}],"sources":[],"debutEra":{"slug":2008,"title":2008,"type":"year","decade":2000,"year":2008},"rank":2033}