{"title":"The One That Got Away","instanceSlug":3039,"tags":["#1","#1-rdwt40-hot-adult","breakup","feb13"],"genre":"pop","debut":2008,"playlists":[{"title":"Ballads","instanceSlug":"ballad","tags":[],"parents":[]},{"title":"Songs by Solo Females","instanceSlug":"f","tags":[],"parents":[]}],"artists":[{"slug":"katy-perry","title":"Katy Perry","type":{"title":"Solo Female","artists":[],"artistCount":0,"score":0,"artistAdjustedAverage":0,"slug":"f"},"roleSlug":true,"death":"","tags":[]}],"scores":[0.06592007962463009,0.20345639091641685,0.30206241279169266,0.3420220895447736,0.33974921456656404,0.31719507004601416,0.28142733686111887,0.2371328741977257,0.18605653364816144,0.13376352928929622,0.08887957861419904,0.05779769166533028,0.03976620925032311,0.027967017966615118,0.019474607912516085,0.014091822089318922,0.00870903626612176,0],"ascent":[0.06592007962463009,0.20345639091641685,0.30206241279169266,0.3420220895447736],"descent-weeks":9.183760388277284,"ascent-weeks":4.006149021368691,"peak":0.3420220895447736,"messages":[],"ranks":{"artist:katy-perry":{"rank":7,"total":9},"genre:pop":{"rank":1180,"total":1430},"playlist:f":{"rank":509,"total":595},"playlist:ballad":{"rank":123,"total":150},"decade:2000s":{"rank":112,"total":123},"year:2008":{"rank":10,"total":10}},"score":3.0074935847955913,"duration":4,"genres":[{"instanceSlug":"pop","title":"Pop","parents":[]}],"sources":[],"debutEra":{"slug":2008,"title":2008,"type":"year","decade":2000,"year":2008},"rank":2889}