{"title":"Come Home With Me Baby","instanceSlug":3049,"tags":[],"parents":[],"genre":"dance-pop","debut":1989,"playlists":[],"ranks":{"artist:dead-or-alive":{"rank":2,"total":3},"genre:dance-pop":{"rank":25,"total":63},"decade:1980s":{"rank":303,"total":1538},"year:1989":{"rank":31,"total":153}},"artists":[{"slug":"dead-or-alive","title":"Dead or Alive","roleSlug":true}],"scores":[0.113,0.4325,0.5775,0.6365000000000001,0.6515,0.6745,0.6775,0.6505000000000001,0.638,0.6205,0.598,0.5705,0.538,0.5005,0.458,0.4105,0.358,0.3005,0.238,0.1705,0.098,0.034,0],"score":9.946500000000002,"debutScore":0.113,"peakScore":0.6775,"duration":6,"genres":[{"instanceSlug":"dance-pop","title":"Dance-Pop","parents":["pop","dance"]}],"source":{},"debutEra":{"slug":1989,"title":1989,"type":"year","decade":1980,"year":1989},"rank":629}