{"title":"Please Don't Leave Me","instanceSlug":"3055","tags":[],"parents":[],"genre":"pop","debut":2009,"playlists":[{"title":"Songs by Solo Females","instanceSlug":"f","tags":[],"parents":[]}],"ranks":{"artist:pink":{"rank":2,"total":5},"genre:pop":{"rank":746,"total":1431},"playlist:f":{"rank":351,"total":595},"decade:2000s":{"rank":74,"total":123},"year:2009":{"rank":6,"total":8}},"artists":[{"slug":"pink","title":"Pink","type":{"title":"Solo Female","artists":[],"artistCount":0,"score":0,"artistAdjustedAverage":0,"slug":"f"},"roleSlug":true,"death":"","tags":["2000s","2010s"]}],"scores":[0.1,0.21,0.312951,0.35561236147633757,0.357477963561,0.3557774078965454,0.35067574090318165,0.34217296258090873,0.3302690729297267,0.31496407194963544,0.296257959640635,0.2741507360027255,0.24864240103590673,0.2197329547401788,0.18742239711554176,0.15171072816199552,0.11259794787954014,0.07008405626817563,0.02416905332790186],"score":4.614668815469937,"debutScore":0.1,"peakScore":0.357477963561,"duration":5,"ascent":[0.1,0.21,0.312951,0.35561236147633757,0.357477963561],"descent-weeks":14.498704931568552,"messages":[],"genres":[{"instanceSlug":"pop","title":"Pop","parents":[]}],"sources":[],"debutEra":{"slug":2009,"title":2009,"type":"year","decade":2000,"year":2009},"rank":1776}