{"title":"One of Them Days","instanceSlug":340,"tags":[],"parents":[],"playlists":[],"ranks":{"artist:monica":{"rank":2,"total":2}},"artists":[{"slug":"monica","title":"Monica","roleSlug":true}],"scores":[0.04159343878148799,0.11450723542418895,0.17938857911940018,0.22245380019452538,0.2352523098791756,0.23497966505052656,0.22656728430703552,0.21703386478165906,0.2066416928217068,0.19566223632877078,0.18226346996648632,0.16674480387560559,0.149977344811962,0.13223633480278757,0.11407519259538891,0.09528784591068605,0.07619852056617779,0.05714390306402605,0.039692253890540305,0.023674052256956065,0.011721066649413948,0.005129832354963245,0.0015172918955684612,0.000052091472625931135,0],"score":2.929794110801665,"debutScore":0.04159343878148799,"peakScore":0.2352523098791756,"duration":7,"genres":[],"source":{},"rank":2977}