{"title":"Loser","instanceSlug":36,"tags":[],"parents":[],"ranks":{"artist:beck":{"rank":1,"total":1}},"artists":[{"slug":"beck","title":"Beck","roleSlug":true,"death":"","tags":[]}],"scores":[0.1,0.21,0.312951,0.35561236147633757,0.357477963561,0.3462717244661064,0.3126530071814255,0.25662181170695747,0.17817813804270224,0.07732198618865972],"ascent":[0.1,0.21,0.312951,0.35561236147633757,0.357477963561],"descent-weeks":5.6480000966368955,"messages":[],"score":2.507087992623189,"debutScore":0.1,"peakScore":0.357477963561,"duration":3,"playlists":[],"genres":[],"sources":[],"rank":2484}