{"title":"Naked","instanceSlug":37,"tags":[],"parents":[],"ranks":{"artist:goo-goo-dolls":{"rank":3,"total":5},"playlist:group":{"rank":560,"total":1416}},"artists":[{"slug":"goo-goo-dolls","title":"Goo Goo Dolls","type":{"title":"All-Male Group","artists":[],"artistCount":0,"score":0,"artistAdjustedAverage":0,"slug":"mmm"},"roleSlug":true,"death":"","tags":[]}],"scores":[0.1,0.218,0.353,0.4295,0.427551848982879,0.4217073959315161,0.4119666408459113,0.3983295837260645,0.38079622457197576,0.35936656338364514,0.3340406001610725,0.30481833490425797,0.27169976761320147,0.23468489828790315,0.19377372692836278,0.1489662535345805,0.10026247810655625,0.04766240064429005],"ascent":[0.1,0.218,0.353,0.4295],"descent-weeks":14.84807916181606,"messages":[],"score":5.136126717622217,"debutScore":0.1,"peakScore":0.4295,"duration":5,"playlists":[{"title":"Songs by Groups","instanceSlug":"group","tags":[],"parents":[]}],"genres":[],"sources":[],"rank":1384}