{"title":"Down Under","instanceSlug":371,"tags":["australia","places"],"parents":[],"genre":"pop","debut":1983,"playlists":[],"ranks":{"artist:men-at-work":{"rank":3,"total":5},"genre:pop":{"rank":1076,"total":1412},"decade:1980s":{"rank":1128,"total":1551},"year:1983":{"rank":119,"total":152}},"artists":[{"slug":"men-at-work","title":"Men at Work","roleSlug":true,"death":"","tags":[]}],"scores":[0.0485,0.184,0.3295,0.39449999999999996,0.41000000000000003,0.39949999999999997,0.368,0.358,0.34299999999999997,0.32299999999999995,0.29800000000000004,0.268,0.233,0.193,0.14800000000000002,0.098,0.053,0.0255,0],"score":4.4745,"debutScore":0.0485,"peakScore":0.41000000000000003,"duration":5,"genres":[{"instanceSlug":"pop","title":"Pop","parents":[]}],"source":{},"debutEra":{"slug":1983,"title":1983,"type":"year","decade":1980,"year":1983},"messages":[],"rank":2551}