{"title":"You","instanceSlug":380,"tags":[],"genres":[{"instanceSlug":"pop","title":"Pop","parents":[]}],"debut":1978,"playlists":[{"title":"Songs by Solo Females","instanceSlug":"f","tags":[],"parents":[]}],"artists":[{"slug":"rita-coolidge","title":"Rita Coolidge","type":{"title":"Solo Female","artists":[],"artistCount":0,"score":0,"artistAdjustedAverage":0,"slug":"f"},"roleSlug":true,"death":"","tags":[]}],"scores":[0.2525,0.6265000000000001,0.6567500000000001,0.72075,0.72075,0.71975,0.6932499999999999,0.677,0.65575,0.6295,0.59825,0.5619999999999999,0.52075,0.47450000000000003,0.42325,0.367,0.30574999999999997,0.2395,0.1805,0.1205,0.056749999999999995,0.013,0],"ranks":{"artist:rita-coolidge":{"rank":1,"total":3},"genre:pop":{"rank":285,"total":1412},"playlist:f":{"rank":123,"total":553},"decade:1970s":{"rank":56,"total":524},"year:1978":{"rank":11,"total":98}},"score":10.214249999999998,"debutScore":0.2525,"peakScore":0.72075,"duration":6,"source":{},"debutEra":{"slug":1978,"title":1978,"type":"year","decade":1970,"year":1978},"messages":[],"rank":594}