{"title":"You","instanceSlug":380,"tags":[],"genres":[{"instanceSlug":"pop","title":"Pop","parents":[]}],"debut":1978,"playlists":[{"title":"Songs by Solo Females","instanceSlug":"f","tags":[],"parents":[]}],"artists":[{"slug":"rita-coolidge","title":"Rita Coolidge","type":{"title":"Solo Female","artists":[],"artistCount":0,"score":0,"artistAdjustedAverage":0,"slug":"f"},"roleSlug":true,"death":"","tags":[]}],"scores":[0.2525,0.62651,0.656751,0.721,0.721,0.71975,0.693,0.6662499999999999,0.6127499999999998,0.5324999999999996,0.42549999999999943,0.2917499999999992,0.13124999999999887,0],"ascent":[0.2525,0.62651,0.656751,0.721],"descent-weeks":11.47312760055478,"ascent-weeks":4.695064493758669,"peak":0.721,"messages":[],"ranks":{"artist:rita-coolidge":{"rank":1,"total":3},"genre:pop":{"rank":206,"total":1434},"playlist:f":{"rank":92,"total":596},"decade:1970s":{"rank":41,"total":559},"year:1978":{"rank":6,"total":98}},"unscored":false,"score":7.7715109999999985,"duration":4,"sources":[],"debutEra":{"slug":1978,"title":1978,"type":"year","decade":1970,"year":1978},"rank":429}