{"title":"You","instanceSlug":380,"tags":[],"genres":[{"instanceSlug":"pop","title":"Pop","parents":[]}],"debut":1978,"playlists":[{"title":"Songs by Solo Females","instanceSlug":"f","tags":[],"parents":[]}],"artists":[{"slug":"rita-coolidge","title":"Rita Coolidge","type":{"title":"Solo Female","artists":[],"artistCount":0,"score":0,"artistAdjustedAverage":0,"slug":"f"},"roleSlug":true,"death":"","tags":[]}],"scores":[0.2525,0.62651,0.656751,0.721,0.7155226358202567,0.6990905432810265,0.6717037223823097,0.633362173124106,0.5840658955064159,0.5238148895292387,0.452609155192575,0.3704486924964244,0.27733350144078733,0.1732635820256633,0.0582389342510527],"ascent":[0.2525,0.62651,0.656751,0.721],"descent-weeks":11.47312760055478,"messages":[],"ranks":{"artist:rita-coolidge":{"rank":1,"total":3},"genre:pop":{"rank":210,"total":1431},"playlist:f":{"rank":91,"total":595},"decade:1970s":{"rank":43,"total":548},"year:1978":{"rank":7,"total":98}},"score":7.416214725049856,"debutScore":0.2525,"peakScore":0.721,"duration":4,"sources":[],"debutEra":{"slug":1978,"title":1978,"type":"year","decade":1970,"year":1978},"rank":425}