{"title":"Love is Like Oxygen","instanceSlug":388,"tags":["chemical-element","love-is"],"genres":[{"instanceSlug":"rock","title":"Rock","parents":[]}],"debut":1978,"playlists":[],"ranks":{"artist:sweet":{"rank":1,"total":1},"genre:rock":{"rank":339,"total":670},"decade:1970s":{"rank":341,"total":548},"year:1978":{"rank":62,"total":98}},"artists":[{"slug":"sweet","title":"Sweet","type":{"title":"Group (deprecated)","artists":[],"artistCount":0,"score":0,"artistAdjustedAverage":0,"slug":"g"},"roleSlug":true,"death":"","tags":[]}],"scores":[0.1,0.21,0.312951,0.35561236147633757,0.357477963561,0.3556688552732225,0.35024153040989,0.34119598897100245,0.32853223095656,0.3122502563665624,0.29235006520100987,0.2688316574599024,0.24169503314323984,0.21094019225102234,0.17656713478324979,0.13857586073992226,0.0969663701210397,0.05173866292660215,0.002892739156609637],"ascent":[0.1,0.21,0.312951,0.35561236147633757,0.357477963561],"descent-weeks":14.056990651753985,"messages":[],"score":4.504487902797173,"debutScore":0.1,"peakScore":0.357477963561,"duration":5,"sources":[],"debutEra":{"slug":1978,"title":1978,"type":"year","decade":1970,"year":1978},"rank":1969}