{"title":"Love is Like Oxygen","instanceSlug":388,"tags":["chemical-element","love-is"],"genres":[{"instanceSlug":"rock","title":"Rock","parents":[]}],"debut":1978,"playlists":[],"ranks":{"artist:sweet":{"rank":1,"total":1},"genre:rock":{"rank":349,"total":674},"decade:1970s":{"rank":347,"total":559},"year:1978":{"rank":63,"total":98}},"artists":[{"slug":"sweet","title":"Sweet","type":{"title":"Group (deprecated)","artists":[],"artistCount":0,"score":0,"artistAdjustedAverage":0,"slug":"g"},"roleSlug":true,"death":"","tags":[]}],"scores":[0.1,0.21,0.312951,0.35561236147633757,0.357477963561,0.3446276515977258,0.3289181,0.31523776166182677,0.31,0.28331,0.2643212411,0.2428924261,0.219594933345851,0.19466121,0.1685894531254616,0.14211,0.11563054687453836,0.0626716406236151,0],"ascent":[0.1,0.21,0.312951,0.35561236147633757,0.357477963561],"descent-weeks":14.056990651753985,"ascent-weeks":5.606113360366711,"peak":0.357477963561,"messages":[],"unscored":false,"score":4.6860842530273565,"duration":5,"sources":[],"debutEra":{"slug":1978,"title":1978,"type":"year","decade":1970,"year":1978},"rank":2003}