{"title":"Love is Like Oxygen","instanceSlug":388,"tags":["chemical-element","love-is"],"genres":[{"instanceSlug":"rock","title":"Rock","parents":[]}],"debut":1978,"playlists":[],"ranks":{"artist:sweet":{"rank":1,"total":1},"genre:rock":{"rank":273,"total":638},"decade:1970s":{"rank":259,"total":539},"year:1978":{"rank":52,"total":98}},"artists":[{"slug":"sweet","title":"Sweet","type":{"title":"Group (deprecated)","artists":[],"artistCount":0,"score":0,"artistAdjustedAverage":0,"slug":"g"},"roleSlug":true,"death":"","tags":[]}],"scores":[0.1,0.21,0.312951,0.35561236147633757,0.357477963561,0.3446276515977258,0.3289181,0.31523776166182677,0.31,0.28331,0.2643212411,0.2428924261,0.219594933345851,0.19466121,0.1685894531254616,0.14211,0.116,0.063,0],"messages":[],"score":4.329304101968202,"debutScore":0.1,"peakScore":0.357477963561,"duration":5,"sources":[],"debutEra":{"slug":1978,"title":1978,"type":"year","decade":1970,"year":1978},"rank":1631}