{"title":"Love is Like Oxygen","instanceSlug":388,"tags":["chemical-element","love-is"],"genres":[{"instanceSlug":"rock","title":"Rock","parents":[]}],"debut":1978,"playlists":[],"ranks":{"artist:sweet":{"rank":1,"total":1},"genre:rock":{"rank":160,"total":670},"decade:1970s":{"rank":146,"total":546},"year:1978":{"rank":25,"total":98}},"artists":[{"slug":"sweet","title":"Sweet","type":{"title":"Group (deprecated)","artists":[],"artistCount":0,"score":0,"artistAdjustedAverage":0,"slug":"g"},"roleSlug":true,"death":"","tags":[]}],"scores":[0.1,0.21,0.312951,0.35561236147633757,0.357477963561,0.3554597368661397,0.3494050567815588,0.33931392330725735,0.32518633644323525,0.30702229618949256,0.2848218025460293,0.25858485551284544,0.228311455089941,0.19400160127731597,0.1556552940749703,0.11327253348290409,0.06685331950111728,0.016397652129609825],"ascent":[0.1,0.21,0.312951,0.35561236147633757,0.357477963561],"descent-weeks":13.308823468012065,"messages":[],"score":4.330327188239754,"debutScore":0.1,"peakScore":0.357477963561,"duration":5,"sources":[],"debutEra":{"slug":1978,"title":1978,"type":"year","decade":1970,"year":1978},"rank":842}