{"title":"Believe","instanceSlug":42,"tags":[],"genre":"dance","debut":1998,"artists":[{"slug":"cher","title":"Cher","roleSlug":true,"death":"","tags":["1960s","1970s","1980s","1990s"]}],"scores":[0.178,0.327,0.361,0.45,0.505,0.52,0.5159682213271236,0.5038728853084946,0.48371399194411296,0.45549154123397856,0.41920553317809145,0.3748559677764517,0.3224428450290592,0.2619661649359141,0.19342592749701623,0.11682213271236577,0.032154780581962576],"ascent":[0.178,0.327,0.361,0.45,0.505,0.52],"descent-weeks":11.356730769230769,"messages":[],"ranks":{"artist:cher":{"rank":2,"total":11},"genre:dance":{"rank":63,"total":132},"decade:1990s":{"rank":286,"total":929},"year:1998":{"rank":9,"total":26}},"score":6.020919991524571,"debutScore":0.178,"peakScore":0.52,"duration":4,"genres":[{"instanceSlug":"dance","title":"Dance","parents":[]}],"playlists":[],"sources":[],"debutEra":{"slug":1998,"title":1998,"type":"year","decade":1990,"year":1998},"rank":958}