{"title":"If Ever You're In My Arms Again","instanceSlug":439,"tags":[],"genre":"soul","debut":1983,"playlists":[{"title":"Songs by Solo Males","instanceSlug":"m","tags":[],"parents":[]}],"artists":[{"slug":"peabo-bryson","title":"Peabo Bryson","type":{"title":"Solo Male","artists":[],"artistCount":0,"score":0,"artistAdjustedAverage":0,"slug":"m"},"roleSlug":true,"death":"","tags":[]}],"scores":[0.038,0.216,0.397,0.437,0.43381811941420506,0.42427247765682014,0.4083630747278453,0.38608991062728043,0.3574529853551257,0.32245229891138094,0.28108785129604635,0.23335964250912178,0.17926767255060722,0.11881194142050279,0.0519924491188083],"ascent":[0.038,0.216,0.397,0.437],"descent-weeks":11.719221967963385,"messages":[],"ranks":{"artist:peabo-bryson":{"rank":1,"total":4},"genre:soul":{"rank":162,"total":242},"playlist:m":{"rank":662,"total":1095},"decade:1980s":{"rank":927,"total":1588},"year:1983":{"rank":98,"total":157}},"score":4.284968423587744,"debutScore":0.038,"peakScore":0.437,"duration":4,"genres":[{"instanceSlug":"soul","title":"Soul","parents":["urban"]}],"sources":[],"debutEra":{"slug":1983,"title":1983,"type":"year","decade":1980,"year":1983},"rank":2103}