{"title":"Vogue","instanceSlug":46,"tags":["#1"],"parents":[],"genre":"pop","debut":1990,"ranks":{"artist:madonna":{"rank":27,"total":40},"genre:pop":{"rank":523,"total":1405},"decade:1990s":{"rank":346,"total":893},"year:1990":{"rank":55,"total":139}},"artists":[{"slug":"madonna","title":"Madonna","roleSlug":true}],"scores":[0.12582758620689655,0.3529655172413793,0.5051724137931034,0.5669655172413793,0.572655172413793,0.5564827586206897,0.5432413793103449,0.5294827586206897,0.5121034482758622,0.49262068965517253,0.4692413793103448,0.44337931034482747,0.41441379310344834,0.3807931034482759,0.34251724137931033,0.30027586206896545,0.25489655172413794,0.2090344827586207,0.164551724137931,0.11996551724137931,0.07934482758620688,0.047310344827586205,0.02751724137931034,0.010344827586206895,0.004655172413793104,0.001724137931034483,0],"score":8.02748275862069,"debutScore":0.12582758620689655,"peakScore":0.572655172413793,"duration":7,"genres":[{"instanceSlug":"pop","title":"Pop","parents":[]}],"playlists":[],"source":{},"debutEra":{"slug":1990,"title":1990,"type":"year","decade":1990,"year":1990},"rank":1112}