{"title":"Black & White","instanceSlug":477,"tags":[],"genres":[],"debut":1972,"playlists":[{"title":"Colors","instanceSlug":"colors","tags":[],"parents":[]}],"artists":[{"slug":"three-dog-night","title":"Three Dog Night","roleSlug":true,"death":"","tags":[]}],"scores":[0.2,0.4,0.65,0.72,0.73,0.7222720593019034,0.6990882372076137,0.6604485337171309,0.606352948830455,0.536801482547586,0.4517941348685237,0.3513309057932684,0.23541179532181994,0.10403680345417846],"ascent":[0.2,0.4,0.65,0.72,0.73],"descent-weeks":9.719178082191776,"messages":[{"type":"warning","title":"Genre Not Set"}],"ranks":{"artist:three-dog-night":{"rank":1,"total":1},"playlist:colors":{"rank":4,"total":33},"decade:1970s":{"rank":62,"total":548},"year:1972":{"rank":4,"total":33}},"score":7.067536901042479,"debutScore":0.2,"peakScore":0.73,"duration":4,"sources":[],"debutEra":{"slug":1972,"title":1972,"type":"year","decade":1970,"year":1972},"rank":523}