{"title":"Black & White","instanceSlug":477,"tags":[],"genres":[],"debut":1972,"playlists":[{"title":"Colors","instanceSlug":"colors","tags":[],"parents":[]}],"artists":[{"slug":"three-dog-night","title":"Three Dog Night","roleSlug":true,"death":"","tags":[]}],"scores":[0.2,0.4,0.65,0.72,0.73,0.71,0.69,0.6499999999999999,0.5899999999999999,0.5099999999999998,0.4099999999999997,0.2899999999999996,0.14999999999999947,0],"ascent":[0.2,0.4,0.65,0.72,0.73],"descent-weeks":4.011860730593605,"ascent-weeks":5.547945205479453,"peak":0.73,"messages":[{"type":"warning","title":"Genre Not Set"}],"ranks":{"artist:three-dog-night":{"rank":1,"total":1},"playlist:colors":{"rank":3,"total":33},"decade:1970s":{"rank":38,"total":559},"year:1972":{"rank":1,"total":34}},"unscored":false,"score":4.652438888888888,"duration":3,"sources":[],"debutEra":{"slug":1972,"title":1972,"type":"year","decade":1970,"year":1972},"rank":437}