{"title":"Friends","instanceSlug":502,"tags":[],"genres":[{"instanceSlug":"pop","title":"Pop","parents":[]}],"debut":"1989-08","playlists":[],"artists":[{"slug":"jody-watley","title":"Jody Watley","roleSlug":true}],"scores":[0.13240000000000002,0.3218,0.4234,0.4984,0.4892,0.48460000000000003,0.46959999999999996,0.4486,0.43260000000000004,0.4116000000000001,0.3856,0.3546,0.3186,0.27759999999999996,0.23159999999999997,0.1806,0.1326,0.0876,0.0526,0.026600000000000002,0.0002,0],"ranks":{"artist:jody-watley":{"rank":4,"total":7},"genre:pop":{"rank":770,"total":1407},"decade:1980s":{"rank":759,"total":1532},"year:1989":{"rank":78,"total":151}},"score":6.1604,"debutScore":0.13240000000000002,"peakScore":0.4984,"duration":6,"source":{},"debutEra":{"slug":"1989-08","title":"August 1989","type":"month","decade":1980,"year":1989,"month":8},"rank":1690}