{"title":"Where My Girls At","instanceSlug":551,"tags":[],"genre":"urban","debut":"1999-09","playlists":[],"artists":[{"slug":"702"}],"scores":[0.075,0.145,0.185,0.232,0.275,0.298,0.315,0.29,0.235,0.18,0.07,0],"ascent":[0.075,0.145,0.185,0.232,0.275,0.298,0.315],"descent-weeks":5.190476190476191,"ascent-weeks":7.261904761904761,"peak":0.315,"messages":[],"ranks":{"artist:702":{"rank":1,"total":1},"genre:urban":{"rank":147,"total":155},"decade:1990s":{"rank":829,"total":929},"year:1999":{"rank":48,"total":50}},"score":2.6149999999999998,"duration":3,"genres":[{"instanceSlug":"urban","title":"Urban / R&B","parents":[]}],"sources":[],"debutEra":{"slug":"1999-09","title":"September 1999","type":"month","decade":1990,"year":1999,"month":9},"rank":3080}