{"title":"Nobody's Fool","instanceSlug":558,"tags":[],"parents":[],"debut":1987,"playlists":[{"title":"Songs by Groups","instanceSlug":"group","tags":[],"parents":[]},{"title":"Turn of the Decade","instanceSlug":"td","tags":[],"parents":[]}],"ranks":{"artist:cinderella":{"rank":2,"total":2},"playlist:group":{"rank":658,"total":1416},"playlist:td":{"rank":482,"total":968},"decade:1980s":{"rank":755,"total":1588},"year:1987":{"rank":106,"total":194}},"artists":[{"slug":"cinderella","title":"Cinderella","type":{"title":"All-Male Group","artists":[],"artistCount":0,"score":0,"artistAdjustedAverage":0,"slug":"mmm"},"roleSlug":true,"death":"","tags":[]}],"scores":[0.06200821741159169,0.20830894528861146,0.3129502216570068,0.35561236147633757,0.3574779635603355,0.3558504691948907,0.3509679860985563,0.34283051427133227,0.33143805371321866,0.31679060442421547,0.29888816640432264,0.27773073965354017,0.25331832417186817,0.22565091995930653,0.19472852701585525,0.1605511453415144,0.12311877493628393,0.08243141580016386,0.03848906793315418],"ascent":[0.06200821741159169,0.20830894528861146,0.3129502216570068,0.35561236147633757,0.3574779635603355],"descent-weeks":14.820569447990732,"messages":[],"score":4.649142418312106,"debutScore":0.06200821741159169,"peakScore":0.3574779635603355,"duration":5,"genres":[],"sources":[],"debutEra":{"slug":1987,"title":1987,"type":"year","decade":1980,"year":1987},"rank":1683}