{"title":"Nobody's Fool","instanceSlug":558,"tags":[],"parents":[],"debut":1987,"playlists":[{"title":"Songs by Groups","instanceSlug":"group","tags":[],"parents":[]},{"title":"Turn of the Decade","instanceSlug":"td","tags":[],"parents":[]}],"ranks":{"artist:cinderella":{"rank":2,"total":2},"playlist:group":{"rank":264,"total":1410},"playlist:td":{"rank":205,"total":967},"decade:1980s":{"rank":277,"total":1579},"year:1987":{"rank":42,"total":194}},"artists":[{"slug":"cinderella","title":"Cinderella","type":{"title":"All-Male Group","artists":[],"artistCount":0,"score":0,"artistAdjustedAverage":0,"slug":"mmm"},"roleSlug":true,"death":"","tags":[]}],"scores":[0.06200821741159169,0.20830894528861146,0.3129502216570068,0.35561236147633757,0.3574779635603355,0.355847589224982,0.35095646621892146,0.3428045945421539,0.33139197419467925,0.31671860517649764,0.2987844874876089,0.2775896211280132,0.2531340060977105,0.2254176423967007,0.1944405300249839,0.16020266898256008,0.12270405926942918,0.0819447008855913,0.03792459383104637],"ascent":[0.06200821741159169,0.20830894528861146,0.3129502216570068,0.35561236147633757,0.3574779635603355],"descent-weeks":14.807473786766046,"messages":[],"score":4.646219248854761,"debutScore":0.06200821741159169,"peakScore":0.3574779635603355,"duration":5,"genres":[],"sources":[],"debutEra":{"slug":1987,"title":1987,"type":"year","decade":1980,"year":1987},"rank":646}