{"title":"Holiday","instanceSlug":577,"tags":[],"parents":[],"genre":"pop","debut":"1987-10","playlists":[{"title":"Turn of the Decade","instanceSlug":"td","tags":[],"parents":[]}],"ranks":{"artist:the-other-ones":{"rank":1,"total":1},"genre:pop":{"rank":1138,"total":1430},"playlist:td":{"rank":758,"total":969},"decade:1980s":{"rank":1220,"total":1588},"year:1987":{"rank":160,"total":194}},"artists":[{"slug":"the-other-ones"}],"scores":[0.097,0.282,0.47,0.537,0.5180550027581757,0.4612200110327029,0.3664950248235815,0.23388004413081143,0.06337506895439284],"ascent":[0.097,0.282,0.47,0.537],"descent-weeks":5.324022346368716,"messages":[],"score":3.0290251516996647,"debutScore":0.097,"peakScore":0.537,"duration":2,"genres":[{"instanceSlug":"pop","title":"Pop","parents":[]}],"sources":[],"debutEra":{"slug":"1987-10","title":"October 1987","type":"month","decade":1980,"year":1987,"month":10},"rank":2762}