{"title":"Kiss from a Rose","instanceSlug":58,"tags":["1990s","1995","flower","kiss","rose"],"parents":[],"ranks":{"artist:seal":{"rank":3,"total":4}},"artists":[{"slug":"seal","title":"Seal","roleSlug":true}],"scores":[0.121,0.3765,0.585,0.6579999999999999,0.622,0.617,0.607,0.5920000000000001,0.5720000000000001,0.5469999999999999,0.517,0.482,0.442,0.397,0.347,0.29200000000000004,0.232,0.16699999999999998,0.097,0.031,0],"score":8.301499999999999,"debutScore":0.121,"peakScore":0.6579999999999999,"duration":6,"genres":[],"playlists":[],"source":{},"rank":1045}