{"title":"Pray","instanceSlug":582,"tags":[],"genres":[{"instanceSlug":"urban","title":"Urban / R&B","parents":[]}],"debut":"1996-09","playlists":[],"artists":[{"slug":"wild-orchid","title":"Wild Orchid","roleSlug":true,"death":"","tags":[]}],"scores":[0.1,0.3,0.463,0.437,0.411,0.35899999999999993,0.28099999999999986,0.17699999999999977,0.04699999999999965,0],"ascent":[0.1,0.3,0.463],"descent-weeks":7.04643628509719,"ascent-weeks":2.795896328293736,"peak":0.463,"messages":[],"ranks":{"artist:wild-orchid":{"rank":1,"total":1},"genre:urban":{"rank":135,"total":155},"decade:1990s":{"rank":767,"total":929},"year:1996":{"rank":56,"total":65}},"score":3.037999999999999,"duration":3,"sources":[],"debutEra":{"slug":"1996-09","title":"September 1996","type":"month","decade":1990,"year":1996,"month":9},"rank":2869}