{"title":"Pray","instanceSlug":582,"tags":[],"genres":[{"instanceSlug":"urban","title":"Urban / R&B","parents":[]}],"debut":"1996-09","playlists":[],"artists":[{"slug":"wild-orchid","title":"Wild Orchid","roleSlug":true,"death":"","tags":[]}],"scores":[0.1,0.3,0.463,0.45367514832724126,0.4257005933089649,0.379076334945171,0.3138023732358597,0.22987870818103073,0.12730533978068415,0.006082268034820105],"ascent":[0.1,0.3,0.463],"descent-weeks":7.04643628509719,"messages":[],"ranks":{"artist:wild-orchid":{"rank":1,"total":1},"genre:urban":{"rank":140,"total":152},"decade:1990s":{"rank":792,"total":929},"year:1996":{"rank":58,"total":65}},"score":2.7985207658137723,"debutScore":0.1,"peakScore":0.463,"duration":3,"sources":[],"debutEra":{"slug":"1996-09","title":"September 1996","type":"month","decade":1990,"year":1996,"month":9},"rank":2913}