{"title":"Pray","instanceSlug":582,"tags":[],"genres":[{"instanceSlug":"urban","title":"Urban / R&B","parents":[]}],"debut":"1996-09","playlists":[],"artists":[{"slug":"wild-orchid","title":"Wild Orchid","roleSlug":true,"death":"","tags":[]}],"scores":[0.1,0.3,0.463,0.437,0.411,0.35899999999999993,0.28099999999999986,0.17699999999999977,0.04699999999999965,0],"ascent":[0.1,0.3,0.463],"descent-weeks":1.1892818574514032,"ascent-weeks":2.795896328293736,"peak":0.463,"messages":[],"ranks":{"artist:wild-orchid":{"rank":1,"total":1},"genre:urban":{"rank":149,"total":157},"decade:1990s":{"rank":827,"total":933},"year:1996":{"rank":60,"total":65}},"unscored":false,"score":1.2300916666666664,"duration":1,"sources":[],"debutEra":{"slug":"1996-09","title":"September 1996","type":"month","decade":1990,"year":1996,"month":9},"rank":3094}