{"title":"Ghost Town","instanceSlug":"5GYX","tags":[],"parents":[],"debut":1988,"playlists":[],"scores":[0.0395010395010395,0.11203780928551571,0.18764845605700714,0.15307004900547705,0.11389585073795601,0.0872519706441968,0.06044538706256628,0.05485232067510549,0.04657247514390371,0.035732780942516834,0.026694045174537988,0.017552785550750447,0.007302946361118106,0],"artists":[{"slug":"cheap-trick","title":"Cheap Trick","roleSlug":true},{"slug":"diane-warren","title":"Diane Warren","roleSlug":"writer"}],"ranks":{"artist:diane-warren":{"rank":38,"total":38},"artist:cheap-trick":{"rank":3,"total":3},"decade:1980s":{"rank":1490,"total":1537},"year:1988":{"rank":171,"total":178}},"score":0.942557916141691,"debutScore":0.0395010395010395,"peakScore":0.18764845605700714,"duration":4,"genres":[],"source":{},"debutEra":{"slug":1988,"title":1988,"type":"year","decade":1980,"year":1988},"rank":3247}