{"title":"Nights Are Forever Without You","instanceSlug":"5r18","tags":[],"parents":[],"genre":"adult-contemporary","debut":1976,"playlists":[{"title":"Songs by Duos","instanceSlug":"duo","tags":[],"parents":[]}],"scores":[0.1,0.21,0.312951,0.35561236147633757,0.357477963561,0.353002648813502,0.33957670457100814,0.31720013083351833,0.2858729276010326,0.24559509487355097,0.1963666326510734,0.13818754093359994,0.07105781972113055],"artists":[{"slug":"edjfc","title":"England Dan and John Ford Coley","type":{"title":"Male Duo","artists":[],"artistCount":0,"score":0,"artistAdjustedAverage":0,"slug":"mm"},"roleSlug":true,"death":"","tags":[]}],"ascent":[0.1,0.21,0.312951,0.35561236147633757,0.357477963561],"descent-weeks":8.937433951740468,"messages":[],"ranks":{"artist:edjfc":{"rank":3,"total":3},"genre:adult-contemporary":{"rank":118,"total":165},"playlist:duo":{"rank":68,"total":90},"decade:1970s":{"rank":444,"total":548},"year:1976":{"rank":40,"total":52}},"score":3.282900825035754,"debutScore":0.1,"peakScore":0.357477963561,"duration":3,"genres":[{"instanceSlug":"adult-contemporary","title":"Adult Contemporary","parents":[]}],"sources":[],"debutEra":{"slug":1976,"title":1976,"type":"year","decade":1970,"year":1976},"rank":2600}