{"title":"Nights Are Forever Without You","instanceSlug":"5r18","tags":[],"parents":[],"genre":"adult-contemporary","debut":1976,"playlists":[{"title":"Songs by Duos","instanceSlug":"duo","tags":[],"parents":[]}],"scores":[0.1,0.21,0.312951,0.35561236147633757,0.357477963561,0.3446276515977258,0.329,0.31337234840227424,0.2821170452068227,0.23523409041364535,0.17272348402274224,0.09458522603411335,0.0008193164477586778,0],"artists":[{"slug":"edjfc","title":"England Dan and John Ford Coley","type":{"title":"Male Duo","artists":[],"artistCount":0,"score":0,"artistAdjustedAverage":0,"slug":"mm"},"roleSlug":true,"death":"","tags":[]}],"ascent":[0.1,0.21,0.312951,0.35561236147633757,0.357477963561],"descent-weeks":8.937433951740468,"ascent-weeks":5.606113360366711,"peak":0.357477963561,"messages":[],"ranks":{"artist:edjfc":{"rank":3,"total":3},"genre:adult-contemporary":{"rank":120,"total":165},"playlist:duo":{"rank":69,"total":90},"decade:1970s":{"rank":445,"total":550},"year:1976":{"rank":40,"total":52}},"score":3.4659984507234194,"duration":4,"genres":[{"instanceSlug":"adult-contemporary","title":"Adult Contemporary","parents":[]}],"sources":[],"debutEra":{"slug":1976,"title":1976,"type":"year","decade":1970,"year":1976},"rank":2626}