{"title":"Downtown Train","instanceSlug":600,"tags":[],"genres":[{"instanceSlug":"pop","title":"Pop","parents":[]}],"debut":1989,"playlists":[],"artists":[{"slug":"rod-stewart","title":"Rod Stewart","roleSlug":true}],"scores":[0.06633333333333333,0.25566666666666665,0.4131666666666666,0.4961666666666666,0.5261666666666667,0.5055,0.48100000000000004,0.4681666666666666,0.45249999999999996,0.4366666666666667,0.41583333333333333,0.39000000000000007,0.35916666666666663,0.32749999999999996,0.29333333333333333,0.255,0.21250000000000002,0.16583333333333336,0.11649999999999999,0.07233333333333333,0.026333333333333337,0.0036666666666666666,0],"ranks":{"artist:rod-stewart":{"rank":6,"total":13},"genre:pop":{"rank":704,"total":1404},"decade:1980s":{"rank":697,"total":1538},"year:1989":{"rank":71,"total":153}},"score":6.739333333333334,"debutScore":0.06633333333333333,"peakScore":0.5261666666666667,"duration":6,"source":{},"debutEra":{"slug":1989,"title":1989,"type":"year","decade":1980,"year":1989},"rank":1546}