{"title":"Who Can It Be Now","instanceSlug":617,"tags":[],"parents":[],"debut":"1982-08","playlists":[],"ranks":{"artist:men-at-work":{"rank":3,"total":5},"decade:1980s":{"rank":965,"total":1513},"year:1982":{"rank":95,"total":140}},"artists":[{"slug":"men-at-work","title":"Men at Work","roleSlug":true}],"scores":[0.0485,0.184,0.3295,0.39449999999999996,0.41000000000000003,0.39949999999999997,0.368,0.358,0.34299999999999997,0.32299999999999995,0.29800000000000004,0.268,0.233,0.193,0.14800000000000002,0.098,0.053,0.0255,0],"score":4.4745,"debutScore":0.0485,"peakScore":0.41000000000000003,"duration":5,"genres":[],"source":{},"debutEra":{"slug":"1982-08","title":"August 1982","type":"month","decade":1980,"year":1982,"month":8},"rank":2055}