{"title":"Dr. Heckle & Mr. Jive","instanceSlug":618,"tags":[],"genres":[{"instanceSlug":"pop-rock","title":"Pop-Rock","parents":["pop"]}],"debut":1983,"playlists":[],"artists":[{"slug":"men-at-work","title":"Men at Work","roleSlug":true,"death":"","tags":[]}],"scores":[0.055,0.18,0.361,0.381,0.37,0.359,0.33699999999999997,0.30399999999999994,0.2599999999999999,0.20499999999999985,0.1389999999999998,0.06199999999999972,0],"ascent":[0.055,0.18,0.361,0.381],"descent-weeks":9.51574803149606,"ascent-weeks":3.8464566929133857,"peak":0.381,"messages":[],"ranks":{"artist:men-at-work":{"rank":4,"total":5},"genre:pop-rock":{"rank":9,"total":10},"decade:1980s":{"rank":1178,"total":1592},"year:1983":{"rank":125,"total":156}},"unscored":false,"score":3.393999999999999,"duration":4,"sources":[],"debutEra":{"slug":1983,"title":1983,"type":"year","decade":1980,"year":1983},"rank":2671}