{"title":"Dr. Heckle & Mr. Jive","instanceSlug":618,"tags":[],"genres":[{"instanceSlug":"pop-rock","title":"Pop-Rock","parents":["pop"]}],"debut":1983,"playlists":[],"artists":[{"slug":"men-at-work","title":"Men at Work","roleSlug":true,"death":"","tags":[]}],"scores":[0.055,0.18,0.361,0.381,0.3767923548359101,0.3641694193436404,0.3431311935231908,0.31367767737456154,0.27580887089775236,0.2295247740927634,0.17482538695959465,0.11171070949824599,0.04018074170871757],"ascent":[0.055,0.18,0.361,0.381],"descent-weeks":9.51574803149606,"messages":[],"ranks":{"artist:men-at-work":{"rank":4,"total":5},"genre:pop-rock":{"rank":8,"total":9},"decade:1980s":{"rank":1168,"total":1588},"year:1983":{"rank":124,"total":157}},"score":3.2068211282343766,"debutScore":0.055,"peakScore":0.381,"duration":3,"sources":[],"debutEra":{"slug":1983,"title":1983,"type":"year","decade":1980,"year":1983},"rank":2649}