{"title":"Unwell","instanceSlug":62,"tags":["un","well"],"parents":[],"genre":"rock","debut":2002,"ranks":{"artist:rob-thomas":{"rank":2,"total":3},"genre:rock":{"rank":57,"total":633},"decade:2000s":{"rank":25,"total":123},"year:2002":{"rank":6,"total":11}},"artists":[{"slug":"rob-thomas","title":"Rob Thomas","roleSlug":true}],"scores":[0.11099999999999999,0.42600000000000005,0.5645,0.702,0.7565,0.7195,0.6905,0.6759999999999999,0.6535,0.6245,0.612,0.5945,0.5720000000000001,0.5445,0.512,0.47450000000000003,0.432,0.3845,0.332,0.2745,0.212,0.1445,0.07200000000000001,0.006,0],"score":11.091000000000001,"debutScore":0.11099999999999999,"peakScore":0.7565,"duration":7,"genres":[{"instanceSlug":"rock","title":"Rock","parents":[]}],"playlists":[],"source":{},"debutEra":{"slug":2002,"title":2002,"type":"year","decade":2000,"year":2002},"rank":438}