{"title":"Rapture","instanceSlug":649,"tags":[],"parents":[],"debut":1986,"playlists":[{"title":"Songs by Solo Females","instanceSlug":"f","tags":[],"parents":[]}],"ranks":{"artist:anita-baker":{"rank":1,"total":3},"playlist:f":{"rank":77,"total":595},"decade:1980s":{"rank":174,"total":1588},"year:1986":{"rank":21,"total":165}},"artists":[{"slug":"anita-baker","title":"Anita Baker","type":{"title":"Solo Female","artists":[],"artistCount":0,"score":0,"artistAdjustedAverage":0,"slug":"f"},"roleSlug":true,"death":"","tags":[]}],"scores":[0.113,0.294,0.4325,0.5115,0.581,0.5786291770903411,0.5715167083613646,0.5596625938130705,0.5430668334454586,0.5217294272585291,0.49565037525228195,0.46482967742671716,0.4292673337818346,0.38896334431763446,0.34391770903411656,0.294130427931281,0.2396015010091279,0.18033092826765698,0.11631870970686853,0.047564845326762265],"ascent":[0.113,0.294,0.4325,0.5115,0.581],"descent-weeks":15.654475043029262,"messages":[{"type":"warning","title":"Genre Not Set"}],"score":7.707179592023045,"debutScore":0.113,"peakScore":0.581,"duration":5,"genres":[],"sources":[],"debutEra":{"slug":1986,"title":1986,"type":"year","decade":1980,"year":1986},"rank":354}