{"title":"Rapture","instanceSlug":649,"tags":[],"parents":[],"debut":1986,"playlists":[],"ranks":{"artist:anita-baker":{"rank":2,"total":3},"decade:1980s":{"rank":589,"total":1532},"year:1986":{"rank":59,"total":157}},"artists":[{"slug":"anita-baker","title":"Anita Baker","roleSlug":true}],"scores":[0.113,0.294,0.4325,0.5115,0.581,0.569,0.5615,0.549,0.5315000000000001,0.509,0.4815,0.449,0.4115,0.369,0.3215,0.269,0.21150000000000002,0.149,0.0815,0.019,0],"score":7.4145,"debutScore":0.113,"peakScore":0.581,"duration":6,"genres":[],"source":{},"debutEra":{"slug":1986,"title":1986,"type":"year","decade":1980,"year":1986},"rank":1283}