{"title":"Hold On","instanceSlug":677,"tags":["hold","hold-on","on"],"parents":[],"genre":"pop","debut":1990,"playlists":[],"ranks":{"artist:en-vogue":{"rank":5,"total":7},"genre:pop":{"rank":225,"total":1393},"decade:1990s":{"rank":161,"total":873},"year:1990":{"rank":27,"total":138}},"artists":[{"slug":"en-vogue","title":"En Vogue","roleSlug":true}],"scores":[0.15266666666666664,0.46433333333333343,0.7033333333333333,0.79,0.7533333333333333,0.6843333333333333,0.6606666666666666,0.6523333333333333,0.639,0.6206666666666667,0.5973333333333333,0.569,0.5356666666666666,0.49733333333333335,0.454,0.4056666666666666,0.35233333333333333,0.29400000000000004,0.2306666666666667,0.16233333333333336,0.09166666666666667,0.06266666666666666,0.036,0.007666666666666666,0],"score":10.417000000000002,"debutScore":0.15266666666666664,"peakScore":0.79,"duration":7,"genres":[{"instanceSlug":"pop","title":"Pop","parents":[]}],"source":{},"debutEra":{"slug":1990,"title":1990,"type":"year","decade":1990,"year":1990},"rank":475}