{"title":"Brandy","instanceSlug":68,"tags":[],"parents":[],"playlists":[{"title":"Women of Music","instanceSlug":"women","tags":[],"parents":[]}],"artists":[{"slug":"looking-glass","title":"Looking Glass","type":{"title":"Group (deprecated)","artists":[],"artistCount":0,"score":0,"artistAdjustedAverage":0,"slug":"g"},"roleSlug":true,"death":"","tags":[]}],"scores":[0.1,0.21,0.312951,0.35561236147633757,0.357477963561,0.3500766721121608,0.32787279776564343,0.29086634052144766,0.23905730037957362,0.1724456773400213,0.09103147140279066],"ascent":[0.1,0.21,0.312951,0.35561236147633757,0.357477963561],"descent-weeks":6.949777240763801,"messages":[],"ranks":{"artist:looking-glass":{"rank":1,"total":1},"playlist:women":{"rank":9,"total":16}},"score":2.807391584558975,"debutScore":0.1,"peakScore":0.357477963561,"duration":3,"genres":[],"sources":[],"rank":2160}