{"title":"Are We Ourselves","instanceSlug":693,"tags":["#1","#1-mainstream-rock"],"parents":[],"genre":"electro-pop","debut":"1984-09","playlists":[],"ranks":{"artist:the-fixx":{"rank":2,"total":2},"genre:electro-pop":{"rank":13,"total":14},"decade:1980s":{"rank":992,"total":1588},"year:1984":{"rank":95,"total":151}},"artists":[{"slug":"the-fixx"}],"scores":[0.055,0.2,0.306,0.328,0.397,0.463,0.48,0.447,0.41400000000000003,0.3480000000000001,0.24900000000000017,0.11700000000000027,0],"ascent":[0.055,0.2,0.306,0.328,0.397,0.463,0.48],"descent-weeks":6.421875000000003,"ascent-weeks":6.965625,"peak":0.48,"messages":[],"score":4.284000000000001,"duration":4,"genres":[{"instanceSlug":"electro-pop","title":"Electro-Pop, Techno-Pop, Synth-Pop","parents":["pop"]}],"sources":[],"debutEra":{"slug":"1984-09","title":"September 1984","type":"month","decade":1980,"year":1984,"month":9},"rank":2264}