{"title":"Stick Around","instanceSlug":"6lKy","tags":[],"debut":1986,"playlists":[{"title":"Songs by Solo Males","instanceSlug":"m","tags":[],"parents":[]}],"scores":[0.14,0.442,0.586,0.676,0.694,0.72,0.7122948870392389,0.6891795481569559,0.6506539833531509,0.5967181926278239,0.5273721759809749,0.4426159334126038,0.34244946492271067,0.22687277051129567,0.09588585017835853],"artists":[{"slug":"julian-lennon","title":"Julian Lennon","type":{"title":"Solo Male","artists":[],"artistCount":0,"score":0,"artistAdjustedAverage":0,"slug":"m"},"roleSlug":true,"death":"","tags":[]}],"ascent":[0.14,0.442,0.586,0.676,0.694,0.72],"descent-weeks":9.666666666666663,"messages":[{"type":"warning","title":"Genre Not Set"}],"ranks":{"artist:julian-lennon":{"rank":1,"total":3},"playlist:m":{"rank":130,"total":1095},"decade:1980s":{"rank":192,"total":1588},"year:1986":{"rank":22,"total":165}},"score":7.5420428061831135,"debutScore":0.14,"peakScore":0.72,"duration":4,"genres":[],"sources":[],"debutEra":{"slug":1986,"title":1986,"type":"year","decade":1980,"year":1986},"rank":392}