{"title":"Stick Around","instanceSlug":"6lKy","tags":[],"debut":1986,"playlists":[{"title":"Songs by Solo Males","instanceSlug":"m","tags":[],"parents":[]}],"scores":[0.14,0.442,0.586,0.676,0.694,0.72,0.7,0.6799999999999999,0.6399999999999999,0.5799999999999998,0.4999999999999998,0.3999999999999997,0.2799999999999996,0.13999999999999946,0],"artists":[{"slug":"julian-lennon","title":"Julian Lennon","type":{"title":"Solo Male","artists":[],"artistCount":0,"score":0,"artistAdjustedAverage":0,"slug":"m"},"roleSlug":true,"death":"","tags":[]}],"ascent":[0.14,0.442,0.586,0.676,0.694,0.72],"descent-weeks":4.241518518518515,"ascent-weeks":6.7875000000000005,"peak":0.72,"messages":[{"type":"warning","title":"Genre Not Set"}],"ranks":{"artist:julian-lennon":{"rank":1,"total":3},"playlist:m":{"rank":93,"total":1121},"decade:1980s":{"rank":139,"total":1592},"year:1986":{"rank":16,"total":165}},"unscored":false,"score":5.293928888888887,"duration":3,"genres":[],"sources":[],"debutEra":{"slug":1986,"title":1986,"type":"year","decade":1980,"year":1986},"rank":278}