{"title":"Complicated","instanceSlug":736,"tags":[],"parents":[],"genre":"pop","debut":2002,"playlists":[],"ranks":{"artist:avril-lavigne":{"rank":1,"total":1},"genre:pop":{"rank":484,"total":1431},"decade:2000s":{"rank":46,"total":123},"year:2002":{"rank":7,"total":10}},"artists":[{"slug":"avril-lavigne","title":"Avril Lavigne","roleSlug":true,"death":"","tags":[]}],"scores":[0.145,0.376,0.612,0.843,0.968,0.9327967430905244,0.8271869723620977,0.6511706878147199,0.40474788944839096,0.08791857726311073],"ascent":[0.145,0.376,0.612,0.843,0.968],"descent-weeks":5.243801652892563,"messages":[],"score":5.847820869978843,"debutScore":0.145,"peakScore":0.968,"duration":3,"genres":[{"instanceSlug":"pop","title":"Pop","parents":[]}],"sources":[],"debutEra":{"slug":2002,"title":2002,"type":"year","decade":2000,"year":2002},"rank":1055}