{"title":"Love is a Battlefield","instanceSlug":755,"tags":["battle","love","love-is","war"],"parents":[],"genre":"rock","debut":1984,"playlists":[{"title":"Songs by Solo Females","instanceSlug":"f","tags":[],"parents":[]}],"ranks":{"artist:pat-benatar":{"rank":2,"total":5},"genre:rock":{"rank":397,"total":639},"playlist:f":{"rank":449,"total":594},"decade:1980s":{"rank":1052,"total":1567},"year:1984":{"rank":104,"total":149}},"artists":[{"slug":"pat-benatar","title":"Pat Benatar","type":{"title":"Solo Female","artists":[],"artistCount":0,"score":0,"artistAdjustedAverage":0,"slug":"f"},"roleSlug":true,"death":"","tags":[]}],"scores":[0.054,0.20366666666666666,0.35766666666666663,0.37433333333333335,0.338,0.32433333333333336,0.3006666666666667,0.28733333333333333,0.26899999999999996,0.24566666666666667,0.21733333333333335,0.18400000000000002,0.14566666666666664,0.10233333333333333,0.06033333333333333,0.027,0],"messages":[],"score":3.491333333333334,"debutScore":0.054,"peakScore":0.37433333333333335,"duration":4,"genres":[{"instanceSlug":"rock","title":"Rock","parents":[]}],"sources":[],"debutEra":{"slug":1984,"title":1984,"type":"year","decade":1980,"year":1984},"rank":2406}