{"title":"Love is a Battlefield","instanceSlug":755,"tags":["battle","love","love-is","war"],"parents":[],"genre":"rock","debut":1984,"playlists":[{"title":"Songs by Solo Females","instanceSlug":"f","tags":[],"parents":[]}],"ranks":{"artist:pat-benatar":{"rank":2,"total":5},"genre:rock":{"rank":210,"total":670},"playlist:f":{"rank":218,"total":594},"decade:1980s":{"rank":546,"total":1579},"year:1984":{"rank":53,"total":151}},"artists":[{"slug":"pat-benatar","title":"Pat Benatar","type":{"title":"Solo Female","artists":[],"artistCount":0,"score":0,"artistAdjustedAverage":0,"slug":"f"},"roleSlug":true,"death":"","tags":[]}],"scores":[0.054,0.20366666666666666,0.35766666666666663,0.37433333333333335,0.37151485160906705,0.3630594064362681,0.34896699781493656,0.32923762574507237,0.3038712902266756,0.27286799125974615,0.23622772884428406,0.1939505029802894,0.14603631366776215,0.09248516090670225,0.03329704469710971],"ascent":[0.054,0.20366666666666666,0.35766666666666663,0.37433333333333335],"descent-weeks":11.524487978628672,"messages":[],"score":3.6811815808545796,"debutScore":0.054,"peakScore":0.37433333333333335,"duration":4,"genres":[{"instanceSlug":"rock","title":"Rock","parents":[]}],"sources":[],"debutEra":{"slug":1984,"title":1984,"type":"year","decade":1980,"year":1984},"rank":1235}