{"title":"Sunglasses at Night","instanceSlug":778,"tags":[],"parents":[],"genre":"rock","debut":1985,"playlists":[{"title":"Songs by Solo Males","instanceSlug":"m","tags":[],"parents":[]}],"ranks":{"artist:corey-hart":{"rank":1,"total":3},"genre:rock":{"rank":444,"total":670},"playlist:m":{"rank":763,"total":1090},"decade:1980s":{"rank":1075,"total":1579},"year:1985":{"rank":112,"total":168}},"artists":[{"slug":"corey-hart","title":"Corey Hart","type":{"title":"Solo Male","artists":[],"artistCount":0,"score":0,"artistAdjustedAverage":0,"slug":"m"},"roleSlug":true,"death":"","tags":[]}],"scores":[0.055,0.229,0.323,0.3195181701454209,0.3090726805816836,0.29166353130878797,0.2672907223267341,0.23595425363552208,0.1976541252351518,0.15239033712562336,0.10016288930693659,0.04097178177909167],"ascent":[0.055,0.229,0.323],"descent-weeks":9.631578947368421,"messages":[],"score":2.521678491444952,"debutScore":0.055,"peakScore":0.323,"duration":3,"genres":[{"instanceSlug":"rock","title":"Rock","parents":[]}],"sources":[],"debutEra":{"slug":1985,"title":1985,"type":"year","decade":1980,"year":1985},"rank":2467}