{"title":"Sunglasses at Night","instanceSlug":778,"tags":[],"parents":[],"genre":"rock","debut":1985,"playlists":[{"title":"Songs by Solo Males","instanceSlug":"m","tags":[],"parents":[]}],"ranks":{"artist:corey-hart":{"rank":1,"total":3},"genre:rock":{"rank":549,"total":671},"playlist:m":{"rank":948,"total":1095},"decade:1980s":{"rank":1332,"total":1588},"year:1985":{"rank":137,"total":171}},"artists":[{"slug":"corey-hart","title":"Corey Hart","type":{"title":"Solo Male","artists":[],"artistCount":0,"score":0,"artistAdjustedAverage":0,"slug":"m"},"roleSlug":true,"death":"","tags":[]}],"scores":[0.055,0.229,0.323,0.31954819296931647,0.30919277187726574,0.291933736723848,0.2677710875090631,0.23670482423291098,0.19873494689539184,0.15386145549650557,0.10208435003625219,0.043403630514631655],"ascent":[0.055,0.229,0.323],"descent-weeks":9.673374613003094,"messages":[],"score":2.530234996255185,"debutScore":0.055,"peakScore":0.323,"duration":3,"genres":[{"instanceSlug":"rock","title":"Rock","parents":[]}],"sources":[],"debutEra":{"slug":1985,"title":1985,"type":"year","decade":1980,"year":1985},"rank":3026}