{"title":"Take Me to Church","instanceSlug":"7Jpz","tags":[],"debut":2015,"playlists":[{"title":"Songs by Solo Males","instanceSlug":"m","tags":[],"parents":[]}],"scores":[0.06592007962463009,0.20345639091641685,0.30206241279169266,0.3420220895447736,0.33974921456656404,0.31719507004601416,0.28142733686111887,0.2371328741977257,0.18605653364816144,0.13376352928929622,0.08887957861419904,0.05779769166533028,0.03976620925032311,0.027967017966615118,0.019474607912516085,0.014091822089318922,0.00870903626612176,0],"artists":[{"slug":"hozier","title":"Hozier","type":{"title":"Solo Male","artists":[],"artistCount":0,"score":0,"artistAdjustedAverage":0,"slug":"m"},"roleSlug":true,"death":"","tags":[]}],"ascent":[0.06592007962463009,0.20345639091641685,0.30206241279169266,0.3420220895447736],"descent-weeks":9.183760388277284,"ascent-weeks":4.006149021368691,"peak":0.3420220895447736,"messages":[{"type":"warning","title":"Genre Not Set"}],"ranks":{"artist:hozier":{"rank":2,"total":2},"playlist:m":{"rank":923,"total":1105},"decade:2010s":{"rank":95,"total":111},"year:2015":{"rank":42,"total":46}},"score":3.0074935847955913,"duration":4,"genres":[],"sources":[],"debutEra":{"slug":2015,"title":2015,"type":"year","decade":2010,"year":2015},"rank":2883}