{"title":"Take Me to Church","instanceSlug":"7Jpz","tags":[],"debut":2015,"playlists":[{"title":"Songs by Solo Males","instanceSlug":"m","tags":[],"parents":[]}],"scores":[0.06592007962463009,0.20345639091641685,0.30206241279169266,0.3420220895447736,0.33796688217284926,0.32580126005707616,0.3055252231974544,0.2771387715939839,0.24064190524666476,0.1960346241554969,0.14331692832048032,0.08248881774161505,0.013550292418901062],"artists":[{"slug":"hozier","title":"Hozier","type":{"title":"Solo Male","artists":[],"artistCount":0,"score":0,"artistAdjustedAverage":0,"slug":"m"},"roleSlug":true,"death":"","tags":[]}],"ascent":[0.06592007962463009,0.20345639091641685,0.30206241279169266,0.3420220895447736],"descent-weeks":9.183760388277284,"messages":[],"ranks":{"artist:hozier":{"rank":2,"total":2},"playlist:m":{"rank":901,"total":1095},"decade:2010s":{"rank":92,"total":111},"year:2015":{"rank":42,"total":46}},"score":2.8359256777820354,"debutScore":0.06592007962463009,"peakScore":0.3420220895447736,"duration":3,"genres":[],"sources":[],"debutEra":{"slug":2015,"title":2015,"type":"year","decade":2010,"year":2015},"rank":2851}