{"title":"Take Me to Church","instanceSlug":"7Jpz","tags":[],"debut":2015,"playlists":[{"title":"Songs by Solo Males","instanceSlug":"m","tags":[],"parents":[]}],"scores":[0.06592007962463009,0.20345639091641685,0.30206241279169266,0.3420220895447736,0.3379329395306532,0.3256654894882918,0.30521973941768965,0.2765956893188466,0.23979333919176266,0.19481268903643792,0.14165373885287222,0.0803164886410657,0.010800938401018268],"artists":[{"slug":"hozier","title":"Hozier","type":{"title":"Solo Male","artists":[],"artistCount":0,"score":0,"artistAdjustedAverage":0,"slug":"m"},"roleSlug":true,"death":"","tags":[]}],"ascent":[0.06592007962463009,0.20345639091641685,0.30206241279169266,0.3420220895447736],"descent-weeks":9.14556532778698,"messages":[],"ranks":{"artist:hozier":{"rank":1,"total":2},"playlist:m":{"rank":644,"total":1090},"decade:2010s":{"rank":52,"total":111},"year:2015":{"rank":15,"total":46}},"score":2.826252024756151,"debutScore":0.06592007962463009,"peakScore":0.3420220895447736,"duration":4,"genres":[],"sources":[],"debutEra":{"slug":2015,"title":2015,"type":"year","decade":2010,"year":2015},"rank":2015}