{"title":"Love Can Move Mountains","instanceSlug":"7l1n","tags":[],"parents":[],"debut":1992,"playlists":[],"scores":[0.03792261710265824,0.11067689586375697,0.18454822646807206,0.21482081392994526,0.23166754099856304,0.23586762484551665,0.2320047454997605,0.2178894427028124,0.19545726240286912,0.17934830086485543,0.1726384364820847,0.16366770822109683,0.1523687580025608,0.1388801012337868,0.12336176409402952,0.10599078341013826,0.08695652173913042,0.07051523501774279,0.05287786616752456,0.03412616339193382,0.015266601489057681,0],"artists":[{"slug":"celine-dion","title":"Celine Dion","roleSlug":true},{"slug":"diane-warren","title":"Diane Warren","roleSlug":"writer"}],"ranks":{"artist:diane-warren":{"rank":33,"total":38},"artist:celine-dion":{"rank":9,"total":11},"decade:1990s":{"rank":723,"total":893},"year:1992":{"rank":119,"total":141}},"score":2.9568534099278954,"debutScore":0.03792261710265824,"peakScore":0.23586762484551665,"duration":6,"genres":[],"source":{},"debutEra":{"slug":1992,"title":1992,"type":"year","decade":1990,"year":1992},"rank":2627}