{"title":"We Got the Beat","instanceSlug":81,"tags":[],"genre":"rock","debut":1982,"artists":[{"slug":"go-gos","title":"Go-Gos","type":{"title":"All-Female Group","artists":[],"artistCount":0,"score":0,"artistAdjustedAverage":0,"slug":"fff"},"roleSlug":true,"death":"","tags":[]}],"scores":[0.06493517521485907,0.20301020464749156,0.3018005417334737,0.3417822727277001,0.3387804284873767,0.32977489576640656,0.3147656745647896,0.29375276488252583,0.26673616671961525,0.23371588007605795,0.19469190495185382,0.14966424134700287,0.09863288926150524,0.04159784869536071],"ascent":[0.06493517521485907,0.20301020464749156,0.3018005417334737,0.3417822727277001],"descent-weeks":10.67039974669467,"messages":[],"ranks":{"artist:go-gos":{"rank":1,"total":3},"genre:rock":{"rank":310,"total":670},"playlist:group":{"rank":669,"total":1410},"decade:1980s":{"rank":741,"total":1579},"year:1982":{"rank":63,"total":146}},"score":3.1736408890760184,"debutScore":0.06493517521485907,"peakScore":0.3417822727277001,"duration":4,"genres":[{"instanceSlug":"rock","title":"Rock","parents":[]}],"playlists":[{"title":"Songs by Groups","instanceSlug":"group","tags":[],"parents":[]}],"sources":[],"debutEra":{"slug":1982,"title":1982,"type":"year","decade":1980,"year":1982},"rank":1664}