{"title":"We Got the Beat","instanceSlug":81,"tags":[],"genre":"rock","debut":1982,"artists":[{"slug":"go-gos","title":"Go-Gos","type":{"title":"All-Female Group","artists":[],"artistCount":0,"score":0,"artistAdjustedAverage":0,"slug":"fff"},"roleSlug":true,"death":"","tags":[]}],"scores":[0.06493517521485907,0.20301020464749156,0.3018005417334737,0.3417822727277001,0.34049378148769893,0.32036673911239577,0.28963567847687105,0.2533831990831219,0.21318416564794027,0.17113569966537778,0.13318152129973762,0.10257039188766756,0.07891734133222605,0.06001314087329579,0.04491139597641368,0.03280764065926471,0.023152393925800742,0.015692574550316155,0.010074380853091296,0.004,0],"messages":[],"ranks":{"artist:go-gos":{"rank":1,"total":3},"genre:rock":{"rank":444,"total":638},"playlist:group":{"rank":1024,"total":1391},"decade:1980s":{"rank":1138,"total":1564},"year:1982":{"rank":105,"total":145}},"score":3.005048239154744,"debutScore":0.06493517521485907,"peakScore":0.3417822727277001,"duration":5,"genres":[{"instanceSlug":"rock","title":"Rock","parents":[]}],"playlists":[{"title":"Songs by Groups","instanceSlug":"group","tags":[],"parents":[]}],"sources":[],"debutEra":{"slug":1982,"title":1982,"type":"year","decade":1980,"year":1982},"rank":2562}