{"title":"West End Girls","instanceSlug":"835","tags":[],"genre":"pop","debut":1986,"playlists":[{"title":"Songs by Groups","instanceSlug":"group","tags":[],"parents":[]}],"artists":[{"slug":"pet-shop-boys","title":"Pet Shop Boys","type":{"title":"All-Male Group","artists":[],"artistCount":0,"score":0,"artistAdjustedAverage":0,"slug":"mmm"},"roleSlug":true,"death":"","tags":[]}],"scores":[0.038,0.213,0.337,0.3327346855424739,0.3199387421698954,0.2986121698822645,0.2687549686795814,0.23036713856184596,0.18344867952905816,0.127999591581218,0.06401987471832557],"ascent":[0.038,0.213,0.337],"descent-weeks":8.888724035608305,"messages":[],"ranks":{"artist:pet-shop-boys":{"rank":5,"total":6},"genre:pop":{"rank":1266,"total":1431},"playlist:group":{"rank":1238,"total":1417},"decade:1980s":{"rank":1356,"total":1588},"year:1986":{"rank":136,"total":165}},"score":2.4138758506646623,"debutScore":0.038,"peakScore":0.337,"duration":3,"genres":[{"instanceSlug":"pop","title":"Pop","parents":[]}],"sources":[],"debutEra":{"slug":1986,"title":1986,"type":"year","decade":1980,"year":1986},"rank":3067}