{"title":"Crush","instanceSlug":844,"tags":[],"genre":"pop","debut":1997,"playlists":[{"title":"Songs by Solo Females","instanceSlug":"f","tags":[],"parents":[]},{"title":"Songs with a 1-Point Score","instanceSlug":"s1","tags":[],"parents":[]}],"artists":[{"slug":"jennifer-page","title":"Jennifer Page","type":{"title":"Solo Female","artists":[],"artistCount":0,"score":0,"artistAdjustedAverage":0,"slug":"f"},"roleSlug":true,"death":"","tags":[]}],"scores":[0.592,1,0.9934763815427237,0.9739055261708948,0.9412874338845132,0.8956221046835791,0.8369095385680922,0.7651497355380528,0.6803426955934608,0.5824884187343162,0.47158690496061884,0.347638154272369,0.21064216666956648,0.06059894215221129],"ascent":[0.592,1],"descent-weeks":12.381,"messages":[],"ranks":{"artist:jennifer-page":{"rank":1,"total":1},"genre:pop":{"rank":51,"total":1431},"playlist:s1":{"rank":41,"total":72},"playlist:f":{"rank":20,"total":595},"decade:1990s":{"rank":41,"total":929},"year:1997":{"rank":1,"total":53}},"score":9.351648002770398,"debutScore":0.592,"peakScore":1,"duration":4,"genres":[{"instanceSlug":"pop","title":"Pop","parents":[]}],"sources":[],"debutEra":{"slug":1997,"title":1997,"type":"year","decade":1990,"year":1997},"rank":103}