{"title":"Victim of Love","instanceSlug":882,"tags":[],"parents":[],"genre":"rock","debut":1987,"playlists":[],"ranks":{"artist:bryan-adams":{"rank":18,"total":22},"genre:rock":{"rank":291,"total":631},"decade:1980s":{"rank":810,"total":1531},"year:1987":{"rank":115,"total":187}},"artists":[{"slug":"bryan-adams","title":"Bryan Adams","roleSlug":true}],"scores":[0.037,0.199375,0.34325,0.41700000000000004,0.46037500000000003,0.4600000000000001,0.44275,0.41575,0.40162499999999995,0.38625,0.36462500000000003,0.34275000000000005,0.315875,0.285875,0.255875,0.22150000000000003,0.18274999999999997,0.13962500000000003,0.092125,0.04724999999999999,0.017,0.005,0],"score":5.833625,"debutScore":0.037,"peakScore":0.46037500000000003,"duration":6,"genres":[{"instanceSlug":"rock","title":"Rock","parents":[]}],"source":{},"debutEra":{"slug":1987,"title":1987,"type":"year","decade":1980,"year":1987},"rank":1773}