{"title":"Victim of Love","instanceSlug":882,"tags":[],"parents":[],"genre":"rock","debut":1987,"playlists":[],"ranks":{"artist:bryan-adams":{"rank":20,"total":22},"genre:rock":{"rank":502,"total":633},"decade:1980s":{"rank":1263,"total":1537},"year:1987":{"rank":159,"total":188}},"artists":[{"slug":"bryan-adams","title":"Bryan Adams","roleSlug":true}],"scores":[0.02050577849178397,0.11673674431237142,0.21253468913107962,0.2664271127026851,0.30033888488517846,0.30003888244146104,0.2863712628793126,0.2654849566091643,0.2547958455763978,0.24333990118867263,0.22753328370096174,0.21189523345088065,0.19314614538843242,0.17230112783488644,0.15080220747963002,0.1270731413415362,0.10258072846842083,0.07701485761859238,0.04988623403567766,0.025164684973242993,0.008957217653430168,0.0026235434820562225,0],"score":3.6155524636458543,"debutScore":0.02050577849178397,"peakScore":0.30033888488517846,"duration":6,"genres":[{"instanceSlug":"rock","title":"Rock","parents":[]}],"source":{},"debutEra":{"slug":1987,"title":1987,"type":"year","decade":1980,"year":1987},"rank":2807}