{"title":"Daddy's Home","instanceSlug":"8mP4","tags":[],"parents":[],"debut":1982,"playlists":[{"title":"Songs by Solo Males","instanceSlug":"m","tags":[],"parents":[]}],"scores":[0.1728829462819611,0.3976240391334731,0.535862386730149,0.6155088852988692,0.5946420028703556,0.5845349389954049,0.5733165512901196,0.556178026766262,0.5335071308081583,0.5057973196807709,0.4736221632773356,0.437607820586544,0.3984058173682002,0.35666802333469005,0.3130252100840336,0.26806999746386007,0.22234445666788902,0.1770244821092279,0.1401208528103979,0.10302228105007721,0.06598443662722524,0.03423311614437895,0.01061141990904497,0],"artists":[{"slug":"cliff-richard","title":"Cliff Richard","type":{"title":"Solo Male","artists":[],"artistCount":0,"score":0,"artistAdjustedAverage":0,"slug":"m"},"roleSlug":true,"death":"","tags":["1980s","exusa"]}],"ranks":{"artist:cliff-richard":{"rank":5,"total":6},"playlist:m":{"rank":377,"total":1061},"decade:1980s":{"rank":519,"total":1551},"year:1982":{"rank":45,"total":145}},"score":8.070594305288427,"debutScore":0.1728829462819611,"peakScore":0.6155088852988692,"duration":6,"genres":[],"source":{},"debutEra":{"slug":1982,"title":1982,"type":"year","decade":1980,"year":1982},"messages":[],"rank":1121}