{"title":"I'd Really Love To See You Again","instanceSlug":"95e9","tags":[true],"parents":[],"genre":"adult-contemporary","debut":1976,"playlists":[{"title":"Songs by Duos","instanceSlug":"duo","tags":[],"parents":[]}],"scores":[0.06200821741159169,0.20830894528861146,0.3129502216570068,0.35561236147633757,0.3574779635603355,0.3558504691948907,0.3509679860985563,0.34283051427133227,0.33143805371321866,0.31679060442421547,0.29888816640432264,0.27773073965354017,0.25331832417186817,0.22565091995930653,0.19472852701585525,0.1605511453415144,0.12311877493628393,0.08243141580016386,0.03848906793315418],"artists":[{"slug":"edjfc","title":"England Dan and John Ford Coley","type":{"title":"Male Duo","artists":[],"artistCount":0,"score":0,"artistAdjustedAverage":0,"slug":"mm"},"roleSlug":true,"death":"","tags":[]}],"ascent":[0.06200821741159169,0.20830894528861146,0.3129502216570068,0.35561236147633757,0.3574779635603355],"descent-weeks":14.820569447990732,"messages":[],"ranks":{"artist:edjfc":{"rank":1,"total":3},"genre:adult-contemporary":{"rank":77,"total":165},"playlist:duo":{"rank":44,"total":90},"decade:1970s":{"rank":278,"total":548},"year:1976":{"rank":22,"total":52}},"score":4.649142418312106,"debutScore":0.06200821741159169,"peakScore":0.3574779635603355,"duration":5,"genres":[{"instanceSlug":"adult-contemporary","title":"Adult Contemporary","parents":[]}],"sources":[],"debutEra":{"slug":1976,"title":1976,"type":"year","decade":1970,"year":1976},"rank":1716}