{"title":"Alibis","instanceSlug":962,"tags":[],"parents":[],"genre":"pop","debut":1984,"playlists":[],"ranks":{"artist:sergio-mendez":{"rank":1,"total":1},"genre:pop":{"rank":439,"total":1424},"decade:1980s":{"rank":442,"total":1562},"year:1984":{"rank":44,"total":147}},"artists":[{"slug":"sergio-mendez","title":"Sergio Mendez","roleSlug":true,"death":"","tags":[]}],"scores":[0.17684594348222427,0.4639016897081413,0.6719787516600265,0.8385598141695703,0.819362455726092,0.7357774968394437,0.632946001367054,0.53,0.324,0.016,0],"messages":[],"score":5.209372152952551,"debutScore":0.17684594348222427,"peakScore":0.8385598141695703,"duration":3,"genres":[{"instanceSlug":"pop","title":"Pop","parents":[]}],"sources":[],"debutEra":{"slug":1984,"title":1984,"type":"year","decade":1980,"year":1984},"rank":984}