{"title":"Alibis","instanceSlug":962,"tags":[],"parents":[],"genre":"pop","debut":1984,"playlists":[],"ranks":{"artist:sergio-mendez":{"rank":1,"total":1},"genre:pop":{"rank":478,"total":1434},"decade:1980s":{"rank":461,"total":1592},"year:1984":{"rank":47,"total":152}},"artists":[{"slug":"sergio-mendez","title":"Sergio Mendez","roleSlug":true,"death":"","tags":[]}],"scores":[0.17684594348222427,0.4639016897081413,0.6719787516600265,0.8385598141695703,0.819362455726092,0.7357774968394437,0.632946001367054,0.5301145058946644,0.324451514949885,0.015957028532715967,0],"ascent":[0.17684594348222427,0.4639016897081413,0.6719787516600265,0.8385598141695703],"descent-weeks":2.3424934319853037,"ascent-weeks":3.8481802299643784,"peak":0.8385598141695703,"messages":[],"unscored":false,"score":3.4608334370326523,"duration":2,"genres":[{"instanceSlug":"pop","title":"Pop","parents":[]}],"sources":[],"debutEra":{"slug":1984,"title":1984,"type":"year","decade":1980,"year":1984},"rank":1009}