{"title":"Alibis","instanceSlug":962,"tags":[],"parents":[],"genre":"pop","debut":1984,"playlists":[],"ranks":{"artist:sergio-mendez":{"rank":1,"total":1},"genre:pop":{"rank":226,"total":1431},"decade:1980s":{"rank":237,"total":1579},"year:1984":{"rank":27,"total":151}},"artists":[{"slug":"sergio-mendez","title":"Sergio Mendez","roleSlug":true,"death":"","tags":[]}],"scores":[0.17684594348222427,0.4639016897081413,0.6719787516600265,0.8385598141695703,0.809951225726951,0.7241254603990929,0.5810825181859961,0.38082239908766075,0.12334510310408651],"ascent":[0.17684594348222427,0.4639016897081413,0.6719787516600265,0.8385598141695703],"descent-weeks":5.4140069383711085,"messages":[],"score":4.770612905523749,"debutScore":0.17684594348222427,"peakScore":0.8385598141695703,"duration":3,"genres":[{"instanceSlug":"pop","title":"Pop","parents":[]}],"sources":[],"debutEra":{"slug":1984,"title":1984,"type":"year","decade":1980,"year":1984},"rank":567}