{"title":"Alibis","instanceSlug":962,"tags":[],"parents":[],"genre":"pop","debut":1984,"playlists":[],"ranks":{"artist:sergio-mendez":{"rank":1,"total":1},"genre:pop":{"rank":256,"total":1403},"decade:1980s":{"rank":257,"total":1542},"year:1984":{"rank":22,"total":146}},"artists":[{"slug":"sergio-mendez","title":"Sergio Mendez","roleSlug":true}],"scores":[0.17684594348222427,0.4639016897081413,0.6719787516600265,0.8385598141695703,0.819362455726092,0.7357774968394437,0.632946001367054,0.628,0.618,0.603,0.583,0.558,0.528,0.493,0.453,0.408,0.358,0.303,0.243,0.178,0.108,0.033,0],"score":10.434372152952553,"debutScore":0.17684594348222427,"peakScore":0.8385598141695703,"duration":6,"genres":[{"instanceSlug":"pop","title":"Pop","parents":[]}],"source":{},"debutEra":{"slug":1984,"title":1984,"type":"year","decade":1980,"year":1984},"rank":544}