{"title":"Get Into the Groove","instanceSlug":973,"tags":[],"genre":"dance","debut":1984,"playlists":[{"title":"Songs by Solo Females","instanceSlug":"f","tags":[],"parents":[]},{"title":"Rock & Roll Hall of Fame","gloss":"Songs by members of the Rock and Roll Hall of Fame.","instanceSlug":"hof"}],"artists":[{"slug":"madonna","title":"Madonna","type":{"title":"Solo Female","artists":[],"artistCount":0,"score":0,"artistAdjustedAverage":0,"slug":"f"},"roleSlug":true,"death":"","tags":["1980s","1990s","2000s","hof"]}],"scores":[0.15823467432951,0.421,0.55123754789272,0.592852491,0.595441571,0.5888399249318644,0.569034986727458,0.5360267563867804,0.4898152339098319,0.43040041929661227,0.35778231254712184,0.27196091366136027,0.17293622263932773,0.060708239481024114,0],"score":6.391712864803609,"debutScore":0.15823467432951,"peakScore":0.595441571,"duration":4,"ascent":[0.15823467432951,0.421,0.55123754789272,0.592852491,0.595441571],"descent-weeks":10.260318003346246,"ascent-weeks":5.841294252418505,"peak":0.595441571,"messages":[],"ranks":{"artist:madonna":{"rank":22,"total":45},"genre:dance":{"rank":61,"total":133},"playlist:hof":{"rank":246,"total":917},"playlist:f":{"rank":194,"total":596},"decade:1980s":{"rank":423,"total":1592},"year:1984":{"rank":46,"total":152}},"unscored":false,"genres":[{"instanceSlug":"dance","title":"Dance","parents":[]}],"sources":[],"debutEra":{"slug":1984,"title":1984,"type":"year","decade":1980,"year":1984},"rank":937}