{"title":"Leave It","instanceSlug":"98X9","tags":[],"debut":1984,"playlists":[{"title":"Songs by Groups","instanceSlug":"group","tags":[],"parents":[]}],"artists":[{"slug":"yes","title":"Yes","type":{"title":"All-Male Group","artists":[],"artistCount":0,"score":0,"artistAdjustedAverage":0,"slug":"mmm"},"roleSlug":true,"death":"","tags":[]}],"scores":[0.11,0.463,0.75,0.78,0.82,0.8,0.7800000000000001,0.7400000000000003,0.6800000000000006,0.600000000000001,0.5000000000000014,0.380000000000002,0.24000000000000266,0.0800000000000034,0],"ascent":[0.11,0.463,0.75,0.78,0.82],"descent-weeks":10.28048780487807,"ascent-weeks":5.346951219512195,"peak":0.82,"messages":[{"type":"warning","title":"Genre Not Set"}],"ranks":{"artist:yes":{"rank":1,"total":4},"playlist:group":{"rank":107,"total":1417},"decade:1980s":{"rank":138,"total":1592},"year:1984":{"rank":13,"total":152}},"unscored":false,"score":8.543000000000012,"duration":4,"genres":[],"sources":[],"debutEra":{"slug":1984,"title":1984,"type":"year","decade":1980,"year":1984},"rank":268}