{"title":"Roundabout","instanceSlug":"b24L","tags":[],"debut":1973,"playlists":[{"title":"Songs by Groups","instanceSlug":"group","tags":[],"parents":[]}],"artists":[{"slug":"yes","title":"Yes","type":{"title":"All-Male Group","artists":[],"artistCount":0,"score":0,"artistAdjustedAverage":0,"slug":"mmm"},"roleSlug":true,"death":"","tags":[]}],"scores":[0.057,0.212,0.404,0.53,0.52,0.5096,0.48880000000000007,0.45760000000000006,0.41600000000000004,0.36400000000000005,0.30160000000000003,0.22880000000000003,0.1456,0.05199999999999999,0],"ascent":[0.057,0.212,0.404,0.53],"descent-weeks":3.2926160377358498,"ascent-weeks":3.404716981132075,"peak":0.53,"messages":[{"type":"warning","title":"Genre Not Set"}],"ranks":{"artist:yes":{"rank":3,"total":4},"playlist:group":{"rank":714,"total":1417},"decade:1970s":{"rank":277,"total":559},"year:1973":{"rank":23,"total":37}},"unscored":false,"score":2.366391,"duration":2,"genres":[],"sources":[],"debutEra":{"slug":1973,"title":1973,"type":"year","decade":1970,"year":1973},"rank":1753}