{"title":"How Much Love","instanceSlug":"dkAO","tags":[],"genre":"pop","debut":1977,"playlists":[{"title":"Songs by Solo Males","instanceSlug":"m","tags":[],"parents":[]}],"scores":[0.115,0.455,0.636,0.695,0.715,0.7073057804258334,0.6842231217033333,0.6457520238324999,0.5918924868133332,0.5226445106458331,0.4380080953299997,0.3379832408658328,0.22256994725333273,0.09176821449249924],"artists":[{"slug":"leo-sayer","title":"Leo Sayer","type":{"title":"Solo Male","artists":[],"artistCount":0,"score":0,"artistAdjustedAverage":0,"slug":"m"},"roleSlug":true,"death":"","tags":[]}],"ascent":[0.115,0.455,0.636,0.695,0.715],"descent-weeks":9.639860139860136,"messages":[],"ranks":{"artist:leo-sayer":{"rank":2,"total":6},"genre:pop":{"rank":300,"total":1431},"playlist:m":{"rank":205,"total":1095},"decade:1970s":{"rank":75,"total":548},"year:1977":{"rank":7,"total":64}},"score":6.858147421362496,"debutScore":0.115,"peakScore":0.715,"duration":4,"genres":[{"instanceSlug":"pop","title":"Pop","parents":[]}],"sources":[],"debutEra":{"slug":1977,"title":1977,"type":"year","decade":1970,"year":1977},"rank":592}