{"title":"How Much Love","instanceSlug":"dkAO","tags":[],"genre":"pop","debut":1977,"playlists":[{"title":"Songs by Solo Males","instanceSlug":"m","tags":[],"parents":[]}],"scores":[0.115,0.455,0.636,0.695,0.715,0.695,0.6749999999999999,0.6349999999999999,0.5749999999999998,0.4949999999999998,0.3949999999999997,0.2749999999999996,0.13499999999999945,0],"artists":[{"slug":"leo-sayer","title":"Leo Sayer","type":{"title":"Solo Male","artists":[],"artistCount":0,"score":0,"artistAdjustedAverage":0,"slug":"m"},"roleSlug":true,"death":"","tags":[]}],"ascent":[0.115,0.455,0.636,0.695,0.715],"descent-weeks":9.639860139860136,"ascent-weeks":5.488111888111888,"peak":0.715,"messages":[],"ranks":{"artist:leo-sayer":{"rank":2,"total":6},"genre:pop":{"rank":299,"total":1434},"playlist:m":{"rank":204,"total":1121},"decade:1970s":{"rank":73,"total":559},"year:1977":{"rank":6,"total":66}},"unscored":false,"score":7.210999999999998,"duration":4,"genres":[{"instanceSlug":"pop","title":"Pop","parents":[]}],"sources":[],"debutEra":{"slug":1977,"title":1977,"type":"year","decade":1970,"year":1977},"rank":593}