{"title":"Have You Ever?","instanceSlug":"dX9x","tags":[],"parents":[],"debut":1998,"playlists":[],"scores":[0.1,0.379311,0.65837479271,0.6514975239170606,0.6308657175382424,0.5964793735735454,0.5483384920229698,0.4864430728865152,0.4107931161641819,0.3213886218559697,0.21822958996187897,0.10131602048190926],"artists":[{"slug":"brandy","title":"Brandy","roleSlug":true,"death":"","tags":["1990s","2000s","child"]},{"slug":"diane-warren","title":"Diane Warren","type":{"title":"Solo Female","artists":[],"artistCount":0,"score":0,"artistAdjustedAverage":0,"slug":"f"},"roleSlug":"writer","death":"","tags":[]}],"ascent":[0.1,0.379311,0.65837479271],"descent-weeks":9.784273813104932,"messages":[],"ranks":{"artist:diane-warren":{"rank":3,"total":39},"artist:brandy":{"rank":1,"total":2},"decade:1990s":{"rank":131,"total":928},"year:1998":{"rank":4,"total":26}},"score":5.103037321112274,"debutScore":0.1,"peakScore":0.65837479271,"duration":3,"genres":[],"sources":[],"debutEra":{"slug":1998,"title":1998,"type":"year","decade":1990,"year":1998},"rank":425}