{"title":"My House","instanceSlug":"florida1601","tags":[],"debut":2016,"playlists":[],"scores":[0.25,0.5,0.6,0.68,0.75,0.7422541146143169,0.7190164584572675,0.6802870315288518,0.6260658338290699,0.5563528653579217,0.47114812611540735,0.3704516161015266,0.25426333531627965,0.12258328375966637],"artists":[{"slug":"flo-rida","title":"Flo Rida","roleSlug":true,"death":"","tags":[]}],"ascent":[0.25,0.5,0.6,0.68,0.75],"descent-weeks":9.839999999999996,"messages":[{"type":"warning","title":"Genre Not Set"}],"ranks":{"artist:flo-rida":{"rank":1,"total":3},"decade:2010s":{"rank":12,"total":111},"year:2016":{"rank":3,"total":6}},"score":7.322422665080309,"debutScore":0.25,"peakScore":0.75,"duration":4,"genres":[],"sources":[],"debutEra":{"slug":2016,"title":2016,"type":"year","decade":2010,"year":2016},"rank":444}