{"title":"My House","instanceSlug":"florida1601","tags":[],"debut":2016,"playlists":[],"scores":[0.25,0.5,0.6,0.68,0.75,0.73,0.71,0.6699999999999999,0.6099999999999999,0.5299999999999998,0.4299999999999997,0.3099999999999996,0.16999999999999948,0.009999999999999343,0],"artists":[{"slug":"flo-rida","title":"Flo Rida","roleSlug":true,"death":"","tags":[]}],"ascent":[0.25,0.5,0.6,0.68,0.75],"descent-weeks":9.839999999999996,"ascent-weeks":5.56,"peak":0.75,"messages":[{"type":"warning","title":"Genre Not Set"}],"ranks":{"artist:flo-rida":{"rank":1,"total":3},"decade:2010s":{"rank":12,"total":111},"year:2016":{"rank":3,"total":6}},"unscored":false,"score":7.6999999999999975,"duration":4,"genres":[],"sources":[],"debutEra":{"slug":2016,"title":2016,"type":"year","decade":2010,"year":2016},"rank":448}