{"title":"Light 'Em Up","instanceSlug":"fob1601","tags":[],"parents":[],"debut":2016,"playlists":[],"scores":[0.06382978723404255,0.367053998632946,0.76056338028169,0.7079419299743808,0.6488046166529267,0.6420361247947455,0.6286644951140066,0.6090104585679808,0.5835312747426762,0.5527950310559006,0.5174506828528073,0.4781966001478197,0.4357501794687724,0.3908205841446454,0.34408602150537637,0.2961762799740765,0.24766063630692453,0.19904076738609114,0.15074798619102417,0.10314396028681744,0.05652403592181722,0.011122345803842264,0],"artists":[{"slug":"fallout-boy","title":"Fallout Boy","roleSlug":true}],"ranks":{"artist:fallout-boy":{"rank":2,"total":2},"decade:2010s":{"rank":31,"total":109},"year:2016":{"rank":2,"total":5}},"score":8.794951177041312,"debutScore":0.06382978723404255,"peakScore":0.76056338028169,"duration":6,"genres":[],"source":{},"debutEra":{"slug":2016,"title":2016,"type":"year","decade":2010,"year":2016},"rank":899}