{"title":"Go Away Little Girl","instanceSlug":"g3lE","tags":[],"parents":[],"debut":1971,"playlists":[null],"scores":[0.1,0.21,0.31,0.34122746431,0.342731,0.3399984806392279,0.33180092255691135,0.31813832575305057,0.2990106902276454,0.274418015980696,0.2443603030122022,0.2088375513221641,0.16784976091058168,0.12139693177745497,0.0694790639227839,0.012096157346568569],"artists":[{"slug":"donnie-osmond"},{"slug":"carole-king","title":"Carole King","type":{"title":"Solo Female","artists":[],"artistCount":0,"score":0,"artistAdjustedAverage":0,"slug":"f"},"roleSlug":"writer","death":"","tags":[]},{"slug":"gerry-goffin","title":"Gerry Goffin","roleSlug":"writer","death":"","tags":[]}],"ascent":[0.1,0.21,0.31,0.34122746431,0.342731],"descent-weeks":11.19940809508718,"messages":[],"ranks":{"artist:carole-king":{"rank":6,"total":16},"artist:gerry-goffin":{"rank":2,"total":8},"artist:donnie-osmond":{"rank":1,"total":1},"playlist:osmonds":{"rank":1,"total":1},"decade:1970s":{"rank":199,"total":546},"year:1971":{"rank":10,"total":32}},"score":3.6913446677592874,"debutScore":0.1,"peakScore":0.342731,"duration":4,"genres":[],"sources":[],"debutEra":{"slug":1971,"title":1971,"type":"year","decade":1970,"year":1971},"rank":1226}