{"title":"We Close Our Eyes","instanceSlug":"gowest01","tags":[],"debut":1985,"playlists":[{"title":"Songs by Groups","instanceSlug":"group","tags":[],"parents":[]}],"ranks":{"artist:go-west":{"rank":2,"total":5},"playlist:group":{"rank":97,"total":1416},"decade:1980s":{"rank":121,"total":1588},"year:1985":{"rank":11,"total":171}},"artists":[{"slug":"go-west","title":"Go West","type":{"title":"All-Male Group","artists":[],"artistCount":0,"score":0,"artistAdjustedAverage":0,"slug":"mmm"},"roleSlug":true,"death":"","tags":[]}],"scores":[0.25,0.51,0.69,0.75,0.76,0.75,0.73,0.71,0.6699999999999999,0.6099999999999999,0.5299999999999998,0.4299999999999997,0.3099999999999996,0.16999999999999948,0.009999999999999343,0],"ascent":[0.25,0.51,0.69,0.75,0.76],"descent-weeks":11.210526315789469,"ascent-weeks":5.842105263157894,"peak":0.76,"messages":[{"type":"warning","title":"Genre Not Set"}],"score":8.639999999999995,"duration":4,"genres":[],"sources":[],"debutEra":{"slug":1985,"title":1985,"type":"year","decade":1980,"year":1985},"rank":245}