{"title":"We Close Our Eyes","instanceSlug":"gowest01","tags":[],"debut":1985,"playlists":[{"title":"Songs by Groups","instanceSlug":"group","tags":[],"parents":[]}],"ranks":{"artist:go-west":{"rank":2,"total":5},"playlist:group":{"rank":96,"total":1417},"decade:1980s":{"rank":122,"total":1588},"year:1985":{"rank":11,"total":171}},"artists":[{"slug":"go-west","title":"Go West","type":{"title":"All-Male Group","artists":[],"artistCount":0,"score":0,"artistAdjustedAverage":0,"slug":"mmm"},"roleSlug":true,"death":"","tags":[]}],"scores":[0.25,0.51,0.69,0.75,0.76,0.7539526989794795,0.7358107959179175,0.7055742908153144,0.66324318367167,0.6088174744869844,0.5422971632612575,0.46368224999448937,0.37297273468668,0.2701686173378294,0.1552698979479376,0.02827657651700442],"ascent":[0.25,0.51,0.69,0.75,0.76],"descent-weeks":11.210526315789469,"messages":[{"type":"warning","title":"Genre Not Set"}],"score":8.260065683616563,"debutScore":0.25,"peakScore":0.76,"duration":4,"genres":[],"sources":[],"debutEra":{"slug":1985,"title":1985,"type":"year","decade":1980,"year":1985},"rank":243}