{"title":"No","instanceSlug":"gQpz","tags":[],"parents":[],"genre":"pop","debut":2016,"playlists":[{"title":"Songs by Solo Females","instanceSlug":"f","tags":[],"parents":[]}],"scores":[0.06208480746386911,0.20199400396112047,0.300902954038119,0.3408754613664351,0.3379749544839605,0.3292734338365367,0.3147708994241637,0.2944673512468415,0.2683627893045701,0.23645721359734947,0.1987506241251797,0.15524302088806066,0.10593440388599248,0.05082477311897506],"artists":[{"slug":"meghan-trainor","title":"Meghan Trainor","type":{"title":"Solo Female","artists":[],"artistCount":0,"score":0,"artistAdjustedAverage":0,"slug":"f"},"roleSlug":true,"death":"","tags":["2010s"]}],"ascent":[0.06208480746386911,0.20199400396112047,0.300902954038119,0.3408754613664351],"descent-weeks":10.84078968937334,"messages":[],"ranks":{"artist:meghan-trainor":{"rank":2,"total":2},"genre:pop":{"rank":1109,"total":1430},"playlist:f":{"rank":480,"total":595},"decade:2010s":{"rank":89,"total":111},"year:2016":{"rank":6,"total":6}},"score":3.197916690741173,"debutScore":0.06208480746386911,"peakScore":0.3408754613664351,"duration":4,"genres":[{"instanceSlug":"pop","title":"Pop","parents":[]}],"sources":[],"debutEra":{"slug":2016,"title":2016,"type":"year","decade":2010,"year":2016},"rank":2656}