{"title":"Reach","instanceSlug":"GxpG","tags":[],"parents":[],"debut":1988,"playlists":[{"title":"Turn of the Decade","instanceSlug":"td","tags":[],"parents":[]}],"scores":[0.07986501687289088,0.20548495655231297,0.30420606455820026,0.36394635144350973,0.3808975834292291,0.37938559680062767,0.37484963691482354,0.3672897037718166,0.3567057973716068,0.3430979177141943,0.32646606479957896,0.30681023862776086,0.28413043919874,0.2584266665125163,0.22969892056908991,0.19794720136846064,0.16317150891062862,0.12537184319559386,0.08454820422335625,0.04070059199391587],"artists":[{"slug":"gloria-estafan"},{"slug":"diane-warren","title":"Diane Warren","type":{"title":"Solo Female","artists":[],"artistCount":0,"score":0,"artistAdjustedAverage":0,"slug":"f"},"roleSlug":"writer","death":"","tags":[]}],"ascent":[0.07986501687289088,0.20548495655231297,0.30420606455820026,0.36394635144350973,0.3808975834292291],"descent-weeks":15.871944398958746,"messages":[],"ranks":{"artist:diane-warren":{"rank":1,"total":39},"artist:gloria-estafan":{"rank":1,"total":1},"playlist:td":{"rank":131,"total":967},"decade:1980s":{"rank":167,"total":1579},"year:1988":{"rank":15,"total":179}},"score":5.173000304828854,"debutScore":0.07986501687289088,"peakScore":0.3808975834292291,"duration":5,"genres":[],"sources":[],"debutEra":{"slug":1988,"title":1988,"type":"year","decade":1980,"year":1988},"rank":412}