{"title":"Reach","instanceSlug":"GxpG","tags":[],"parents":[],"debut":1988,"playlists":[],"scores":[0.07986501687289088,0.20548495655231297,0.30420606455820026,0.36394635144350973,0.3808975834292291,0.38054013632833844,0.3694331117514479,0.35666035442751765,0.34250713206913885,0.3272868045570181,0.3083296990841694,0.2858290918832039,0.260835303388495,0.23358433347896476,0.2047890364197686,0.17399598884703807,0.14160681158730914,0.1081099799155066,0.07635385132862428,0.046253106063908624,0.023170549741009957,0.01020730295696096,0.003029986417302267,0.00010417751849150954,0],"artists":[{"slug":"gloria-estafan"},{"slug":"diane-warren","title":"Diane Warren","roleSlug":"writer"}],"ranks":{"artist:diane-warren":{"rank":27,"total":38},"artist:gloria-estafan":{"rank":1,"total":1},"decade:1980s":{"rank":944,"total":1530},"year:1988":{"rank":91,"total":178}},"score":4.987026730620356,"debutScore":0.07986501687289088,"peakScore":0.3808975834292291,"duration":7,"genres":[],"source":{},"debutEra":{"slug":1988,"title":1988,"type":"year","decade":1980,"year":1988},"rank":2050}