{"title":"I Got You Babe","instanceSlug":"igotyoubabe1994","tags":[],"genre":"pop","debut":1994,"playlists":[],"artists":[{"slug":"cher","title":"Cher","roleSlug":true,"death":"","tags":["1960s","1970s","1980s","1990s"]},{"slug":"beavis-butthead"}],"scores":[0.04719874336150798,0.12350533665034912,0.19832234871180346,0.23674911660777384,0.2567324955116697,0.2438916037316749,0.22270742358078605,0.21898127993034397,0.2115967113803548,0.20068610634648368,0.18644067796610173,0.1691022964509395,0.14895363151415678,0.12630732099758646,0.10149488591660112,0.0748560460652591,0.046728971962616835,0.026392961876832842,0.01744186046511628,0.008,0],"messages":[],"ranks":{"artist:cher":{"rank":6,"total":11},"artist:beavis-butthead":{"rank":1,"total":1},"genre:pop":{"rank":1108,"total":1431},"decade:1990s":{"rank":727,"total":915},"year:1994":{"rank":59,"total":77}},"score":2.866089819027958,"debutScore":0.04719874336150798,"peakScore":0.2567324955116697,"duration":5,"genres":[{"instanceSlug":"pop","title":"Pop","parents":[]}],"sources":[],"debutEra":{"slug":1994,"title":1994,"type":"year","decade":1990,"year":1994},"rank":2644}