{"title":"I Got You Babe","instanceSlug":"igotyoubabe1994","tags":[],"genre":"pop","debut":1994,"playlists":[],"artists":[{"slug":"cher","title":"Cher","roleSlug":true,"death":"","tags":["1960s","1970s","1980s","1990s"]},{"slug":"beavis-butthead"}],"scores":[0.04719874336150798,0.12350533665034912,0.19832234871180346,0.23674911660777384,0.2567324955116697,0.25524997049502735,0.25080239544510036,0.2433897703618886,0.23301209524539218,0.21966937009561108,0.20336159491254527,0.18408876969619478,0.1618508944465596,0.13664796916363972,0.10847999384743515,0.0773469684979459,0.04324889311517194,0.006185767699113298],"ascent":[0.04719874336150798,0.12350533665034912,0.19832234871180346,0.23674911660777384,0.2567324955116697],"descent-weeks":13.159500529184932,"messages":[],"ranks":{"artist:cher":{"rank":6,"total":11},"artist:beavis-butthead":{"rank":1,"total":1},"genre:pop":{"rank":789,"total":1431},"decade:1990s":{"rank":544,"total":928},"year:1994":{"rank":46,"total":78}},"score":2.985842493864729,"debutScore":0.04719874336150798,"peakScore":0.2567324955116697,"duration":5,"genres":[{"instanceSlug":"pop","title":"Pop","parents":[]}],"sources":[],"debutEra":{"slug":1994,"title":1994,"type":"year","decade":1990,"year":1994},"rank":1866}