{"title":"I Got You Babe","instanceSlug":"igotyoubabe1994","tags":[],"genre":"pop","debut":1994,"playlists":[],"artists":[{"slug":"cher","title":"Cher","roleSlug":true,"death":"","tags":["1960s","1970s","1980s","1990s"]},{"slug":"beavis-butthead"}],"scores":[0.04719874336150798,0.12350533665034912,0.19832234871180346,0.23674911660777384,0.2567324955116697,0.25526108523070984,0.25084685438783033,0.24348980298303105,0.2331899310163121,0.21994723848767345,0.2037617253971151,0.18463339174463703,0.16256223753023927,0.13754826275392187,0.10959146741568467,0.07869185151552781,0.04484941505345124,0.008064158029455011],"ascent":[0.04719874336150798,0.12350533665034912,0.19832234871180346,0.23674911660777384,0.2567324955116697],"descent-weeks":13.209109124913011,"messages":[],"ranks":{"artist:cher":{"rank":6,"total":11},"artist:beavis-butthead":{"rank":1,"total":1},"genre:pop":{"rank":1145,"total":1431},"decade:1990s":{"rank":750,"total":929},"year:1994":{"rank":60,"total":78}},"score":2.994945462388693,"debutScore":0.04719874336150798,"peakScore":0.2567324955116697,"duration":4,"genres":[{"instanceSlug":"pop","title":"Pop","parents":[]}],"sources":[],"debutEra":{"slug":1994,"title":1994,"type":"year","decade":1990,"year":1994},"rank":2780}