{"title":"Now and Forever","instanceSlug":"Jqz8","tags":[],"parents":[],"playlists":[],"scores":[0.020234653970413193,0.10558319513543396,0.19024003173973417,0.22274302017525985,0.2232415902140673,0.19999999999999998,0.17600940807526455,0.16009280742459397,0.15340253748558247,0.14351057747284157,0.13058224985867722,0.11482720178372352,0.09649122807017545,0.07584722969338355,0.05318588730911005,0.02880658436213992,0.010271089408991413,0],"artists":[{"slug":"richard-marx","title":"Richard Marx","roleSlug":true},{"slug":"carol-bayer-sager"}],"ranks":{"artist:richard-marx":{"rank":10,"total":10},"artist:carol-bayer-sager":{"rank":11,"total":12}},"score":2.105069292179392,"debutScore":0.020234653970413193,"peakScore":0.2232415902140673,"duration":5,"genres":[],"source":{},"rank":2757}