{"title":"Break It Up","instanceSlug":"KBZK","tags":[],"parents":[],"genre":"rock","debut":1982,"playlists":[{"title":"Songs by Groups","instanceSlug":"group","tags":[],"parents":[]}],"scores":[0.078,0.423,0.58,0.623,0.628,0.6183988665635431,0.5895954662541725,0.541589799071888,0.4743818650166897,0.38797166408857764,0.28235919628755185,0.15754446161361224,0.013527460066758847],"artists":[{"slug":"foreigner","title":"Foreigner","type":{"title":"All-Male Group","artists":[],"artistCount":0,"score":0,"artistAdjustedAverage":0,"slug":"mmm"},"roleSlug":true,"death":"","tags":["1970s","1980s"]}],"ascent":[0.078,0.423,0.58,0.623,0.628],"descent-weeks":8.087579617834391,"messages":[],"ranks":{"artist:foreigner":{"rank":14,"total":16},"genre:rock":{"rank":207,"total":670},"playlist:group":{"rank":509,"total":1417},"decade:1980s":{"rank":573,"total":1588},"year:1982":{"rank":51,"total":147}},"score":5.397368778962793,"debutScore":0.078,"peakScore":0.628,"duration":3,"genres":[{"instanceSlug":"rock","title":"Rock","parents":[]}],"sources":[],"debutEra":{"slug":1982,"title":1982,"type":"year","decade":1980,"year":1982},"rank":1262}