{"title":"Love Shack","instanceSlug":"love-shack-1989","tags":["#1","#1-modern-rock"],"debut":1989,"playlists":[],"ranks":{"artist:b-52s":{"rank":4,"total":5},"artist:kate-pierson":{"rank":4,"total":5},"decade:1980s":{"rank":380,"total":1498},"year:1989":{"rank":37,"total":149}},"artists":[{"slug":"b-52s","title":"B-52s","roleSlug":true},{"slug":"kate-pierson","title":"Kate Pierson","roleSlug":"lead"}],"scores":[0.06066666666666667,0.3326666666666666,0.5393333333333333,0.5736666666666667,0.5693333333333334,0.5579999999999999,0.5359999999999999,0.508,0.46900000000000003,0.4456666666666667,0.42933333333333334,0.4063333333333334,0.39799999999999996,0.38633333333333336,0.3713333333333333,0.35300000000000004,0.3313333333333333,0.30633333333333335,0.278,0.24633333333333332,0.21133333333333335,0.17300000000000001,0.13133333333333333,0.08633333333333333,0.041666666666666664,0.013333333333333334,0],"score":8.755666666666668,"debutScore":0.06066666666666667,"peakScore":0.5736666666666667,"duration":7,"genres":[],"source":{},"debutEra":{"slug":1989,"title":1989,"type":"year","decade":1980,"year":1989},"rank":817}