{"title":"Love Yourself","instanceSlug":"loveyourself2016","tags":[],"parents":[],"genre":"pop","debut":2016,"playlists":[],"ranks":{"artist:justin-bieber":{"rank":2,"total":3},"genre:pop":{"rank":563,"total":1382},"decade:2010s":{"rank":31,"total":96},"year:2016":{"rank":1,"total":1}},"artists":[{"slug":"justin-bieber","title":"Justin Bieber","roleSlug":true}],"scores":[0.055499999999999994,0.224,0.4345,0.585,0.5745,0.5635,0.546,0.536,0.521,0.501,0.476,0.44599999999999995,0.41100000000000003,0.371,0.326,0.276,0.221,0.161,0.096,0.026000000000000002,0],"score":7.351,"debutScore":0.055499999999999994,"peakScore":0.585,"duration":6,"genres":[{"instanceSlug":"pop","title":"Pop","parents":[]}],"source":{},"debutEra":{"slug":2016,"title":2016,"type":"year","decade":2010,"year":2016},"rank":1187}