{"title":"Love Yourself","instanceSlug":"loveyourself2016","tags":[],"parents":[],"genre":"pop","debut":2016,"playlists":[{"title":"Songs by Solo Males","instanceSlug":"m","tags":[],"parents":[]}],"ranks":{"artist:justin-bieber":{"rank":1,"total":3},"genre:pop":{"rank":182,"total":1431},"playlist:m":{"rank":114,"total":1095},"decade:2010s":{"rank":6,"total":111},"year:2016":{"rank":2,"total":6}},"artists":[{"slug":"justin-bieber","title":"Justin Bieber","type":{"title":"Solo Male","artists":[],"artistCount":0,"score":0,"artistAdjustedAverage":0,"slug":"m"},"roleSlug":true,"death":"","tags":["2010s","child"]}],"scores":[0.055499999999999994,0.224,0.4345,0.585,0.5829800461609684,0.5769201846438741,0.5668204154487166,0.5526807385754963,0.5345011540242129,0.5122816617948667,0.48602226188745734,0.4557229543019851,0.4213837390384499,0.3830046160968517,0.34058558547719064,0.2941266471794665,0.2436278012036795,0.1890890475498294,0.1305103862179164,0.06789181720794049,0.00123334051990155],"ascent":[0.055499999999999994,0.224,0.4345,0.585],"descent-weeks":17.01794871794872,"messages":[],"score":7.638382397328803,"debutScore":0.055499999999999994,"peakScore":0.585,"duration":5,"genres":[{"instanceSlug":"pop","title":"Pop","parents":[]}],"sources":[],"debutEra":{"slug":2016,"title":2016,"type":"year","decade":2010,"year":2016},"rank":366}