{"title":"Baby Don't Get Hooked On Me","instanceSlug":"macdavis01","tags":["#1","#1-adult-contemporary","#1-hot-100"],"genres":[{"instanceSlug":"adult-contemporary","title":"Adult Contemporary","parents":[]},{"instanceSlug":"pop","title":"Pop","parents":[]},{"instanceSlug":"country","title":"Country","parents":[]}],"debut":1972,"playlists":[],"artists":[{"slug":"mac-davis","title":"Mac Davis","roleSlug":true,"death":"","tags":[]}],"scores":[0.12,0.463,0.694,0.701,0.6937363158675184,0.6719452634700737,0.6356268428076659,0.5847810538802949,0.5194078966879607,0.4395073712306636,0.3450794775084032,0.2361242155211797,0.11264158526899301],"ascent":[0.12,0.463,0.694,0.701],"descent-weeks":9.823823109843092,"messages":[],"ranks":{"artist:mac-davis":{"rank":1,"total":1},"genre:pop":{"rank":402,"total":1431},"genre:adult-contemporary":{"rank":38,"total":165},"genre:country":{"rank":21,"total":90},"decade:1970s":{"rank":132,"total":548},"year:1972":{"rank":11,"total":33}},"score":6.216850022242753,"debutScore":0.12,"peakScore":0.701,"duration":3,"sources":[],"debutEra":{"slug":1972,"title":1972,"type":"year","decade":1970,"year":1972},"rank":870}