{"title":"My Sweet Lord","instanceSlug":"my-sweet-lord-1970","tags":[],"parents":[],"debut":1970,"playlists":[],"ranks":{"artist:george-harrison":{"rank":4,"total":54},"decade:1970s":{"rank":316,"total":506},"year:1970":{"rank":9,"total":22}},"artists":[{"slug":"george-harrison","title":"George Harrison","roleSlug":true}],"scores":[0.10028571428571426,0.25542857142857145,0.36119047619047623,0.4159999999999999,0.4213333333333334,0.4035714285714286,0.38242857142857156,0.3705238095238096,0.3554285714285714,0.3361904761904762,0.31333333333333335,0.285,0.25523809523809526,0.22271428571428573,0.1879047619047619,0.15266666666666664,0.11590476190476191,0.08085714285714285,0.04657142857142856,0.013761904761904763,0.001,0],"score":5.077333333333335,"debutScore":0.10028571428571426,"peakScore":0.4213333333333334,"duration":6,"genres":[],"source":{},"debutEra":{"slug":1970,"title":1970,"type":"year","decade":1970,"year":1970},"rank":1980}