{"title":"Night Shift","instanceSlug":"nightshift","tags":["#1","#1-r&b","marvin-gaye","jackie-wilson"],"debut":1985,"playlists":[{"title":"Tribute Songs","instanceSlug":"tribute","tags":[],"parents":[]}],"artists":[{"slug":"commodores","title":"Commodores","roleSlug":true,"death":"","tags":["1970s","1980s"]}],"scores":[0.1,0.21,0.312951,0.35561236147633757,0.357477963561,0.3557454160143011,0.3505477733742044,0.34188503564070993,0.32975720281381765,0.31416427489352755,0.2951062518798397,0.272583133772754,0.2465949205722706,0.21714161227838932,0.18422320889111027,0.14783971041043345,0.10799111683635884,0.06467742816888644,0.017898644408016227],"ascent":[0.1,0.21,0.312951,0.35561236147633757,0.357477963561],"descent-weeks":14.364220283901819,"messages":[{"type":"warning","title":"Genre Not Set"}],"ranks":{"artist:commodores":{"rank":4,"total":4},"playlist:tribute":{"rank":3,"total":8},"decade:1980s":{"rank":813,"total":1588},"year:1985":{"rank":87,"total":171}},"score":4.582197054991957,"debutScore":0.1,"peakScore":0.357477963561,"duration":5,"genres":[],"sources":[],"debutEra":{"slug":1985,"title":1985,"type":"year","decade":1980,"year":1985},"rank":1875}