{"title":"Night Shift","instanceSlug":"nightshift","tags":["#1","#1-r&b","marvin-gaye","jackie-wilson"],"parents":[],"debut":1985,"playlists":[{"title":"Tribute Songs","instanceSlug":"tribute","tags":[],"parents":[]}],"ranks":{"artist:commodores":{"rank":2,"total":4},"playlist:tribute":{"rank":1,"total":7},"decade:1980s":{"rank":105,"total":1533},"year:1985":{"rank":8,"total":167}},"artists":[{"slug":"commodores","title":"Commodores","roleSlug":true}],"scores":[0.21212121212121213,1,0.9607843137254901,0.9047619047619047,0.8433179723502304,0.838,0.828,0.813,0.793,0.768,0.738,0.703,0.663,0.618,0.568,0.513,0.453,0.388,0.318,0.243,0.163,0.078,0],"score":13.406985402958835,"debutScore":0.21212121212121213,"peakScore":1,"duration":6,"genres":[],"source":{},"debutEra":{"slug":1985,"title":1985,"type":"year","decade":1980,"year":1985},"rank":194}