{"title":"Night Shift","instanceSlug":"nightshift","tags":["#1","#1-r&b","marvin-gaye","jackie-wilson"],"debut":1985,"playlists":[{"title":"Tribute Songs","instanceSlug":"tribute","tags":[],"parents":[]}],"artists":[{"slug":"commodores","title":"Commodores","roleSlug":true,"death":"","tags":["1970s","1980s"]}],"scores":[0.1,0.21,0.312951,0.35561236147633757,0.357477963561,0.3446276515977258,0.3289181,0.31523776166182677,0.31,0.3038,0.2914,0.2728,0.248,0.217,0.17980000000000002,0.13640000000000002,0.08680000000000003,0.03100000000000004,0],"ascent":[0.1,0.21,0.312951,0.35561236147633757,0.357477963561],"descent-weeks":14.364220283901819,"ascent-weeks":5.606113360366711,"peak":0.357477963561,"messages":[{"type":"warning","title":"Genre Not Set"}],"ranks":{"artist:commodores":{"rank":4,"total":4},"playlist:tribute":{"rank":3,"total":10},"decade:1980s":{"rank":838,"total":1592},"year:1985":{"rank":84,"total":171}},"unscored":false,"score":4.759302801857891,"duration":5,"genres":[],"sources":[],"debutEra":{"slug":1985,"title":1985,"type":"year","decade":1980,"year":1985},"rank":1866}