{"title":"I Want You to Want Me","instanceSlug":"Nky6","tags":[],"parents":[],"debut":1979,"playlists":[{"title":"Live Performance","instanceSlug":"live","tags":[],"parents":[]},{"title":"Songs by Groups","instanceSlug":"group","tags":[],"parents":[]}],"scores":[0.05972412120269281,0.19996477987202577,0.3002298069775682,0.3413055699610899,0.34274116044247066,0.3411788118351413,0.33649176601315334,0.32868002297650667,0.3177435827252013,0.3036824452592373,0.28649661057861464,0.26618607868333327,0.24275084957339324,0.21619092324879458,0.18650629970953722,0.1536969789556212,0.11776296098704651,0.07870424580381312,0.03652083340592108],"artists":[{"slug":"cheap-trick","title":"Cheap Trick","type":{"title":"All-Male Group","artists":[],"artistCount":0,"score":0,"artistAdjustedAverage":0,"slug":"mmm"},"roleSlug":true,"death":"","tags":[]}],"ascent":[0.05972412120269281,0.19996477987202577,0.3002298069775682,0.3413055699610899,0.34274116044247066],"descent-weeks":14.811333440042123,"messages":[],"ranks":{"artist:cheap-trick":{"rank":1,"total":4},"playlist:group":{"rank":313,"total":1410},"playlist:live":{"rank":2,"total":8},"decade:1970s":{"rank":131,"total":546},"year:1979":{"rank":24,"total":87}},"score":4.456557848211163,"debutScore":0.05972412120269281,"peakScore":0.34274116044247066,"duration":5,"genres":[],"sources":[],"debutEra":{"slug":1979,"title":1979,"type":"year","decade":1970,"year":1979},"rank":769}