{"title":"I Want You to Want Me","instanceSlug":"Nky6","tags":[],"parents":[],"debut":1979,"playlists":[{"title":"Live Performance","instanceSlug":"live","tags":[],"parents":[]},{"title":"Songs by Groups","instanceSlug":"group","tags":[],"parents":[]}],"scores":[0.05972412120269281,0.19996477987202577,0.3002298069775682,0.3413055699610899,0.34274116044247066,0.3411814471136183,0.33650230712706136,0.32870374048279977,0.3177857471808334,0.3037483272211625,0.2865914806037869,0.2663152073287067,0.24291950739592183,0.21640438080543228,0.1867698275572381,0.15401584765133922,0.11814244108773579,0.07914960786642762,0.03703734798741484],"artists":[{"slug":"cheap-trick","title":"Cheap Trick","type":{"title":"All-Male Group","artists":[],"artistCount":0,"score":0,"artistAdjustedAverage":0,"slug":"mmm"},"roleSlug":true,"death":"","tags":[]}],"ascent":[0.05972412120269281,0.19996477987202577,0.3002298069775682,0.3413055699610899,0.34274116044247066],"descent-weeks":14.823840711215814,"messages":[],"ranks":{"artist:cheap-trick":{"rank":2,"total":4},"playlist:group":{"rank":782,"total":1416},"playlist:live":{"rank":2,"total":8},"decade:1970s":{"rank":346,"total":547},"year:1979":{"rank":61,"total":88}},"score":4.459232655865326,"debutScore":0.05972412120269281,"peakScore":0.34274116044247066,"duration":5,"genres":[],"sources":[],"debutEra":{"slug":1979,"title":1979,"type":"year","decade":1970,"year":1979},"rank":1991}