{"title":"Music of My Heart","instanceSlug":"O2KG","tags":[],"parents":[],"debut":1999,"playlists":[],"scores":[0.08682994992819158,0.35429262394195893,0.5019041999678163,0.5559013114025337,0.5547781664723195,0.5369414864419806,0.5022265142979773,0.4880161556039751,0.47236682967870847,0.45175506818063993,0.42660620573699487,0.3974147826520936,0.3647219379051517,0.32909289409977693,0.29109604832388064,0.2512848013585378,0.2101828240480615,0.16827304209955352,0.12762272965245058,0.08818157086782481,0.04884626910398562,0.023167434042242196,0.007556675062972293,0],"artists":[{"slug":"gloria-estefan","title":"Gloria Estefan","roleSlug":true},{"slug":"nsync","title":"*NSYNC","roleSlug":true},{"slug":"diane-warren","title":"Diane Warren","roleSlug":"writer"}],"ranks":{"artist:gloria-estefan":{"rank":4,"total":18},"artist:diane-warren":{"rank":18,"total":38},"artist:nsync":{"rank":7,"total":8},"decade:1990s":{"rank":395,"total":886},"year:1999":{"rank":32,"total":49}},"score":7.239059520869628,"debutScore":0.08682994992819158,"peakScore":0.5559013114025337,"duration":6,"genres":[],"source":{},"debutEra":{"slug":1999,"title":1999,"type":"year","decade":1990,"year":1999},"rank":1338}