{"title":"Don't Take Away My Heaven","instanceSlug":"OlPO","tags":[],"parents":[],"debut":1993,"playlists":[],"scores":[0.028101439342015075,0.11028867505551442,0.19118522930315665,0.24120810922631364,0.2725344644750795,0.2861736334405145,0.2615643397813288,0.22774708410067523,0.22274302017525985,0.21408336705787132,0.20192307692307696,0.18647419418627648,0.16799688534163906,0.14678899082568808,0.1231748408835642,0.09749405524053412,0.07874865156418553,0.05876124933827422,0.03770321687997233,0.023366877025413613,0.011292769256699815,0],"artists":[{"slug":"aaron-neville","title":"Aaron Neville","roleSlug":true},{"slug":"diane-warren","title":"Diane Warren","roleSlug":"writer"}],"ranks":{"artist:diane-warren":{"rank":33,"total":38},"artist:aaron-neville":{"rank":4,"total":5},"decade:1990s":{"rank":680,"total":886},"year:1993":{"rank":79,"total":111}},"score":3.1893541694230527,"debutScore":0.028101439342015075,"peakScore":0.2861736334405145,"duration":6,"genres":[],"source":{},"debutEra":{"slug":1993,"title":1993,"type":"year","decade":1990,"year":1993},"rank":2514}