{"title":"Patches","instanceSlug":"patches","tags":[],"debut":1970,"playlists":[{"title":"Songs by Solo Males","instanceSlug":"m","tags":[],"parents":[]}],"ranks":{"artist:clarence-carter":{"rank":1,"total":2},"playlist:m":{"rank":159,"total":1095},"decade:1970s":{"rank":51,"total":547},"year:1970":{"rank":2,"total":25}},"artists":[{"slug":"clarence-carter","title":"Clarence Carter","type":{"title":"Solo Male","artists":[],"artistCount":0,"score":0,"artistAdjustedAverage":0,"slug":"m"},"roleSlug":true,"death":"","tags":["blind"]}],"scores":[0.25,0.55,0.61,0.64,0.6360397915862975,0.6241591663451898,0.6043581242766771,0.5766366653807592,0.5409947896574362,0.4974324971067081,0.44594978772857496,0.3865466615230368,0.3192231184900933,0.24397915862974479,0.16081478194199123,0.06972998842683246],"ascent":[0.25,0.55,0.61,0.64],"descent-weeks":12.712500000000002,"messages":[],"score":7.155864531093341,"debutScore":0.25,"peakScore":0.64,"duration":4,"genres":[],"sources":[],"debutEra":{"slug":1970,"title":1970,"type":"year","decade":1970,"year":1970},"rank":491}