{"title":"Come In Out of the Rain","instanceSlug":"pkeB","tags":[],"parents":[],"playlists":[],"scores":[0.09349371241115365,0.2515644555694619,0.4630577907827359,0.76056338028169,1,0.8382352941176471,0.6992353440951571,0.5835312747426762,0.4880952380952382,0.40154169586545196,0.3966480446927374,0.38696255201109575,0.3726835964310227,0.3540961408259987,0.33155792276964047,0.30548302872062666,0.2763241863433312,0.24455507156191664,0.21065375302663436,0.17508813160987075,0.13830392714854864,0.10071546505228399,0.06269925611052071,0.02459016393442623,0],"artists":[{"slug":"melissa-manchester","title":"Melissa Manchester","roleSlug":true},{"slug":"carol-bayer-sager"}],"ranks":{"artist:carol-bayer-sager":{"rank":8,"total":12},"artist:melissa-manchester":{"rank":4,"total":4}},"score":8.959679426199868,"debutScore":0.09349371241115365,"peakScore":1,"duration":7,"genres":[],"source":{},"rank":857}