{"title":"A Brand New Day","instanceSlug":"Pr72","tags":[],"parents":[],"source":"the-wiz","playlists":[],"scores":[0.1,0.18425351192421,0.2768533228769631,0.31,0.30593536905485325,0.2937414762194129,0.273418321493679,0.24496590487765166,0.20838422637133072,0.1636732859747162,0.11083308368780816,0.04986361951060661],"artists":[{"slug":"luther-vandross","title":"Luther Vandross","type":{"title":"Solo Male","artists":[],"artistCount":0,"score":0,"artistAdjustedAverage":0,"slug":"m"},"roleSlug":"writer","death":2005,"tags":["1980s","1990s"]}],"ascent":[0.1,0.18425351192421,0.2768533228769631,0.31],"descent-weeks":8.733137284448276,"messages":[],"ranks":{"artist:luther-vandross":{"rank":5,"total":8},"source:the-wiz":{"rank":1,"total":1}},"score":2.5219221219912313,"debutScore":0.1,"peakScore":0.31,"duration":3,"sources":[null],"genres":[],"rank":2465}