{"title":"Baby Love","instanceSlug":"QJVQ","tags":[],"parents":[],"debut":1964,"playlists":[],"scores":[0.09902187053522364,0.24172185430463577,0.3515796587261361,0.36518771331058025,0.3576196402307952,0.3480116827679173,0.33244503664223846,0.31817432855495126,0.2999675008124797,0.2795223116703097,0.25740032482841735,0.23253903040262938,0.20530333467255926,0.17606703582104183,0.14520208045044614,0.11456833697116055,0.08952242600326854,0.0646320365523666,0.04103409386657413,0.020929045431342524,0.012658227848101267,0.00586756077116513,0],"artists":[{"slug":"supremes","title":"Supremes","roleSlug":true},{"slug":"diana-ross","title":"Diana Ross","roleSlug":"lead"}],"ranks":{"artist:diana-ross":{"rank":17,"total":24},"artist:supremes":{"rank":10,"total":11},"decade:1960s":{"rank":60,"total":105},"year:1964":{"rank":13,"total":19}},"score":4.35897513117434,"debutScore":0.09902187053522364,"peakScore":0.36518771331058025,"duration":6,"genres":[],"source":{},"debutEra":{"slug":1964,"title":1964,"type":"year","decade":1960,"year":1964},"rank":2220}