{"title":"Jurassic Park","instanceSlug":"R1MR","tags":[],"parody":true,"debut":1994,"playlists":[{"title":"Songs by Solo Males","instanceSlug":"m","tags":[],"parents":[]},{"title":"Parodies","instanceSlug":"parody","tags":[],"parents":[]}],"scores":[0.1,0.1995263597162372,0.31,0.34125675641,0.34282688513132636,0.34092254797046034,0.3352095364878622,0.32568785068353207,0.31235749055746986,0.29521845610967556,0.2742707473401492,0.24951436424889084,0.22094930683590036,0.18857557510117784,0.15239316904472325,0.11240208866653659,0.06860233396661784,0.020993904944967046],"artists":[{"slug":"weird-al-yankovic","title":"Weird Al Yankovic","type":{"title":"Solo Male","artists":[],"artistCount":0,"score":0,"artistAdjustedAverage":0,"slug":"m"},"roleSlug":true,"death":"","tags":[]}],"ascent":[0.1,0.1995263597162372,0.31,0.34125675641,0.34282688513132636],"descent-weeks":13.417311891787437,"messages":[],"ranks":{"artist:weird-al-yankovic":{"rank":9,"total":14},"playlist:m":{"rank":682,"total":1095},"playlist:parody":{"rank":8,"total":12},"decade:1990s":{"rank":596,"total":929},"year:1994":{"rank":48,"total":78}},"score":4.190707373215527,"debutScore":0.1,"peakScore":0.34282688513132636,"duration":5,"genres":[],"sources":[],"debutEra":{"slug":1994,"title":1994,"type":"year","decade":1990,"year":1994},"rank":2156}