{"title":"Jurassic Park","instanceSlug":"R1MR","tags":[],"parody":true,"debut":1994,"playlists":[{"title":"Songs by Solo Males","instanceSlug":"m","tags":[],"parents":[]},{"title":"Parodies","instanceSlug":"parody","tags":[],"parents":[]}],"scores":[0.1,0.1995263597162372,0.31,0.34125675641,0.34282688513132636,0.3322231111845776,0.3004117893443312,0.24739291961058726,0.1731665019833458,0.07773253646260676],"artists":[{"slug":"weird-al-yankovic","title":"Weird Al Yankovic","type":{"title":"Solo Male","artists":[],"artistCount":0,"score":0,"artistAdjustedAverage":0,"slug":"m"},"roleSlug":true,"death":"","tags":[]}],"ascent":[0.1,0.1995263597162372,0.31,0.34125675641,0.34282688513132636],"descent-weeks":5.686004590772592,"messages":[],"ranks":{"artist:weird-al-yankovic":{"rank":10,"total":14},"playlist:m":{"rank":799,"total":1090},"playlist:parody":{"rank":9,"total":12},"decade:1990s":{"rank":728,"total":928},"year:1994":{"rank":65,"total":78}},"score":2.424536859843012,"debutScore":0.1,"peakScore":0.34282688513132636,"duration":3,"genres":[],"sources":[],"debutEra":{"slug":1994,"title":1994,"type":"year","decade":1990,"year":1994},"rank":2565}