{"title":"Streak, The","instanceSlug":"streak","tags":[],"genre":"novelty","debut":1973,"playlists":[],"artists":[{"slug":"ray-stevens"}],"scores":[0.15,0.31,0.44,0.51,0.52,0.505,0.49,0.45999999999999996,0.4149999999999999,0.35499999999999987,0.2799999999999998,0.18999999999999972,0.08499999999999963,0],"ascent":[0.15,0.31,0.44,0.51,0.52],"descent-weeks":2.7658653846153824,"ascent-weeks":5.5673076923076925,"peak":0.52,"messages":[],"ranks":{"artist:ray-stevens":{"rank":1,"total":1},"genre:novelty":{"rank":1,"total":4},"decade:1970s":{"rank":199,"total":559},"year:1973":{"rank":11,"total":37}},"unscored":false,"score":2.8888333333333325,"duration":2,"genres":[{"instanceSlug":"novelty","title":"Novelty","parents":[]}],"sources":[],"debutEra":{"slug":1973,"title":1973,"type":"year","decade":1970,"year":1973},"rank":1375}