{"title":"Streak, The","instanceSlug":"streak","tags":[],"genre":"novelty","debut":1973,"playlists":[],"artists":[{"slug":"ray-stevens"}],"scores":[0.15,0.31,0.44,0.51,0.52,0.5142614835220896,0.4970459340883583,0.4683533516988062,0.42818373635343326,0.37653708805223945,0.3134134067952248,0.23881269258238932,0.15273494541373295,0.055180165289255755],"ascent":[0.15,0.31,0.44,0.51,0.52],"descent-weeks":9.519230769230765,"messages":[],"ranks":{"artist:ray-stevens":{"rank":1,"total":1},"genre:novelty":{"rank":1,"total":4},"decade:1970s":{"rank":238,"total":548},"year:1973":{"rank":19,"total":35}},"score":4.974522803795529,"debutScore":0.15,"peakScore":0.52,"duration":4,"genres":[{"instanceSlug":"novelty","title":"Novelty","parents":[]}],"sources":[],"debutEra":{"slug":1973,"title":1973,"type":"year","decade":1970,"year":1973},"rank":1464}