{"title":"Sukiyaki","instanceSlug":"sukiyaki","debut":1963,"tags":[],"genres":[{"instanceSlug":"pop","title":"Pop","parents":[]}],"playlists":[],"scores":[0.05972412120269281,0.19996477987202577,0.3002298069775682,0.3413055699610899,0.34274116044247066,0.33064954171068767,0.3157907128161064,0.30275444393968926,0.2885357424612384,0.27205796412119926,0.25370857841334027,0.23301435613439003,0.21054901169655377,0.18653084311527338,0.16146425678525356,0.13602560234786298,0.11097138493184101,0.08701963245106986,0.06468823709341591,0.04455092878128094,0.027880727448834606,0.015369282603097075,0.007286105946845047,0.00310735853679459,0.0011583486336868166,0.00040979665621561964,0.00019386060639849724,0.00012287551165838213,0.000059110474880195613,0.000030185028477346847,0.00001754185035025378,0.000004108843583780103,0],"artists":[{"slug":"kyu-sakamoto"},{"slug":"hachidai-nakamura"},{"slug":"rokusuke-ei"}],"ranks":{"artist:kyu-sakamoto":{"rank":1,"total":3},"artist:hachidai-nakamura":{"rank":4,"total":4},"artist:rokusuke-ei":{"rank":4,"total":4},"genre:pop":{"rank":1107,"total":1411},"decade:1960s":{"rank":71,"total":106},"year:1963":{"rank":3,"total":3}},"score":4.297915977395872,"debutScore":0.05972412120269281,"peakScore":0.34274116044247066,"duration":9,"source":{},"debutEra":{"slug":1963,"title":1963,"type":"year","decade":1960,"year":1963},"messages":[],"rank":2624}