{"title":"Weird Science","instanceSlug":"weird-science","tags":[],"debut":1985,"playlists":[{"title":"Songs by Groups","instanceSlug":"group","tags":[],"parents":[]}],"artists":[{"slug":"oingo-boingo","title":"Oingo Boingo","type":{"title":"All-Male Group","artists":[],"artistCount":0,"score":0,"artistAdjustedAverage":0,"slug":"mmm"},"roleSlug":true,"death":"","tags":[]}],"scores":[0.2,0.45,0.464,0.471,0.46406651373955166,0.4432660549582068,0.40859862365596533,0.3600642198328273,0.2976628434887927,0.22139449462386146,0.13125917323803366,0.02725687933130932],"ascent":[0.2,0.45,0.464,0.471],"descent-weeks":8.24203821656051,"messages":[],"ranks":{"artist:oingo-boingo":{"rank":1,"total":2},"playlist:group":{"rank":424,"total":1410},"decade:1980s":{"rank":447,"total":1579},"year:1985":{"rank":49,"total":168}},"score":3.938568802868549,"debutScore":0.2,"peakScore":0.471,"duration":3,"genres":[],"sources":[],"debutEra":{"slug":1985,"title":1985,"type":"year","decade":1980,"year":1985},"rank":1052}