{"title":"Weird Science","instanceSlug":"weird-science","tags":[],"debut":1985,"playlists":[{"title":"Songs by Groups","instanceSlug":"group","tags":[],"parents":[]}],"artists":[{"slug":"oingo-boingo","title":"Oingo Boingo","type":{"title":"All-Male Group","artists":[],"artistCount":0,"score":0,"artistAdjustedAverage":0,"slug":"mmm"},"roleSlug":true,"death":"","tags":[]}],"scores":[0.2,0.45,0.464,0.471,0.46671750621020264,0.4538700248408106,0.432457555891824,0.4024800993632427,0.36393765525506666,0.31683022356729607,0.26115780429993074,0.1969203974529708,0.12411800302641615,0.04275062102026688],"ascent":[0.2,0.45,0.464,0.471],"descent-weeks":10.487261146496815,"messages":[{"type":"warning","title":"Genre Not Set"}],"ranks":{"artist:oingo-boingo":{"rank":2,"total":2},"playlist:group":{"rank":689,"total":1417},"decade:1980s":{"rank":790,"total":1588},"year:1985":{"rank":78,"total":171}},"score":4.646239890928026,"debutScore":0.2,"peakScore":0.471,"duration":4,"genres":[],"sources":[],"debutEra":{"slug":1985,"title":1985,"type":"year","decade":1980,"year":1985},"rank":1759}