{"title":"Lady Marmalade","instanceSlug":"XOny","tags":[],"debut":1975,"playlists":[{"title":"PPH","instanceSlug":"pph","tags":[],"parents":[]},{"title":"Songs by Solo Females","instanceSlug":"f","tags":[],"parents":[]}],"scores":[0.059843073428611775,0.19997852539503952,0.29994958175078973,0.3409532498176022,0.3424310574743421,0.33041384367005233,0.31558704917261055,0.3025547802346368,0.28836217200287956,0.27190600246634755,0.2535782797299624,0.2329049092046584,0.21045238781342965,0.1864442905889448,0.16138293547344731,0.1359500266361367,0.1108940943227312,0.08694386253676738,0.06460887822466235,0.04447089769745003,0.02780742669372259,0.0153081680770085,0.007250421648989656,0.0030974331427980136,0.0011550539074817318,0.00040863218868406135,0.00019331076906361466,0.0001225274982807852,0.000058942916101485374,0.000030099312442929443,0.000017492037317636728,0.000004097175914562999,0],"artists":[{"slug":"patti-labelle","title":"Patti LaBelle","type":{"title":"Solo Female","artists":[],"artistCount":0,"score":0,"artistAdjustedAverage":0,"slug":"f"},"roleSlug":true,"death":"","tags":[]},{"slug":"bob-crewe"},{"slug":"kenny-nolan"}],"ranks":{"artist:patti-labelle":{"rank":3,"total":4},"artist:bob-crewe":{"rank":1,"total":2},"artist:kenny-nolan":{"rank":1,"total":2},"playlist:f":{"rank":475,"total":554},"playlist:pph":{"rank":45,"total":48},"decade:1970s":{"rank":438,"total":526},"year:1975":{"rank":44,"total":47}},"score":4.295063503008907,"debutScore":0.059843073428611775,"peakScore":0.3424310574743421,"duration":9,"genres":[],"source":{},"debutEra":{"slug":1975,"title":1975,"type":"year","decade":1970,"year":1975},"messages":[],"rank":2649}