{"title":"You Make Me Feel Like Dancing","instanceSlug":"xv7r","tags":["#1","#1-hot-100"],"parents":["falsetto"],"genre":"pop","debut":1977,"playlists":[{"title":"Songs by Solo Males","instanceSlug":"m","tags":[],"parents":[]}],"scores":[0.078,0.433,0.593,0.623,0.643,0.6352437232241027,0.6119748928964109,0.5731935090169246,0.5188995715856436,0.44909308060256814,0.36377403606769815,0.26294243798103356,0.14659828634257438,0.014741581152320738],"artists":[{"slug":"leo-sayer","title":"Leo Sayer","type":{"title":"Solo Male","artists":[],"artistCount":0,"score":0,"artistAdjustedAverage":0,"slug":"m"},"roleSlug":true,"death":"","tags":[]}],"ascent":[0.078,0.433,0.593,0.623,0.643],"descent-weeks":9.104976671850697,"messages":[],"ranks":{"artist:leo-sayer":{"rank":5,"total":6},"genre:pop":{"rank":455,"total":1431},"playlist:m":{"rank":329,"total":1095},"decade:1970s":{"rank":148,"total":548},"year:1977":{"rank":15,"total":64}},"score":5.946461118869277,"debutScore":0.078,"peakScore":0.643,"duration":4,"genres":[{"instanceSlug":"pop","title":"Pop","parents":[]}],"sources":[],"debutEra":{"slug":1977,"title":1977,"type":"year","decade":1970,"year":1977},"rank":997}