{"title":"Photograph","instanceSlug":"Xze1","tags":[],"parents":[],"debut":2015,"playlists":[],"scores":[0.08313024641213106,0.14041339985744833,0.21120363361090083,0.20985823346775173,0.2058220330383045,0.19909503232255912,0.1896772313205156,0.17756863003217385,0.162769228457534,0.14527902659659597,0.12509802444935977,0.10222622201582542,0.07666361929599291,0.048410216289862286,0.01746601299743345],"artists":[{"slug":"ed-sheeran","title":"Ed Sheeran","roleSlug":true,"death":"","tags":[]}],"ascent":[0.08313024641213106,0.14041339985744833,0.21120363361090083],"descent-weeks":12.529246627937194,"messages":[],"ranks":{"artist:ed-sheeran":{"rank":2,"total":3},"decade:2010s":{"rank":84,"total":111},"year:2015":{"rank":27,"total":46}},"score":2.094680790164389,"debutScore":0.08313024641213106,"peakScore":0.21120363361090083,"duration":4,"genres":[],"sources":[],"debutEra":{"slug":2015,"title":2015,"type":"year","decade":2010,"year":2015},"rank":2815}