{"title":"Happy Birthday","instanceSlug":"ZaQZ","tags":[],"parents":[],"playlists":[],"scores":[0.06501518874898089,0.1870457450541049,0.2846446019716523,0.31903268973240023,0.2976918657699976,0.28389437771602627,0.2764460096103849,0.2657945702059208,0.2524642747146194,0.23607916424861747,0.21657511174568278,0.19541154088013954,0.17202488227428636,0.14830377419426496,0.12574693811909807,0.1032776814750866,0.08238792171049504,0.06389827950338749,0.04725803845868134,0.033761597448824066,0.02186673154709407,0.01300144136638619,0.004856557474081704,0.0002187978620323196,0],"artists":[{"slug":"stevie-wonder","title":"Stevie Wonder","roleSlug":true}],"ranks":{"artist:stevie-wonder":{"rank":23,"total":36}},"score":3.696697781832245,"debutScore":0.06501518874898089,"peakScore":0.31903268973240023,"duration":7,"genres":[],"source":{},"rank":2786}