{"instanceSlug":"hip-hop","title":"Hip Hop","parents":["urban"],"artists":[null],"songs":[{"title":"Do You Want Me","instanceSlug":1145,"tags":["do","me","want","you"],"parents":[],"genre":"hip-hop","debut":1991,"playlists":[],"ranks":{"artist:salt-n-pepa":{"rank":1,"total":2},"genre:hip-hop":{"rank":1,"total":13},"decade:1990s":{"rank":113,"total":870},"year:1991":{"rank":21,"total":143}},"artists":[{"slug":"salt-n-pepa","title":"Salt N Pepa","roleSlug":true}],"scores":[0.145,0.582,0.864,0.827,0.822,0.812,0.797,0.777,0.752,0.722,0.687,0.647,0.602,0.552,0.497,0.437,0.372,0.302,0.227,0.147,0.062,0],"score":11.631999999999998,"debutScore":0.145,"peakScore":0.864,"duration":6,"genres":[{"instanceSlug":"hip-hop","title":"Hip Hop","parents":["urban"]}],"source":{},"debutEra":{"slug":1991,"title":1991,"type":"year","decade":1990,"year":1991},"rank":1},{"title":"Never Gonna Get It","instanceSlug":1706,"tags":[],"parents":[],"genre":"hip-hop","debut":"1992-06","playlists":[],"ranks":{"artist:en-vogue":{"rank":4,"total":7},"genre:hip-hop":{"rank":3,"total":13},"decade:1990s":{"rank":157,"total":870},"year:1992":{"rank":18,"total":139}},"artists":[{"slug":"en-vogue","title":"En Vogue","roleSlug":true}],"scores":[0.15266666666666664,0.46433333333333343,0.7033333333333333,0.79,0.7533333333333333,0.6843333333333333,0.6606666666666666,0.6523333333333333,0.639,0.6206666666666667,0.5973333333333333,0.569,0.5356666666666666,0.49733333333333335,0.454,0.4056666666666666,0.35233333333333333,0.29400000000000004,0.2306666666666667,0.16233333333333336,0.09166666666666667,0.06266666666666666,0.036,0.007666666666666666,0],"score":10.417000000000002,"debutScore":0.15266666666666664,"peakScore":0.79,"duration":7,"genres":[{"instanceSlug":"hip-hop","title":"Hip Hop","parents":["urban"]}],"source":{},"debutEra":{"slug":"1992-06","title":"June 1992","type":"month","decade":1990,"year":1992,"month":6},"rank":2},{"title":"Runaway Love","instanceSlug":1200,"tags":["love","runaway"],"parents":[],"genre":"hip-hop","debut":"1993-10","playlists":[],"ranks":{"artist:en-vogue":{"rank":3,"total":7},"genre:hip-hop":{"rank":2,"total":13},"decade:1990s":{"rank":156,"total":870},"year:1993":{"rank":20,"total":109}},"artists":[{"slug":"en-vogue","title":"En Vogue","roleSlug":true}],"scores":[0.15266666666666664,0.46433333333333343,0.7033333333333333,0.79,0.7533333333333333,0.6843333333333333,0.6606666666666666,0.6523333333333333,0.639,0.6206666666666667,0.5973333333333333,0.569,0.5356666666666666,0.49733333333333335,0.454,0.4056666666666666,0.35233333333333333,0.29400000000000004,0.2306666666666667,0.16233333333333336,0.09166666666666667,0.06266666666666666,0.036,0.007666666666666666,0],"score":10.417000000000002,"debutScore":0.15266666666666664,"peakScore":0.79,"duration":7,"genres":[{"instanceSlug":"hip-hop","title":"Hip Hop","parents":["urban"]}],"source":{},"debutEra":{"slug":"1993-10","title":"October 1993","type":"month","decade":1990,"year":1993,"month":10},"rank":3},{"title":"Lean On Me","instanceSlug":2019,"tags":[],"parents":[],"genre":"hip-hop","debut":"1987-03","playlists":[],"ranks":{"artist:club-nouveau":{"rank":1,"total":1},"genre:hip-hop":{"rank":4,"total":13},"decade:1980s":{"rank":251,"total":1498},"year:1987":{"rank":47,"total":184}},"artists":[{"slug":"club-nouveau","title":"Club Nouveau","roleSlug":true}],"scores":[0.12,0.463,0.645,0.752,0.722,0.682,0.633,0.628,0.618,0.603,0.583,0.558,0.528,0.493,0.453,0.408,0.358,0.303,0.243,0.178,0.108,0.033,0],"score":10.112000000000002,"debutScore":0.12,"peakScore":0.752,"duration":6,"genres":[{"instanceSlug":"hip-hop","title":"Hip Hop","parents":["urban"]}],"source":{},"debutEra":{"slug":"1987-03","title":"March 1987","type":"month","decade":1980,"year":1987,"month":3},"rank":4},{"title":"This Is How We Do It","instanceSlug":296,"tags":["#1","do-it","this-is"],"parents":[],"genre":"hip-hop","debut":"1995-03","playlists":[],"ranks":{"artist:montell-jordan":{"rank":1,"total":1},"genre:hip-hop":{"rank":5,"total":13},"decade:1990s":{"rank":290,"total":870},"year:1995":{"rank":30,"total":84}},"artists":[{"slug":"montell-jordan","title":"Montell Jordan","roleSlug":true}],"scores":[0.075,0.235,0.463,0.546,0.602,0.582,0.563,0.546,0.513,0.508,0.498,0.483,0.463,0.438,0.408,0.373,0.333,0.288,0.238,0.183,0.123,0.058,0],"score":8.519,"debutScore":0.075,"peakScore":0.602,"duration":6,"genres":[{"instanceSlug":"hip-hop","title":"Hip Hop","parents":["urban"]}],"source":{},"debutEra":{"slug":"1995-03","title":"March 1995","type":"month","decade":1990,"year":1995,"month":3},"rank":5},{"title":"Downtown","instanceSlug":1179,"tags":[],"parents":[],"genre":"hip-hop","debut":"1993-11","playlists":[],"ranks":{"artist:swv":{"rank":2,"total":3},"genre:hip-hop":{"rank":6,"total":13},"decade:1990s":{"rank":384,"total":870},"year:1993":{"rank":45,"total":109}},"artists":[{"slug":"swv","title":"SWV","roleSlug":true}],"scores":[0.097,0.284,0.47,0.625,0.6065,0.5489999999999999,0.5415,0.529,0.5115,0.489,0.4615,0.429,0.39149999999999996,0.349,0.3015,0.249,0.1915,0.129,0.0785,0.0435,0.006,0],"score":7.3325,"debutScore":0.097,"peakScore":0.625,"duration":6,"genres":[{"instanceSlug":"hip-hop","title":"Hip Hop","parents":["urban"]}],"source":{},"debutEra":{"slug":"1993-11","title":"November 1993","type":"month","decade":1990,"year":1993,"month":11},"rank":6},{"title":"Ain't Too Proud to Beg","instanceSlug":1077,"tags":[],"parents":[],"genre":"hip-hop","debut":"1992-04","playlists":[],"ranks":{"artist:tlc":{"rank":6,"total":9},"genre:hip-hop":{"rank":7,"total":13},"decade:1990s":{"rank":418,"total":870},"year:1992":{"rank":62,"total":139}},"artists":[{"slug":"tlc","title":"TLC","roleSlug":true}],"scores":[0.091625,0.30100000000000005,0.426,0.51225,0.5227499999999999,0.50275,0.48249999999999993,0.4725,0.45549999999999996,0.43862500000000004,0.41675,0.393875,0.367,0.33575,0.300125,0.260125,0.21575,0.16837499999999997,0.124,0.083375,0.040125,0.016625,0.004875,0],"score":6.932250000000001,"debutScore":0.091625,"peakScore":0.5227499999999999,"duration":6,"genres":[{"instanceSlug":"hip-hop","title":"Hip Hop","parents":["urban"]}],"source":{},"debutEra":{"slug":"1992-04","title":"April 1992","type":"month","decade":1990,"year":1992,"month":4},"rank":7},{"title":"Killing Me Softly","instanceSlug":1959,"tags":[],"parents":[],"genre":"hip-hop","debut":"1996-04","playlists":[{"instanceSlug":"remake","title":"Remakes"},{"instanceSlug":"summer","title":"Songs of Summer"}],"ranks":{"artist:fugees":{"rank":1,"total":1},"genre:hip-hop":{"rank":8,"total":13},"playlist:summer":{"rank":157,"total":213},"playlist:remake":{"rank":32,"total":51},"decade:1990s":{"rank":522,"total":870},"year:1996":{"rank":37,"total":62}},"artists":[{"slug":"fugees","title":"Fugees","roleSlug":true}],"scores":[0.018,0.232,0.351,0.431,0.498,0.45,0.445,0.435,0.42,0.4,0.375,0.345,0.31,0.27,0.225,0.175,0.12,0.06,0],"score":5.559999999999998,"debutScore":0.018,"peakScore":0.498,"duration":5,"genres":[{"instanceSlug":"hip-hop","title":"Hip Hop","parents":["urban"]}],"source":{},"debutEra":{"slug":"1996-04","title":"April 1996","type":"month","decade":1990,"year":1996,"month":4},"rank":8},{"title":"Motownphilly","instanceSlug":163,"tags":["detroit","philadelphia"],"playlists":[{"instanceSlug":"summer","title":"Songs of Summer"}],"genre":"hip-hop","debut":"1991-07","ranks":{"artist:boyz-ii-men":{"rank":11,"total":12},"artist:michael-bivins":{"rank":8,"total":8},"genre:hip-hop":{"rank":9,"total":13},"playlist:summer":{"rank":166,"total":213},"decade:1990s":{"rank":559,"total":870},"year:1991":{"rank":97,"total":143}},"artists":[{"slug":"boyz-ii-men","title":"Boyz II Men","roleSlug":true},{"slug":"michael-bivins","title":"Michael Bivins","roleSlug":"backup"}],"scores":[0.065,0.249,0.437,0.506,0.431,0.426,0.416,0.401,0.381,0.356,0.326,0.291,0.251,0.206,0.156,0.101,0.041,0],"score":5.040000000000001,"debutScore":0.065,"peakScore":0.506,"duration":5,"genres":[{"instanceSlug":"hip-hop","title":"Hip Hop",