{"instanceSlug":"jazz-rock","title":"Jazz Rock","parents":["rock"],"artists":[null],"songs":[{"title":"If She Would Have Been Faithful","instanceSlug":702,"tags":[],"genre":"jazz-rock","debut":"1987-05","playlists":[],"artists":[{"slug":"chicago","title":"Chicago","roleSlug":true}],"scores":[0.077,0.463,0.633,0.668,0.633,0.622,0.617,0.607,0.592,0.572,0.547,0.517,0.482,0.442,0.397,0.347,0.292,0.232,0.167,0.097,0.022,0],"ranks":{"artist:chicago":{"rank":1,"total":23},"genre:jazz-rock":{"rank":1,"total":11},"decade:1980s":{"rank":352,"total":1498},"year:1987":{"rank":62,"total":184}},"score":9.026,"debutScore":0.077,"peakScore":0.668,"duration":6,"genres":[{"instanceSlug":"jazz-rock","title":"Jazz Rock","parents":["rock"]}],"source":{},"debutEra":{"slug":"1987-05","title":"May 1987","type":"month","decade":1980,"year":1987,"month":5},"rank":1},{"title":"25 or 6 to 4","instanceSlug":1991,"tags":[],"parents":[],"genre":"jazz-rock","debut":1970,"playlists":[],"ranks":{"artist:chicago":{"rank":7,"total":23},"genre:jazz-rock":{"rank":6,"total":11},"decade:1970s":{"rank":349,"total":491},"year:1970":{"rank":12,"total":21}},"artists":[{"slug":"chicago","title":"Chicago","roleSlug":true}],"scores":[0.03699999999999999,0.15257142857142858,0.24242857142857144,0.25971428571428573,0.26685714285714285,0.2744285714285714,0.2675714285714286,0.2547142857142857,0.2411428571428571,0.22128571428571428,0.20228571428571426,0.18,0.16685714285714287,0.154,0.1382857142857143,0.1197142857142857,0.09828571428571428,0.074,0.05085714285714286,0.03371428571428572,0.01657142857142857,0.006285714285714285,0],"score":3.458571428571428,"debutScore":0.03699999999999999,"peakScore":0.2744285714285714,"duration":6,"genres":[{"instanceSlug":"jazz-rock","title":"Jazz Rock","parents":["rock"]}],"source":{},"debutEra":{"slug":1970,"title":1970,"type":"year","decade":1970,"year":1970},"rank":2},{"title":"Does Anybody Really Know What Time It Is?","instanceSlug":1992,"tags":[],"parents":[],"genre":"jazz-rock","debut":1970,"playlists":[],"ranks":{"artist:chicago":{"rank":8,"total":23},"genre:jazz-rock":{"rank":3,"total":11},"decade:1970s":{"rank":340,"total":491},"year:1970":{"rank":13,"total":21}},"artists":[{"slug":"chicago","title":"Chicago","roleSlug":true}],"scores":[0.03699999999999999,0.15257142857142858,0.24242857142857144,0.25971428571428573,0.26685714285714285,0.2744285714285714,0.2675714285714286,0.2547142857142857,0.2411428571428571,0.22128571428571428,0.20228571428571426,0.18,0.16685714285714287,0.154,0.1382857142857143,0.1197142857142857,0.09828571428571428,0.074,0.05085714285714286,0.03371428571428572,0.01657142857142857,0.006285714285714285,0],"score":3.458571428571428,"debutScore":0.03699999999999999,"peakScore":0.2744285714285714,"duration":6,"genres":[{"instanceSlug":"jazz-rock","title":"Jazz Rock","parents":["rock"]}],"source":{},"debutEra":{"slug":1970,"title":1970,"type":"year","decade":1970,"year":1970},"rank":3},{"title":"Saturday in the Park","instanceSlug":1993,"tags":[],"parents":[],"genre":"jazz-rock","debut":1972,"playlists":[],"ranks":{"artist:chicago":{"rank":9,"total":23},"genre:jazz-rock":{"rank":4,"total":11},"decade:1970s":{"rank":347,"total":491},"year:1972":{"rank":23,"total":28}},"artists":[{"slug":"chicago","title":"Chicago","roleSlug":true}],"scores":[0.03699999999999999,0.15257142857142858,0.24242857142857144,0.25971428571428573,0.26685714285714285,0.2744285714285714,0.2675714285714286,0.2547142857142857,0.2411428571428571,0.22128571428571428,0.20228571428571426,0.18,0.16685714285714287,0.154,0.1382857142857143,0.1197142857142857,0.09828571428571428,0.074,0.05085714285714286,0.03371428571428572,0.01657142857142857,0.006285714285714285,0],"score":3.458571428571428,"debutScore":0.03699999999999999,"peakScore":0.2744285714285714,"duration":6,"genres":[{"instanceSlug":"jazz-rock","title":"Jazz Rock","parents":["rock"]}],"source":{},"debutEra":{"slug":1972,"title":1972,"type":"year","decade":1970,"year":1972},"rank":4},{"title":"Feelin' Stronger Every Day","instanceSlug":1994,"tags":[],"parents":[],"genre":"jazz-rock","debut":1973,"playlists":[],"ranks":{"artist:chicago":{"rank":10,"total":23},"genre:jazz-rock":{"rank":5,"total":11},"decade:1970s":{"rank":341,"total":491},"year:1973":{"rank":27,"total":33}},"artists":[{"slug":"chicago","title":"Chicago","roleSlug":true}],"scores":[0.03699999999999999,0.15257142857142858,0.24242857142857144,0.25971428571428573,0.26685714285714285,0.2744285714285714,0.2675714285714286,0.2547142857142857,0.2411428571428571,0.22128571428571428,0.20228571428571426,0.18,0.16685714285714287,0.154,0.1382857142857143,0.1197142857142857,0.09828571428571428,0.074,0.05085714285714286,0.03371428571428572,0.01657142857142857,0.006285714285714285,0],"score":3.458571428571428,"debutScore":0.03699999999999999,"peakScore":0.2744285714285714,"duration":6,"genres":[{"instanceSlug":"jazz-rock","title":"Jazz Rock","parents":["rock"]}],"source":{},"debutEra":{"slug":1973,"title":1973,"type":"year","decade":1970,"year":1973},"rank":5},{"title":"Make Me Smile","instanceSlug":1990,"tags":[],"parents":[],"genre":"jazz-rock","debut":1970,"playlists":[],"ranks":{"artist:chicago":{"rank":6,"total":23},"genre:jazz-rock":{"rank":2,"total":11},"decade:1970s":{"rank":348,"total":491},"year:1970":{"rank":11,"total":21}},"artists":[{"slug":"chicago","title":"Chicago","roleSlug":true}],"scores":[0.03699999999999999,0.15257142857142858,0.24242857142857144,0.25971428571428573,0.26685714285714285,0.2744285714285714,0.2675714285714286,0.2547142857142857,0.2411428571428571,0.22128571428571428,0.20228571428571426,0.18,0.16685714285714287,0.154,0.1382857142857143,0.1197142857142857,0.09828571428571428,0.074,0.05085714285714286,0.03371428571428572,0.01657142857142857,0.006285714285714285,0],"score":3.458571428571428,"debutScore":0.03699999999999999,"peakScore":0.2744285714285714,"duration":6,"genres":[{"instanceSlug":"jazz-rock","title":"Jazz Rock","parents":["rock"]}],"source":{},"debutEra":{"slug":1970,"title":1970,"type":"year","decade":1970,"year":1970},"rank":6},{"title":"Old Days","instanceSlug":1996,"tags":[],"parents":[],"genre":"jazz-rock","debut":1975,"playlists":[],"ranks":{"artist:chicago":{"rank":18,"total":23},"genre:jazz-rock":{"rank":7,"total":11},"decade:1970s":{"rank":343,"total":491},"year:1975":{"rank":36,"total":41}},"artists":[{"slug":"chicago","title":"Chicago","roleSlug":true}],"scores":[0.03699999999999999,0.15257142857142858,0.24242857142857144,0.25971428571428573,0.26685714285714285,0.2744285714285714,0.2675714285714286,0.2547142857142857,0.2411428571428571,0.22128571428571428,0.20228571428571426,0.18,0.16685714285714287,0.154,0.1382857142857143,0.1197142857142857,0.09828571428571428,0.074,0.05085714285714286,0.03371428571428572,0.01657142857142857,0.006285714285714285,0],"score":3.458571428571428,"debutScore":0.03699999999999999,"peakScore":0.2744285714285714,"duration":6,"genres":[{"instanceSlug":"jazz-rock","title":"Jazz Rock","parents":["rock"]}],"source":{},"debutEra":{"slug":1975,"title":1975,"type":"year","decade":1970,"year":1975},"rank":7},{"title":"Wishing You Were Here","instanceSlug":1997,"tags":[],"parents":[],"genre":"jazz-rock","debut":1974,"playlists":[],"ranks":{"artist:chicago":{"rank":13,"total":23},"genre:jazz-rock":{"rank":8,"total":11},"decade:1970s":{"rank":344,"total":491},"year:1974":{"rank":26,"total":38}},"artists":[{"slug":"chicago","title":"Chicago","roleSlug":true}],"scores":[0.03699999999999999,0.15257142857142858,0.24242857142857144,0.25971428571428573,0.26685714285714285,0.2744285714285714,0.2675714285714286,0.2547142857142857,0.2411428571428571,0.22128571428571428,0.20228571428571426,0.18,0.16685714285714287,0.154,0.1382857142857143,0.1197142857142857,0.09828571428571428,0.074,0.05085714285714286,0.03371428571428572,0.01657142857142857,0.006285714285714285,0],"score":3.458571428571428,"debutScore":0.03699999999999999,"peakScore":0.2744285714285714,"duration":6,"genres":[{"instanceSlug":"jazz-rock",