{"title":"10,000 Maniacs","instanceSlug":"10-000-maniacs","tags":[],"parents":[],"genres":[{"instanceSlug":"rock","title":"Rock","parents":[]}],"type":{"title":"Mixed Group, Female Lead","artists":[],"artistCount":0,"score":0,"artistAdjustedAverage":0,"slug":"fmm"},"origin":{"title":"United States","instanceSlug":"us","tags":[],"parents":[]},"birth":"","death":"","complete":false,"songs":[{"title":"More Than This","instanceSlug":"3099","tags":[],"parents":[],"genre":null,"debut":"1997-08","playlists":[],"ranks":{},"scores":[0.1,0.21,0.312951,0.35561236147633757,0.357477963561,0.3446276515977258,0.3289181,0.31523776166182677,0.31,0.3038,0.2914,0.2728,0.248,0.217,0.17980000000000002,0.13640000000000002,0.08680000000000003,0.03100000000000004,0],"ascent":[0.1,0.21,0.312951,0.35561236147633757,0.357477963561],"descent-weeks":14.364220283901819,"ascent-weeks":5.606113360366711,"peak":0.357477963561,"messages":[],"unscored":false,"score":4.759302801857891,"duration":5,"role":true,"scoreFactor":1,"totalScore":4.759302801857891,"rank":1},{"title":"Because the Night","instanceSlug":1598,"tags":[],"parents":[],"genre":"adult-contemporary","debut":"1993-12","playlists":[],"ranks":{},"scores":[0.1,0.21,0.312951,0.35561236147633757,0.357477963561,0.3446276515977258,0.3289181,0.31523776166182677,0.31,0.28331,0.2643212411,0.2428924261,0.22,0.1971075739,0.1513227217,0.08264544339999999,0],"ascent":[0.1,0.21,0.312951,0.35561236147633757,0.357477963561],"descent-weeks":12.998818943249075,"ascent-weeks":5.606113360366711,"peak":0.357477963561,"messages":[],"unscored":false,"score":4.43390220805789,"duration":5,"genres":["adult-contemporary"],"role":true,"scoreFactor":1,"totalScore":4.43390220805789,"rank":2}],"score":9.193205009915781,"songCount":2,"songAdjustedAverage":6.500577603349591,"rank":592,"ranks":{"genre:rock":{"rank":73,"total":98},"origin:us":{"rank":63,"total":154}}}