{"title":"A Taste of Honey","instanceSlug":"a-taste-of-honey","tags":[],"parents":[],"genres":[],"members":[],"origin":"","birth":"","death":"","complete":false,"type":{"title":"All-Female Group","artists":[],"artistCount":0,"score":0,"artistAdjustedAverage":0,"slug":"fff"},"songs":[{"title":"Boogie Oogie Oogie","instanceSlug":536,"tags":[],"genres":["disco"],"debut":"1978-08","playlists":[],"scores":[0.2,0.4,0.513,0.554,0.58,0.6,0.5924251988385305,0.569700795354122,0.5318267895467743,0.4788031814164877,0.4106299709632622,0.3273071581870975,0.22883474308799379,0.11521272566595103],"ascent":[0.2,0.4,0.513,0.554,0.58,0.6],"descent-weeks":8.899999999999999,"messages":[],"ranks":{},"score":6.101740563060218,"debutScore":0.2,"peakScore":0.6,"duration":4,"role":true,"scoreFactor":1,"rank":1},{"title":"Sukiyaki","instanceSlug":"sukiyaki-th","tags":[],"remake":"sukiyaki","debut":1980,"playlists":[],"scores":[0.05972412120269281,0.19996477987202577,0.3002298069775682,0.3413055699610899,0.34274116044247066,0.3411814471136183,0.33650230712706136,0.32870374048279977,0.3177857471808334,0.3037483272211625,0.2865914806037869,0.2663152073287067,0.24291950739592183,0.21640438080543228,0.1867698275572381,0.15401584765133922,0.11814244108773579,0.07914960786642762,0.03703734798741484],"ascent":[0.05972412120269281,0.19996477987202577,0.3002298069775682,0.3413055699610899,0.34274116044247066],"descent-weeks":14.823840711215814,"messages":[],"ranks":{},"score":4.459232655865326,"debutScore":0.05972412120269281,"peakScore":0.34274116044247066,"duration":5,"role":true,"scoreFactor":1,"rank":2}],"score":10.560973218925543,"songCount":2,"songAdjustedAverage":7.467735779031772,"rank":444}