{"title":"A Taste of Honey","instanceSlug":"a-taste-of-honey","tags":[],"parents":[],"genres":[],"members":[],"origin":"","birth":"","death":"","complete":false,"type":{"title":"All-Female Group","artists":[],"artistCount":0,"score":0,"artistAdjustedAverage":0,"slug":"fff"},"songs":[{"title":"Boogie Oogie Oogie","instanceSlug":536,"tags":[],"genres":["disco"],"debut":"1978-08","playlists":[],"scores":[0.2,0.4,0.513,0.554,0.58,0.6,0.58,0.5599999999999999,0.5199999999999999,0.45999999999999985,0.3799999999999998,0.2799999999999997,0.1599999999999996,0.019999999999999463,0],"ascent":[0.2,0.4,0.513,0.554,0.58,0.6],"descent-weeks":8.899999999999999,"ascent-weeks":7.117500000000001,"peak":0.6,"messages":[],"ranks":{},"unscored":false,"score":6.406999999999999,"duration":4,"role":true,"scoreFactor":1,"totalScore":6.406999999999999,"rank":1},{"title":"Sukiyaki","instanceSlug":"sukiyaki-th","tags":[],"remake":"sukiyaki","debut":1980,"playlists":[],"scores":[0.05972412120269281,0.19996477987202577,0.3002298069775682,0.3413055699610899,0.34274116044247066,0.33064954171068767,0.3157907128161064,0.30275444393968926,0.2885357424612384,0.27205796412119926,0.25370857841334027,0.23301435613439003,0.21054901169655377,0.18653084311527338,0.16146425678525356,0.13602560234786298,0.11097138493184101,0.08701963245106986,0.06468823709341591,0.04455092878128094,0.027880727448834606,0.015369282603097075,0.002857837757359545,0],"ascent":[0.05972412120269281,0.19996477987202577,0.3002298069775682,0.3413055699610899,0.34274116044247066],"descent-weeks":14.823840711215814,"ascent-weeks":5.444190465116231,"peak":0.34274116044247066,"messages":[],"ranks":{},"unscored":false,"score":4.631125683506812,"duration":5,"role":true,"scoreFactor":1,"totalScore":4.631125683506812,"rank":2}],"score":11.038125683506811,"songCount":2,"songAdjustedAverage":7.80513352239706,"rank":456}