{"title":"Aaron Neville","instanceSlug":"aaron-neville","tags":[],"parents":[],"genres":[{"instanceSlug":"urban","title":"Urban / R&B","parents":[]}],"type":{"title":"Solo Male","artists":[],"artistCount":0,"score":0,"artistAdjustedAverage":0,"slug":"m"},"origin":{"title":"New Orleans","instanceSlug":"new-orleans","tags":[],"parents":["louisiana"]},"birth":1941,"death":"","complete":true,"songs":[{"title":"All My Life","instanceSlug":1939,"tags":["#1","#1-adult-contemporary"],"parents":[],"genre":"pop","debut":"1990-03","playlists":["ballad"],"ranks":{},"scores":[0.097,0.267,0.402,0.498,0.573,0.633,0.592,0.5509999999999999,0.46899999999999986,0.34599999999999975,0.1819999999999996,0],"ascent":[0.097,0.267,0.402,0.498,0.573,0.633],"descent-weeks":1.9140125065824107,"ascent-weeks":5.853080568720379,"peak":0.633,"messages":[],"unscored":false,"score":3.2777132777777767,"duration":2,"genres":["pop"],"role":true,"scoreFactor":1,"totalScore":3.2777132777777767,"rank":1},{"title":"Tell It Like It Is","instanceSlug":2780,"tags":["#1","#1-r&b"],"parents":[],"genre":"soul","debut":1967,"playlists":[],"ranks":{},"scores":[0.05466666666666667,0.19866666666666666,0.321,0.38866666666666666,0.4283333333333334,0.445,0.4146666666666667,0.371,0.36433333333333334,0.3526666666666667,0.336,0.3143333333333333,0.2876666666666667,0.256,0.21933333333333335,0.17766666666666667,0.146,0.111,0.07266666666666667,0.04566666666666667,0.022333333333333334,0],"ascent":[0.05466666666666667,0.19866666666666666,0.321,0.38866666666666666,0.4283333333333334,0.445],"descent-weeks":4.255269704535996,"ascent-weeks":6.189887640449438,"peak":0.445,"messages":[],"unscored":false,"score":3.0987300123456785,"duration":3,"genres":["soul"],"role":true,"scoreFactor":1,"totalScore":3.0987300123456785,"rank":2},{"title":"Don't Take Away My Heaven","instanceSlug":"OlPO","tags":[],"debut":1993,"playlists":[],"ascent":[0.054666666666666655,0.19866666666666666,0.321,0.3886666666666667,0.4283333333333333,0.445],"descent-weeks":3.7467484614932727,"ascent-weeks":6.189887640449438,"peak":0.445,"messages":[],"ranks":{},"unscored":false,"score":2.9478687102430037,"duration":3,"role":true,"scoreFactor":1,"totalScore":2.9478687102430037,"rank":3},{"title":"Everybody Plays the Fool","instanceSlug":969,"tags":["#1","#1-adult-contemporary","remake"],"parents":[],"genre":"pop","debut":"1991-09","playlists":[],"ranks":{},"scores":[0.049,0.232,0.361,0.419,0.437,0.442,0.42,0.346,0.27199999999999996,0.12399999999999994,0],"ascent":[0.049,0.232,0.361,0.419,0.437,0.442],"descent-weeks":1.0717526395173451,"ascent-weeks":6.58371040723982,"peak":0.442,"messages":[],"unscored":false,"score":2.2558097777777775,"duration":2,"genres":["pop"],"role":true,"scoreFactor":1,"totalScore":2.2558097777777775,"rank":4},{"title":"Don't Know Much","instanceSlug":1337,"tags":["#1","#1-adult-contemporary"],"parents":[],"genre":"adult-contemporary","debut":"1989-11","playlists":[],"ranks":{},"scores":[0.018,0.097,0.2,0.249,0.275,0.26,0.232,0.18,0.12799999999999997,0.023999999999999938,0],"ascent":[0.018,0.097,0.2,0.249,0.275],"descent-weeks":0.6454127272727272,"ascent-weeks":4.576363636363636,"peak":0.275,"messages":[],"unscored":false,"score":0.19146513333333337,"duration":2,"genres":["adult-contemporary"],"role":"feature","scoreFactor":0.2,"totalScore":0.9573256666666667,"rank":5},{"title":"Tell It Like It Is","instanceSlug":"0Pg8","tags":[],"remake":true,"debut":"1980-12","playlists":[],"scores":[0.0405,0.2426666666666667,0.38533333333333336,0.384,0.36516666666666664,0.353,0.3408333333333333,0.3165,0.28,0.2313333333333334,0.1705000000000001,0.09750000000000014,0.01233333333333353,0],"ascent":[0.0405,0.2426666666666667,0.38533333333333336],"descent-weeks":2.289377703287199,"ascent-weeks":2.602292387543253,"peak":0.38533333333333336,"messages":[],"ranks":{},"unscored":false,"score":0.1256615694444445,"duration":2,"role":"remake","scoreFactor":0.1,"totalScore":1.256615694444445,"rank":6}],"songCount":6,"songAdjustedAverage":4.857031353560203,"collaborators":[{"slug":"linda-rondstadt","title":"Linda Ronstadt","songCount":2,"score":2.453079579642638},{"slug":"diane-warren","title":"Diane Warren","songCount":1,"score":2.9478687102430037},{"slug":"heart","title":"Heart","songCount":1,"score":0.1256615694444445},{"slug":"ann-wilson","title":"Ann Wilson","songCount":1,"score":0.1256615694444445},{"slug":"nancy-wilson","title":"Nancy Wilson","songCount":1,"score":0.1256615694444445}],"rank":401,"ranks":{"genre:urban":{"rank":6,"total":96},"origin:new-orleans":{"rank":1,"total":5}}}