{"title":"Aaron Neville","instanceSlug":"aaron-neville","tags":[],"parents":[],"genres":[{"instanceSlug":"urban","title":"Urban / R&B","parents":[]}],"type":{"title":"Solo Male","artists":[],"artistCount":0,"score":0,"artistAdjustedAverage":0,"slug":"m"},"origin":{"title":"New Orleans","instanceSlug":"new-orleans","tags":[],"parents":["louisiana"]},"birth":1941,"death":"","complete":true,"songs":[{"title":"Tell It Like It Is","instanceSlug":2780,"tags":["#1","#1-r&b"],"parents":[],"genre":"soul","debut":1967,"playlists":[],"ranks":{},"scores":[0.05466666666666667,0.19866666666666666,0.321,0.38866666666666666,0.4283333333333334,0.445,0.4146666666666667,0.371,0.36433333333333334,0.3526666666666667,0.336,0.3143333333333333,0.2876666666666667,0.256,0.21933333333333335,0.17766666666666667,0.146,0.111,0.07266666666666667,0.04566666666666667,0.022333333333333334,0],"ascent":[0.05466666666666667,0.19866666666666666,0.321,0.38866666666666666,0.4283333333333334,0.445],"descent-weeks":13.268539325842696,"ascent-weeks":6.189887640449438,"peak":0.445,"messages":[],"unscored":false,"score":5.772666666666666,"duration":5,"genres":["soul"],"role":true,"scoreFactor":1,"totalScore":5.772666666666666,"rank":1},{"title":"Don't Take Away My Heaven","instanceSlug":"OlPO","tags":[],"debut":1993,"playlists":[],"ascent":[0.054666666666666655,0.19866666666666666,0.321,0.3886666666666667,0.4283333333333333,0.445],"descent-weeks":12.296920354694201,"ascent-weeks":6.189887640449438,"peak":0.445,"messages":[],"ranks":{},"unscored":false,"score":5.484419705225946,"duration":5,"role":true,"scoreFactor":1,"totalScore":5.484419705225946,"rank":2},{"title":"All My Life","instanceSlug":1939,"tags":["#1","#1-adult-contemporary"],"parents":[],"genre":"pop","debut":"1990-03","playlists":["ballad"],"ranks":{},"scores":[0.097,0.267,0.402,0.498,0.573,0.633,0.592,0.5509999999999999,0.46899999999999986,0.34599999999999975,0.1819999999999996,0],"ascent":[0.097,0.267,0.402,0.498,0.573,0.633],"descent-weeks":6.571090047393363,"ascent-weeks":5.853080568720379,"peak":0.633,"messages":[],"unscored":false,"score":5.2429999999999986,"duration":3,"genres":["pop"],"role":true,"scoreFactor":1,"totalScore":5.2429999999999986,"rank":3},{"title":"Everybody Plays the Fool","instanceSlug":969,"tags":["#1","#1-adult-contemporary","remake"],"parents":[],"genre":"pop","debut":"1991-09","playlists":[],"ranks":{},"scores":[0.049,0.232,0.361,0.419,0.437,0.442,0.42,0.346,0.27199999999999996,0.12399999999999994,0],"ascent":[0.049,0.232,0.361,0.419,0.437,0.442],"descent-weeks":5.443438914027149,"ascent-weeks":6.58371040723982,"peak":0.442,"messages":[],"unscored":false,"score":3.5439999999999996,"duration":3,"genres":["pop"],"role":true,"scoreFactor":1,"totalScore":3.5439999999999996,"rank":4},{"title":"Don't Know Much","instanceSlug":1337,"tags":["#1","#1-adult-contemporary"],"parents":[],"genre":"adult-contemporary","debut":"1989-11","playlists":[],"ranks":{},"scores":[0.018,0.097,0.2,0.249,0.275,0.26,0.232,0.18,0.12799999999999997,0.023999999999999938,0],"ascent":[0.018,0.097,0.2,0.249,0.275],"descent-weeks":5.994545454545454,"ascent-weeks":4.576363636363636,"peak":0.275,"messages":[],"unscored":false,"score":0.38760000000000006,"duration":3,"genres":["adult-contemporary"],"role":"feature","scoreFactor":0.2,"totalScore":1.9380000000000002,"rank":5},{"title":"Tell It Like It Is","instanceSlug":"0Pg8","tags":[],"remake":true,"debut":"1980-12","playlists":[],"scores":[0.0405,0.2426666666666667,0.38533333333333336,0.384,0.36516666666666664,0.353,0.3408333333333333,0.3165,0.28,0.2313333333333334,0.1705000000000001,0.09750000000000014,0.01233333333333353,0],"ascent":[0.0405,0.2426666666666667,0.38533333333333336],"descent-weeks":11.431012110726648,"ascent-weeks":2.602292387543253,"peak":0.38533333333333336,"messages":[],"ranks":{},"unscored":false,"score":0.36050000000000015,"duration":4,"role":"remake","scoreFactor":0.1,"totalScore":3.6050000000000013,"rank":6}],"score":20.792186371892612,"songCount":6,"songAdjustedAverage":8.48837454133119,"rank":397,"ranks":{"genre:urban":{"rank":41,"total":96},"origin:new-orleans":{"rank":1,"total":5}}}