{"title":"Aaron Neville","instanceSlug":"aaron-neville","tags":[],"parents":[],"genres":[{"instanceSlug":"urban","title":"Urban / R&B","parents":[]}],"type":{"title":"Solo Male","artists":[],"artistCount":0,"score":0,"artistAdjustedAverage":0,"slug":"m"},"origin":{"title":"New Orleans","instanceSlug":"new-orleans","tags":[],"parents":["louisiana"]},"birth":1941,"death":"","complete":true,"songs":[{"title":"All My Life","instanceSlug":1939,"tags":["#1","#1-adult-contemporary"],"parents":[],"genre":"pop","debut":"1990-03","playlists":["ballad"],"ranks":{},"scores":[0.097,0.267,0.402,0.498,0.573,0.633,0.592,0.587,0.577,0.562,0.542,0.517,0.487,0.452,0.412,0.367,0.317,0.262,0.202,0.137,0.067,0],"score":8.55,"debutScore":0.097,"peakScore":0.633,"duration":6,"genres":["pop"],"role":true,"scoreFactor":1,"rank":1},{"title":"Tell It Like It Is","instanceSlug":2780,"tags":["#1","#1-r&b"],"parents":[],"genre":"soul","debut":1967,"playlists":[],"ranks":{},"scores":[0.05466666666666667,0.19866666666666666,0.321,0.38866666666666666,0.4283333333333334,0.445,0.4146666666666667,0.371,0.36433333333333334,0.3526666666666667,0.336,0.3143333333333333,0.2876666666666667,0.256,0.21933333333333335,0.17766666666666667,0.146,0.111,0.07266666666666667,0.04566666666666667,0.022333333333333334,0],"score":5.3276666666666666,"debutScore":0.05466666666666667,"peakScore":0.445,"duration":6,"genres":["soul"],"role":true,"scoreFactor":1,"rank":2},{"title":"Everybody Plays the Fool","instanceSlug":969,"tags":["#1","#1-adult-contemporary","remake"],"parents":[],"genre":"pop","debut":"1991-09","playlists":[],"ranks":{},"scores":[0.049,0.232,0.361,0.419,0.437,0.442,0.42,0.346,0.341,0.331,0.316,0.296,0.271,0.241,0.206,0.166,0.121,0.071,0.016,0],"score":5.082000000000001,"debutScore":0.049,"peakScore":0.442,"duration":5,"genres":["pop"],"role":true,"scoreFactor":1,"rank":3},{"title":"Don't Know Much","instanceSlug":1337,"tags":["#1","#1-adult-contemporary"],"parents":[],"genre":"adult-contemporary","debut":"1989-11","playlists":[],"ranks":{},"scores":[0.018,0.097,0.2,0.249,0.275,0.26,0.232,0.18,0.175,0.165,0.15,0.13,0.105,0.075,0.04,0],"score":0.5877500000000001,"debutScore":0.018,"peakScore":0.275,"duration":4,"genres":["adult-contemporary"],"role":"feature","scoreFactor":0.25,"rank":4}],"score":19.547416666666667,"songCount":4,"songAdjustedAverage":9.773708333333333,"rank":452,"ranks":{"genre:urban":{"rank":43,"total":86},"origin:new-orleans":{"rank":2,"total":5}}}