{"title":"Ace of Base","instanceSlug":"ace-of-base","tags":[],"genres":[{"instanceSlug":"dance-pop","title":"Dance-Pop","parents":["pop","dance"]}],"type":{"title":"Mixed Group, Female Lead","artists":[],"artistCount":0,"score":0,"artistAdjustedAverage":0,"slug":"ffm"},"origin":{"title":"Sweden","instanceSlug":"sweden","tags":[],"parents":["europe"]},"birth":"","death":"","complete":true,"songs":[{"title":"Living in Danger","instanceSlug":1244,"tags":[],"parents":[],"genre":"pop","debut":"1994-11","playlists":[],"ranks":{},"scores":[0.079,0.242,0.45,0.546,0.582,0.592,0.582,0.563,0.529,0.491,0.45299999999999996,0.3769999999999999,0.2629999999999998,0.11099999999999965,0],"ascent":[0.079,0.242,0.45,0.546,0.582,0.592],"descent-weeks":3.597462274774774,"ascent-weeks":6.311655405405406,"peak":0.592,"messages":[],"unscored":false,"score":3.910798444444444,"duration":3,"genres":["pop"],"role":true,"scoreFactor":1,"totalScore":3.910798444444444,"rank":1},{"title":"All That She Wants","instanceSlug":723,"tags":[],"parents":[],"genre":"pop","debut":"1993-10","playlists":[],"ranks":{},"scores":[0.055,0.232,0.361,0.414,0.477,0.498,0.466,0.43400000000000005,0.3700000000000001,0.2740000000000002,0.1460000000000003,0],"ascent":[0.055,0.232,0.361,0.414,0.477,0.498],"descent-weeks":1.5469042838018745,"ascent-weeks":6.135542168674698,"peak":0.498,"messages":[],"unscored":false,"score":2.550572222222222,"duration":2,"genres":["pop"],"role":true,"scoreFactor":1,"totalScore":2.550572222222222,"rank":2},{"title":"Cruel Summer","instanceSlug":697,"remake":"696","tags":[],"parents":[],"genre":"pop","debut":"1998-08","playlists":[],"scores":[0.018,0.12,0.2,0.267,0.315,0.332,0.341,0.351,0.328,0.298,0.263,0.209,0.155,0.047,0],"score":2.2737413888888893,"debutScore":0.0475,"peakScore":0.3965,"duration":3,"ascent":[0.018,0.12,0.2,0.267,0.315,0.332,0.341,0.351],"descent-weeks":1.4091512345679018,"ascent-weeks":8.307692307692308,"peak":0.351,"messages":[],"ranks":{},"unscored":false,"genres":["pop"],"role":true,"scoreFactor":1,"totalScore":2.2737413888888893,"rank":3},{"title":"Don't Turn Around","instanceSlug":470,"tags":[],"parents":[],"genre":"pop","debut":"1994-06","playlists":["summer"],"ranks":{},"scores":[0.0475,0.2,0.3,0.354,0.38825,0.3965,0.38325,0.37,0.343,0.304,0.251,0.184,0.105,0.012,0],"score":2.212761458333333,"debutScore":0.018,"peakScore":0.351,"duration":2,"ascent":[0.0475,0.2,0.3,0.354,0.38825,0.3965],"descent-weeks":1.9918466267339219,"ascent-weeks":6.379255989911727,"peak":0.3965,"messages":[],"unscored":false,"genres":["pop"],"role":true,"scoreFactor":1,"totalScore":2.212761458333333,"rank":4},{"title":"Lucky Love","instanceSlug":2068,"tags":[],"parents":[],"genre":"pop","debut":"1996-04","playlists":[],"ranks":{},"scores":[0.06208480746386911,0.20199400396112047,0.300902954038119,0.3408754613664351,0.3394837408818732,0.31931445187447666,0.2887199390562856,0.25285131262610966,0.2122968751637769,0.17096647466980294,0.13416498053133488,0.1045203708202467,0.08193386461703503,0.06383406992429892,0.04927035313439123,0.037329175928368645,0.02759722688990112,0.01969374864609082,0.013471497936694365,0.00724924722729791,0],"ascent":[0.06208480746386911,0.20199400396112047,0.300902954038119,0.3408754613664351],"descent-weeks":2.029293455530183,"ascent-weeks":3.9861650199092646,"peak":0.3408754613664351,"messages":[],"unscored":false,"score":1.3670147887640358,"duration":2,"genres":["pop"],"role":true,"scoreFactor":1,"totalScore":1.3670147887640358,"rank":5},{"title":"Beautiful Life","instanceSlug":1369,"tags":[],"parents":[],"genre":"pop","debut":"1995-11","playlists":[],"ranks":{},"scores":[0.1,0.21,0.31,0.341,0.339483741,0.319,0.298516259,0.257548777,0.196097554,0.11416259000000001,0.01174388500000001,0],"ascent":[0.1,0.21,0.31,0.341],"descent-weeks":1.302427367029441,"ascent-weeks":4.227272727272727,"peak":0.341,"messages":[],"unscored":false,"score":1.2570851547713595,"duration":2,"genres":["pop"],"role":true,"scoreFactor":1,"totalScore":1.2570851547713595,"rank":6},{"title":"The Sign","instanceSlug":405,"tags":[],"parents":[],"genre":"pop","debut":"1994-02","playlists":[],"ranks":{},"scores":[0.038,0.209,0.194,0.17900000000000002,0.14900000000000005,0.10400000000000009,0.04400000000000015,0],"ascent":[0.038,0.209],"descent-weeks":0.39463875598086134,"ascent-weeks":1.7727272727272727,"peak":0.209,"messages":[],"unscored":false,"score":0.3019863333333333,"duration":1,"genres":["pop"],"role":true,"scoreFactor":1,"totalScore":0.3019863333333333,"rank":7}],"songCount":7,"songAdjustedAverage":5.243863900864911,"collaborators":[{"slug":"bananarama","title":"Bananarama","songCount":1,"score":2.2737413888888893}],"rank":350,"ranks":{"genre:dance-pop":{"rank":2,"total":15},"origin:sweden":{"rank":2,"total":3}}}