{"title":"Adam Ant","instanceSlug":"adam-ant","tags":[],"parents":[],"genres":[{"instanceSlug":"pop","title":"Pop","parents":[]}],"type":{"title":"Solo Male","artists":[],"artistCount":0,"score":0,"artistAdjustedAverage":0,"slug":"m"},"origin":{"title":"London","instanceSlug":"london","tags":[],"parents":["england"]},"birth":"","death":"","complete":true,"songs":[{"title":"Wonderful","instanceSlug":1131,"tags":[],"genre":"pop","debut":"1995-06","playlists":["summer"],"scores":[0.195,0.7605,0.901,0.9535,0.934,0.9145000000000001,0.8755000000000002,0.8170000000000003,0.7390000000000004,0.6415000000000006,0.5245000000000009,0.3880000000000011,0.23200000000000143,0.05650000000000177,0],"ascent":[0.195,0.7605,0.901,0.9535],"descent-weeks":11.131620346093351,"ascent-weeks":4.420555846879916,"peak":0.9535,"messages":[],"ranks":{},"unscored":false,"score":9.886000000000006,"duration":4,"genres":["pop"],"role":true,"scoreFactor":1,"totalScore":9.886000000000006,"rank":1},{"title":"Goody Two Shoes","instanceSlug":1130,"tags":["shoe","two"],"genre":"pop","debut":"1982-12","playlists":[],"ranks":{},"scores":[0.145,0.167,0.082,0],"ascent":[0.145,0.167],"descent-weeks":2.236526946107784,"ascent-weeks":2.802395209580838,"peak":0.167,"messages":[],"unscored":false,"score":0.5609999999999999,"duration":2,"genres":["pop"],"role":true,"scoreFactor":1,"totalScore":0.5609999999999999,"rank":2}],"score":10.447000000000006,"songCount":2,"songAdjustedAverage":7.387144543055866,"rank":484,"ranks":{"genre:pop":{"rank":91,"total":130},"origin:london":{"rank":14,"total":18}}}