{"title":"Adam Ant","instanceSlug":"adam-ant","tags":[],"parents":[],"genres":[{"instanceSlug":"pop","title":"Pop","parents":[]}],"type":{"title":"Solo Male","artists":[],"artistCount":0,"score":0,"artistAdjustedAverage":0,"slug":"m"},"origin":{"title":"London","instanceSlug":"london","tags":[],"parents":["england"]},"birth":"","death":"","complete":true,"songs":[{"title":"Wonderful","instanceSlug":1131,"tags":[],"genre":"pop","debut":"1995-06","playlists":["summer"],"scores":[0.195,0.7605,0.901,0.9535,0.934,0.9145000000000001,0.8755000000000002,0.8170000000000003,0.7390000000000004,0.6415000000000006,0.5245000000000009,0.3880000000000011,0.23200000000000143,0.05650000000000177,0],"ascent":[0.195,0.7605,0.901,0.9535],"descent-weeks":6.113733263415497,"ascent-weeks":4.420555846879916,"peak":0.9535,"messages":[],"ranks":{},"unscored":false,"score":6.69629644444445,"duration":3,"genres":["pop"],"role":true,"scoreFactor":1,"totalScore":6.69629644444445,"rank":1},{"title":"Goody Two Shoes","instanceSlug":1130,"tags":["shoe","two"],"genre":"pop","debut":"1982-12","playlists":[],"ranks":{},"scores":[0.145,0.167,0.082,0],"ascent":[0.145,0.167],"descent-weeks":0.06970508982035926,"ascent-weeks":2.802395209580838,"peak":0.167,"messages":[],"unscored":false,"score":0.3197605,"duration":1,"genres":["pop"],"role":true,"scoreFactor":1,"totalScore":0.3197605,"rank":2}],"songCount":2,"songAdjustedAverage":4.961101442607639,"collaborators":[],"rank":391,"ranks":{"genre:pop":{"rank":4,"total":130},"origin:london":{"rank":2,"total":18}}}