{"title":"After 7","instanceSlug":"after-7","tags":[],"parents":[],"genres":[{"instanceSlug":"soul","title":"Soul","parents":["urban"]}],"type":{"title":"All-Male Group","artists":[],"artistCount":0,"score":0,"artistAdjustedAverage":0,"slug":"mmm"},"origin":{"title":"Indianapolis","instanceSlug":"indianapolis","tags":[],"parents":["indiana"]},"birth":"","death":"","complete":true,"songs":[{"title":"Ready or Not","instanceSlug":2087,"tags":[],"genre":"soul","debut":"1990-05","playlists":["summer"],"scores":[0.4,0.612,0.645,0.694,0.72,0.74,0.75,0.725,0.7,0.6499999999999999,0.5749999999999998,0.47499999999999976,0.34999999999999964,0.1999999999999995,0.024999999999999356,0],"ascent":[0.4,0.612,0.645,0.694,0.72,0.74,0.75],"descent-weeks":8.899999999999995,"ascent-weeks":9.122,"peak":0.75,"messages":[],"ranks":{},"unscored":false,"score":9.010999999999997,"duration":5,"genres":["soul"],"role":true,"scoreFactor":1,"totalScore":9.010999999999997,"rank":1},{"title":"Can't Stop","instanceSlug":156,"tags":[],"genre":"soul","debut":"1990-09","scores":[0.171,0.592,0.823,0.876,0.864,0.851,0.825,0.789,0.716,0.6429999999999999,0.4969999999999998,0.2779999999999996,0],"ascent":[0.171,0.592,0.823,0.876],"descent-weeks":10.85445205479452,"ascent-weeks":4.215753424657533,"peak":0.876,"messages":[],"ranks":{},"unscored":false,"score":8.800999999999998,"duration":4,"genres":["soul"],"playlists":[],"role":true,"scoreFactor":1,"totalScore":8.800999999999998,"rank":2},{"title":"Nights Like This","instanceSlug":2088,"tags":[],"genre":"soul","debut":"1991-07","playlists":[],"scores":[0.275,0.675,0.705,0.735,0.755,0.745,0.67,0.5950000000000001,0.4450000000000002,0.2200000000000003,0],"ascent":[0.275,0.675,0.705,0.735,0.755],"descent-weeks":6.814569536423842,"ascent-weeks":6.248344370860927,"peak":0.755,"messages":[],"ranks":{},"unscored":false,"score":6.575,"duration":4,"genres":["soul"],"role":true,"scoreFactor":1,"totalScore":6.575,"rank":3},{"title":"My My My","instanceSlug":194,"tags":["#1","#1-r&b"],"genre":"pop","debut":"1990-09","scores":[0.036,0.171,0.306,0.323,0.302,0.267,0.23200000000000004,0.1620000000000001,0.05700000000000016,0],"ascent":[0.036,0.171,0.306,0.323],"descent-weeks":6.236842105263159,"ascent-weeks":3.8823529411764706,"peak":0.323,"messages":[],"ranks":{},"unscored":false,"score":0.21790000000000004,"duration":3,"genres":["pop"],"playlists":[],"role":"backup","scoreFactor":0.1,"totalScore":2.1790000000000003,"rank":4}],"score":24.604899999999997,"songCount":4,"songAdjustedAverage":12.302449999999999,"rank":189,"ranks":{"genre:soul":{"rank":20,"total":50},"origin:indianapolis":{"rank":2,"total":2}}}