{"title":"Alanis Morrisette","instanceSlug":"alanis-morrisette","tags":[],"parents":[],"genres":[{"instanceSlug":"pop","title":"Pop","parents":[]}],"type":{"title":"Solo Female","artists":[],"artistCount":0,"score":0,"artistAdjustedAverage":0,"slug":"f"},"origin":{"title":"Canada","instanceSlug":"canada","tags":[],"parents":[]},"birth":"","death":"","complete":false,"songs":[{"title":"Hand in My Pocket","instanceSlug":1361,"tags":[],"genre":"pop","debut":"1995-11","playlists":[],"ranks":{},"scores":[0.12,0.267,0.341,0.351,0.3447386118408707,0.32595444736348284,0.2946475065678364,0.2508177894539314,0.19446529602176782,0.12559002627134566,0.04419198020266498],"ascent":[0.12,0.267,0.341,0.351],"descent-weeks":7.487179487179491,"messages":[],"score":2.6594056577218996,"debutScore":0.12,"peakScore":0.351,"duration":3,"genres":["pop"],"role":true,"scoreFactor":1,"rank":1},{"title":"You Learn","instanceSlug":398,"tags":[],"parents":[],"genres":["pop"],"debut":"1996-08","playlists":["summer"],"ranks":{},"scores":[0.04599999999999999,0.11633333333333334,0.17066666666666666,0.18366666666666664,0.19266666666666665,0.19094475292561314,0.18577901170245256,0.17716944299718498,0.16511604680981035,0.14961882314032868,0.13067777198873995,0.1082928933550442,0.0824641872392414,0.05319165364133157,0.020475292561314695],"ascent":[0.04599999999999999,0.11633333333333334,0.17066666666666666,0.18366666666666664,0.19266666666666665],"descent-weeks":10.577854671280278,"messages":[],"score":1.9730632096943945,"debutScore":0.04599999999999999,"peakScore":0.19266666666666665,"duration":4,"role":true,"scoreFactor":1,"rank":2},{"title":"Head Over Feet","instanceSlug":588,"tags":[],"parents":[],"genre":"pop","debut":"1996-10","playlists":[],"ranks":{},"scores":[0.018,0.082,0.171,0.2,0.232,0.22484961181450183,0.20339844725800732,0.16764650633051645,0.11759378903202929,0.05324029536254573],"ascent":[0.018,0.082,0.171,0.2,0.232],"descent-weeks":5.696120689655172,"messages":[],"score":1.4697286497976005,"debutScore":0.018,"peakScore":0.232,"duration":3,"genres":["pop"],"role":true,"scoreFactor":1,"rank":3},{"title":"Ironic","instanceSlug":34,"tags":[],"scores":[0.01,0.008024691358024692,0.002098765432098766],"ascent":[0.01],"descent-weeks":2.25,"messages":[],"ranks":{},"score":0.020123456790123458,"debutScore":0.01,"peakScore":0.01,"duration":1,"playlists":[],"role":true,"scoreFactor":1,"rank":4}],"score":6.122320974004019,"songCount":4,"songAdjustedAverage":3.0611604870020095,"rank":1059,"ranks":{"genre:pop":{"rank":102,"total":129},"origin:canada":{"rank":6,"total":10}}}