{"title":"Alannah Myles","instanceSlug":"alannah-myles","tags":[],"parents":[],"genres":[],"members":[],"type":{"title":"Solo Female","artists":[],"artistCount":0,"score":0,"artistAdjustedAverage":0,"slug":"f"},"origin":{"title":"Canada","instanceSlug":"canada","tags":[],"parents":[]},"birth":"","death":"","complete":false,"songs":[{"title":"Black Velvet","instanceSlug":1334,"tags":[],"genre":"rock","debut":"1990-02","playlists":["colors"],"scores":[0.4,0.612,0.645,0.694,0.72,0.74,0.75,0.7405314985481631,0.7121259941926523,0.6647834869334679,0.5985039767706096,0.5132874637040776,0.4091339477338716,0.28604342885999184,0.1440159070824384],"ascent":[0.4,0.612,0.645,0.694,0.72,0.74,0.75],"descent-weeks":8.899999999999995,"messages":[],"ranks":{},"score":8.629425703825273,"debutScore":0.4,"peakScore":0.75,"duration":4,"genres":["rock"],"role":true,"scoreFactor":1,"rank":1},{"title":"Love Is","instanceSlug":1335,"tags":[],"genre":"pop","debut":1990,"playlists":[],"ranks":{},"ascent":[0.35,0.75,0.78],"descent-weeks":9,"messages":[],"score":6.155555555555556,"debutScore":0.35,"peakScore":0.78,"scores":[0.35,0.75,0.78,0.7703703703703704,0.7414814814814815,0.6933333333333334,0.625925925925926,0.5392592592592592,0.43333333333333335,0.3081481481481481,0.16370370370370374],"duration":3,"genres":["pop"],"role":true,"scoreFactor":1,"rank":2}],"score":14.784981259380828,"songCount":2,"songAdjustedAverage":10.454560508224205,"rank":244,"ranks":{"origin:canada":{"rank":4,"total":10}}}