{"title":"Alan Jackson","instanceSlug":"alan-jackson","tags":[],"parents":[],"genres":[{"instanceSlug":"country","title":"Country","parents":[]}],"type":{"title":"Solo Male","artists":[],"artistCount":0,"score":0,"artistAdjustedAverage":0,"slug":"m"},"origin":{"title":"Georgia","instanceSlug":"georgia","tags":[],"parents":["us"]},"birth":"","death":"","complete":true,"songs":[{"title":"It's Five O'Clock Somewhere","instanceSlug":2343,"tags":["#1","#1-country"],"genre":"country","debut":2003,"playlists":[],"scores":[0.15,0.35,0.6,0.67,0.68,0.67,0.6566000000000001,0.6298,0.5896,0.536,0.46900000000000003,0.38860000000000006,0.29480000000000006,0.18760000000000007,0.06700000000000009,0],"ascent":[0.15,0.35,0.6,0.67,0.68],"descent-weeks":4.826300367647058,"ascent-weeks":5.404411764705882,"peak":0.68,"messages":[],"ranks":{},"unscored":false,"score":4.6379228333333335,"duration":3,"genres":["country"],"role":true,"scoreFactor":1,"totalScore":4.6379228333333335,"rank":1},{"title":"Don't Rock the Jukebox","instanceSlug":1155,"tags":[],"genre":"country","debut":1991,"playlists":[],"scores":[0.081081,0.212121,0.428571,0.503759,0.515151,0.5,0.484849,0.4545469999999999,0.40909399999999985,0.34848999999999974,0.2727349999999996,0.18182899999999946,0.07577199999999928,0],"ascent":[0.081081,0.212121,0.428571,0.503759,0.515151],"descent-weeks":2.6137481099473723,"ascent-weeks":5.068464391993802,"peak":0.515151,"messages":[],"ranks":{},"unscored":false,"score":2.6383329683916656,"duration":2,"genres":["country"],"role":true,"scoreFactor":1,"totalScore":2.6383329683916656,"rank":2},{"title":"Chasing That Neon Rainbow","instanceSlug":1403,"tags":[],"genre":"country","debut":1990,"playlists":[],"scores":[0.081081,0.212121,0.428571,0.503759,0.515151,0.5,0.484849,0.4545469999999999,0.40909399999999985,0.34848999999999974,0.2727349999999996,0.18182899999999946,0.07577199999999928,0],"ascent":[0.081081,0.212121,0.428571,0.503759,0.515151],"descent-weeks":2.6137481099473723,"ascent-weeks":5.068464391993802,"peak":0.515151,"messages":[],"ranks":{},"unscored":false,"score":2.6383329683916656,"duration":2,"genres":["country"],"role":true,"scoreFactor":1,"totalScore":2.6383329683916656,"rank":3},{"title":"Where I Come From","instanceSlug":2341,"tags":["#1","#1-country"],"parents":[],"genre":"country","debut":"2001-10","playlists":[],"ranks":{},"scores":[0.081081,0.212121,0.428571,0.503759,0.515151,0.5,0.484849,0.4545469999999999,0.40909399999999985,0.34848999999999974,0.2727349999999996,0.18182899999999946,0.07577199999999928,0],"ascent":[0.081081,0.212121,0.428571,0.503759,0.515151],"descent-weeks":2.6137481099473723,"ascent-weeks":5.068464391993802,"peak":0.515151,"messages":[],"unscored":false,"score":2.6383329683916656,"duration":2,"genres":["country"],"role":true,"scoreFactor":1,"totalScore":2.6383329683916656,"rank":4},{"title":"Drive","instanceSlug":2342,"tags":[],"genre":"country","debut":"2002-05","playlists":[],"scores":[0.081081,0.212121,0.428571,0.503759,0.515151,0.5,0.484849,0.4545469999999999,0.40909399999999985,0.34848999999999974,0.2727349999999996,0.18182899999999946,0.07577199999999928,0],"ascent":[0.081081,0.212121,0.428571,0.503759,0.515151],"descent-weeks":2.6137481099473723,"ascent-weeks":5.068464391993802,"peak":0.515151,"messages":[],"ranks":{},"unscored":false,"score":2.6383329683916656,"duration":2,"genres":["country"],"role":true,"scoreFactor":1,"totalScore":2.6383329683916656,"rank":5}],"songCount":5,"songAdjustedAverage":6.793735637628407,"collaborators":[{"slug":"jimmy-buffett","title":"Jimmy Buffett","songCount":1,"score":4.6379228333333335}],"rank":209,"ranks":{"genre:country":{"rank":16,"total":31},"origin:georgia":{"rank":1,"total":5}}}