{"title":"Alan Jackson","instanceSlug":"alan-jackson","tags":[],"parents":[],"genres":[{"instanceSlug":"country","title":"Country","parents":[]}],"type":{"title":"Solo Male","artists":[],"artistCount":0,"score":0,"artistAdjustedAverage":0,"slug":"m"},"origin":{"title":"Georgia","instanceSlug":"georgia","tags":[],"parents":["us"]},"birth":"","death":"","complete":true,"songs":[{"title":"It's Five O'Clock Somewhere","instanceSlug":2343,"tags":["#1","#1-country"],"genre":"country","debut":2003,"playlists":[],"scores":[0.15,0.35,0.6,0.67,0.68,0.6747696451333755,0.6590785805335018,0.6329268062003789,0.5963143221340068,0.5492411283343858,0.4917072248015154,0.4237126115353959,0.3452572885360273,0.25634125580340955,0.15696451333754258,0.04712706113842655],"ascent":[0.15,0.35,0.6,0.67,0.68],"descent-weeks":11.402205882352941,"messages":[],"ranks":{},"score":7.283440437487966,"debutScore":0.15,"peakScore":0.68,"duration":4,"genres":["country"],"role":true,"scoreFactor":1,"rank":1},{"title":"Don't Rock the Jukebox","instanceSlug":1155,"tags":[],"genre":"country","debut":1991,"playlists":[],"scores":[0.081081,0.212121,0.428571,0.503759,0.515151,0.5093717697973347,0.4920340791893386,0.46313792817601185,0.4226833167573543,0.37067024493336614,0.3070987127040472,0.23196872006939764,0.14528026702941732,0.04703335358410625],"ascent":[0.081081,0.212121,0.428571,0.503759,0.515151],"descent-weeks":9.441310411898641,"messages":[],"ranks":{},"score":4.729961392240374,"debutScore":0.081081,"peakScore":0.515151,"duration":4,"genres":["country"],"role":true,"scoreFactor":1,"rank":2},{"title":"Chasing That Neon Rainbow","instanceSlug":1403,"tags":[],"genre":"country","debut":1990,"playlists":[],"scores":[0.081081,0.212121,0.428571,0.503759,0.515151,0.5093717697973347,0.4920340791893386,0.46313792817601185,0.4226833167573543,0.37067024493336614,0.3070987127040472,0.23196872006939764,0.14528026702941732,0.04703335358410625],"ascent":[0.081081,0.212121,0.428571,0.503759,0.515151],"descent-weeks":9.441310411898641,"messages":[],"ranks":{},"score":4.729961392240374,"debutScore":0.081081,"peakScore":0.515151,"duration":4,"genres":["country"],"role":true,"scoreFactor":1,"rank":3},{"title":"Where I Come From","instanceSlug":2341,"tags":["#1","#1-country"],"parents":[],"genre":"country","debut":"2001-10","playlists":[],"ranks":{},"scores":[0.081081,0.212121,0.428571,0.503759,0.515151,0.5093717697973347,0.4920340791893386,0.46313792817601185,0.4226833167573543,0.37067024493336614,0.3070987127040472,0.23196872006939764,0.14528026702941732,0.04703335358410625],"ascent":[0.081081,0.212121,0.428571,0.503759,0.515151],"descent-weeks":9.441310411898641,"messages":[],"score":4.729961392240374,"debutScore":0.081081,"peakScore":0.515151,"duration":4,"genres":["country"],"role":true,"scoreFactor":1,"rank":4},{"title":"Drive","instanceSlug":2342,"tags":[],"genre":"country","debut":"2002-05","playlists":[],"scores":[0.081081,0.212121,0.428571,0.503759,0.515151,0.5093717697973347,0.4920340791893386,0.46313792817601185,0.4226833167573543,0.37067024493336614,0.3070987127040472,0.23196872006939764,0.14528026702941732,0.04703335358410625],"ascent":[0.081081,0.212121,0.428571,0.503759,0.515151],"descent-weeks":9.441310411898641,"messages":[],"ranks":{},"score":4.729961392240374,"debutScore":0.081081,"peakScore":0.515151,"duration":4,"genres":["country"],"role":true,"scoreFactor":1,"rank":5}],"score":26.20328600644946,"songCount":5,"songAdjustedAverage":11.718465748857996,"rank":187,"ranks":{"genre:country":{"rank":8,"total":31},"origin:georgia":{"rank":3,"total":5}}}