{"title":"Alanis Morrisette","instanceSlug":"alanis-morrisette","tags":[],"parents":[],"genres":[{"instanceSlug":"pop","title":"Pop","parents":[]}],"type":{"title":"Solo Female","artists":[],"artistCount":0,"score":0,"artistAdjustedAverage":0,"slug":"f"},"origin":{"title":"Canada","instanceSlug":"canada","tags":[],"parents":[]},"birth":"","death":"","complete":false,"songs":[{"title":"Ironic","instanceSlug":34,"tags":[],"scores":[0.06592007962463009,0.20345639091641685,0.30206241279169266,0.3420220895447736,0.33974921456656404,0.31719507004601416,0.28142733686111887,0.2371328741977257,0.18605653364816144,0.13376352928929622,0.08887957861419904,0.05779769166533028,0.03976620925032311,0.027967017966615118,0.019474607912516085,0.014091822089318922,0.009,0],"messages":[],"ranks":{},"score":2.665762458984696,"debutScore":0.06592007962463009,"peakScore":0.3420220895447736,"duration":4,"playlists":[],"role":true,"scoreFactor":1,"rank":1},{"title":"Hand in My Pocket","instanceSlug":1361,"tags":[],"genre":"pop","debut":"1995-11","playlists":[],"ranks":{},"scores":[0.12,0.267,0.341,0.351,0.346,0.319,0.292,0.238,0.157,0.049,0],"messages":[],"score":2.4799999999999995,"debutScore":0.12,"peakScore":0.351,"duration":3,"genres":["pop"],"role":true,"scoreFactor":1,"rank":2},{"title":"You Learn","instanceSlug":398,"tags":[],"parents":[],"genres":["pop"],"debut":"1996-08","playlists":["summer"],"ranks":{},"scores":[0.04599999999999999,0.11633333333333334,0.17066666666666666,0.18366666666666664,0.19266666666666665,0.17833333333333334,0.16466666666666666,0.14766666666666667,0.141,0.131,0.11766666666666666,0.10099999999999999,0.081,0.05766666666666667,0.03133333333333333,0.014666666666666666,0],"messages":[],"score":1.8753333333333333,"debutScore":0.04599999999999999,"peakScore":0.19266666666666665,"duration":4,"role":true,"scoreFactor":1,"rank":3},{"title":"Head Over Feet","instanceSlug":588,"tags":[],"parents":[],"genre":"pop","debut":"1996-10","playlists":[],"ranks":{},"scores":[0.018,0.082,0.171,0.2,0.232,0.216,0.18,0.139,0.098,0.016,0],"messages":[],"score":1.352,"debutScore":0.018,"peakScore":0.232,"duration":3,"genres":["pop"],"role":true,"scoreFactor":1,"rank":4}],"score":8.37309579231803,"songCount":4,"songAdjustedAverage":4.186547896159015,"rank":772,"ranks":{"genre:pop":{"rank":90,"total":127},"origin:canada":{"rank":4,"total":10}}}