{"title":"Alan Parsons Project","instanceSlug":"alan-parsons-project","tags":[],"parents":[],"genres":[{"instanceSlug":"adult-contemporary","title":"Adult Contemporary","parents":[]}],"type":{"title":"All-Male Group","artists":[],"artistCount":0,"score":0,"artistAdjustedAverage":0,"slug":"mmm"},"origin":"","birth":"","death":"","complete":true,"songs":[{"title":"Games People Play","instanceSlug":1797,"tags":[],"parents":[],"genre":"pop","debut":"1981-02","playlists":[],"ranks":{},"scores":[0.0605,0.1885,0.2435,0.29700000000000004,0.33099999999999996,0.3005,0.2715,0.264,0.2515,0.234,0.2115,0.184,0.1515,0.11399999999999999,0.07150000000000001,0.024,0],"ascent":[0.0605,0.1885,0.2435,0.29700000000000004,0.33099999999999996],"descent-weeks":10.91691842900302,"ascent-weeks":5.077794561933536,"peak":0.33099999999999996,"messages":[],"unscored":false,"score":3.529499999999999,"duration":4,"genres":["pop"],"role":true,"scoreFactor":1,"totalScore":3.529499999999999,"rank":1},{"title":"Eye in the Sky","instanceSlug":627,"tags":[],"genre":"pop","debut":"1982-08","playlists":[],"scores":[0.177,0.271,0.323,0.356,0.323,0.29000000000000004,0.2240000000000001,0.12500000000000017,0],"ascent":[0.177,0.271,0.323,0.356],"descent-weeks":5.553370786516855,"ascent-weeks":4.7485955056179785,"peak":0.356,"messages":[],"ranks":{},"unscored":false,"score":2.4450000000000003,"duration":3,"genres":["pop"],"role":true,"scoreFactor":1,"totalScore":2.4450000000000003,"rank":2},{"title":"I Wouldn't Want to Be Like You","instanceSlug":2210,"tags":[],"genre":"pop","debut":1977,"playlists":[],"scores":[0.0605,0.1885,0.2435,0.297,0.331,0.3,0.26899999999999996,0.2069999999999999,0.11399999999999982,0],"ascent":[0.0605,0.1885,0.2435,0.297,0.331],"descent-weeks":5.53323262839879,"ascent-weeks":5.077794561933535,"peak":0.331,"messages":[],"ranks":{},"unscored":false,"score":2.3415,"duration":3,"genres":["pop"],"role":true,"scoreFactor":1,"totalScore":2.3415,"rank":3},{"title":"Don't Answer Me","instanceSlug":2211,"tags":[],"parents":[],"genre":"adult-contemporary","debut":"1984-04","playlists":[],"ranks":{},"scores":[0.12,0.2,0.216,0.271,0.306,0.278,0.225,0.172,0.06599999999999995,0],"ascent":[0.12,0.2,0.216,0.271,0.306],"descent-weeks":5.132352941176472,"ascent-weeks":5.455882352941177,"peak":0.306,"messages":[],"unscored":false,"score":2.16,"duration":3,"genres":["adult-contemporary"],"role":true,"scoreFactor":1,"totalScore":2.16,"rank":4}],"score":10.475999999999999,"songCount":4,"songAdjustedAverage":5.2379999999999995,"rank":714,"ranks":{"genre:adult-contemporary":{"rank":19,"total":21}}}