{"title":"Alanis Morrisette","instanceSlug":"alanis-morrisette","tags":[],"parents":[],"genres":[{"instanceSlug":"pop","title":"Pop","parents":[]}],"type":{"title":"Solo Female","artists":[],"artistCount":0,"score":0,"artistAdjustedAverage":0,"slug":"f"},"origin":{"title":"Canada","instanceSlug":"canada","tags":[],"parents":[]},"birth":"","death":"","complete":false,"songs":[{"title":"Hand in My Pocket","instanceSlug":1361,"tags":[],"genre":"pop","debut":"1995-11","playlists":[],"ranks":{},"scores":[0.12,0.267,0.341,0.351,0.346,0.319,0.292,0.238,0.157,0.049,0],"messages":[],"score":2.4799999999999995,"debutScore":0.12,"peakScore":0.351,"duration":3,"genres":["pop"],"role":true,"scoreFactor":1,"rank":1},{"title":"You Learn","instanceSlug":398,"tags":[],"parents":[],"genres":["pop"],"debut":"1996-08","playlists":["summer"],"ranks":{},"scores":[0.04599999999999999,0.11633333333333334,0.17066666666666666,0.18366666666666664,0.19266666666666665,0.17833333333333334,0.16466666666666666,0.14766666666666667,0.141,0.131,0.11766666666666666,0.10099999999999999,0.081,0.05766666666666667,0.03133333333333333,0.014666666666666666,0],"messages":[],"score":1.8753333333333333,"debutScore":0.04599999999999999,"peakScore":0.19266666666666665,"duration":4,"role":true,"scoreFactor":1,"rank":2},{"title":"Head Over Feet","instanceSlug":588,"tags":[],"parents":[],"genre":"pop","debut":"1996-10","playlists":[],"ranks":{},"scores":[0.018,0.082,0.171,0.2,0.232,0.216,0.18,0.139,0.098,0.016,0],"messages":[],"score":1.352,"debutScore":0.018,"peakScore":0.232,"duration":3,"genres":["pop"],"role":true,"scoreFactor":1,"rank":3},{"title":"Ironic","instanceSlug":34,"tags":[],"scores":[0.01,0.005,0],"messages":[],"ranks":{},"score":0.015,"debutScore":0.01,"peakScore":0.01,"duration":1,"playlists":[],"role":true,"scoreFactor":1,"rank":4}],"score":5.722333333333332,"songCount":4,"songAdjustedAverage":2.861166666666666,"rank":1045,"ranks":{"genre:pop":{"rank":101,"total":128},"origin:canada":{"rank":6,"total":10}}}