{"title":"Alan Parsons Project","instanceSlug":"alan-parsons-project","tags":[],"parents":[],"genres":[{"instanceSlug":"adult-contemporary","title":"Adult Contemporary","parents":[]}],"type":{"title":"All-Male Group","artists":[],"artistCount":0,"score":0,"artistAdjustedAverage":0,"slug":"mmm"},"origin":"","birth":"","death":"","complete":true,"songs":[{"title":"Games People Play","instanceSlug":1797,"tags":[],"parents":[],"genre":"pop","debut":"1981-02","playlists":[],"ranks":{},"scores":[0.0605,0.1885,0.2435,0.29700000000000004,0.33099999999999996,0.3282226675833128,0.31989067033325147,0.3060040082498159,0.28656268133300605,0.261566689582822,0.23101603299926368,0.19491071158233114,0.15325072533202433,0.10603607424834327,0.05326675833128803],"ascent":[0.0605,0.1885,0.2435,0.29700000000000004,0.33099999999999996],"descent-weeks":10.91691842900302,"messages":[],"score":3.361227019575458,"debutScore":0.0605,"peakScore":0.33099999999999996,"duration":4,"genres":["pop"],"role":true,"scoreFactor":1,"rank":1},{"title":"Eye in the Sky","instanceSlug":627,"tags":[],"genre":"pop","debut":"1982-08","playlists":[],"scores":[0.177,0.271,0.323,0.356,0.3444565226457319,0.30982609058292776,0.2521087038115875,0.1713043623317111,0.06741306614329855],"ascent":[0.177,0.271,0.323,0.356],"descent-weeks":5.553370786516855,"messages":[],"ranks":{},"score":2.272108745515257,"debutScore":0.177,"peakScore":0.356,"duration":2,"genres":["pop"],"role":true,"scoreFactor":1,"rank":2},{"title":"I Wouldn't Want to Be Like You","instanceSlug":2210,"tags":[],"genre":"pop","debut":1977,"playlists":[],"scores":[0.0605,0.1885,0.2435,0.297,0.331,0.32018889375564236,0.28775557502256927,0.23370004380078085,0.158022300090277,0.06072234389105787],"ascent":[0.0605,0.1885,0.2435,0.297,0.331],"descent-weeks":5.53323262839879,"messages":[],"ranks":{},"score":2.1808891565603274,"debutScore":0.0605,"peakScore":0.331,"duration":3,"genres":["pop"],"role":true,"scoreFactor":1,"rank":3},{"title":"Don't Answer Me","instanceSlug":2211,"tags":[],"parents":[],"genre":"adult-contemporary","debut":"1984-04","playlists":[],"ranks":{},"scores":[0.12,0.2,0.216,0.271,0.306,0.2943831495636325,0.25953259825452996,0.2014483460726924,0.12013039301811983,0.015578739090812239],"ascent":[0.12,0.2,0.216,0.271,0.306],"descent-weeks":5.132352941176472,"messages":[],"score":2.004073225999787,"debutScore":0.12,"peakScore":0.306,"duration":3,"genres":["adult-contemporary"],"role":true,"scoreFactor":1,"rank":4}],"score":9.818298147650829,"songCount":4,"songAdjustedAverage":4.909149073825414,"rank":711,"ranks":{"genre:adult-contemporary":{"rank":19,"total":21}}}