{"title":"Alanis Morrisette","instanceSlug":"alanis-morrisette","tags":[],"parents":[],"genres":[{"instanceSlug":"pop","title":"Pop","parents":[]}],"type":{"title":"Solo Female","artists":[],"artistCount":0,"score":0,"artistAdjustedAverage":0,"slug":"f"},"origin":{"title":"Canada","instanceSlug":"canada","tags":[],"parents":[]},"birth":"","death":"","complete":false,"songs":[{"title":"Hand in My Pocket","instanceSlug":1361,"tags":[],"genre":"pop","debut":"1995-11","playlists":[],"ranks":{},"scores":[0.12,0.267,0.341,0.351,0.346,0.319,0.314,0.304,0.289,0.269,0.244,0.214,0.179,0.139,0.094,0.044,0],"score":3.8339999999999996,"debutScore":0.12,"peakScore":0.351,"duration":5,"genres":["pop"],"role":true,"scoreFactor":1,"rank":1},{"title":"You Learn","instanceSlug":398,"tags":[],"parents":[],"genres":["pop"],"debut":"1996-08","playlists":["summer"],"ranks":{},"scores":[0.04599999999999999,0.11633333333333334,0.17066666666666666,0.18366666666666664,0.19266666666666665,0.17833333333333334,0.16466666666666666,0.14766666666666667,0.141,0.131,0.11766666666666666,0.10099999999999999,0.081,0.05766666666666667,0.03133333333333333,0.014666666666666666,0],"score":1.8753333333333333,"debutScore":0.04599999999999999,"peakScore":0.19266666666666665,"duration":5,"role":true,"scoreFactor":1,"rank":2},{"title":"Head Over Feet","instanceSlug":588,"tags":[],"parents":[],"genre":"pop","debut":"1996-10","playlists":[],"ranks":{},"scores":[0.018,0.082,0.171,0.2,0.232,0.216,0.18,0.139,0.134,0.124,0.109,0.089,0.064,0.034,0],"score":1.792,"debutScore":0.018,"peakScore":0.232,"duration":4,"genres":["pop"],"role":true,"scoreFactor":1,"rank":3},{"title":"Ironic","instanceSlug":34,"tags":[],"scores":[0],"ranks":{},"score":0,"debutScore":0,"peakScore":0,"duration":1,"playlists":[],"role":true,"scoreFactor":1,"rank":4}],"score":7.501333333333333,"songCount":4,"songAdjustedAverage":3.7506666666666666,"rank":1049,"ranks":{"genre:pop":{"rank":99,"total":124},"origin:canada":{"rank":7,"total":10}}}