{"title":"American Authors","instanceSlug":"american-authors","tags":[],"genres":[],"type":{"title":"All-Male Group","artists":[],"artistCount":0,"score":0,"artistAdjustedAverage":0,"slug":"mmm"},"origin":"","birth":"","death":"","complete":false,"active":true,"songs":[{"title":"Best Day of My Life","instanceSlug":2761,"tags":[],"parents":[],"genre":"pop","debut":2013,"playlists":[],"ranks":{},"scores":[0.075,0.463,0.681,0.694,0.668,0.642,0.537,0.532,0.52136,0.5000800000000001,0.4681600000000001,0.4256000000000001,0.37240000000000006,0.30856000000000006,0.23408000000000007,0.1489600000000001,0.05320000000000011,0],"ascent":[0.075,0.463,0.681,0.694],"descent-weeks":5.8784269164265135,"ascent-weeks":4.134726224783862,"peak":0.694,"messages":[],"unscored":false,"score":4.632752186666667,"duration":3,"genres":["pop"],"role":true,"scoreFactor":1,"totalScore":4.632752186666667,"rank":1},{"title":"Go Big or Go Home","instanceSlug":3052,"tags":[],"parents":[],"genre":"pop","debut":"2015-07","playlists":[],"ranks":{},"scores":[0.075,0.463,0.681,0.694,0.668,0.642,0.537,0.43200000000000005,0.2220000000000001,0],"ascent":[0.075,0.463,0.681,0.694],"descent-weeks":1.9596613832853018,"ascent-weeks":4.134726224783862,"peak":0.694,"messages":[],"unscored":false,"score":2.8196699999999995,"duration":2,"genres":["pop"],"role":true,"scoreFactor":1,"totalScore":2.8196699999999995,"rank":2}],"songCount":2,"songAdjustedAverage":5.269658264457078,"collaborators":[],"rank":345}