{"title":"America","instanceSlug":"america","tags":[],"parents":[],"genres":[{"instanceSlug":"adult-contemporary","title":"Adult Contemporary","parents":[]}],"type":{"title":"All-Male Group","artists":[],"artistCount":0,"score":0,"artistAdjustedAverage":0,"slug":"mmm"},"origin":{"title":"London","instanceSlug":"london","tags":[],"parents":["england"]},"birth":"","death":"","complete":true,"songs":[{"title":"I Need You","instanceSlug":2113,"tags":[],"parents":[],"genre":"pop","debut":1972,"playlists":[],"ranks":{},"scores":[0.10566666666666667,0.2773333333333334,0.4363333333333334,0.5786666666666668,0.6473333333333333,0.6156666666666666,0.5966666666666666,0.5866666666666668,0.5749333333333334,0.5514666666666668,0.5162666666666668,0.46933333333333344,0.41066666666666674,0.3402666666666667,0.2581333333333334,0.16426666666666673,0.05866666666666673,0],"ascent":[0.10566666666666667,0.2773333333333334,0.4363333333333334,0.5786666666666668,0.6473333333333333],"descent-weeks":13.417353244078267,"ascent-weeks":4.739443872296603,"peak":0.6473333333333333,"messages":[],"unscored":false,"score":7.835666666666665,"duration":5,"genres":["pop"],"role":true,"scoreFactor":1,"totalScore":7.835666666666665,"rank":1},{"title":"Lonely People","instanceSlug":2116,"tags":["#1"],"parents":[],"genre":"adult-contemporary","debut":1975,"playlists":[],"ranks":{},"scores":[0.10566666666666667,0.2773333333333334,0.4363333333333334,0.5786666666666668,0.6473333333333333,0.6156666666666666,0.6,0.5843333333333334,0.5530000000000002,0.5060000000000003,0.4433333333333339,0.3650000000000009,0.27100000000000124,0.161333333333335,0.03600000000000214,0],"ascent":[0.10566666666666667,0.2773333333333334,0.4363333333333334,0.5786666666666668,0.6473333333333333],"descent-weeks":11.08316168898045,"ascent-weeks":4.739443872296603,"peak":0.6473333333333333,"messages":[],"unscored":false,"score":6.828333333333341,"duration":4,"genres":["adult-contemporary"],"role":true,"scoreFactor":1,"totalScore":6.828333333333341,"rank":2},{"title":"The Border","instanceSlug":2118,"tags":[],"parents":[],"genre":"pop","debut":"1983-08","playlists":[],"ranks":{},"peak":0.65,"ascent-weeks":4.5,"descent-weeks":7,"messages":[],"unscored":false,"score":4.983333333333333,"duration":3,"genres":["pop"],"role":true,"scoreFactor":1,"totalScore":4.983333333333333,"rank":3},{"title":"A Horse With No Name","instanceSlug":2112,"tags":["#1","animals"],"parents":[],"genre":"pop","debut":1972,"playlists":[],"ranks":{},"scores":[0.12,0.306,0.537,0.768,0.708,0.6479999999999999,0.5279999999999998,0.34799999999999964,0.10799999999999943,0],"ascent":[0.12,0.306,0.537,0.768],"descent-weeks":6.070312499999997,"ascent-weeks":3.3808593750000004,"peak":0.768,"messages":[],"unscored":false,"score":4.8389999999999995,"duration":3,"genres":["pop"],"role":true,"scoreFactor":1,"totalScore":4.8389999999999995,"rank":4},{"title":"Ventura Highway","instanceSlug":2114,"tags":[],"parents":[],"genre":"pop","debut":1972,"playlists":[],"ranks":{},"scores":[0.075,0.232,0.402,0.537,0.768,0.694,0.6199999999999999,0.47199999999999975,0.24999999999999956,0],"ascent":[0.075,0.232,0.402,0.537,0.768],"descent-weeks":5.476562499999998,"ascent-weeks":3.9335937500000004,"peak":0.768,"messages":[],"unscored":false,"score":4.818,"duration":3,"genres":["pop"],"role":true,"scoreFactor":1,"totalScore":4.818,"rank":5},{"title":"You Can Do Magic","instanceSlug":683,"tags":["you-can"],"parents":[],"genre":"adult-contemporary","debut":"1982-09","playlists":[],"ranks":{},"scores":[0.122,0.294,0.37,0.431,0.466,0.45,0.408,0.36599999999999994,0.28199999999999986,0.15599999999999975,0],"ascent":[0.122,0.294,0.37,0.431,0.466],"descent-weeks":6.849785407725321,"ascent-weeks":5.4173819742489275,"peak":0.466,"messages":[],"unscored":false,"score":3.8109999999999995,"duration":3,"genres":["adult-contemporary"],"role":true,"scoreFactor":1,"totalScore":3.8109999999999995,"rank":6},{"title":"Sister Golden Hair","instanceSlug":2117,"tags":["#1"],"parents":[],"genre":"adult-contemporary","debut":1975,"playlists":[],"ranks":{},"scores":[0.07,0.245,0.406,0.4786666666666668,0.447,0.4153333333333332,0.35199999999999965,0.2569999999999993,0.13033333333333214,0],"ascent":[0.07,0.245,0.406,0.4786666666666668],"descent-weeks":6.51915041782729,"ascent-weeks":3.7594011142061277,"peak":0.4786666666666668,"messages":[],"unscored":false,"score":3.279999999999998,"duration":3,"genres":["adult-contemporary"],"role":true,"scoreFactor":1,"totalScore":3.279999999999998,"rank":7},{"title":"Tin Man","instanceSlug":2115,"tags":["#1"],"parents":[],"genre":"adult-contemporary","debut":1974,"playlists":[],"ranks":{},"scores":[0.1,0.21,0.31,0.341,0.339483741,0.31931,0.29913625899999996,0.2587887769999999,0.19826755399999985,0.11757258999999975,0.01670388499999964,0],"ascent":[0.1,0.21,0.31,0.341],"descent-weeks":8.314939029325508,"ascent-weeks":4.227272727272727,"peak":0.341,"messages":[],"unscored":false,"score":2.8512628059999985,"duration":3,"genres":["adult-contemporary"],"role":true,"scoreFactor":1,"totalScore":2.8512628059999985,"rank":8},{"title":"Someone to Call My Lover","instanceSlug":1784,"tags":[],"parents":[],"genre":"dance","debut":"2001-07","playlists":[],"sample":true,"scores":[0.1,0.161,0.2791,0.41,0.478561,0.4447387431,0.42517814726841,0.4151,0.41,0.4018,0.38539999999999996,0.36079999999999995,0.32799999999999996,0.287,0.23779999999999998,0.1804,0.11480000000000001,0.04100000000000002,0],"ascent":[0.1,0.161,0.2791,0.41,0.478561],"descent-weeks":14.137940274181588,"ascent-weeks":4.477990266653571,"peak":0.478561,"messages":[],"ranks":{},"unscored":false,"score":0.5939238890368409,"duration":5,"genres":["dance"],"role":"sample","scoreFactor":0.1,"totalScore":5.939238890368409,"rank":9}],"score":39.840520028370186,"songCount":9,"songAdjustedAverage":13.280173342790063,"rank":152,"ranks":{"genre:adult-contemporary":{"rank":10,"total":21},"origin:london":{"rank":5,"total":18}}}