{"title":"American Authors","instanceSlug":"american-authors","tags":[],"genres":[],"type":{"title":"All-Male Group","artists":[],"artistCount":0,"score":0,"artistAdjustedAverage":0,"slug":"mmm"},"origin":"","birth":"","death":"","complete":false,"active":true,"songs":[{"title":"Best Day of My Life","instanceSlug":2761,"tags":[],"parents":[],"genre":"pop","debut":2013,"playlists":[],"ranks":{},"scores":[0.075,0.463,0.681,0.694,0.668,0.642,0.537,0.532,0.52136,0.5000800000000001,0.4681600000000001,0.4256000000000001,0.37240000000000006,0.30856000000000006,0.23408000000000007,0.1489600000000001,0.05320000000000011,0],"ascent":[0.075,0.463,0.681,0.694],"descent-weeks":13.196109510086456,"ascent-weeks":4.134726224783862,"peak":0.694,"messages":[],"unscored":false,"score":8.0184,"duration":4,"genres":["pop"],"role":true,"scoreFactor":1,"totalScore":8.0184,"rank":1},{"title":"Go Big or Go Home","instanceSlug":3052,"tags":[],"parents":[],"genre":"pop","debut":"2015-07","playlists":[],"ranks":{},"scores":[0.075,0.463,0.681,0.694,0.668,0.642,0.537,0.43200000000000005,0.2220000000000001,0],"ascent":[0.075,0.463,0.681,0.694],"descent-weeks":6.905619596541786,"ascent-weeks":4.134726224783862,"peak":0.694,"messages":[],"unscored":false,"score":5.107999999999999,"duration":3,"genres":["pop"],"role":true,"scoreFactor":1,"totalScore":5.107999999999999,"rank":2}],"score":13.126399999999999,"songCount":2,"songAdjustedAverage":9.281766452567096,"rank":340}