{"title":"America","instanceSlug":"america","tags":[],"parents":[],"genres":[{"instanceSlug":"adult-contemporary","title":"Adult Contemporary","parents":[]}],"type":{"title":"All-Male Group","artists":[],"artistCount":0,"score":0,"artistAdjustedAverage":0,"slug":"mmm"},"origin":{"title":"London","instanceSlug":"london","tags":[],"parents":["england"]},"birth":"","death":"","complete":true,"songs":[{"title":"I Need You","instanceSlug":2113,"tags":[],"parents":[],"genre":"pop","debut":1972,"playlists":[],"ranks":{},"scores":[0.10566666666666667,0.2773333333333334,0.4363333333333334,0.5786666666666668,0.6473333333333333,0.6156666666666666,0.5966666666666666,0.5866666666666668,0.5749333333333334,0.5514666666666668,0.5162666666666668,0.46933333333333344,0.41066666666666674,0.3402666666666667,0.2581333333333334,0.16426666666666673,0.05866666666666673,0],"ascent":[0.10566666666666667,0.2773333333333334,0.4363333333333334,0.5786666666666668,0.6473333333333333],"descent-weeks":5.840772642750884,"ascent-weeks":4.739443872296603,"peak":0.6473333333333333,"messages":[],"unscored":false,"score":4.565951216049381,"duration":3,"genres":["pop"],"role":true,"scoreFactor":1,"totalScore":4.565951216049381,"rank":1},{"title":"Lonely People","instanceSlug":2116,"tags":["#1"],"parents":[],"genre":"adult-contemporary","debut":1975,"playlists":[],"ranks":{},"scores":[0.10566666666666667,0.2773333333333334,0.4363333333333334,0.5786666666666668,0.6473333333333333,0.6156666666666666,0.6,0.5843333333333334,0.5530000000000002,0.5060000000000003,0.4433333333333339,0.3650000000000009,0.27100000000000124,0.161333333333335,0.03600000000000214,0],"ascent":[0.10566666666666667,0.2773333333333334,0.4363333333333334,0.5786666666666668,0.6473333333333333],"descent-weeks":4.204417911088236,"ascent-weeks":4.739443872296603,"peak":0.6473333333333333,"messages":[],"unscored":false,"score":3.859773240740746,"duration":3,"genres":["adult-contemporary"],"role":true,"scoreFactor":1,"totalScore":3.859773240740746,"rank":2},{"title":"The Border","instanceSlug":2118,"tags":[],"parents":[],"genre":"pop","debut":"1983-08","playlists":[],"ranks":{},"peak":0.65,"ascent-weeks":4.5,"descent-weeks":1.9379629629629629,"messages":[],"unscored":false,"score":2.7897839506172843,"duration":2,"genres":["pop"],"role":true,"scoreFactor":1,"totalScore":2.7897839506172843,"rank":3},{"title":"Ventura Highway","instanceSlug":2114,"tags":[],"parents":[],"genre":"pop","debut":1972,"playlists":[],"ranks":{},"scores":[0.075,0.232,0.402,0.537,0.768,0.694,0.6199999999999999,0.47199999999999975,0.24999999999999956,0],"ascent":[0.075,0.232,0.402,0.537,0.768],"descent-weeks":1.4658932291666662,"ascent-weeks":3.9335937500000004,"peak":0.768,"messages":[],"unscored":false,"score":2.764537333333333,"duration":2,"genres":["pop"],"role":true,"scoreFactor":1,"totalScore":2.764537333333333,"rank":4},{"title":"A Horse With No Name","instanceSlug":2112,"tags":["#1","animals"],"parents":[],"genre":"pop","debut":1972,"playlists":[],"ranks":{},"scores":[0.12,0.306,0.537,0.768,0.708,0.6479999999999999,0.5279999999999998,0.34799999999999964,0.10799999999999943,0],"ascent":[0.12,0.306,0.537,0.768],"descent-weeks":1.631902343749999,"ascent-weeks":3.3808593750000004,"peak":0.768,"messages":[],"unscored":false,"score":2.566534,"duration":2,"genres":["pop"],"role":true,"scoreFactor":1,"totalScore":2.566534,"rank":5},{"title":"You Can Do Magic","instanceSlug":683,"tags":["you-can"],"parents":[],"genre":"adult-contemporary","debut":"1982-09","playlists":[],"ranks":{},"scores":[0.122,0.294,0.37,0.431,0.466,0.45,0.408,0.36599999999999994,0.28199999999999986,0.15599999999999975,0],"ascent":[0.122,0.294,0.37,0.431,0.466],"descent-weeks":1.4502517882689552,"ascent-weeks":5.4173819742489275,"peak":0.466,"messages":[],"unscored":false,"score":2.133544888888889,"duration":2,"genres":["adult-contemporary"],"role":true,"scoreFactor":1,"totalScore":2.133544888888889,"rank":6},{"title":"Sister Golden Hair","instanceSlug":2117,"tags":["#1"],"parents":[],"genre":"adult-contemporary","debut":1975,"playlists":[],"ranks":{},"scores":[0.07,0.245,0.406,0.4786666666666668,0.447,0.4153333333333332,0.35199999999999965,0.2569999999999993,0.13033333333333214,0],"ascent":[0.07,0.245,0.406,0.4786666666666668],"descent-weeks":1.1879340761374166,"ascent-weeks":3.7594011142061277,"peak":0.4786666666666668,"messages":[],"unscored":false,"score":1.578749629629629,"duration":2,"genres":["adult-contemporary"],"role":true,"scoreFactor":1,"totalScore":1.578749629629629,"rank":7},{"title":"Tin Man","instanceSlug":2115,"tags":["#1"],"parents":[],"genre":"adult-contemporary","debut":1974,"playlists":[],"ranks":{},"scores":[0.1,0.21,0.31,0.341,0.339483741,0.31931,0.29913625899999996,0.2587887769999999,0.19826755399999985,0.11757258999999975,0.01670388499999964,0],"ascent":[0.1,0.21,0.31,0.341],"descent-weeks":1.3171153549151973,"ascent-weeks":4.227272727272727,"peak":0.341,"messages":[],"unscored":false,"score":1.260424224017388,"duration":2,"genres":["adult-contemporary"],"role":true,"scoreFactor":1,"totalScore":1.260424224017388,"rank":8},{"title":"Someone to Call My Lover","instanceSlug":1784,"tags":[],"parents":[],"genre":"dance","debut":"2001-07","playlists":[],"sample":true,"scores":[0.1,0.161,0.2791,0.41,0.478561,0.4447387431,0.42517814726841,0.4151,0.41,0.4018,0.38539999999999996,0.36079999999999995,0.32799999999999996,0.287,0.23779999999999998,0.1804,0.11480000000000001,0.04100000000000002,0],"ascent":[0.1,0.161,0.2791,0.41,0.478561],"descent-weeks":4.6649224836736165,"ascent-weeks":4.477990266653571,"peak":0.478561,"messages":[],"ranks":{},"unscored":false,"score":0.2916960979139553,"duration":3,"genres":["dance"],"role":"sample","scoreFactor":0.1,"totalScore":2.9169609791395525,"rank":9}],"songCount":9,"songAdjustedAverage":7.2703315270635365,"collaborators":[{"slug":"janet-jackson","title":"Janet Jackson","songCount":1,"score":0.2916960979139553}],"rank":184,"ranks":{"genre:adult-contemporary":{"rank":3,"total":21},"origin:london":{"rank":3,"total":18}}}