{"title":"American Authors","instanceSlug":"american-authors","tags":[],"genres":[],"type":{"title":"All-Male Group","artists":[],"artistCount":0,"score":0,"artistAdjustedAverage":0,"slug":"mmm"},"origin":"","birth":"","death":"","complete":false,"active":true,"songs":[{"title":"Best Day of My Life","instanceSlug":2761,"tags":[],"parents":[],"genre":"pop","debut":2013,"playlists":[],"ranks":{},"scores":[0.075,0.463,0.681,0.694,0.6900146391652907,0.6780585566611629,0.6581317524876165,0.6302342266446517,0.5943659791322682,0.5505270099504663,0.4987173190992459,0.43893690657860684,0.3711857723885492,0.2954639165290733,0.21177133900017867,0.12010803980186548,0.020474018934133847],"ascent":[0.075,0.463,0.681,0.694],"descent-weeks":13.196109510086456,"messages":[],"score":7.6709894763731095,"debutScore":0.075,"peakScore":0.694,"duration":4,"genres":["pop"],"role":true,"scoreFactor":1,"rank":1},{"title":"Go Big or Go Home","instanceSlug":3052,"tags":[],"parents":[],"genre":"pop","debut":"2015-07","playlists":[],"ranks":{},"scores":[0.075,0.463,0.681,0.694,0.6794469450805181,0.6357877803220723,0.5630225057246626,0.4611511212882892,0.33017362701295183,0.17009002289865072],"ascent":[0.075,0.463,0.681,0.694],"descent-weeks":6.905619596541786,"messages":[],"score":4.752672002327145,"debutScore":0.075,"peakScore":0.694,"duration":3,"genres":["pop"],"role":true,"scoreFactor":1,"rank":2}],"score":12.423661478700254,"songCount":2,"songAdjustedAverage":8.784855278755039,"rank":335}