{"title":"Amy Stewart","instanceSlug":"amy-stewart","tags":[],"parents":[],"genres":[],"type":"","origin":"","birth":"","death":"","complete":false,"songs":[{"title":"Knock on Wood","instanceSlug":1674,"tags":[],"genre":"disco","debut":1979,"playlists":[],"remake":true,"scores":[0.045,0.219,0.29,0.39,0.44,0.465,0.475,0.481,0.485,0.475,0.46499999999999997,0.44499999999999995,0.4149999999999999,0.3749999999999999,0.32499999999999984,0.2649999999999998,0.19499999999999973,0.11499999999999966,0.024999999999999578,0],"ascent":[0.045,0.219,0.29,0.39,0.44,0.465,0.475,0.481,0.485],"descent-weeks":11.087628865979376,"ascent-weeks":10.175257731958764,"peak":0.485,"messages":[],"ranks":{},"unscored":false,"score":6.874999999999998,"duration":5,"genres":["disco"],"role":true,"scoreFactor":1,"totalScore":6.874999999999998,"rank":1}],"score":6.874999999999998,"songCount":1,"songAdjustedAverage":6.874999999999998,"rank":530}