{"title":"Anita Baker","instanceSlug":"anita-baker","tags":[],"parents":[],"genres":[],"members":[],"origin":"","birth":"","death":"","complete":false,"type":{"title":"Solo Female","artists":[],"artistCount":0,"score":0,"artistAdjustedAverage":0,"slug":"f"},"songs":[{"title":"Rapture","instanceSlug":649,"tags":[],"parents":[],"debut":1986,"playlists":[],"ranks":{},"scores":[0.113,0.294,0.4325,0.5115,0.581,0.5786291770903411,0.5715167083613646,0.5596625938130705,0.5430668334454586,0.5217294272585291,0.49565037525228195,0.46482967742671716,0.4292673337818346,0.38896334431763446,0.34391770903411656,0.294130427931281,0.2396015010091279,0.18033092826765698,0.11631870970686853,0.047564845326762265],"ascent":[0.113,0.294,0.4325,0.5115,0.581],"descent-weeks":15.654475043029262,"messages":[],"score":7.707179592023045,"debutScore":0.113,"peakScore":0.581,"duration":5,"role":true,"scoreFactor":1,"rank":1},{"title":"Sweet Love","instanceSlug":275,"tags":[],"genres":["soul","urban"],"debut":"1986-09","playlists":[],"scores":[0.171,0.356,0.537,0.592,0.5872629104521027,0.5730516418084107,0.5493661940689243,0.5162065672336432,0.47357276130256754,0.4214647762756973,0.35988261215303236,0.28882626893457297,0.20829574662031894,0.11829104521027026,0.018812164704427044],"ascent":[0.171,0.356,0.537,0.592],"descent-weeks":11.179054054054049,"messages":[],"ranks":{},"score":5.771032688763968,"debutScore":0.171,"peakScore":0.592,"duration":4,"role":true,"scoreFactor":1,"rank":2},{"title":"Giving You The Best That I Got","instanceSlug":1310,"tags":["give-you"],"genre":"soul","debut":"1988-10","playlists":[],"ranks":{},"scores":[0.055,0.232,0.328,0.431,0.582,0.5748065772859008,0.553226309143603,0.5172591955731068,0.46690523657441224,0.4021644321475191,0.3230367822924276,0.2295222870091376,0.12162094629764902],"ascent":[0.055,0.232,0.328,0.431,0.582],"descent-weeks":8.994845360824739,"messages":[],"score":4.816541766323756,"debutScore":0.055,"peakScore":0.582,"duration":3,"genres":["soul"],"role":true,"scoreFactor":1,"rank":3}],"score":18.294754047110768,"songCount":3,"songAdjustedAverage":10.562481173857398,"rank":235}