{"title":"Anita Baker","instanceSlug":"anita-baker","tags":[],"parents":[],"genres":[],"members":[],"origin":"","birth":"","death":"","complete":false,"type":{"title":"Solo Female","artists":[],"artistCount":0,"score":0,"artistAdjustedAverage":0,"slug":"f"},"songs":[{"title":"Rapture","instanceSlug":649,"tags":[],"parents":[],"debut":1986,"playlists":[],"ranks":{},"scores":[0.113,0.294,0.4325,0.5115,0.581,0.569,0.5615,0.549,0.5315000000000001,0.509,0.4815,0.449,0.4115,0.369,0.3215,0.269,0.21150000000000002,0.149,0.0815,0.019,0],"ascent":[0.113,0.294,0.4325,0.5115,0.581],"descent-weeks":15.654475043029262,"ascent-weeks":4.9879518072289155,"peak":0.581,"messages":[],"unscored":false,"score":7.9955,"duration":5,"role":true,"scoreFactor":1,"totalScore":7.9955,"rank":1},{"title":"Sweet Love","instanceSlug":275,"tags":[],"genres":["soul","urban"],"debut":"1986-09","playlists":[],"scores":[0.171,0.356,0.537,0.592,0.58,0.568,0.5439999999999999,0.5079999999999999,0.45999999999999985,0.3999999999999998,0.32799999999999974,0.24399999999999966,0.14799999999999958,0.03999999999999948,0],"ascent":[0.171,0.356,0.537,0.592],"descent-weeks":11.179054054054049,"ascent-weeks":4.1959459459459465,"peak":0.592,"messages":[],"ranks":{},"unscored":false,"score":6.067999999999998,"duration":4,"role":true,"scoreFactor":1,"totalScore":6.067999999999998,"rank":2},{"title":"Giving You The Best That I Got","instanceSlug":1310,"tags":["give-you"],"genre":"soul","debut":"1988-10","playlists":[],"ranks":{},"scores":[0.055,0.232,0.328,0.431,0.582,0.563,0.5439999999999999,0.5059999999999999,0.44899999999999984,0.3729999999999998,0.2779999999999997,0.1639999999999996,0.030999999999999472,0],"ascent":[0.055,0.232,0.328,0.431,0.582],"descent-weeks":8.994845360824739,"ascent-weeks":4.195876288659794,"peak":0.582,"messages":[],"unscored":false,"score":5.1179999999999986,"duration":4,"genres":["soul"],"role":true,"scoreFactor":1,"totalScore":5.1179999999999986,"rank":3}],"score":19.181499999999996,"songCount":3,"songAdjustedAverage":11.074444188460806,"rank":241}