{"title":"Arrested Development","instanceSlug":"arrested-development","tags":[],"genres":[],"origin":{"title":"United States","instanceSlug":"us","tags":[],"parents":[]},"birth":"","death":"","complete":false,"type":{"title":"All-Male Group","artists":[],"artistCount":0,"score":0,"artistAdjustedAverage":0,"slug":"mmm"},"songs":[{"title":"Tennessee","instanceSlug":878,"tags":["#1","#1-r&b"],"genre":"pop","debut":"1992-04","playlists":["summer"],"sample":"453","scores":[0.322,0.698,0.877,0.852,0.827,0.7769999999999999,0.7019999999999998,0.6019999999999998,0.47699999999999965,0.3269999999999995,0.15199999999999936,0],"ascent":[0.322,0.698,0.877],"descent-weeks":9.566134549600909,"ascent-weeks":3.244583808437856,"peak":0.877,"messages":[],"ranks":{},"unscored":false,"score":7.4899999999999975,"duration":3,"genres":["pop"],"role":true,"scoreFactor":1,"totalScore":7.4899999999999975,"rank":1},{"title":"People Everyday","instanceSlug":877,"tags":[],"parents":[],"genre":"pop","debut":"1992-08","playlists":[],"ranks":{},"scores":[0.122,0.298,0.477,0.414,0.409,0.399,0.384,0.364,0.339,0.309,0.274,0.234,0.189,0.139,0.084,0.024,0],"ascent":[0.122,0.298,0.477],"descent-weeks":12.70125786163522,"ascent-weeks":2.8207547169811322,"peak":0.477,"messages":[],"unscored":false,"score":4.935999999999999,"duration":4,"genres":["pop"],"role":true,"scoreFactor":1,"totalScore":4.935999999999999,"rank":2}],"score":12.425999999999997,"songCount":2,"songAdjustedAverage":8.786508863024036,"rank":380,"ranks":{"origin:us":{"rank":47,"total":154}}}