{"title":"Art of Noise","instanceSlug":"art-of-noise","tags":[],"parents":[],"genres":[],"members":[],"origin":"","birth":"","death":"","complete":false,"songs":[{"title":"Kiss","instanceSlug":2182,"tags":[],"genre":"pop","debut":"1989-01","playlists":[],"remake":"57","scores":[0.1,0.216,0.3,0.346,0.381,0.4,0.395,0.385,0.375,0.355,0.32499999999999996,0.2849999999999999,0.23499999999999988,0.17499999999999982,0.10499999999999976,0.02499999999999969,0],"ascent":[0.1,0.216,0.3,0.346,0.381,0.4],"descent-weeks":11.474999999999998,"ascent-weeks":6.536249999999999,"peak":0.4,"messages":[],"ranks":{},"unscored":false,"score":4.802999999999999,"duration":5,"genres":["pop"],"role":true,"scoreFactor":1,"totalScore":4.802999999999999,"rank":1},{"title":"Paranormia","instanceSlug":631,"tags":["unusual-words"],"parents":[],"genre":"pop","debut":"1986-10","playlists":[],"ranks":{},"scores":[0.097,0.278,0.463,0.45,0.419,0.341,0.26300000000000007,0.10700000000000015,0],"ascent":[0.097,0.278,0.463],"descent-weeks":6.618790496760259,"ascent-weeks":2.714902807775378,"peak":0.463,"messages":[],"unscored":false,"score":2.8810000000000002,"duration":3,"genres":["pop"],"role":true,"scoreFactor":1,"totalScore":2.8810000000000002,"rank":2}],"score":7.683999999999999,"songCount":2,"songAdjustedAverage":5.433408506637431,"rank":702}