{"title":"Art of Noise","instanceSlug":"art-of-noise","tags":[],"parents":[],"genres":[],"members":[],"origin":"","birth":"","death":"","complete":false,"songs":[{"title":"Kiss","instanceSlug":2182,"tags":[],"genre":"pop","debut":"1989-01","playlists":[],"remake":"57","scores":[0.1,0.216,0.3,0.346,0.381,0.4,0.396962232000038,0.3878489280001519,0.3726600880003417,0.35139571200060754,0.3240558000009493,0.29064035200136695,0.25114936800186055,0.20558284800243012,0.15394079200307567,0.09622320000379712,0.03243007200459447],"ascent":[0.1,0.216,0.3,0.346,0.381,0.4],"descent-weeks":11.474999999999998,"messages":[],"ranks":{},"score":4.605889392019213,"debutScore":0.1,"peakScore":0.4,"duration":4,"genres":["pop"],"role":true,"scoreFactor":1,"rank":1},{"title":"Paranormia","instanceSlug":631,"tags":["unusual-words"],"parents":[],"genre":"pop","debut":"1986-10","playlists":[],"ranks":{},"scores":[0.097,0.278,0.463,0.45243124764589127,0.42072499058356505,0.36788122881302127,0.2938999623342601,0.19878119114728132,0.08252491525208511],"ascent":[0.097,0.278,0.463],"descent-weeks":6.618790496760259,"messages":[],"score":2.654243535776104,"debutScore":0.097,"peakScore":0.463,"duration":2,"genres":["pop"],"role":true,"scoreFactor":1,"rank":2}],"score":7.260132927795317,"songCount":2,"songAdjustedAverage":5.133689225559811,"rank":691}