{"title":"Asia","instanceSlug":"asia","tags":[],"parents":[],"genres":[],"members":[],"origin":"","birth":"","death":"","complete":false,"type":{"title":"All-Male Group","artists":[],"artistCount":0,"score":0,"artistAdjustedAverage":0,"slug":"mmm"},"songs":[{"title":"Heat of the Moment","instanceSlug":16,"tags":[],"genres":["rock"],"debut":1982,"scores":[0.038,0.213,0.391,0.41,0.4,0.39000000000000007,0.37000000000000016,0.3400000000000003,0.3000000000000005,0.2500000000000007,0.190000000000001,0.12000000000000133,0.0400000000000017,0],"ascent":[0.038,0.213,0.391,0.41],"descent-weeks":2.2057357723577318,"ascent-weeks":3.8487804878048784,"peak":0.41,"messages":[],"ranks":{},"unscored":false,"score":1.6549011111111134,"duration":2,"playlists":[],"role":true,"scoreFactor":1,"totalScore":1.6549011111111134,"rank":1},{"title":"Don't Cry","instanceSlug":746,"tags":[],"parents":[],"genre":"rock","debut":"1983-08","playlists":[],"ranks":{},"scores":[0.045,0.225,0.408,0.376,0.323,0.27,0.16400000000000003,0.00500000000000006,0],"ascent":[0.045,0.225,0.408],"descent-weeks":0.7022679738562093,"ascent-weeks":2.4926470588235294,"peak":0.408,"messages":[],"unscored":false,"score":0.8690168888888888,"duration":1,"genres":["rock"],"role":true,"scoreFactor":1,"totalScore":0.8690168888888888,"rank":2}],"songCount":2,"songAdjustedAverage":1.7846795329587901,"collaborators":[],"rank":1028}