{"title":"Atlanta Rhythm Section","instanceSlug":"atlanta-rhythm-section","tags":[],"parents":[],"genres":[],"members":[],"origin":{"title":"Atlanta","instanceSlug":"atlanta","tags":[],"parents":["georgia"]},"birth":"","death":"","complete":false,"type":{"title":"All-Male Group","artists":[],"artistCount":0,"score":0,"artistAdjustedAverage":0,"slug":"mmm"},"songs":[{"title":"So In to You","instanceSlug":1881,"tags":[],"parents":[],"genre":"adult-contemporary","debut":"1977-03","playlists":[],"ranks":{},"scores":[0.055,0.395,0.546,0.635,0.655,0.635,0.615,0.575,0.5149999999999999,0.43499999999999983,0.33499999999999974,0.21499999999999964,0.07499999999999951,0],"ascent":[0.055,0.395,0.546,0.635,0.655],"descent-weeks":3.2713428753180644,"ascent-weeks":5.235114503816794,"peak":0.655,"messages":[],"unscored":false,"score":3.7144863888888877,"duration":2,"genres":["adult-contemporary"],"role":true,"scoreFactor":1,"totalScore":3.7144863888888877,"rank":1},{"title":"Imaginary Lover","instanceSlug":1882,"tags":[],"parents":[],"genre":"adult-contemporary","debut":"1978-04","playlists":[],"ranks":{},"scores":[0.07166666666666667,0.369,0.4186666666666667,0.439,0.417,0.40700000000000003,0.39199999999999996,0.37200000000000005,0.34700000000000003,0.317,0.282,0.242,0.19700000000000004,0.15766666666666665,0.12266666666666666,0.08433333333333333,0.064,0.042333333333333334,0.019,0],"ascent":[0.07166666666666667,0.369,0.4186666666666667,0.439],"descent-weeks":3.8518793976208556,"ascent-weeks":4.436218678815489,"peak":0.439,"messages":[],"unscored":false,"score":2.4256500370370366,"duration":2,"genres":["adult-contemporary"],"role":true,"scoreFactor":1,"totalScore":2.4256500370370366,"rank":2},{"title":"Spooky","instanceSlug":1884,"tags":[],"parents":[],"genre":"adult-contemporary","debut":"1979-09","playlists":[],"ranks":{},"scores":[0.065,0.45,0.437,0.391,0.34500000000000003,0.25300000000000006,0.1150000000000001,0],"ascent":[0.065,0.45],"descent-weeks":0.9239714814814814,"ascent-weeks":1.7166666666666666,"peak":0.45,"messages":[],"unscored":false,"score":0.7921914444444443,"duration":1,"genres":["adult-contemporary"],"role":true,"scoreFactor":1,"totalScore":0.7921914444444443,"rank":3},{"title":"I'm Not Gonna Let It Bother Me Tonight","instanceSlug":1883,"tags":[],"parents":[],"genre":"adult-contemporary","debut":"1978-07","playlists":[],"ranks":{},"scores":[0.075,0.351,0.298,0.245,0.139,0],"ascent":[0.075,0.351],"descent-weeks":0.3578221747388415,"ascent-weeks":1.8205128205128207,"peak":0.351,"messages":[],"unscored":false,"score":0.5097303888888889,"duration":1,"genres":["adult-contemporary"],"role":true,"scoreFactor":1,"totalScore":0.5097303888888889,"rank":4}],"songCount":4,"songAdjustedAverage":3.7210291296296285,"collaborators":[],"rank":546,"ranks":{"origin:atlanta":{"rank":1,"total":2}}}