{"title":"Atlanta Rhythm Section","instanceSlug":"atlanta-rhythm-section","tags":[],"parents":[],"genres":[],"members":[],"origin":{"title":"Atlanta","instanceSlug":"atlanta","tags":[],"parents":["georgia"]},"birth":"","death":"","complete":false,"type":{"title":"All-Male Group","artists":[],"artistCount":0,"score":0,"artistAdjustedAverage":0,"slug":"mmm"},"songs":[{"title":"So In to You","instanceSlug":1881,"tags":[],"parents":[],"genre":"adult-contemporary","debut":"1977-03","playlists":[],"ranks":{},"scores":[0.075,0.306,0.521,0.633,0.582,0.577,0.567,0.552,0.532,0.507,0.477,0.442,0.402,0.357,0.307,0.252,0.192,0.127,0.057,0],"score":7.465000000000002,"debutScore":0.075,"peakScore":0.633,"duration":5,"genres":["adult-contemporary"],"role":true,"scoreFactor":1,"rank":1},{"title":"Imaginary Lover","instanceSlug":1882,"tags":[],"parents":[],"genre":"adult-contemporary","debut":"1978-04","playlists":[],"ranks":{},"scores":[0.07166666666666667,0.369,0.4186666666666667,0.439,0.417,0.40700000000000003,0.39199999999999996,0.37200000000000005,0.34700000000000003,0.317,0.282,0.242,0.19700000000000004,0.15766666666666665,0.12266666666666666,0.08433333333333333,0.064,0.042333333333333334,0.019,0],"score":4.761333333333334,"debutScore":0.07166666666666667,"peakScore":0.439,"duration":5,"genres":["adult-contemporary"],"role":true,"scoreFactor":1,"rank":2},{"title":"Spooky","instanceSlug":1884,"tags":[],"parents":[],"genre":"adult-contemporary","debut":"1979-09","playlists":[],"ranks":{},"scores":[0.065,0.45,0.437,0.391,0.386,0.376,0.361,0.341,0.316,0.286,0.251,0.211,0.166,0.116,0.061,0.001,0],"score":4.215,"debutScore":0.065,"peakScore":0.45,"duration":5,"genres":["adult-contemporary"],"role":true,"scoreFactor":1,"rank":3},{"title":"I'm Not Gonna Let It Bother Me Tonight","instanceSlug":1883,"tags":[],"parents":[],"genre":"adult-contemporary","debut":"1978-07","playlists":[],"ranks":{},"scores":[0.075,0.351,0.298,0.293,0.283,0.268,0.248,0.223,0.193,0.158,0.118,0.073,0.023,0],"score":2.6039999999999996,"debutScore":0.075,"peakScore":0.351,"duration":4,"genres":["adult-contemporary"],"role":true,"scoreFactor":1,"rank":4}],"score":19.045333333333335,"songCount":4,"songAdjustedAverage":9.522666666666668,"rank":447,"ranks":{"origin:atlanta":{"rank":2,"total":2}}}