{"title":"Bad Company","instanceSlug":"bad-company","tags":[],"parents":[],"genres":[],"members":[],"origin":"","birth":"","death":"","complete":false,"type":{"title":"All-Male Group","artists":[],"artistCount":0,"score":0,"artistAdjustedAverage":0,"slug":"mmm"},"songs":[{"title":"Bad Company","instanceSlug":28,"tags":[],"debut":"1970s","scores":[0.1,0.21,0.31,0.341,0.3366551265780834,0.3236205063123335,0.30189613920275044,0.27148202524933407,0.23237816445208442,0.18458455681100155,0.12810120232608546,0.06292810099733614],"ascent":[0.1,0.21,0.31,0.341],"descent-weeks":8.859080032680996,"messages":[],"ranks":{},"score":2.8026458219290085,"debutScore":0.1,"peakScore":0.341,"duration":3,"playlists":[],"role":true,"scoreFactor":1,"rank":1},{"title":"If You Needed Somebody","instanceSlug":1402,"tags":["if","need","somebody","you"],"parents":[],"genre":"rock","debut":1990,"playlists":[],"ranks":{},"scores":[0.036,0.12,0.171,0.16818808433535234,0.1597523373414094,0.1456927590181711,0.1260093493656375,0.10070210838380861,0.06977103607268438,0.033216132432264844],"ascent":[0.036,0.12,0.171],"descent-weeks":7.798245614035087,"messages":[],"score":1.1303318069493282,"debutScore":0.036,"peakScore":0.171,"duration":3,"genres":["rock"],"role":true,"scoreFactor":1,"rank":2},{"title":"Walk Through Fire","instanceSlug":963,"tags":[],"parents":[],"genre":"rock","debut":"1991-09","playlists":[],"ranks":{},"scores":[0.036,0.12,0.171,0.1632934989544646,0.1401739958178584,0.10164149059018132,0.04769598327143349],"ascent":[0.036,0.12,0.171],"descent-weeks":4.7105263157894735,"messages":[],"score":0.7798049686339379,"debutScore":0.036,"peakScore":0.171,"duration":2,"genres":["rock"],"role":true,"scoreFactor":1,"rank":3}],"score":4.712782597512275,"songCount":3,"songAdjustedAverage":2.7209263013058957,"rank":1088}