{"title":"Bad Company","instanceSlug":"bad-company","tags":[],"parents":[],"genres":[],"members":[],"origin":"","birth":"","death":"","complete":false,"type":{"title":"All-Male Group","artists":[],"artistCount":0,"score":0,"artistAdjustedAverage":0,"slug":"mmm"},"songs":[{"title":"Bad Company","instanceSlug":28,"tags":[],"debut":"1970s","scores":[0.1,0.21,0.31,0.341,0.339483741,0.31931445187447666,0.2887199391,0.25285131262611,0.212,0.17114868737389,0.08944606212167,0],"ascent":[0.1,0.21,0.31,0.341],"descent-weeks":8.859080032680996,"ascent-weeks":4.227272727272727,"peak":0.341,"messages":[],"ranks":{},"unscored":false,"score":2.974964194096146,"duration":4,"playlists":[],"role":true,"scoreFactor":1,"totalScore":2.974964194096146,"rank":1},{"title":"If You Needed Somebody","instanceSlug":1402,"tags":["if","need","somebody","you"],"parents":[],"genre":"rock","debut":1990,"playlists":[],"ranks":{},"scores":[0.036,0.12,0.171,0.158,0.12,0.115,0.105,0.09,0.07,0.045,0.015,0],"ascent":[0.036,0.12,0.171],"descent-weeks":7.798245614035087,"ascent-weeks":2.868421052631579,"peak":0.171,"messages":[],"unscored":false,"score":1.216,"duration":3,"genres":["rock"],"role":true,"scoreFactor":1,"totalScore":1.216,"rank":2},{"title":"Walk Through Fire","instanceSlug":963,"tags":[],"parents":[],"genre":"rock","debut":"1991-09","playlists":[],"ranks":{},"scores":[0.036,0.12,0.171,0.158,0.12,0.08199999999999999,0.005999999999999978,0],"ascent":[0.036,0.12,0.171],"descent-weeks":4.7105263157894735,"ascent-weeks":2.868421052631579,"peak":0.171,"messages":[],"unscored":false,"score":0.8640000000000001,"duration":2,"genres":["rock"],"role":true,"scoreFactor":1,"totalScore":0.8640000000000001,"rank":3}],"score":5.054964194096146,"songCount":3,"songAdjustedAverage":2.9184849382053297,"rank":1096}