{"title":"Barenaked Ladies","instanceSlug":"barenaked-ladies","tags":[],"parents":[],"genres":[{"instanceSlug":"alternative-rock","title":"Alternative Rock","parents":["rock"]}],"members":[],"origin":{"title":"Toronto","instanceSlug":"toronto","tags":[],"parents":["ontario"]},"birth":"","death":"","complete":true,"type":{"title":"All-Male Group","artists":[],"artistCount":0,"score":0,"artistAdjustedAverage":0,"slug":"mmm"},"songs":[{"title":"One Week","instanceSlug":2845,"tags":["#1","#1-hot-100","#1-modern-rock"],"genre":"alternative-pop","debut":"1998-10","playlists":[],"scores":[0.12,0.45,0.633,0.657,0.672,0.684,0.689,0.661,0.638,0.615,0.569,0.4999999999999999,0.4079999999999998,0.2929999999999997,0.15499999999999958,0],"ascent":[0.12,0.45,0.633,0.657,0.672,0.684,0.689],"descent-weeks":9.8577648766328,"ascent-weeks":8.50145137880987,"peak":0.689,"messages":[],"ranks":{},"unscored":false,"score":8.432999999999998,"duration":5,"genres":["alternative-pop"],"role":true,"scoreFactor":1,"totalScore":8.432999999999998,"rank":1},{"title":"Pinch Me","instanceSlug":2846,"tags":[],"parents":[],"genre":"rock","debut":"2000-10","playlists":[],"ranks":{},"scores":[0.12,0.45,0.633,0.657,0.672,0.684,0.689,0.661,0.6330000000000001,0.5770000000000003,0.49300000000000055,0.3810000000000009,0.24100000000000132,0.07300000000000184,0],"ascent":[0.12,0.45,0.633,0.657,0.672,0.684,0.689],"descent-weeks":8.159651669085642,"ascent-weeks":8.50145137880987,"peak":0.689,"messages":[],"unscored":false,"score":7.653000000000004,"duration":4,"genres":["rock"],"role":true,"scoreFactor":1,"totalScore":7.653000000000004,"rank":2},{"title":"If I Had $1,000,000","instanceSlug":2844,"tags":[],"genre":"alternative-pop","debut":1993,"playlists":[],"scores":[0.11375,0.35425,0.51,0.591,0.56125,0.565751,0.546,0.53225,0.51351,0.48975,0.461,0.42725,0.38851,0.34475,0.301,0.213,0.082,0],"score":7.586021000000001,"debutScore":0.12,"peakScore":0.689,"duration":5,"ascent":[0.11375,0.35425,0.51,0.591],"descent-weeks":15.271626903553301,"ascent-weeks":3.982233502538071,"peak":0.591,"messages":[],"ranks":{},"unscored":false,"genres":["alternative-pop"],"role":true,"scoreFactor":1,"totalScore":7.586021000000001,"rank":3}],"score":23.672021,"songCount":3,"songAdjustedAverage":13.667047696612475,"rank":141,"ranks":{"genre:alternative-rock":{"rank":3,"total":4},"origin:toronto":{"rank":1,"total":2}}}