{"title":"Beck","instanceSlug":"beck","tags":[],"parents":[],"genres":[],"members":[],"origin":"","birth":"","death":"","complete":false,"songs":[{"title":"Loser","instanceSlug":36,"tags":[],"parents":[],"ranks":{},"scores":[0.1,0.21,0.312951,0.35561236147633757,0.357477963561,0.3446276515977258,0.3289181,0.315,0.3010819,0.27324570000000004,0.23149140000000007,0.17581900000000011,0.10622850000000017,0.022719900000000237,0],"ascent":[0.1,0.21,0.312951,0.35561236147633757,0.357477963561],"descent-weeks":10.308090423339609,"ascent-weeks":5.606113360366711,"peak":0.357477963561,"messages":[],"unscored":false,"score":3.7926514401960634,"duration":4,"playlists":[],"role":true,"scoreFactor":1,"totalScore":3.7926514401960634,"rank":1}],"score":3.7926514401960634,"songCount":1,"songAdjustedAverage":3.7926514401960634,"rank":1002}