{"title":"Beck","instanceSlug":"beck","tags":[],"parents":[],"genres":[],"members":[],"origin":"","birth":"","death":"","complete":false,"songs":[{"title":"Loser","instanceSlug":36,"tags":[],"parents":[],"ranks":{},"scores":[0.1,0.21,0.312951,0.35561236147633757,0.357477963561,0.3446276515977258,0.3289181,0.315,0.299,0.268,0.221,0.158,0.079,0],"messages":[],"score":3.3495870766350633,"debutScore":0.1,"peakScore":0.357477963561,"duration":4,"playlists":[],"role":true,"scoreFactor":1,"rank":1}],"score":3.3495870766350633,"songCount":1,"songAdjustedAverage":3.3495870766350633,"rank":964}