{"title":"Belinda Carlisle","instanceSlug":"belinda-carlisle","tags":[],"parents":[],"genres":[],"members":[],"origin":"","birth":"","death":"","complete":false,"songs":[{"title":"Heaven Is a Place on Earth","instanceSlug":418,"tags":["earth","heaven","place"],"parents":[],"genre":"pop","debut":"1987-10","playlists":[],"ranks":{},"scores":[0.018,0.171,0.232,0.249,0.26,0.253,0.242,0.222,0.2,0.145,0.08999999999999997,0],"ascent":[0.018,0.171,0.232,0.249,0.26],"descent-weeks":8.146153846153846,"ascent-weeks":5.365384615384615,"peak":0.26,"messages":[],"unscored":false,"score":2.342,"duration":4,"genres":["pop"],"role":true,"scoreFactor":1,"totalScore":2.342,"rank":1},{"title":"Leave a Light On for Me","instanceSlug":1415,"tags":["leave","light"],"parents":[],"genre":"pop","debut":"1989-10","playlists":[],"ranks":{},"scores":[0.05,0.192,0.2821,0.262,0.233,0.20400000000000001,0.14600000000000002,0.059000000000000025,0],"ascent":[0.05,0.192,0.2821],"descent-weeks":6.3068060971286775,"ascent-weeks":2.7867777383906414,"peak":0.2821,"messages":[],"unscored":false,"score":1.7101999999999997,"duration":3,"genres":["pop"],"role":true,"scoreFactor":1,"totalScore":1.7101999999999997,"rank":2},{"title":"Circle in the Sand","instanceSlug":795,"tags":[],"genre":"pop","debut":"1988-04","playlists":[],"scores":[0.03,0.192,0.2821,0.262,0.233,0.20400000000000001,0.14600000000000002,0.059000000000000025,0],"ascent":[0.03,0.192,0.2821],"descent-weeks":6.3068060971286775,"ascent-weeks":2.680432470755051,"peak":0.2821,"messages":[],"ranks":{},"unscored":false,"score":1.6902,"duration":3,"genres":["pop"],"role":true,"scoreFactor":1,"totalScore":1.6902,"rank":3},{"title":"I Get Weak","instanceSlug":327,"tags":[],"genre":"pop","debut":"1988-02","playlists":[],"scores":[0.038,0.213,0.332,0.275,0.206,0.13699999999999996,0],"ascent":[0.038,0.213,0.332],"descent-weeks":4.292168674698795,"ascent-weeks":2.634036144578313,"peak":0.332,"messages":[],"ranks":{},"unscored":false,"score":1.5329999999999997,"duration":2,"genres":["pop"],"role":true,"scoreFactor":1,"totalScore":1.5329999999999997,"rank":4}],"score":7.275399999999999,"songCount":4,"songAdjustedAverage":3.6376999999999997,"rank":1015}