{"title":"Bell Biv DeVoe","instanceSlug":"bell-biv-devoe","tags":[],"parents":[],"genres":[],"members":[],"origin":"","birth":"","death":"","complete":false,"songs":[{"title":"Poison","instanceSlug":38,"tags":[],"genres":["pop","urban"],"debut":1990,"scores":[0.084,0.174,0.23,0.21,0.18999999999999997,0.14999999999999994,0.08999999999999989,0.009999999999999815,0],"ascent":[0.084,0.174,0.23],"descent-weeks":5.739130434782606,"ascent-weeks":3.1826086956521737,"peak":0.23,"messages":[],"ranks":{},"unscored":false,"score":1.3679999999999994,"duration":3,"playlists":[],"role":true,"scoreFactor":1,"totalScore":1.3679999999999994,"rank":1},{"title":"The Best Things in Life Are Free","instanceSlug":1078,"tags":["#1","#1-r&b"],"parents":[],"genre":"soul","debut":"1992-06","source":"mo-money","playlists":["summer"],"scores":[0.232,0.45,0.65,0.67,0.65,0.63,0.59,0.5299999999999999,0.44999999999999984,0.34999999999999976,0.22999999999999965,0.08999999999999952,0],"ascent":[0.232,0.45,0.65,0.67],"descent-weeks":9.38059701492537,"ascent-weeks":4.482089552238806,"peak":0.67,"messages":[],"ranks":{},"unscored":false,"score":0.6191999999999999,"duration":4,"genres":["soul"],"sources":["mo-money"],"role":"backup","scoreFactor":0.1,"totalScore":6.191999999999998,"rank":2}],"score":1.9871999999999992,"songCount":2,"songAdjustedAverage":1.4051625955739067,"rank":1173}