{"title":"Bell Biv DeVoe","instanceSlug":"bell-biv-devoe","tags":[],"parents":[],"genres":[],"members":[],"origin":"","birth":"","death":"","complete":false,"songs":[{"title":"Poison","instanceSlug":38,"tags":[],"genres":["pop","urban"],"debut":1990,"scores":[0.084,0.174,0.23,0.2230171028466483,0.20206841138659318,0.16715392561983464,0.11827364554637271,0.05542757116620735],"ascent":[0.084,0.174,0.23],"descent-weeks":5.739130434782606,"messages":[],"ranks":{},"score":1.2539406565656561,"debutScore":0.084,"peakScore":0.23,"duration":2,"playlists":[],"role":true,"scoreFactor":1,"rank":1},{"title":"The Best Things in Life Are Free","instanceSlug":1078,"tags":["#1","#1-r&b"],"parents":[],"genre":"soul","debut":"1992-06","source":"mo-money","playlists":["summer"],"scores":[0.232,0.45,0.65,0.67,0.6623859829663511,0.6395439318654043,0.6014738466971593,0.5481757274616167,0.479649574158776,0.39589538678863734,0.2969131653512009,0.18270290984646634,0.053264620274434064],"ascent":[0.232,0.45,0.65,0.67],"descent-weeks":9.38059701492537,"messages":[],"ranks":{},"score":0.5862005145410046,"debutScore":0.232,"peakScore":0.67,"duration":3,"genres":["soul"],"sources":["mo-money"],"role":"backup","scoreFactor":0.1,"rank":2}],"score":1.8401411711066609,"songCount":2,"songAdjustedAverage":1.301176300430075,"rank":1166}