{"title":"Bellamy Brothers","instanceSlug":"bellamy-brothers","tags":[],"parents":[],"genres":[],"members":[],"origin":"","birth":"","death":"","complete":false,"type":{"title":"All-Male Group","artists":[],"artistCount":0,"score":0,"artistAdjustedAverage":0,"slug":"mmm"},"songs":[{"title":"Let Your Love Flow","instanceSlug":1048,"tags":[],"parents":[],"genre":"pop","debut":1976,"playlists":[],"scores":[0.12,0.582,0.912,0.91,0.904,0.87,0.836,0.7679999999999999,0.6659999999999998,0.5299999999999997,0.35999999999999954,0.15599999999999936,0],"ascent":[0.12,0.582,0.912],"descent-weeks":11.368421052631575,"ascent-weeks":2.6546052631578942,"peak":0.912,"messages":[],"ranks":{},"unscored":false,"score":8.525999999999996,"duration":4,"genres":["pop"],"role":true,"scoreFactor":1,"totalScore":8.525999999999996,"rank":1}],"score":8.525999999999996,"songCount":1,"songAdjustedAverage":8.525999999999996,"rank":395}