{"title":"Bell Biv DeVoe","instanceSlug":"bell-biv-devoe","tags":[],"parents":[],"genres":[],"members":[],"origin":"","birth":"","death":"","complete":false,"songs":[{"title":"Poison","instanceSlug":38,"tags":[],"genres":["pop","urban"],"debut":1990,"scores":[0.084,0.174,0.23,0.21,0.18999999999999997,0.14999999999999994,0.08999999999999989,0.009999999999999815,0],"ascent":[0.084,0.174,0.23],"descent-weeks":0.43617391304347786,"ascent-weeks":3.1826086956521737,"peak":0.23,"messages":[],"ranks":{},"unscored":false,"score":0.5548799999999998,"duration":1,"playlists":[],"role":true,"scoreFactor":1,"totalScore":0.5548799999999998,"rank":1},{"title":"The Best Things in Life Are Free","instanceSlug":1078,"tags":["#1","#1-r&b"],"parents":[],"genre":"soul","debut":"1992-06","source":"mo-money","playlists":["summer"],"scores":[0.232,0.45,0.65,0.67,0.65,0.63,0.59,0.5299999999999999,0.44999999999999984,0.34999999999999976,0.22999999999999965,0.08999999999999952,0],"ascent":[0.232,0.45,0.65,0.67],"descent-weeks":3.226925373134326,"ascent-weeks":4.482089552238806,"peak":0.67,"messages":[],"ranks":{},"unscored":false,"score":0.344336,"duration":2,"genres":["soul"],"sources":["mo-money"],"role":"backup","scoreFactor":0.1,"totalScore":3.4433599999999993,"rank":2}],"songCount":2,"songAdjustedAverage":0.6358417313514423,"collaborators":[{"slug":"luther-vandross","title":"Luther Vandross","songCount":1,"score":0.344336},{"slug":"janet-jackson","title":"Janet Jackson","songCount":1,"score":0.344336}],"rank":1185}