{"title":"Better Than Ezra","instanceSlug":"better-than-ezra","tags":[],"parents":[],"genres":[{"instanceSlug":"rock","title":"Rock","parents":[]}],"members":[],"origin":{"title":"New Orleans","instanceSlug":"new-orleans","tags":[],"parents":["louisiana"]},"birth":"","death":"","complete":false,"type":{"title":"All-Male Group","artists":[],"artistCount":0,"score":0,"artistAdjustedAverage":0,"slug":"mmm"},"songs":[{"title":"Rosalia","instanceSlug":1915,"tags":[],"parents":[],"genre":"adult-alternative","debut":"1996-02","playlists":[],"ranks":{},"scores":[0.134,0.4365,0.581,0.626,0.651,0.6465,0.63357,0.60771,0.56892,0.5172,0.45255,0.37497,0.28446000000000005,0.18102000000000007,0.06465000000000008,0],"ascent":[0.134,0.4365,0.581,0.626,0.651],"descent-weeks":4.726821195276497,"ascent-weeks":5.595622119815667,"peak":0.651,"messages":[],"unscored":false,"score":4.47994039875,"duration":3,"genres":["adult-alternative"],"role":true,"scoreFactor":1,"totalScore":4.47994039875,"rank":1},{"title":"Desperately Wanting","instanceSlug":1891,"tags":[],"genre":"adult-alternative","debut":"1997-02","playlists":[],"scores":[0.171,0.41,0.55,0.65,0.71,0.73,0.67,0.6100000000000001,0.4900000000000002,0.3100000000000004,0.07000000000000062,0],"ascent":[0.171,0.41,0.55,0.65,0.71,0.73],"descent-weeks":2.0058082191780833,"ascent-weeks":6.618493150684932,"peak":0.73,"messages":[],"ranks":{},"unscored":false,"score":4.197160000000001,"duration":2,"genres":["adult-alternative"],"role":true,"scoreFactor":1,"totalScore":4.197160000000001,"rank":2},{"title":"Good","instanceSlug":330,"tags":[],"genre":"rock","debut":"1995-08","playlists":["summer"],"scores":[0.126,0.353,0.505,0.567,0.572,0.556,0.5400000000000001,0.5080000000000003,0.46000000000000063,0.396000000000001,0.3160000000000015,0.22000000000000208,0.10800000000000276,0],"ascent":[0.126,0.353,0.505,0.567,0.572],"descent-weeks":3.1056416083916205,"ascent-weeks":5.5673076923076925,"peak":0.572,"messages":[],"ranks":{},"unscored":false,"score":3.3072846666666713,"duration":2,"genres":["rock"],"role":true,"scoreFactor":1,"totalScore":3.3072846666666713,"rank":3}],"songCount":3,"songAdjustedAverage":6.9191879435904475,"collaborators":[],"rank":204,"ranks":{"genre:rock":{"rank":8,"total":98},"origin:new-orleans":{"rank":2,"total":5}}}