{"title":"Better Than Ezra","instanceSlug":"better-than-ezra","tags":[],"parents":[],"genres":[{"instanceSlug":"rock","title":"Rock","parents":[]}],"members":[],"origin":{"title":"New Orleans","instanceSlug":"new-orleans","tags":[],"parents":["louisiana"]},"birth":"","death":"","complete":false,"type":{"title":"All-Male Group","artists":[],"artistCount":0,"score":0,"artistAdjustedAverage":0,"slug":"mmm"},"songs":[{"title":"Rosalia","instanceSlug":1915,"tags":[],"parents":[],"genre":"adult-alternative","debut":"1996-02","playlists":[],"ranks":{},"scores":[0.134,0.4365,0.581,0.626,0.651,0.6460607942639824,0.6312431770559295,0.6065471483758414,0.5719727082237182,0.5275198565995596,0.47318859350336573,0.4089789189351367,0.3348908328948725,0.250924335382573,0.15707942639823821,0.05335610594186824],"ascent":[0.134,0.4365,0.581,0.626,0.651],"descent-weeks":11.480529953917051,"messages":[],"score":7.090261897575086,"debutScore":0.134,"peakScore":0.651,"duration":4,"genres":["adult-alternative"],"role":true,"scoreFactor":1,"rank":1},{"title":"Desperately Wanting","instanceSlug":1891,"tags":[],"genre":"adult-alternative","debut":"1997-02","playlists":[],"scores":[0.171,0.41,0.55,0.65,0.71,0.73,0.7091550390089163,0.6466201560356654,0.5423953510802471,0.39648062414266133,0.2088759752229085],"ascent":[0.171,0.41,0.55,0.65,0.71,0.73],"descent-weeks":5.9178082191780845,"messages":[],"ranks":{},"score":5.724527145490399,"debutScore":0.171,"peakScore":0.73,"duration":3,"genres":["adult-alternative"],"role":true,"scoreFactor":1,"rank":2},{"title":"Good","instanceSlug":330,"tags":[],"genre":"rock","debut":"1995-08","playlists":["summer"],"scores":[0.126,0.353,0.505,0.567,0.572,0.5658446243406666,0.5473784973626667,0.5166016190660002,0.4735139894506671,0.4181156085166673,0.3504064762640009,0.2703865926926679,0.17805595780266834,0.07341457159400212],"ascent":[0.126,0.353,0.505,0.567,0.572],"descent-weeks":9.639860139860163,"messages":[],"ranks":{},"score":5.516717937090006,"debutScore":0.126,"peakScore":0.572,"duration":4,"genres":["rock"],"role":true,"scoreFactor":1,"rank":3}],"score":18.331506980155492,"songCount":3,"songAdjustedAverage":10.583700489644277,"rank":232,"ranks":{"genre:rock":{"rank":49,"total":98},"origin:new-orleans":{"rank":2,"total":5}}}