{"title":"Billy Preston","instanceSlug":"billy-preston","tags":[],"parents":[],"genres":[],"members":[],"origin":"","birth":"","death":"","complete":false,"type":{"title":"Solo Male","artists":[],"artistCount":0,"score":0,"artistAdjustedAverage":0,"slug":"m"},"songs":[{"title":"Instant Karma (We All Shine On)","instanceSlug":2047,"tags":[],"parents":[],"genre":"pop","debut":1970,"playlists":[],"ranks":{},"scores":[0.097,0.351,0.537,0.633,0.582,0.5309999999999999,0.4289999999999998,0.2759999999999997,0.07199999999999951,0],"ascent":[0.097,0.351,0.537,0.633],"descent-weeks":5.978672985781989,"ascent-weeks":3.8341232227488145,"peak":0.633,"messages":[],"unscored":false,"score":0.4140999999999999,"duration":3,"genres":["pop"],"role":"backup","scoreFactor":0.1,"totalScore":4.140999999999999,"rank":1},{"title":"Oh My My","instanceSlug":2965,"tags":[],"genre":"pop","debut":1974,"playlists":[],"ranks":{},"scores":[0.018,0.145,0.267,0.328,0.376,0.37,0.267,0.16400000000000003,0],"ascent":[0.018,0.145,0.267,0.328,0.376],"descent-weeks":4.695478723404255,"ascent-weeks":4.523936170212766,"peak":0.376,"messages":[],"unscored":false,"score":0.2311,"duration":3,"genres":["pop"],"role":"backup","scoreFactor":0.1,"totalScore":2.311,"rank":2}],"score":0.6451999999999999,"songCount":2,"songAdjustedAverage":0.45622529522156036,"rank":1245}