{"title":"Billy Preston","instanceSlug":"billy-preston","tags":[],"parents":[],"genres":[],"members":[],"origin":"","birth":"","death":"","complete":false,"type":{"title":"Solo Male","artists":[],"artistCount":0,"score":0,"artistAdjustedAverage":0,"slug":"m"},"songs":[{"title":"Instant Karma (We All Shine On)","instanceSlug":2047,"tags":[],"parents":[],"genre":"pop","debut":1970,"playlists":[],"ranks":{},"scores":[0.097,0.351,0.537,0.633,0.6152909970247563,0.5621639880990252,0.4736189732228067,0.3496559523961008,0.19027492561890744],"ascent":[0.097,0.351,0.537,0.633],"descent-weeks":5.978672985781989,"messages":[],"score":0.3809004836361597,"debutScore":0.097,"peakScore":0.633,"duration":3,"genres":["pop"],"role":"backup","scoreFactor":0.1,"rank":1},{"title":"Oh My My","instanceSlug":2965,"tags":[],"genre":"pop","debut":1974,"playlists":[],"ranks":{},"scores":[0.018,0.145,0.267,0.328,0.376,0.3589459280470961,0.3077837121883843,0.22251335242386466,0.10313484875353716],"ascent":[0.018,0.145,0.267,0.328,0.376],"descent-weeks":4.695478723404255,"messages":[],"score":0.2126377841412882,"debutScore":0.018,"peakScore":0.376,"duration":2,"genres":["pop"],"role":"backup","scoreFactor":0.1,"rank":2}],"score":0.5935382677774479,"songCount":2,"songAdjustedAverage":0.41969493403915026,"rank":1240}