{"title":"BJ Thomas","instanceSlug":"bj-thomas","tags":[],"parents":[],"genres":[],"members":[],"origin":"","birth":"","death":"","complete":false,"type":{"title":"Solo Male","artists":[],"artistCount":0,"score":0,"artistAdjustedAverage":0,"slug":"m"},"songs":[{"title":"Another Somebody Done Somebody Wrong Song","instanceSlug":"1099","tags":["another","done","","somebody","song","wrong"],"parents":[],"genre":"pop","debut":"1970s","playlists":[],"ranks":{},"scores":[0.1,0.21,0.312951,0.35561236147633757,0.357477963561,0.3446276515977258,0.3289181,0.31523776166182677,0.31,0.3038,0.2914,0.2728,0.248,0.217,0.17980000000000002,0.13640000000000002,0.08680000000000003,0.03100000000000004,0],"ascent":[0.1,0.21,0.312951,0.35561236147633757,0.357477963561],"descent-weeks":3.7979818802043264,"ascent-weeks":5.606113360366711,"peak":0.357477963561,"messages":[],"unscored":false,"score":2.2411712104886847,"duration":3,"genres":["pop"],"role":true,"scoreFactor":1,"totalScore":2.2411712104886847,"rank":1},{"title":"Raindrops Keep Falling on My Head","instanceSlug":169,"tags":["fall","head","long-title","rain"],"parents":[],"ranks":{},"scores":[0.1,0.21,0.312951,0.35561236147633757,0.357477963561,0.3446276515977258,0.3289181,0.31523776166182677,0.31,0.28331,0.2643212411,0.2428924261,0.219594933345851,0.19466121,0.169727486654149,0.11986003996244698,0.04505886992489397,0],"ascent":[0.1,0.21,0.312951,0.35561236147633757,0.357477963561],"descent-weeks":3.3759634758165054,"ascent-weeks":5.606113360366711,"peak":0.357477963561,"messages":[],"unscored":false,"score":2.140596357298137,"duration":3,"playlists":[],"role":true,"scoreFactor":1,"totalScore":2.140596357298137,"rank":2}],"songCount":2,"songAdjustedAverage":3.0983775607653468,"collaborators":[],"rank":674}