{"title":"BJ Thomas","instanceSlug":"bj-thomas","tags":[],"parents":[],"genres":[],"members":[],"origin":"","birth":"","death":"","complete":false,"type":{"title":"Solo Male","artists":[],"artistCount":0,"score":0,"artistAdjustedAverage":0,"slug":"m"},"songs":[{"title":"Another Somebody Done Somebody Wrong Song","instanceSlug":"1099","tags":["another","done","","somebody","song","wrong"],"parents":[],"genre":"pop","debut":"1970s","playlists":[],"ranks":{},"scores":[0.1,0.21,0.312951,0.35561236147633757,0.357477963561,0.3557454160143011,0.3505477733742044,0.34188503564070993,0.32975720281381765,0.31416427489352755,0.2951062518798397,0.272583133772754,0.2465949205722706,0.21714161227838932,0.18422320889111027,0.14783971041043345,0.10799111683635884,0.06467742816888644,0.017898644408016227],"ascent":[0.1,0.21,0.312951,0.35561236147633757,0.357477963561],"descent-weeks":14.364220283901819,"messages":[],"score":4.582197054991957,"debutScore":0.1,"peakScore":0.357477963561,"duration":5,"genres":["pop"],"role":true,"scoreFactor":1,"rank":1},{"title":"Raindrops Keep Falling on My Head","instanceSlug":169,"tags":["fall","head","long-title","rain"],"parents":[],"ranks":{},"scores":[0.1,0.21,0.312951,0.35561236147633757,0.357477963561,0.3554898707734612,0.34952559241084497,0.33958512847315114,0.3256684789603798,0.307775643872531,0.28590662320960464,0.2600614169716007,0.23024002515851932,0.19644244777036038,0.15866868480712398,0.11691873626881001,0.07119260215541856,0.02149028246694952],"ascent":[0.1,0.21,0.312951,0.35561236147633757,0.357477963561],"descent-weeks":13.409306347477479,"messages":[],"score":4.355006858336093,"debutScore":0.1,"peakScore":0.357477963561,"duration":5,"playlists":[],"role":true,"scoreFactor":1,"rank":2}],"score":8.93720391332805,"songCount":2,"songAdjustedAverage":6.319557491961213,"rank":548}