{"title":"Blessid Union of Souls","instanceSlug":"blessid-union-of-souls","tags":[],"parents":[],"genres":[],"members":[],"origin":"","birth":"","death":"","complete":false,"type":{"title":"All-Male Group","artists":[],"artistCount":0,"score":0,"artistAdjustedAverage":0,"slug":"mmm"},"songs":[{"title":"Hey Leonardo (She Likes Me for Me)","instanceSlug":550,"tags":[],"genres":["pop"],"debut":"1999-08","playlists":[],"scores":[0.18,0.361,0.54,0.57,0.56,0.5488000000000001,0.5264000000000001,0.49280000000000007,0.44800000000000006,0.39200000000000007,0.3248000000000001,0.24640000000000006,0.15680000000000005,0.056000000000000036,0],"ascent":[0.18,0.361,0.54,0.57],"descent-weeks":3.774167543859649,"ascent-weeks":4.344736842105263,"peak":0.57,"messages":[],"ranks":{},"unscored":false,"score":3.085183666666666,"duration":2,"role":true,"scoreFactor":1,"totalScore":3.085183666666666,"rank":1},{"title":"Let Me Be the One","instanceSlug":341,"tags":["be","let","let-me","let-me-be-the-one","the-one"],"parents":[],"genre":"pop","debut":"1995-09","playlists":[],"ranks":{},"scores":[0.075,0.185,0.271,0.319,0.346,0.337,0.328,0.306,0.267,0.22800000000000004,0.15000000000000008,0.03300000000000014,0],"ascent":[0.075,0.185,0.271,0.319,0.346],"descent-weeks":1.5332478323699423,"ascent-weeks":5.184971098265897,"peak":0.346,"messages":[],"unscored":false,"score":1.5496691666666667,"duration":2,"genres":["pop"],"role":true,"scoreFactor":1,"totalScore":1.5496691666666667,"rank":2}],"songCount":2,"songAdjustedAverage":3.2773358682516824,"collaborators":[],"rank":625}