{"title":"Blues Traveler","instanceSlug":"blues-traveler","tags":[],"parents":[],"genres":[],"members":[],"origin":"","birth":"","death":"","complete":false,"type":{"title":"All-Male Group","artists":[],"artistCount":0,"score":0,"artistAdjustedAverage":0,"slug":"mmm"},"songs":[{"title":"Runaround","instanceSlug":347,"tags":["around","run","runaround"],"genre":"pop","debut":"1995-10","playlists":["harmonica"],"scores":[0.065,0.252,0.404,0.466,0.471,0.457,0.44300000000000006,0.41500000000000015,0.3730000000000003,0.31700000000000045,0.24700000000000066,0.16300000000000092,0.06500000000000122,0],"ascent":[0.065,0.252,0.404,0.466,0.471],"descent-weeks":2.4064329440905925,"ascent-weeks":5.2802547770700645,"peak":0.471,"messages":[],"ranks":{},"unscored":false,"score":2.413619944444446,"duration":2,"genres":["pop"],"role":true,"scoreFactor":1,"totalScore":2.413619944444446,"rank":1},{"title":"Hook","instanceSlug":1918,"tags":[],"parents":[],"genre":"adult-alternative","debut":"1996-02","playlists":[],"ranks":{},"scores":[0.1,0.21,0.312951,0.35561236147633757,0.357477963561,0.3446276515977258,0.3289181,0.31523776166182677,0.31,0.3038,0.2914,0.2728,0.248,0.217,0.17980000000000002,0.13640000000000002,0.08680000000000003,0.03100000000000004,0],"ascent":[0.1,0.21,0.312951,0.35561236147633757,0.357477963561],"descent-weeks":3.7979818802043264,"ascent-weeks":5.606113360366711,"peak":0.357477963561,"messages":[],"unscored":false,"score":2.2411712104886847,"duration":3,"genres":["adult-alternative"],"role":true,"scoreFactor":1,"totalScore":2.2411712104886847,"rank":2}],"songCount":2,"songAdjustedAverage":3.291434390660378,"collaborators":[],"rank":621}