{"title":"Blues Traveler","instanceSlug":"blues-traveler","tags":[],"parents":[],"genres":[],"members":[],"origin":"","birth":"","death":"","complete":false,"type":{"title":"All-Male Group","artists":[],"artistCount":0,"score":0,"artistAdjustedAverage":0,"slug":"mmm"},"songs":[{"title":"Hook","instanceSlug":1918,"tags":[],"parents":[],"genre":"adult-alternative","debut":"1996-02","playlists":[],"ranks":{},"scores":[0.1,0.21,0.312951,0.35561236147633757,0.357477963561,0.3557454160143011,0.3505477733742044,0.34188503564070993,0.32975720281381765,0.31416427489352755,0.2951062518798397,0.272583133772754,0.2465949205722706,0.21714161227838932,0.18422320889111027,0.14783971041043345,0.10799111683635884,0.06467742816888644,0.017898644408016227],"ascent":[0.1,0.21,0.312951,0.35561236147633757,0.357477963561],"descent-weeks":14.364220283901819,"messages":[],"score":4.582197054991957,"debutScore":0.1,"peakScore":0.357477963561,"duration":5,"genres":["adult-alternative"],"role":true,"scoreFactor":1,"rank":1},{"title":"Runaround","instanceSlug":347,"tags":["around","run","runaround"],"genre":"pop","debut":"1995-10","playlists":["harmonica"],"scores":[0.065,0.252,0.404,0.466,0.471,0.4656673659148218,0.44966946365928717,0.4230062932333962,0.3856778546371488,0.3376841478705451,0.27902517293358503,0.20970092982626848,0.12971141854859555,0.03905663910056621],"ascent":[0.065,0.252,0.404,0.466,0.471],"descent-weeks":9.398089171974535,"messages":[],"ranks":{},"score":4.377199285724213,"debutScore":0.065,"peakScore":0.471,"duration":4,"genres":["pop"],"role":true,"scoreFactor":1,"rank":2}],"score":8.95939634071617,"songCount":2,"songAdjustedAverage":6.335249907858343,"rank":552}