{"title":"Bonnie Tyler","instanceSlug":"bonnie-tyler","tags":[],"parents":[],"genres":[],"members":[],"origin":"","birth":"","death":"","complete":false,"type":{"title":"Solo Female","artists":[],"artistCount":0,"score":0,"artistAdjustedAverage":0,"slug":"f"},"songs":[{"title":"Holding Out for a Hero","instanceSlug":1483,"tags":["hold"],"genre":"pop","debut":"1983-12","playlists":[],"ranks":{},"scores":[0.171,0.402,0.59,0.63,0.65,0.67,0.664844567559249,0.649378270236996,0.623601108033241,0.587513080947984,0.5411141889812251,0.484404432132964,0.41738381040320105,0.340052323791936,0.25240997229916895,0.15445675592490007,0.04619267466912897],"ascent":[0.171,0.402,0.59,0.63,0.65,0.67],"descent-weeks":11.4,"messages":[],"score":7.874351184979995,"debutScore":0.171,"peakScore":0.67,"duration":4,"genres":["pop"],"role":true,"scoreFactor":1,"rank":1},{"title":"Total Eclipse of the Heart","instanceSlug":370,"tags":[],"genre":"pop","debut":"1983-07","playlists":["summer"],"scores":[0.045,0.171,0.306,0.402,0.463,0.498,0.4880008995110616,0.4580035980442465,0.40800809559955475,0.33801439217698626,0.248022487776541,0.13803238239821902,0.00804407604202026],"ascent":[0.045,0.171,0.306,0.402,0.463,0.498],"descent-weeks":7.057228915662652,"messages":[],"ranks":{},"score":3.9711259315486296,"debutScore":0.045,"peakScore":0.498,"duration":3,"genres":["pop"],"role":true,"scoreFactor":1,"rank":2}],"score":11.845477116528624,"songCount":2,"songAdjustedAverage":8.376017195487462,"rank":369}