{"title":"Bonnie Tyler","instanceSlug":"bonnie-tyler","tags":[],"parents":[],"genres":[],"members":[],"origin":"","birth":"","death":"","complete":false,"type":{"title":"Solo Female","artists":[],"artistCount":0,"score":0,"artistAdjustedAverage":0,"slug":"f"},"songs":[{"title":"Holding Out for a Hero","instanceSlug":1483,"tags":["hold"],"genre":"pop","debut":"1983-12","playlists":[],"ranks":{},"scores":[0.171,0.402,0.59,0.63,0.65,0.67,0.66,0.6468,0.6204000000000001,0.5808000000000001,0.5280000000000001,0.46200000000000013,0.38280000000000014,0.2904000000000001,0.18480000000000008,0.06600000000000006,0],"ascent":[0.171,0.402,0.59,0.63,0.65,0.67],"descent-weeks":5.1965,"ascent-weeks":6.969402985074627,"peak":0.67,"messages":[],"unscored":false,"score":5.434103333333334,"duration":3,"genres":["pop"],"role":true,"scoreFactor":1,"totalScore":5.434103333333334,"rank":1},{"title":"Total Eclipse of the Heart","instanceSlug":370,"tags":[],"genre":"pop","debut":"1983-07","playlists":["summer"],"scores":[0.045,0.171,0.306,0.402,0.463,0.498,0.47,0.431,0.392,0.31400000000000006,0.19700000000000012,0.0410000000000002,0],"ascent":[0.045,0.171,0.306,0.402,0.463,0.498],"descent-weeks":1.6576646586345383,"ascent-weeks":5.677710843373494,"peak":0.498,"messages":[],"ranks":{},"unscored":false,"score":2.4353446666666665,"duration":2,"genres":["pop"],"role":true,"scoreFactor":1,"totalScore":2.4353446666666665,"rank":2}],"songCount":2,"songAdjustedAverage":5.564540044994914,"collaborators":[{"slug":"jim-steinman","title":"Jim Steinman","songCount":2,"score":5.564540044994914}],"rank":314}