{"title":"Bonnie Tyler","instanceSlug":"bonnie-tyler","tags":[],"parents":[],"genres":[],"members":[],"origin":"","birth":"","death":"","complete":false,"type":{"title":"Solo Female","artists":[],"artistCount":0,"score":0,"artistAdjustedAverage":0,"slug":"f"},"songs":[{"title":"Holding Out for a Hero","instanceSlug":1483,"tags":["hold"],"genre":"pop","debut":"1983-12","playlists":[],"ranks":{},"scores":[0.171,0.402,0.59,0.63,0.65,0.67,0.66,0.6468,0.6204000000000001,0.5808000000000001,0.5280000000000001,0.46200000000000013,0.38280000000000014,0.2904000000000001,0.18480000000000008,0.06600000000000006,0],"ascent":[0.171,0.402,0.59,0.63,0.65,0.67],"descent-weeks":11.4,"ascent-weeks":6.969402985074627,"peak":0.67,"messages":[],"unscored":false,"score":8.205,"duration":5,"genres":["pop"],"role":true,"scoreFactor":1,"totalScore":8.205,"rank":1},{"title":"Total Eclipse of the Heart","instanceSlug":370,"tags":[],"genre":"pop","debut":"1983-07","playlists":["summer"],"scores":[0.045,0.171,0.306,0.402,0.463,0.498,0.47,0.431,0.392,0.31400000000000006,0.19700000000000012,0.0410000000000002,0],"ascent":[0.045,0.171,0.306,0.402,0.463,0.498],"descent-weeks":7.057228915662652,"ascent-weeks":5.677710843373494,"peak":0.498,"messages":[],"ranks":{},"unscored":false,"score":4.228,"duration":3,"genres":["pop"],"role":true,"scoreFactor":1,"totalScore":4.228,"rank":2}],"score":12.433,"songCount":2,"songAdjustedAverage":8.791458610492345,"rank":378}