{"title":"Boston","instanceSlug":"boston","tags":[],"parents":[],"genres":[{"instanceSlug":"rock","title":"Rock","parents":[]}],"members":[],"origin":{"title":"Boston","instanceSlug":"boston","tags":[],"parents":["us"]},"birth":"","death":"","complete":true,"type":{"title":"All-Male Group","artists":[],"artistCount":0,"score":0,"artistAdjustedAverage":0,"slug":"mmm"},"songs":[{"title":"We're Ready","instanceSlug":1025,"tags":[],"parents":[],"genre":"rock","debut":"1987-01","playlists":[],"ranks":{},"scores":[0.097,0.306,0.463,0.563,0.592,0.612,0.554,0.549,0.539,0.524,0.504,0.479,0.449,0.414,0.374,0.329,0.279,0.224,0.164,0.099,0.029,0],"score":8.143,"debutScore":0.097,"peakScore":0.612,"duration":6,"genres":["rock"],"role":true,"scoreFactor":1,"rank":1},{"title":"More Than a Feeling","instanceSlug":2287,"tags":[],"parents":[],"genre":"rock","debut":1976,"playlists":[],"ranks":{},"scores":[0.1145,0.3145,0.42200000000000004,0.46399999999999997,0.4515,0.45899999999999996,0.42500000000000004,0.41500000000000004,0.4,0.38,0.355,0.325,0.29000000000000004,0.25,0.205,0.1645,0.1395,0.112,0.082,0.0495,0.0145,0],"score":5.8325000000000005,"debutScore":0.1145,"peakScore":0.46399999999999997,"duration":6,"genres":["rock"],"role":true,"scoreFactor":1,"rank":2},{"title":"Amanda","instanceSlug":483,"tags":[],"parents":[],"genre":"rock","debut":"1986-10","playlists":["women","ballad"],"ranks":{},"scores":[0.132,0.323,0.381,0.365,0.311,0.306,0.296,0.281,0.261,0.236,0.206,0.171,0.131,0.086,0.036,0],"score":3.5220000000000002,"debutScore":0.132,"peakScore":0.381,"duration":4,"genres":["rock"],"role":true,"scoreFactor":1,"rank":3}],"score":17.497500000000002,"songCount":3,"songAdjustedAverage":10.102186335145479,"rank":395,"ranks":{"genre:rock":{"rank":53,"total":94},"origin:boston":{"rank":6,"total":14}}}