{"title":"Boston","instanceSlug":"boston","tags":[],"parents":[],"genres":[{"instanceSlug":"rock","title":"Rock","parents":[]}],"members":[],"origin":{"title":"Boston","instanceSlug":"boston","tags":[],"parents":["us"]},"birth":"","death":"","complete":true,"type":{"title":"All-Male Group","artists":[],"artistCount":0,"score":0,"artistAdjustedAverage":0,"slug":"mmm"},"songs":[{"title":"More Than a Feeling","instanceSlug":2287,"tags":[],"parents":[],"genre":"rock","debut":1976,"playlists":[],"ranks":{},"scores":[0.1145,0.3145,0.42200000000000004,0.46399999999999997,0.46221083186730755,0.45684332746923034,0.44789748680576824,0.4353733098769214,0.41927079668268974,0.3995899472230732,0.3763307614980719,0.3494932395076858,0.31907738125191487,0.28508318673075905,0.24751065594421856,0.20635978889229306,0.16163058557498286,0.1133230459922878,0.06143717014420801,0.0059729580307432565],"ascent":[0.1145,0.3145,0.42200000000000004,0.46399999999999997],"descent-weeks":16.10398706896552,"messages":[],"score":6.062404473492154,"debutScore":0.1145,"peakScore":0.46399999999999997,"duration":5,"genres":["rock"],"role":true,"scoreFactor":1,"rank":1},{"title":"We're Ready","instanceSlug":1025,"tags":[],"parents":[],"genre":"rock","debut":"1987-01","playlists":[],"ranks":{},"scores":[0.097,0.306,0.463,0.563,0.592,0.612,0.591840528868682,0.531362115474728,0.43056475981813824,0.2894484618989123,0.10801322171705051],"ascent":[0.097,0.306,0.463,0.563,0.592,0.612],"descent-weeks":5.509803921568629,"messages":[],"score":4.584229087777511,"debutScore":0.097,"peakScore":0.612,"duration":3,"genres":["rock"],"role":true,"scoreFactor":1,"rank":2},{"title":"Amanda","instanceSlug":483,"tags":[],"parents":[],"genre":"rock","debut":"1986-10","playlists":["women","ballad"],"ranks":{},"scores":[0.132,0.323,0.381,0.36951572042017056,0.33506288168068216,0.27764148378153486,0.19725152672272858,0.09389301050426348],"ascent":[0.132,0.323,0.381],"descent-weeks":5.759842519685039,"messages":[],"score":2.10936462310938,"debutScore":0.132,"peakScore":0.381,"duration":2,"genres":["rock"],"role":true,"scoreFactor":1,"rank":3}],"score":12.755998184379045,"songCount":3,"songAdjustedAverage":7.36467898553362,"rank":451,"ranks":{"genre:rock":{"rank":62,"total":98},"origin:boston":{"rank":7,"total":14}}}