{"title":"Bowling for Soup","instanceSlug":"bowling-for-soup","tags":[],"parents":[],"genres":[],"members":[],"origin":"","birth":"","death":"","complete":false,"type":{"title":"All-Male Group","artists":[],"artistCount":0,"score":0,"artistAdjustedAverage":0,"slug":"mmm"},"songs":[{"title":"1985","instanceSlug":2294,"tags":[],"genre":"rock","debut":2004,"playlists":["years"],"ranks":{},"scores":[0.036,0.232,0.397,0.498,0.48139198408289674,0.43156793633158697,0.3485278567460707,0.23227174532634787,0.0827996020724186],"ascent":[0.036,0.232,0.397,0.498],"descent-weeks":5.475903614457832,"messages":[],"score":2.7395591245593205,"debutScore":0.036,"peakScore":0.498,"duration":2,"genres":["rock"],"role":true,"scoreFactor":1,"rank":1}],"score":2.7395591245593205,"songCount":1,"songAdjustedAverage":2.7395591245593205,"rank":1085}