{"title":"Boz Scaggs","instanceSlug":"boz-scaggs","tags":[],"parents":[],"genres":[],"members":[],"origin":"","birth":"","death":"","complete":false,"type":{"title":"Solo Male","artists":[],"artistCount":0,"score":0,"artistAdjustedAverage":0,"slug":"m"},"songs":[{"title":"Jojo","instanceSlug":464,"tags":[],"parents":[],"genre":"pop","debut":"1980-05","playlists":[],"ranks":{},"scores":[0.055,0.232,0.402,0.582,0.498,0.431,0.376,0.306,0.2,0.12,0.036,0],"ascent":[0.055,0.232,0.402,0.582],"descent-weeks":6.569587628865982,"ascent-weeks":3.2757731958762886,"peak":0.582,"messages":[],"unscored":false,"score":3.8200000000000003,"duration":3,"genres":["pop"],"role":true,"scoreFactor":1,"totalScore":3.8200000000000003,"rank":1},{"title":"Lowdown","instanceSlug":823,"tags":[],"parents":[],"genre":"pop","debut":1976,"playlists":[],"ranks":{},"scores":[0.077,0.256,0.431,0.381,0.331,0.23100000000000004,0.08100000000000007,0],"ascent":[0.077,0.256,0.431],"descent-weeks":5.063805104408353,"ascent-weeks":2.658932714617169,"peak":0.431,"messages":[],"unscored":false,"score":2.2190000000000003,"duration":2,"genres":["pop"],"role":true,"scoreFactor":1,"totalScore":2.2190000000000003,"rank":2}],"score":6.039000000000001,"songCount":2,"songAdjustedAverage":4.270217851585561,"rank":955}