{"title":"Boz Scaggs","instanceSlug":"boz-scaggs","tags":[],"parents":[],"genres":[],"members":[],"origin":"","birth":"","death":"","complete":false,"type":{"title":"Solo Male","artists":[],"artistCount":0,"score":0,"artistAdjustedAverage":0,"slug":"m"},"songs":[{"title":"Jojo","instanceSlug":464,"tags":[],"parents":[],"genre":"pop","debut":"1980-05","playlists":[],"ranks":{},"scores":[0.055,0.232,0.402,0.582,0.5685151299727382,0.5280605198909534,0.460636169754645,0.36624207956381344,0.24487824931845847,0.09654467901858022],"ascent":[0.055,0.232,0.402,0.582],"descent-weeks":6.569587628865982,"messages":[],"score":3.5358768275191887,"debutScore":0.055,"peakScore":0.582,"duration":3,"genres":["pop"],"role":true,"scoreFactor":1,"rank":1},{"title":"Lowdown","instanceSlug":823,"tags":[],"parents":[],"genre":"pop","debut":1976,"playlists":[],"ranks":{},"scores":[0.077,0.256,0.431,0.41419171877726735,0.36376687510906947,0.27972546899540635,0.16206750043627793,0.01079296943168429],"ascent":[0.077,0.256,0.431],"descent-weeks":5.063805104408353,"messages":[],"score":1.9945445327497056,"debutScore":0.077,"peakScore":0.431,"duration":2,"genres":["pop"],"role":true,"scoreFactor":1,"rank":2}],"score":5.530421360268894,"songCount":2,"songAdjustedAverage":3.910598446665065,"rank":952}