{"title":"Brad Paisley","instanceSlug":"brad-paisley","tags":[],"parents":[],"genres":[],"members":[],"origin":"","birth":"","death":"","complete":false,"type":{"title":"Solo Male","artists":[],"artistCount":0,"score":0,"artistAdjustedAverage":0,"slug":"m"},"songs":[{"title":"Alcohol","instanceSlug":61,"tags":[],"playlists":["drinking"],"genres":["country"],"debut":"2000s","scores":[0.219,0.437,0.656,0.722,0.71,0.6958,0.6674,0.6248,0.5680000000000001,0.49700000000000005,0.41180000000000005,0.31240000000000007,0.19880000000000006,0.07100000000000006,0],"ascent":[0.219,0.437,0.656,0.722],"descent-weeks":11.382963988919668,"ascent-weeks":4.225761772853185,"peak":0.722,"messages":[],"ranks":{},"unscored":false,"score":7.512999999999999,"duration":4,"role":true,"scoreFactor":1,"totalScore":7.512999999999999,"rank":1}],"score":7.512999999999999,"songCount":1,"songAdjustedAverage":7.512999999999999,"rank":473}