{"title":"Brothers Johnson","instanceSlug":"brothers-johnson","tags":[],"parents":[],"genres":[{"instanceSlug":"urban","title":"Urban / R&B","parents":[]}],"members":[],"origin":{"title":"Los Angeles","instanceSlug":"los-angeles","tags":[],"parents":["california"]},"birth":"","death":"","complete":true,"type":{"title":"All-Male Group","artists":[],"artistCount":0,"score":0,"artistAdjustedAverage":0,"slug":"mmm"},"songs":[{"title":"Strawberry Letter 23","instanceSlug":2611,"tags":["#1","#1-r&b"],"genre":"urban","debut":1977,"playlists":["remade"],"scores":[0.07,0.284,0.488,0.53,0.556,0.571,0.541,0.531,0.5203800000000001,0.4991400000000001,0.4672800000000001,0.42480000000000007,0.37170000000000003,0.30798000000000003,0.23364000000000001,0.14867999999999998,0.05309999999999995,0],"ascent":[0.07,0.284,0.488,0.53,0.556,0.571],"descent-weeks":4.88553391564507,"ascent-weeks":6.564798598949212,"peak":0.571,"messages":[],"ranks":{},"unscored":false,"score":4.3587599105555555,"duration":3,"genres":["urban"],"role":true,"scoreFactor":1,"totalScore":4.3587599105555555,"rank":1},{"title":"I'll Be Good to You","instanceSlug":"1409","tags":["#1","#1-r&b","i'll-be","to-you"],"genre":"soul","debut":1976,"playlists":["remade"],"scores":[0.13617534972897488,0.37875567300511287,0.5112874279777085,0.5473887814313347,0.5297342086812415,0.5,0.47026579131875845,0.41079737395627536,0.3215947479125507,0.20265791318758453,0.05398686978137679,0],"ascent":[0.13617534972897488,0.37875567300511287,0.5112874279777085,0.5473887814313347],"descent-weeks":2.131029907026739,"ascent-weeks":4.3121286520388615,"peak":0.5473887814313347,"messages":[],"ranks":{},"unscored":false,"score":2.3512751414771955,"duration":2,"genres":["soul"],"role":true,"scoreFactor":1,"totalScore":2.3512751414771955,"rank":2},{"title":"Stomp!","instanceSlug":2612,"tags":["#1","#1-r&b"],"parents":[],"genre":"funk","debut":"1980-04","playlists":[],"ranks":{},"scores":[0.1,0.233621,0.34344267495717284,0.376831,0.361,0.33358342711851,0.3188228581,0.31,0.28831,0.271,0.25369,0.21907000000000004,0.16714000000000007,0.0979000000000001,0.011350000000000138,0],"ascent":[0.1,0.233621,0.34344267495717284,0.376831],"descent-weeks":2.7030484491127162,"ascent-weeks":4.195095447125526,"peak":0.376831,"messages":[],"unscored":false,"score":1.7329563083755686,"duration":2,"genres":["funk"],"role":true,"scoreFactor":1,"totalScore":1.7329563083755686,"rank":3},{"title":"I'll Be Good to You","instanceSlug":1322,"tags":["i'll-be","to-you"],"genre":"soul","debut":"1989-12","playlists":[],"remake":1409,"scores":[0.232,0.8,0.971,0.936,0.9,0.85,0.7999999999999999,0.6999999999999998,0.5499999999999997,0.34999999999999953,0.09999999999999931,0],"ascent":[0.232,0.8,0.971],"descent-weeks":4.311802265705458,"ascent-weeks":3.0942327497425337,"peak":0.971,"messages":[],"ranks":{},"unscored":false,"score":0.47941733333333336,"duration":2,"genres":["soul"],"role":"remake","scoreFactor":0.1,"totalScore":4.794173333333333,"rank":4}],"songCount":4,"songAdjustedAverage":4.461204346870827,"collaborators":[{"slug":"quincy-jones","title":"Quincy Jones","songCount":3,"score":4.150832270017106},{"slug":"george-johnson","title":"George Johnson","songCount":2,"score":2.001601844392255},{"slug":"ray-charles","title":"Ray Charles","songCount":1,"score":0.47941733333333336},{"slug":"chaka-khan","title":"Chaka Khan","songCount":1,"score":0.47941733333333336}],"rank":442,"ranks":{"genre:urban":{"rank":17,"total":96},"origin:los-angeles":{"rank":6,"total":31}}}