{"title":"Buster Poindexter","instanceSlug":"buster-poindexter","tags":[],"parents":[],"genres":[],"members":[],"origin":"","birth":"","death":"","complete":false,"type":{"title":"Solo Male","artists":[],"artistCount":0,"score":0,"artistAdjustedAverage":0,"slug":"m"},"songs":[{"title":"Hot Hot Hot","instanceSlug":19,"tags":["hot","triple"],"parents":[],"debut":1988,"ranks":{},"scores":[0.075,0.2,0.267,0.328,0.351,0.3407150590601218,0.3098602362404873,0.25843553154109644,0.18644094496194918,0.09387647650304569],"ascent":[0.075,0.2,0.267,0.328,0.351],"descent-weeks":5.8418803418803416,"messages":[],"score":2.410328248306701,"debutScore":0.075,"peakScore":0.351,"duration":3,"playlists":[],"role":true,"scoreFactor":1,"rank":1}],"score":2.410328248306701,"songCount":1,"songAdjustedAverage":2.410328248306701,"rank":1109}