{"title":"Buster Poindexter","instanceSlug":"buster-poindexter","tags":[],"parents":[],"genres":[],"members":[],"origin":"","birth":"","death":"","complete":false,"type":{"title":"Solo Male","artists":[],"artistCount":0,"score":0,"artistAdjustedAverage":0,"slug":"m"},"songs":[{"title":"Hot Hot Hot","instanceSlug":19,"tags":["hot","triple"],"parents":[],"debut":1988,"ranks":{},"scores":[0.075,0.2,0.267,0.328,0.351,0.332,0.286,0.23999999999999994,0.14799999999999985,0.009999999999999731,0],"ascent":[0.075,0.2,0.267,0.328,0.351],"descent-weeks":5.8418803418803416,"ascent-weeks":5.217948717948719,"peak":0.351,"messages":[],"unscored":false,"score":2.5879999999999996,"duration":3,"playlists":[],"role":true,"scoreFactor":1,"totalScore":2.5879999999999996,"rank":1}],"score":2.5879999999999996,"songCount":1,"songAdjustedAverage":2.5879999999999996,"rank":1121}