{"title":"C+C Music Factory","instanceSlug":"c-c-music-factory","tags":[],"parents":[],"genres":[],"members":[],"complete":false,"origin":"","birth":"","death":"","type":{"title":"Mixed Group, Male Lead","artists":[],"artistCount":0,"score":0,"artistAdjustedAverage":0,"slug":"mmf"},"songs":[{"title":"Just a Touch of Love","instanceSlug":2252,"tags":[],"parents":[],"genre":"dance","debut":"1990s","playlists":[],"ranks":{},"scores":[0.27288428324697755,0.5085756897837436,0.6919555264879007,0.7593052109181141,0.7546534229739517,0.7406980591414641,0.7174391194206516,0.6848766038115142,0.6430105123140518,0.5918408449282643,0.5313676016541521,0.4615907824917147,0.3825103874409522,0.294126416501865,0.19643886967445268,0.0894477469587152],"ascent":[0.27288428324697755,0.5085756897837436,0.6919555264879007,0.7593052109181141],"descent-weeks":12.776098039215684,"messages":[],"score":8.320721077748484,"debutScore":0.27288428324697755,"peakScore":0.7593052109181141,"duration":4,"genres":["dance"],"role":true,"scoreFactor":1,"rank":1},{"title":"Here We Go, Let's Rock & Roll","instanceSlug":1157,"tags":["go","","rock-and-roll"],"parents":[],"genre":"dance","debut":1991,"playlists":[],"ranks":{},"scores":[0.158,0.341,0.529,0.612,0.6083108500535487,0.597243400214195,0.5787976504819387,0.5529736008567799,0.5197712513387187,0.4791906019277549,0.4312316526238887,0.3758944034271199,0.3131788543374486,0.24308500535487484,0.16561285647939858,0.08076240771101965],"ascent":[0.158,0.341,0.529,0.612],"descent-weeks":12.879901960784315,"messages":[],"score":6.586052534806686,"debutScore":0.158,"peakScore":0.612,"duration":4,"genres":["dance"],"role":true,"scoreFactor":1,"rank":2},{"title":"Things That Make You Go Hmm","instanceSlug":957,"tags":[],"parents":[],"genre":"dance","debut":"1991-08","playlists":["summer"],"ranks":{},"scores":[0.158,0.341,0.529,0.612,0.5916053294896626,0.5304213179586504,0.4284479654069636,0.28568527183460196,0.10213323724156564],"ascent":[0.158,0.341,0.529,0.612],"descent-weeks":5.477941176470588,"messages":[],"score":3.5782931219314444,"debutScore":0.158,"peakScore":0.612,"duration":2,"genres":["dance"],"role":true,"scoreFactor":1,"rank":3}],"score":18.485066734486615,"songCount":3,"songAdjustedAverage":10.672358255144044,"rank":226}