{"title":"C+C Music Factory","instanceSlug":"c-c-music-factory","tags":[],"parents":[],"genres":[],"members":[],"complete":false,"origin":"","birth":"","death":"","type":{"title":"Mixed Group, Male Lead","artists":[],"artistCount":0,"score":0,"artistAdjustedAverage":0,"slug":"mmf"},"songs":[{"title":"Just a Touch of Love","instanceSlug":2252,"tags":[],"parents":[],"genre":"dance","debut":"1990s","playlists":[],"ranks":{},"scores":[0.27288428324697755,0.5085756897837436,0.6919555264879007,0.7593052109181141,0.75,0.74,0.7252,0.6956,0.6512,0.592,0.518,0.4292,0.3256,0.20719999999999997,0.07399999999999993,0],"ascent":[0.27288428324697755,0.5085756897837436,0.6919555264879007,0.7593052109181141],"descent-weeks":6.175132450830405,"ascent-weeks":4.410717874049042,"peak":0.7593052109181141,"messages":[],"unscored":false,"score":5.358594209120116,"duration":3,"genres":["dance"],"role":true,"scoreFactor":1,"totalScore":5.358594209120116,"rank":1},{"title":"Here We Go, Let's Rock & Roll","instanceSlug":1157,"tags":["go","","rock-and-roll"],"parents":[],"genre":"dance","debut":1991,"playlists":[],"ranks":{},"scores":[0.158,0.341,0.529,0.612,0.529,0.456,0.451,0.441,0.426,0.406,0.381,0.351,0.316,0.276,0.231,0.181,0.126,0.066,0.006000000000000005,0],"ascent":[0.158,0.341,0.529,0.612],"descent-weeks":4.933718001089325,"ascent-weeks":4.019607843137255,"peak":0.612,"messages":[],"unscored":false,"score":3.652956944444444,"duration":3,"genres":["dance"],"role":true,"scoreFactor":1,"totalScore":3.652956944444444,"rank":2},{"title":"Things That Make You Go Hmm","instanceSlug":957,"tags":[],"parents":[],"genre":"dance","debut":"1991-08","playlists":["summer"],"ranks":{},"scores":[0.158,0.341,0.529,0.612,0.529,0.456,0.383,0.237,0.01799999999999996,0],"ascent":[0.158,0.341,0.529,0.612],"descent-weeks":1.1792790032679736,"ascent-weeks":4.019607843137255,"peak":0.612,"messages":[],"unscored":false,"score":2.1211458333333333,"duration":2,"genres":["dance"],"role":true,"scoreFactor":1,"totalScore":2.1211458333333333,"rank":3}],"songCount":3,"songAdjustedAverage":6.4274656021920356,"collaborators":[],"rank":236}