{"title":"Cameo","instanceSlug":"cameo","tags":[],"parents":[],"genres":[],"members":[],"origin":"","birth":"","death":"","songs":[{"title":"Word Up","instanceSlug":639,"tags":[],"genres":["funk"],"debut":"1986-10","playlists":["pph"],"scores":[0.1,0.282,0.376,0.35,0.32399999999999995,0.2719999999999999,0.19399999999999984,0.08999999999999975,0],"ascent":[0.1,0.282,0.376],"descent-weeks":0.8414414893617015,"ascent-weeks":3.023936170212766,"peak":0.376,"messages":[],"ranks":{},"unscored":false,"score":0.9689213333333331,"duration":1,"role":true,"scoreFactor":1,"totalScore":0.9689213333333331,"rank":1}],"songCount":1,"songAdjustedAverage":0.9689213333333331,"collaborators":[],"rank":1155}