{"title":"Carla Bonoff","instanceSlug":"carla-bonoff","tags":[],"parents":[],"genres":[],"members":[],"origin":"","birth":"","death":"","songs":[{"title":"Personally","instanceSlug":616,"tags":[],"genres":["pop","adult-contemporary"],"debut":"1982-06","playlists":["summer"],"scores":[0.055,0.235,0.414,0.445,0.475,0.476,0.46408822496728275,0.42835289986913083,0.3687940247055445,0.2854115994765235,0.17820562418206806,0.04717609882217803],"ascent":[0.055,0.235,0.414,0.445,0.475,0.476],"descent-weeks":6.321428571428575,"messages":[],"ranks":{},"score":3.8720284720227274,"debutScore":0.055,"peakScore":0.476,"duration":3,"role":true,"scoreFactor":1,"rank":1}],"score":3.8720284720227274,"songCount":1,"songAdjustedAverage":3.8720284720227274,"rank":958}