{"title":"Celine Dion","instanceSlug":"celine-dion","tags":[{"title":"Major Artists of the 1990s","instanceSlug":"1990s","coverage":{"artist":true},"tags":[],"parents":[]}],"parents":[],"genres":[],"members":[],"complete":false,"origin":{"title":"Quebec","instanceSlug":"quebec","tags":[],"parents":["canada"]},"birth":"","death":"","type":{"title":"Solo Female","artists":[],"artistCount":0,"score":0,"artistAdjustedAverage":0,"slug":"f"},"songs":[{"title":"Because You Loved Me","instanceSlug":603,"tags":[],"genre":"adult-contemporary","debut":1996,"playlists":[],"scores":[0.1,0.239,0.381,0.47,0.529,0.546,0.533,0.506,0.45,0.394,0.28200000000000003,0.11400000000000005,0],"ascent":[0.1,0.239,0.381,0.47,0.529,0.546],"descent-weeks":2.1946352258852255,"ascent-weeks":6.222527472527471,"peak":0.546,"messages":[],"ranks":{},"unscored":false,"score":3.063847222222221,"duration":2,"genres":["adult-contemporary"],"role":true,"scoreFactor":1,"totalScore":3.063847222222221,"rank":1},{"title":"Where Does My Heart Beat Now","instanceSlug":1159,"tags":["beat","does","heart","my","now","where"],"parents":[],"genre":"adult-contemporary","debut":1991,"playlists":[],"ranks":{},"scores":[0.036,0.2,0.351,0.408,0.437,0.447,0.464,0.447,0.422,0.386,0.35000000000000003,0.2780000000000001,0.17000000000000015,0.026000000000000245,0],"ascent":[0.036,0.2,0.351,0.408,0.437,0.447,0.464],"descent-weeks":2.231519037356322,"ascent-weeks":7.574353448275861,"peak":0.464,"messages":[],"unscored":false,"score":3.033283222222222,"duration":3,"genres":["adult-contemporary"],"role":true,"scoreFactor":1,"totalScore":3.033283222222222,"rank":2},{"title":"Misled","instanceSlug":1160,"tags":[],"parents":[],"genre":"pop","debut":1994,"playlists":[],"ranks":{},"scores":[0.06266666666666666,0.17866666666666667,0.29233333333333333,0.32799999999999996,0.35566666666666663,0.36133333333333334,0.35766666666666674,0.3363333333333334,0.301,0.2773333333333333,0.272,0.26366666666666666,0.252,0.23700000000000002,0.21866666666666665,0.19699999999999998,0.17200000000000001,0.14366666666666666,0.11199999999999999,0.077,0.03866666666666666,0.0003333333333333244,0],"ascent":[0.06266666666666666,0.17866666666666667,0.29233333333333333,0.32799999999999996,0.35566666666666663,0.36133333333333334],"descent-weeks":4.335470915334153,"ascent-weeks":6.55350553505535,"peak":0.36133333333333334,"messages":[],"unscored":false,"score":2.6230334382716047,"duration":3,"genres":["pop"],"role":true,"scoreFactor":1,"totalScore":2.6230334382716047,"rank":3},{"title":"That's the Way It Is","instanceSlug":1439,"tags":["that's","that's-the-way","the-way"],"parents":[],"genre":"adult-contemporary","debut":"1999-12","playlists":[],"ranks":{},"scores":[0.06266666666666666,0.17866666666666667,0.29233333333333333,0.32799999999999996,0.35566666666666663,0.36133333333333334,0.35766666666666674,0.3363333333333334,0.301,0.2773333333333333,0.272,0.26366666666666666,0.252,0.23700000000000002,0.21866666666666665,0.19699999999999998,0.17200000000000001,0.14366666666666666,0.11199999999999999,0.077,0.03866666666666666,0.0003333333333333244,0],"ascent":[0.06266666666666666,0.17866666666666667,0.29233333333333333,0.32799999999999996,0.35566666666666663,0.36133333333333334],"descent-weeks":4.335470915334153,"ascent-weeks":6.55350553505535,"peak":0.36133333333333334,"messages":[],"unscored":false,"score":2.6230334382716047,"duration":3,"genres":["adult-contemporary"],"role":true,"scoreFactor":1,"totalScore":2.6230334382716047,"rank":4},{"title":"Nothing's Broken But My Heart","instanceSlug":1654,"tags":[],"parents":[],"genre":"pop","debut":1992,"playlists":["ballad"],"ranks":{},"scores":[0.06266666666666666,0.17866666666666667,0.29233333333333333,0.32799999999999996,0.35566666666666663,0.36133333333333334,0.35766666666666674,0.3363333333333334,0.301,0.2773333333333333,0.272,0.26366666666666666,0.252,0.23700000000000002,0.21866666666666665,0.19699999999999998,0.17200000000000001,0.14366666666666666,0.11199999999999999,0.077,0.03866666666666666,0.0003333333333333244,0],"ascent":[0.06266666666666666,0.17866666666666667,0.29233333333333333,0.32799999999999996,0.35566666666666663,0.36133333333333334],"descent-weeks":4.335470915334153,"ascent-weeks":6.55350553505535,"peak":0.36133333333333334,"messages":[],"unscored":false,"score":2.6230334382716047,"duration":3,"genres":["pop"],"role":true,"scoreFactor":1,"totalScore":2.6230334382716047,"rank":5},{"title":"To Love You More","instanceSlug":1900,"tags":[],"parents":[],"genre":"pop","debut":1997,"playlists":[],"ranks":{},"scores":[0.06266666666666666,0.17866666666666667,0.29233333333333333,0.32799999999999996,0.35566666666666663,0.36133333333333334,0.35766666666666674,0.3363333333333334,0.301,0.2773333333333333,0.272,0.26366666666666666,0.252,0.23700000000000002,0.21866666666666665,0.19699999999999998,0.17200000000000001,0.14366666666666666,0.11199999999999999,0.077,0.03866666666666666,0.0003333333333333244,0],"ascent":[0.06266666666666666,0.17866666666666667,0.29233333333333333,0.32799999999999996,0.35566666666666663,0.36133333333333334],"descent-weeks":4.335470915334153,"ascent-weeks":6.55350553505535,"peak":0.36133333333333334,"messages":[],"unscored":false,"score":2.6230334382716047,"duration":3,"genres":["pop"],"role":true,"scoreFactor":1,"totalScore":2.6230334382716047,"rank":6},{"title":"Love Can Move Mountains","instanceSlug":"7l1n","tags":[],"debut":1992,"playlists":[],"ascent":[0.07321772639691715,0.19819819819819817,0.31152384972562264,0.35363845900559765,0.3762279775919461,0.3817460959624565],"descent-weeks":2.7463478027773864,"ascent-weeks":6.65842686331254,"peak":0.3817460959624565,"messages":[],"ranks":{},"unscored":false,"score":2.393490674790963,"duration":3,"role":true,"scoreFactor":1,"totalScore":2.393490674790963,"rank":7},{"title":"Beauty and the Beast","instanceSlug":1650,"tags":[],"source":"beauty-beast-1992","genre":"pop","debut":1992,"playlists":["ballad"],"ranks":{},"scores":[0.1,0.1995263597162372,0.31,0.34125675641,0.34282688513132636,0.331,0.31571661,0.3,0.28428338999999997,0.25285016999999993,0.20570033999999987,0.1428338999999998,0.06425084999999969,0],"ascent":[0.1,0.1995263597162372,0.31,0.34125675641,0.34282688513132636],"descent-weeks":1.9232693600894437,"ascent-weeks":5.660043263943645,"peak":0.34282688513132636,"messages":[],"unscored":false,"score":1.7331756305828858,"duration":2,"genres":["pop"],"sources":["beauty-beast-1992"],"role":true,"scoreFactor":1,"totalScore":1.7331756305828858,"rank":8},{"title":"It's All Coming Back To Me Now","instanceSlug":"k7Wk","tags":[],"parents":[],"genre":"adult-contemporary","debut":"1990s","playlists":["ballad"],"scores":[0.03792261710265824,0.11067689586375697,0.18454822646807206,0.21482081392994526,0.23166754099856304,0.23586762484551665,0.2320047454997605,0.2178894427028124,0.19545726240286912,0.17934830086485543,0.1726384364820847,0.16366770822109683,0.1523687580025608,0.1388801012337868,0.12336176409402952,0.10599078341013826,0.08695652173913042,0.07051523501774279,0.05287786616752456,0.03412616339193382,0.015266601489057681,0],"ascent":[0.03792261710265824,0.11067689586375697,0.18454822646807206,0.21482081392994526,0.23166754099856304,0.23586762484551665],"descent-weeks":2.455914104797035,"ascent-weeks":6.458095212560165,"peak":0.23586762484551665,"messages":[],"ranks":{},"unscored":false,"score":1.4016841370238986,"duration":3,"genres":["adult-contemporary"],"role":true,"scoreFactor":1,"totalScore":1.4016841370238986,"rank":9},{"title":"The Power of Love","instanceSlug":1722,"tags":[],"genre":"adult-contemporary","debut":"1994-01","playlists":[],"remake":true,"scores":[0.055,0.1,0.145,0.1,0.05500000000000002,0],"ascent":[0.055,0.1,0.145],"descent-weeks":0.10344827586206899,"ascent-weeks":3.103448275862069,"peak":0.145,"messages":[],"ranks":{},"unscored":false,"score":0.30999999999999994,"duration":1,"genres":["adult-contemporary"],"role":true,"scoreFactor":1,"totalScore":0.30999999999999994,"rank":10}],"songCount":10,