{"title":"Chaka Khan","instanceSlug":"chaka-khan","tags":[],"parents":[],"genres":[{"instanceSlug":"urban","title":"Urban / R&B","parents":[]}],"members":[],"complete":true,"origin":{"title":"Illinois","instanceSlug":"illinois","tags":[],"parents":["us"]},"birth":"","death":"","type":{"title":"Solo Female","artists":[],"artistCount":0,"score":0,"artistAdjustedAverage":0,"slug":"f"},"songs":[{"title":"I Feel For You","instanceSlug":436,"tags":["#1","#1-r&b"],"genre":"dance","debut":"1984-10","playlists":["pph"],"ascent":[0.57,1],"descent-weeks":6.380000000000001,"ascent-weeks":2.3549999999999995,"peak":1,"messages":[],"ranks":{},"unscored":false,"score":5.823333333333332,"duration":3,"genres":["dance"],"role":true,"scoreFactor":1,"totalScore":5.823333333333332,"rank":1},{"title":"I'm Every Woman","instanceSlug":2337,"tags":["#1","#1-r&b"],"genre":"soul","debut":"1978-12","playlists":["pph"],"scores":[0.136,0.334,0.538,0.676,0.736,0.72,0.704,0.6719999999999999,0.6239999999999999,0.5599999999999998,0.47999999999999976,0.3839999999999997,0.2719999999999996,0.14399999999999946,0],"ascent":[0.136,0.334,0.538,0.676,0.736],"descent-weeks":4.6268043478260825,"ascent-weeks":4.932065217391305,"peak":0.736,"messages":[],"ranks":{},"unscored":false,"score":4.690218666666665,"duration":3,"genres":["soul"],"role":true,"scoreFactor":1,"totalScore":4.690218666666665,"rank":2},{"title":"Tell Me Something Good","instanceSlug":"QlbG","tags":[],"genres":["funk","urban"],"debut":1974,"playlists":["pph"],"scores":[0.156,0.354,0.568,0.756,0.736,0.716,0.6759999999999999,0.6159999999999999,0.5359999999999998,0.4359999999999997,0.3159999999999996,0.1759999999999995,0.015999999999999348,0],"ascent":[0.156,0.354,0.568,0.756],"descent-weeks":3.740489417989415,"ascent-weeks":3.638888888888889,"peak":0.756,"messages":[],"ranks":{},"unscored":false,"score":3.7192066666666648,"duration":2,"role":true,"scoreFactor":1,"totalScore":3.7192066666666648,"rank":3},{"title":"I'll Be Good to You","instanceSlug":1322,"tags":["i'll-be","to-you"],"genre":"soul","debut":"1989-12","playlists":[],"remake":1409,"scores":[0.232,0.8,0.971,0.936,0.9,0.85,0.7999999999999999,0.6999999999999998,0.5499999999999997,0.34999999999999953,0.09999999999999931,0],"ascent":[0.232,0.8,0.971],"descent-weeks":4.311802265705458,"ascent-weeks":3.0942327497425337,"peak":0.971,"messages":[],"ranks":{},"unscored":false,"score":0.9588346666666667,"duration":2,"genres":["soul"],"role":"feature","scoreFactor":0.2,"totalScore":4.794173333333333,"rank":4},{"title":"I'm Every Woman","instanceSlug":1723,"tags":[],"genre":"pop","debut":"1993-02","source":"bodyguard","playlists":[],"remake":2337,"scores":[0.121,0.3765,0.585,0.658,0.622,0.617,0.60466,0.5799799999999999,0.5429599999999999,0.49359999999999987,0.43189999999999984,0.35785999999999984,0.27147999999999983,0.1727599999999998,0.06169999999999978,0],"ascent":[0.121,0.3765,0.585,0.658],"descent-weeks":4.905421246200604,"ascent-weeks":3.967705167173252,"peak":0.658,"messages":[],"ranks":{},"unscored":false,"score":0.38923447866666655,"duration":3,"genres":["pop"],"sources":["bodyguard"],"role":"backup","scoreFactor":0.1,"totalScore":3.892344786666665,"rank":5},{"title":"Higher Love","instanceSlug":2146,"tags":["#1"],"genre":"pop","debut":"1986-07","playlists":[],"scores":[0.1102,0.2652,0.3448,0.4138,0.45,0.4488,0.4262,0.40360000000000007,0.35840000000000016,0.2906000000000003,0.2002000000000005,0.08720000000000072,0],"ascent":[0.1102,0.2652,0.3448,0.4138,0.45],"descent-weeks":2.0969601851851873,"ascent-weeks":5.279999999999999,"peak":0.45,"messages":[],"ranks":{},"unscored":false,"score":0.22130880555555563,"duration":2,"genres":["pop"],"role":"backup","scoreFactor":0.1,"totalScore":2.213088055555556,"rank":6}],"songCount":6,"songAdjustedAverage":6.451195259793465,"collaborators":[{"slug":"grandmaster-mellie-mel","title":"Grandmaster Mellie Mel","songCount":1,"score":5.823333333333332},{"slug":"stevie-wonder","title":"Stevie Wonder","songCount":2,"score":6.747594743743875},{"slug":"prince","title":"Prince","songCount":1,"score":5.823333333333332},{"slug":"ashford-simpson","title":"Ashford & Simpson","songCount":2,"score":3.5917157637845363},{"slug":"rufus","title":"MISSING 'rufus'","songCount":1,"score":3.7192066666666648},{"slug":"quincy-jones","title":"Quincy Jones","songCount":1,"score":0.9588346666666667},{"slug":"ray-charles","title":"Ray Charles","songCount":1,"score":0.9588346666666667},{"slug":"brothers-johnson","title":"Brothers Johnson","songCount":1,"score":0.9588346666666667},{"slug":"george-johnson","title":"George Johnson","songCount":1,"score":0.9588346666666667},{"slug":"whitney-houston","title":"Whitney Houston","songCount":1,"score":0.38923447866666655},{"slug":"steve-winwood","title":"Steve Winwood","songCount":1,"score":0.22130880555555563}],"rank":231,"ranks":{"genre:urban":{"rank":19,"total":96},"origin:illinois":{"rank":1,"total":2}}}