{"title":"Charley Pride","instanceSlug":"charley-pride","tags":[],"parents":[],"genres":[],"members":[],"complete":false,"origin":"","birth":"","death":"","type":{"title":"Solo Male","artists":[],"artistCount":0,"score":0,"artistAdjustedAverage":0,"slug":"m"},"songs":[{"title":"Kiss an Angel Good Morning","instanceSlug":1736,"tags":[],"parents":[],"genre":"country","debut":1972,"playlists":[],"ranks":{},"scores":[0.12,0.267,0.402,0.521,0.633,0.6152909970247563,0.5621639880990252,0.4736189732228067,0.3496559523961008,0.19027492561890744],"ascent":[0.12,0.267,0.402,0.521,0.633],"descent-weeks":5.978672985781989,"messages":[],"score":4.134004836361597,"debutScore":0.12,"peakScore":0.633,"duration":3,"genres":["country"],"role":true,"scoreFactor":1,"rank":1}],"score":4.134004836361597,"songCount":1,"songAdjustedAverage":4.134004836361597,"rank":941}