{"title":"Charlie XCX","instanceSlug":"charlie-xcx","tags":[],"parents":[],"genres":[],"members":[],"complete":false,"active":true,"origin":"","birth":"","death":"","type":{"title":"Solo Female","artists":[],"artistCount":0,"score":0,"artistAdjustedAverage":0,"slug":"f"},"songs":[{"title":"Boom Clap","instanceSlug":2520,"tags":[],"parents":[],"genre":"pop","debut":2015,"playlists":[],"ranks":{},"scores":[0.06200821741159169,0.20830894528861146,0.3129502216570068,0.35561236147633757,0.3574779635603355,0.3446276515977258,0.32891805429767385,0.31523776166182677,0.30042162719800025,0.2833026661554992,0.2643212410031802,0.24289242606706696,0.21959493334585015,0.19466120793610409,0.1685894531254616,0.14210166436832847,0.11600004299049087,0.09098520352380506,0.06767556150528035,0.04664449376949029,0.029256418423981474,0.01618867931401627,0.0031209402040510634,0],"ascent":[0.06200821741159169,0.20830894528861146,0.3129502216570068,0.35561236147633757,0.3574779635603355],"descent-weeks":14.820569447990732,"ascent-weeks":5.439598415309378,"peak":0.3574779635603355,"messages":[],"unscored":false,"score":4.828375699442051,"duration":5,"genres":["pop"],"role":true,"scoreFactor":1,"totalScore":4.828375699442051,"rank":1},{"title":"Handy","instanceSlug":810,"tags":[],"genre":"parody","debut":2014,"playlists":[],"parody":true,"scores":[0.077,0.256,0.431,0.381,0.331,0.23100000000000004,0.08100000000000007,0],"ascent":[0.077,0.256,0.431],"descent-weeks":5.063805104408353,"ascent-weeks":2.658932714617169,"peak":0.431,"messages":[],"ranks":{},"unscored":false,"score":0.5547500000000001,"duration":2,"genres":["parody"],"role":"parody","scoreFactor":0.25,"totalScore":2.2190000000000003,"rank":2}],"score":5.3831256994420515,"songCount":2,"songAdjustedAverage":3.806444686055051,"rank":999}