{"title":"Charlie Rich","instanceSlug":"charlie-rich","tags":[],"parents":[],"genres":[],"members":[],"complete":false,"origin":"","birth":"","death":"","type":{"title":"Solo Male","artists":[],"artistCount":0,"score":0,"artistAdjustedAverage":0,"slug":"m"},"songs":[{"title":"The Most Beautiful Girl","instanceSlug":2698,"tags":["#1","#1-adult-contemporary","#1-country","#1-hot-100"],"parents":[],"genre":"country","debut":1973,"playlists":[],"ranks":{},"scores":[0.1,0.21,0.312951,0.35561236147633757,0.357477963561,0.3557454989121767,0.3505481049657068,0.34188578172159045,0.32975852917982745,0.31416634734041793,0.2951092362033618,0.2725871957686592,0.24660022603630993,0.2171483270063142,0.1842314986786718,0.1478497410533829,0.1080030541304474,0.0646914379098654,0.017914892391636773],"ascent":[0.1,0.21,0.312951,0.35561236147633757,0.357477963561],"descent-weeks":14.364563941448639,"messages":[],"score":4.582281196335707,"debutScore":0.1,"peakScore":0.357477963561,"duration":5,"genres":["country"],"role":true,"scoreFactor":1,"rank":1}],"score":4.582281196335707,"songCount":1,"songAdjustedAverage":4.582281196335707,"rank":796}