{"title":"Charlie Sexton","instanceSlug":"charlie-sexton","tags":[],"parents":[],"genres":[],"members":[],"complete":false,"origin":"","birth":"","death":"","type":{"title":"Solo Male","artists":[],"artistCount":0,"score":0,"artistAdjustedAverage":0,"slug":"m"},"songs":[{"title":"Beats So Lonely","instanceSlug":82,"tags":["one-hit-wonders"],"debut":"1986","genres":["pop"],"scores":[0.05,0.272,0.471,0.492,0.5,0.49,0.48,0.45999999999999996,0.42999999999999994,0.3899999999999999,0.33999999999999986,0.2799999999999998,0.20999999999999974,0.12999999999999967,0.03999999999999959,0],"ascent":[0.05,0.272,0.471,0.492,0.5],"descent-weeks":11.249999999999996,"ascent-weeks":5.3549999999999995,"peak":0.5,"messages":[],"ranks":{},"unscored":false,"score":5.534999999999998,"duration":4,"playlists":[],"role":true,"scoreFactor":1,"totalScore":5.534999999999998,"rank":1}],"score":5.534999999999998,"songCount":1,"songAdjustedAverage":5.534999999999998,"rank":699}