{"title":"Charlie XCX","instanceSlug":"charlie-xcx","tags":[],"parents":[],"genres":[],"members":[],"complete":false,"active":true,"origin":"","birth":"","death":"","type":{"title":"Solo Female","artists":[],"artistCount":0,"score":0,"artistAdjustedAverage":0,"slug":"f"},"songs":[{"title":"Boom Clap","instanceSlug":2520,"tags":[],"parents":[],"genre":"pop","debut":2015,"playlists":[],"ranks":{},"scores":[0.06200821741159169,0.20830894528861146,0.3129502216570068,0.35561236147633757,0.3574779635603355,0.3558504691948907,0.3509679860985563,0.34283051427133227,0.33143805371321866,0.31679060442421547,0.29888816640432264,0.27773073965354017,0.25331832417186817,0.22565091995930653,0.19472852701585525,0.1605511453415144,0.12311877493628393,0.08243141580016386,0.03848906793315418],"ascent":[0.06200821741159169,0.20830894528861146,0.3129502216570068,0.35561236147633757,0.3574779635603355],"descent-weeks":14.820569447990732,"messages":[],"score":4.649142418312106,"debutScore":0.06200821741159169,"peakScore":0.3574779635603355,"duration":5,"genres":["pop"],"role":true,"scoreFactor":1,"rank":1},{"title":"Handy","instanceSlug":810,"tags":[],"genre":"parody","debut":2014,"playlists":[],"parody":true,"scores":[0.077,0.256,0.431,0.41419171877726735,0.36376687510906947,0.27972546899540635,0.16206750043627793,0.01079296943168429],"ascent":[0.077,0.256,0.431],"descent-weeks":5.063805104408353,"messages":[],"ranks":{},"score":0.4986361331874264,"debutScore":0.077,"peakScore":0.431,"duration":2,"genres":["parody"],"role":"parody","scoreFactor":0.25,"rank":2}],"score":5.147778551499533,"songCount":2,"songAdjustedAverage":3.6400291218119825,"rank":989}