{"title":"Chic","instanceSlug":"chic","tags":[],"parents":[],"genres":[],"members":[],"complete":false,"origin":"","birth":"","death":"","songs":[{"title":"Good Times","instanceSlug":1677,"tags":[],"parents":[],"genre":"disco","debut":1979,"playlists":[],"ranks":{},"scores":[0.052631578947368425,0.15406809001731103,0.25,0.31926121372031663,0.375515818431912,0.41043723554301825,0.3522650439486139,0.3477088948787062,0.3386880856760375,0.32538104705102716,0.3080444735120994,0.287001287001287,0.2626262626262626,0.23533045089561458,0.20554550934297772,0.17370892018779344,0.1402508551881414,0.10558319513543395,0.07009095773140717,0.03412616339193382,0],"messages":[],"score":4.748265083227262,"debutScore":0.052631578947368425,"peakScore":0.41043723554301825,"duration":5,"genres":["disco"],"role":true,"scoreFactor":1,"rank":1},{"title":"Le Freak","instanceSlug":1678,"tags":[],"genre":"disco","debut":1979,"playlists":[],"scores":[0.052631578947368425,0.15406809001731103,0.25,0.31926121372031663,0.375515818431912,0.41043723554301825,0.3522650439486139,0.3477088948787062,0.3386880856760375,0.32538104705102716,0.3080444735120994,0.287001287001287,0.2626262626262626,0.23533045089561458,0.20554550934297772,0.17370892018779344,0.1402508551881414,0.10558319513543395,0.07009095773140717,0.03412616339193382,0],"messages":[],"ranks":{},"score":4.748265083227262,"debutScore":0.052631578947368425,"peakScore":0.41043723554301825,"duration":5,"genres":["disco"],"role":true,"scoreFactor":1,"rank":2},{"title":"Dance Dance Dance","instanceSlug":1855,"tags":[],"parents":[],"genre":"disco","debut":1978,"playlists":[],"ranks":{},"scores":[0.052631578947368425,0.15406809001731103,0.25,0.31926121372031663,0.375515818431912,0.41043723554301825,0.3522650439486139,0.3477088948787062,0.3386880856760375,0.32538104705102716,0.3080444735120994,0.287001287001287,0.2626262626262626,0.23533045089561458,0.20554550934297772,0.17370892018779344,0.1402508551881414,0.10558319513543395,0.07009095773140717,0.03412616339193382,0],"messages":[],"score":4.748265083227262,"debutScore":0.052631578947368425,"peakScore":0.41043723554301825,"duration":5,"genres":["disco"],"role":true,"scoreFactor":1,"rank":3},{"title":"Rapper's Delight","instanceSlug":2723,"tags":[],"genre":"rap","debut":"1980-01","playlists":[],"sample":true,"scores":[0.1,0.267,0.4,0.484,0.546,0.582,0.521,0.46,0.338,0.155,0],"messages":[],"ranks":{},"score":0.3853,"debutScore":0.1,"peakScore":0.582,"duration":3,"genres":["rap"],"role":"sample","scoreFactor":0.1,"rank":4}],"score":14.630095249681787,"songCount":4,"songAdjustedAverage":7.3150476248408935,"rank":359}