{"title":"Christine McVie","instanceSlug":"christine-mcvie","tags":[],"parents":[],"genres":[],"members":[],"complete":false,"origin":"","birth":"","death":"","type":{"title":"Solo Female","artists":[],"artistCount":0,"score":0,"artistAdjustedAverage":0,"slug":"f"},"songs":[{"title":"Save Me","instanceSlug":2751,"tags":[],"parents":[],"genre":"pop","debut":"1990-05","playlists":[],"ranks":{},"scores":[0.15,0.443,0.867,0.809,0.814,0.799,0.78302,0.7510600000000001,0.7031200000000001,0.6392000000000001,0.5593000000000001,0.46342000000000017,0.3515600000000002,0.22372000000000022,0.07990000000000025,0],"ascent":[0.15,0.443,0.867],"descent-weeks":7.013511427335642,"ascent-weeks":2.5259515570934257,"peak":0.867,"messages":[],"unscored":false,"score":4.135357203750001,"duration":3,"genres":["pop"],"role":"lead","scoreFactor":0.75,"totalScore":5.513809605000001,"rank":1},{"title":"Everywhere","instanceSlug":861,"tags":["#1","#1-adult-contemporary"],"genres":["pop","adult-contemporary"],"debut":"1988-01","playlists":[],"scores":[0.529,0.95,0.943,0.92,0.8970000000000001,0.8510000000000003,0.7820000000000006,0.690000000000001,0.5750000000000014,0.43700000000000194,0.2760000000000026,0.0920000000000033,0],"ascent":[0.529,0.95],"descent-weeks":5.782140000000015,"ascent-weeks":2.335263157894737,"peak":0.95,"messages":[],"ranks":{},"unscored":false,"score":3.8557665000000076,"duration":2,"role":"lead","scoreFactor":0.75,"totalScore":5.14102200000001,"rank":2},{"title":"Little Lies","instanceSlug":152,"tags":["#1","#1-adult-contemporary"],"parents":[],"genre":"pop","debut":"1987-09","ranks":{},"scores":[0.097,0.267,0.402,0.506,0.573,0.622,0.587,0.5519999999999999,0.4819999999999999,0.3769999999999998,0.23699999999999966,0.0619999999999995,0],"ascent":[0.097,0.267,0.402,0.506,0.573,0.622],"descent-weeks":2.106341639871381,"ascent-weeks":5.94935691318328,"peak":0.622,"messages":[],"unscored":false,"score":2.5053222499999994,"duration":2,"genres":["pop"],"playlists":[],"role":"lead","scoreFactor":0.75,"totalScore":3.3404296666666657,"rank":3},{"title":"Hold Me","instanceSlug":2750,"tags":[],"genre":"rock","debut":"1982-07","playlists":[],"ranks":{},"scores":[0.018,0.232,0.328,0.431,0.463,0.437,0.411,0.35899999999999993,0.28099999999999986,0.17699999999999977,0.04699999999999965,0],"ascent":[0.018,0.232,0.328,0.431,0.463],"descent-weeks":1.4276862850971914,"ascent-weeks":4.768898488120951,"peak":0.463,"messages":[],"unscored":false,"score":1.4345093749999998,"duration":2,"genres":["rock"],"role":"lead","scoreFactor":0.75,"totalScore":1.9126791666666665,"rank":4},{"title":"You Make Loving Fun","instanceSlug":2747,"tags":[],"parents":[],"genre":"rock","debut":1977,"playlists":[],"ranks":{},"scores":[0.25,0.342,0.38,0.41,0.39,0.35,0.30999999999999994,0.22999999999999987,0.10999999999999976,0],"ascent":[0.25,0.342,0.38,0.41],"descent-weeks":1.1641463414634143,"ascent-weeks":5.056097560975611,"peak":0.41,"messages":[],"unscored":false,"score":1.27515,"duration":2,"genres":["rock"],"role":"lead","scoreFactor":0.75,"totalScore":1.7002000000000002,"rank":5},{"title":"Big Love","instanceSlug":862,"tags":[],"genre":"rock","debut":"1987-04","playlists":[],"ranks":{},"scores":[0.077,0.477,0.668,0.694,0.701,0.691,0.657,0.622,0.587,0.5169999999999999,0.4119999999999998,0.2719999999999997,0.09699999999999953,0],"ascent":[0.077,0.477,0.668,0.694,0.701],"descent-weeks":3.88494864479315,"ascent-weeks":5.599857346647647,"peak":0.701,"messages":[],"unscored":false,"score":1.1081414999999997,"duration":3,"genres":["rock"],"role":"member","scoreFactor":0.25,"totalScore":4.432565999999999,"rank":6},{"title":"Over My Head","instanceSlug":2743,"tags":[],"parents":[],"genre":"pop","debut":1976,"playlists":[],"ranks":{},"scores":[0.21,0.275,0.342,0.346,0.315,0.28400000000000003,0.2220000000000001,0.12900000000000017,0.005000000000000282,0],"ascent":[0.21,0.275,0.342,0.346],"descent-weeks":0.775210500963392,"ascent-weeks":5.085260115606937,"peak":0.346,"messages":[],"unscored":false,"score":1.0138614166666668,"duration":2,"genres":["pop"],"role":"lead","scoreFactor":0.75,"totalScore":1.3518152222222224,"rank":7},{"title":"Go Your Own Way","instanceSlug":2745,"tags":[],"parents":[],"genre":"rock","debut":1977,"playlists":[],"ranks":{},"scores":[0.06933333333333333,0.2843333333333334,0.488,0.5296666666666666,0.5559999999999999,0.5713333333333334,0.5413333333333333,0.5113333333333333,0.45133333333333325,0.3613333333333332,0.24133333333333307,0.09133333333333293,0],"ascent":[0.06933333333333333,0.2843333333333334,0.488,0.5296666666666666,0.5559999999999999,0.5713333333333334],"descent-weeks":2.1278949824970823,"ascent-weeks":6.560093348891482,"peak":0.5713333333333334,"messages":[],"unscored":false,"score":0.8272895555555554,"duration":2,"genres":["rock"],"role":"member","scoreFactor":0.25,"totalScore":3.3091582222222216,"rank":8},{"title":"Don't Stop","instanceSlug":2746,"tags":[],"parents":[],"genre":"rock","debut":1977,"playlists":[],"scores":[0.2,0.267,0.351,0.346,0.315,0.28400000000000003,0.2220000000000001,0.12900000000000017,0.005000000000000282,0],"ascent":[0.2,0.267,0.351],"descent-weeks":0.9687654320987661,"ascent-weeks":3.495726495726496,"peak":0.351,"messages":[],"ranks":{},"unscored":false,"score":0.7835183333333335,"duration":2,"genres":["rock"],"role":"lead","scoreFactor":0.75,"totalScore":1.0446911111111115,"rank":9},{"title":"Gypsy","instanceSlug":678,"tags":[],"parents":[],"genre":"pop","debut":"1982-10","playlists":[],"ranks":{},"scores":[0.1645,0.329,0.4082222222222222,0.4454444444444445,0.4374444444444445,0.42122222222222216,0.41027777777777774,0.3930555555555555,0.3766666666666667,0.35461111111111115,0.33155555555555555,0.3045555555555555,0.2748333333333333,0.24066666666666667,0.20538888888888893,0.1706666666666667,0.13927777777777778,0.10861111111111113,0.08261111111111112,0.061222222222222226,0.038166666666666675,0.017333333333333333,0],"ascent":[0.1645,0.329,0.4082222222222222,0.4454444444444445],"descent-weeks":5.547939953391907,"ascent-weeks":4.536480419057122,"peak":0.4454444444444445,"messages":[],"unscored":false,"score":0.7486748383916326,"duration":3,"genres":["pop"],"role":"member","scoreFactor":0.25,"totalScore":2.9946993535665305,"rank":10},{"title":"Think About Me","instanceSlug":2749,"tags":[],"parents":[],"genre":"rock","debut":"1980-04","playlists":[],"ranks":{},"scores":[0.05,0.15,0.21,0.24,0.22,0.19,0.16,0.1,0.010000000000000009,0],"ascent":[0.05,0.15,0.21,0.24],"descent-weeks":0.5015277777777777,"ascent-weeks":4.062500000000001,"peak":0.24,"messages":[],"unscored":false,"score":0.5476833333333333,"duration":2,"genres":["rock"],"role":"lead","scoreFactor":0.75,"totalScore":0.7302444444444445,"rank":11},{"title":"Seven Wonders","instanceSlug":863,"tags":[],"parents":[],"genre":"pop","debut":"1987-07","playlists":[],"scores":[0.213,0.391,0.45,0.48,0.44,0.37,0.3,0.15999999999999998,0],"ascent":[0.213,0.391,0.45,0.48],"descent-weeks":0.9977430555555553,"ascent-weeks":4.79375,"peak":0.48,"messages":[],"ranks":{},"unscored":false,"score":0.4633194444444444,"duration":2,"genres":["pop"],"role":"member","scoreFactor":0.25,"totalScore":1.8532777777777776,"rank":12},{"title":"Rhiannon (Will You Ever Win)","instanceSlug":2744,"tags":[],"genre":"rock","debut":1976,"playlists":[],"scores":[0.1,0.232,0.267,0.306,0.286,0.26,0.23400000000000004,0.1820000000000001,0.1040000000000002,3.3306690738754696e-16,0],"ascent":[0.1,0.232,0.267,0.306],"descent-weeks":0.8507745098039226,"ascent-weeks":4.436274509803922,"peak":0.306,"messages":[],"ranks":{},"unscored":false,"score":0.26963950000000003,"duration":2,"genres":["rock"],"role":"member","scoreFactor":0.25,"totalScore":1.0785580000000001,"rank":13},{"title":"Sara","instanceSlug":2748,"tags":[],"parents":[],"genre":"rock","debut":"1980-01","playlists":[],"ranks":{},"scores":[0.09,0.21,0.25,0.29,0.25,0.21000000000000002,0.13000000000000006,0.01000000000000012,0],"ascent":[0.09,0.21,0.25,0.29],"descent-weeks":0.44244252873563233,