{"title":"Chumbawumba","instanceSlug":"chumbawumba","tags":[],"parents":[],"genres":[],"members":[],"complete":false,"origin":"","birth":"","death":"","type":{"title":"Mixed Group, Male Lead","artists":[],"artistCount":0,"score":0,"artistAdjustedAverage":0,"slug":"mmf"},"songs":[{"title":"Tubthumping","instanceSlug":52,"tags":[],"playlists":["drinking"],"genres":["pop"],"debut":1998,"scores":[0.177,0.271,0.2637028929654039,0.24181157186161553,0.20532603668863494,0.15424628744646213,0.08857232413509702,0.008304146754539709],"ascent":[0.177,0.271],"descent-weeks":6.0940959409594075,"messages":[],"ranks":{},"score":1.4099632598517533,"debutScore":0.177,"peakScore":0.271,"duration":2,"role":true,"scoreFactor":1,"rank":1}],"score":1.4099632598517533,"songCount":1,"songAdjustedAverage":1.4099632598517533,"rank":1161}