{"title":"Chumbawumba","instanceSlug":"chumbawumba","tags":[],"parents":[],"genres":[],"members":[],"complete":false,"origin":"","birth":"","death":"","type":{"title":"Mixed Group, Male Lead","artists":[],"artistCount":0,"score":0,"artistAdjustedAverage":0,"slug":"mmf"},"songs":[{"title":"Tubthumping","instanceSlug":52,"tags":[],"playlists":["drinking"],"genres":["pop"],"debut":1998,"scores":[0.177,0.271,0.25,0.22899999999999998,0.18699999999999994,0.12399999999999989,0.039999999999999813,0],"ascent":[0.177,0.271],"descent-weeks":6.0940959409594075,"ascent-weeks":2.4797047970479706,"peak":0.271,"messages":[],"ranks":{},"unscored":false,"score":1.5489999999999997,"duration":2,"role":true,"scoreFactor":1,"totalScore":1.5489999999999997,"rank":1}],"score":1.5489999999999997,"songCount":1,"songAdjustedAverage":1.5489999999999997,"rank":1171}