{"title":"Citizen King","instanceSlug":"citizen-king","tags":[],"parents":[],"genres":[],"members":[],"complete":false,"origin":"","birth":"","death":"","songs":[{"title":"I've Seen Better Days","instanceSlug":564,"tags":[],"genres":["pop"],"debut":"1999-09","playlists":["summer"],"scores":[0.04,0.22,0.4,0.45,0.47,0.49,0.485,0.475,0.46499999999999997,0.44499999999999995,0.4149999999999999,0.3749999999999999,0.32499999999999984,0.2649999999999998,0.19499999999999973,0.11499999999999966,0.024999999999999578,0],"ascent":[0.04,0.22,0.4,0.45,0.47,0.49],"descent-weeks":12.474489795918362,"ascent-weeks":6.336734693877552,"peak":0.49,"messages":[],"ranks":{},"unscored":false,"score":6.144999999999999,"duration":5,"role":true,"scoreFactor":1,"totalScore":6.144999999999999,"rank":1}],"score":6.144999999999999,"songCount":1,"songAdjustedAverage":6.144999999999999,"rank":637}