{"title":"Citizen King","instanceSlug":"citizen-king","tags":[],"parents":[],"genres":[],"members":[],"complete":false,"origin":"","birth":"","death":"","songs":[{"title":"I've Seen Better Days","instanceSlug":564,"tags":[],"genres":["pop"],"debut":"1999-09","playlists":["summer"],"scores":[0.04,0.22,0.4,0.45,0.47,0.49,0.48685116070943163,0.4774046428377265,0.4616604463848846,0.43961857135090593,0.4112790177357906,0.3766417855395385,0.33570687476214955,0.28847428540362396,0.23494401746396154,0.17511607094316242,0.10899044584122655,0.036567142158153945],"ascent":[0.04,0.22,0.4,0.45,0.47,0.49],"descent-weeks":12.474489795918362,"messages":[],"ranks":{},"score":5.903254461130557,"debutScore":0.04,"peakScore":0.49,"duration":5,"role":true,"scoreFactor":1,"rank":1}],"score":5.903254461130557,"songCount":1,"songAdjustedAverage":5.903254461130557,"rank":619}