{"title":"Clarence Clemons","instanceSlug":"clarence-clemons","tags":[],"parents":[],"genres":[],"members":[],"complete":false,"origin":"","birth":"","death":"","type":{"title":"Solo Male","artists":[],"artistCount":0,"score":0,"artistAdjustedAverage":0,"slug":"m"},"songs":[{"title":"You're a Friend of Mine","instanceSlug":1375,"tags":[],"parents":[],"genre":"pop","debut":"1985-12","playlists":["sax"],"scores":[0.2,0.9,0.88,0.854,0.849,0.836,0.821,0.8,0.7790000000000001,0.7370000000000003,0.6740000000000006,0.590000000000001,0.48500000000000143,0.359000000000002,0.21200000000000263,0.04400000000000337,0],"ascent":[0.2,0.9],"descent-weeks":16.36666666666669,"ascent-weeks":1.8333333333333335,"peak":0.9,"messages":[],"ranks":{},"unscored":false,"score":10.920000000000012,"duration":5,"genres":["pop"],"role":true,"scoreFactor":1,"totalScore":10.920000000000012,"rank":1},{"title":"Born to Run","instanceSlug":2674,"tags":[],"genre":"rock","debut":1975,"playlists":["sax"],"scores":[0.045,0.095,0.122,0.131,0.145,0.141,0.13599999999999998,0.12599999999999997,0.11099999999999997,0.09099999999999997,0.06599999999999998,0.035999999999999976,0.0009999999999999731,0],"ascent":[0.045,0.095,0.122,0.131,0.145],"descent-weeks":8.824137931034482,"ascent-weeks":5.565517241379311,"peak":0.145,"messages":[],"ranks":{},"unscored":false,"score":0.34774999999999995,"duration":4,"genres":["rock"],"role":"member","scoreFactor":0.25,"totalScore":1.3909999999999998,"rank":2},{"title":"Merry Christmas Baby","instanceSlug":"qz84","tags":[],"debut":"1980s","playlists":["sax","xmas"],"scores":[0.095,0.145,0.21,0.25,0.21,0.16999999999999998,0.08999999999999997,0],"ascent":[0.095,0.145,0.21,0.25],"descent-weeks":4.319999999999999,"ascent-weeks":4.199999999999999,"peak":0.25,"messages":[],"ranks":{},"unscored":false,"score":0.142,"duration":2,"role":"backup","scoreFactor":0.1,"totalScore":1.42,"rank":3}],"score":11.409750000000011,"songCount":3,"songAdjustedAverage":6.58742223388634,"rank":573}