{"title":"Clarence Carter","instanceSlug":"clarence-carter","tags":[{"title":"Blind","instanceSlug":"blind","tags":[],"parents":[],"coverage":{}},null,null],"genres":[{"instanceSlug":"soul","title":"Soul","parents":["urban"]},{"instanceSlug":"urban","title":"Urban / R&B","parents":[]}],"complete":false,"origin":{"title":"Alabama","instanceSlug":"alabama","tags":[],"parents":["us"]},"birth":"1939-01","death":"","type":{"title":"Solo Male","artists":[],"artistCount":0,"score":0,"artistAdjustedAverage":0,"slug":"m"},"songs":[{"title":"Patches","instanceSlug":"patches","tags":[],"debut":1970,"playlists":[],"ranks":{},"scores":[0.25,0.55,0.61,0.64,0.6360397915862975,0.6241591663451898,0.6043581242766771,0.5766366653807592,0.5409947896574362,0.4974324971067081,0.44594978772857496,0.3865466615230368,0.3192231184900933,0.24397915862974479,0.16081478194199123,0.06972998842683246],"ascent":[0.25,0.55,0.61,0.64],"descent-weeks":12.712500000000002,"messages":[],"score":7.155864531093341,"debutScore":0.25,"peakScore":0.64,"duration":4,"role":true,"scoreFactor":1,"rank":1},{"title":"Strokin'","instanceSlug":"strokin","tags":[],"parents":[],"debut":"1980s","playlists":[],"scores":[0.25,0.55,0.61,0.64,0.6330690990812348,0.6122763963249389,0.5776218917311124,0.5291055852997555,0.4667274770308679,0.39048756692444986,0.3003858549805012,0.19642234119902185,0.07859702558001211],"ascent":[0.25,0.55,0.61,0.64],"descent-weeks":9.609375000000002,"messages":[],"ranks":{},"score":5.834693238151895,"debutScore":0.25,"peakScore":0.64,"duration":3,"role":true,"scoreFactor":1,"rank":2}],"score":12.990557769245235,"songCount":2,"songAdjustedAverage":9.185711490028895,"rank":311,"ranks":{"genre:urban":{"rank":56,"total":95},"genre:soul":{"rank":31,"total":49},"origin:alabama":{"rank":3,"total":3},"tag:singer":{"rank":6,"total":10},"tag:guitarist":{"rank":4,"total":8},"tag:blind":{"rank":1,"total":1}}}