{"title":"Clarence Clemons","instanceSlug":"clarence-clemons","tags":[],"parents":[],"genres":[],"members":[],"complete":false,"origin":"","birth":"","death":"","type":{"title":"Solo Male","artists":[],"artistCount":0,"score":0,"artistAdjustedAverage":0,"slug":"m"},"songs":[{"title":"You're a Friend of Mine","instanceSlug":1375,"tags":[],"parents":[],"genre":"pop","debut":"1985-12","playlists":["sax"],"scores":[0.2,0.9,0.896640133399148,0.8865605335965921,0.8697612005923321,0.8462421343863682,0.8160033349787004,0.7790448023693286,0.7353665365582527,0.6849685375454729,0.627850805330989,0.5640133399148014,0.4934561412969096,0.41617920947731396,0.3321825444560142,0.24146614623301066,0.1440300148083029,0.03987415018189146],"ascent":[0.2,0.9],"descent-weeks":16.36666666666669,"messages":[],"ranks":{},"score":10.473639565125428,"debutScore":0.2,"peakScore":0.9,"duration":4,"genres":["pop"],"role":true,"scoreFactor":1,"rank":1},{"title":"Born to Run","instanceSlug":2674,"tags":[],"genre":"rock","debut":1975,"playlists":["sax"],"scores":[0.045,0.095,0.122,0.131,0.145,0.14313781241787216,0.13755124967148868,0.12824031176084957,0.11520499868595478,0.09844531044680437,0.0779612470433983,0.05375280847573657,0.025819994743819207],"ascent":[0.045,0.095,0.122,0.131,0.145],"descent-weeks":8.824137931034482,"messages":[],"ranks":{},"score":0.3295284333114809,"debutScore":0.045,"peakScore":0.145,"duration":3,"genres":["rock"],"role":"member","scoreFactor":0.25,"rank":2},{"title":"Merry Christmas Baby","instanceSlug":"qz84","tags":[],"debut":"1980s","playlists":["sax","xmas"],"scores":[0.095,0.145,0.21,0.25,0.23660408093278462,0.19641632373113854,0.1294367283950617,0.03566529492455414],"ascent":[0.095,0.145,0.21,0.25],"descent-weeks":4.319999999999999,"messages":[],"ranks":{},"score":0.1298122427983539,"debutScore":0.095,"peakScore":0.25,"duration":2,"role":"backup","scoreFactor":0.1,"rank":3}],"score":10.932980241235262,"songCount":3,"songAdjustedAverage":6.312159085322039,"rank":555}