{"title":"Clash, The","instanceSlug":"clash","tags":[{"title":"Rock & Roll Hall of Fame Members","instanceSlug":"hof","coverage":{"artist":true},"tags":[],"parents":[]}],"genres":[],"members":[],"xref":[],"complete":false,"origin":{"title":"United Kingdom","instanceSlug":"uk","tags":[],"parents":[]},"birth":"","death":"","type":{"title":"All-Male Group","artists":[],"artistCount":0,"score":0,"artistAdjustedAverage":0,"slug":"mmm"},"songs":[{"title":"Rock the Casbah","instanceSlug":679,"tags":[],"genre":"rock","debut":"1982-11","playlists":["places"],"xref":["1442"],"scores":[0.171,0.592,0.864,0.813,0.7619999999999999,0.6599999999999998,0.5069999999999997,0.3029999999999995,0.047999999999999265,0],"ascent":[0.171,0.592,0.864],"descent-weeks":6.869791666666663,"ascent-weeks":2.824652777777778,"peak":0.864,"messages":[],"ranks":{},"unscored":false,"score":5.583999999999998,"duration":3,"genres":["rock"],"role":true,"scoreFactor":1,"totalScore":5.583999999999998,"rank":1},{"title":"I Fought the Law","instanceSlug":"e8VB","remake":true,"genres":["rock"],"tags":[],"playlists":[],"scores":[0.3,0.29943732410595497,0.29774929642382,0.29493591695359495,0.2909971856952799,0.28593310264887484,0.27974366781437976,0.2724288811917947,0.2639887427811196,0.25442325258235454,0.2437324105954994,0.23191621682055427,0.21897467125751915,0.20490777390639403,0.18971552476717887,0.1733979238398737,0.15595497112447854,0.13738666662099333,0.11769301032941809,0.0968740022497529,0.07492964238199766,0.05185993072615242,0.027664867282217186,0.0023444520501919473,0],"ascent":[0.3],"descent-weeks":23.834947170746972,"ascent-weeks":1.5,"peak":0.3,"messages":[],"ranks":{},"unscored":false,"score":5.066989434149394,"duration":6,"role":true,"scoreFactor":1,"totalScore":5.066989434149394,"rank":2},{"title":"Will2K","instanceSlug":1442,"tags":[],"genre":"dance","debut":"1999-11","playlists":[],"sample":"679","note":"Project 4 weeks at #1 but rapid descent.","scores":[0.554,0.986,0.962,0.939,0.887,0.768,0.649,0.41100000000000003,0.05400000000000005,0],"ascent":[0.554,0.986],"descent-weeks":8.604462474645032,"ascent-weeks":2.342799188640974,"peak":0.986,"messages":[],"ranks":{},"unscored":false,"score":0.7196000000000002,"duration":3,"genres":["dance"],"role":"sample","scoreFactor":0.1,"totalScore":7.1960000000000015,"rank":3}],"score":11.370589434149391,"songCount":3,"songAdjustedAverage":6.564812870650866,"rank":585,"ranks":{"origin:uk":{"rank":28,"total":55},"tag:hof":{"rank":70,"total":164}}}