{"title":"Collective Soul","instanceSlug":"collective-soul","tags":[],"parents":[],"genres":[{"instanceSlug":"rock","title":"Rock","parents":[]}],"members":[],"complete":true,"origin":{"title":"Georgia","instanceSlug":"georgia","tags":[],"parents":["us"]},"birth":"","death":"","type":{"title":"All-Male Group","artists":[],"artistCount":0,"score":0,"artistAdjustedAverage":0,"slug":"mmm"},"songs":[{"title":"Shine","instanceSlug":1241,"tags":["#1","#1-mainstream-rock"],"parents":[],"genre":"rock","debut":"1994-06","playlists":["summer"],"ranks":{},"scores":[0.075,0.267,0.498,0.602,0.668,0.722,0.708,0.677,0.637,0.597,0.5169999999999999,0.3969999999999998,0.23699999999999966,0.03699999999999948,0],"ascent":[0.075,0.267,0.498,0.602,0.668,0.722],"descent-weeks":3.847872691597412,"ascent-weeks":5.8836565096952915,"peak":0.722,"messages":[],"unscored":false,"score":4.684109388888888,"duration":3,"genres":["rock"],"role":true,"scoreFactor":1,"totalScore":4.684109388888888,"rank":1},{"title":"December","instanceSlug":1359,"tags":["#1","#1-mainstream-rock"],"parents":[],"genres":["adult-alternative","rock"],"debut":"1995-06","playlists":["months"],"ranks":{},"scores":[0.036,0.171,0.267,0.402,0.351,0.29999999999999993,0.19799999999999984,0.04499999999999971,0],"ascent":[0.036,0.171,0.267,0.402],"descent-weeks":0.5835223880597011,"ascent-weeks":3.2686567164179103,"peak":0.402,"messages":[],"unscored":false,"score":1.032384,"duration":1,"role":true,"scoreFactor":1,"totalScore":1.032384,"rank":2},{"title":"The World I Know","instanceSlug":2305,"tags":["#1","#1-mainstream-rock"],"parents":[],"genres":["adult-alternative","rock"],"debut":"1996-01","playlists":[],"ranks":{},"scores":[0.036,0.145,0.232,0.306,0.286,0.242,0.198,0.11000000000000004,0],"ascent":[0.036,0.145,0.232,0.306],"descent-weeks":0.578775054466231,"ascent-weeks":3.5245098039215685,"peak":0.306,"messages":[],"unscored":false,"score":0.8370701111111111,"duration":1,"role":true,"scoreFactor":1,"totalScore":0.8370701111111111,"rank":3}],"songCount":3,"songAdjustedAverage":3.783701650876305,"collaborators":[],"rank":536,"ranks":{"genre:rock":{"rank":21,"total":98},"origin:georgia":{"rank":3,"total":5}}}