{"title":"Collective Soul","instanceSlug":"collective-soul","tags":[],"parents":[],"genres":[{"instanceSlug":"rock","title":"Rock","parents":[]}],"members":[],"complete":true,"origin":{"title":"Georgia","instanceSlug":"georgia","tags":[],"parents":["us"]},"birth":"","death":"","type":{"title":"All-Male Group","artists":[],"artistCount":0,"score":0,"artistAdjustedAverage":0,"slug":"mmm"},"songs":[{"title":"Shine","instanceSlug":1241,"tags":["#1","#1-mainstream-rock"],"parents":[],"genre":"rock","debut":"1994-06","playlists":["summer"],"ranks":{},"scores":[0.075,0.267,0.498,0.602,0.668,0.722,0.7138449912148034,0.6893799648592136,0.6486049209332306,0.5915198594368545,0.5181247803700851,0.4284196837329226,0.32240456952536684,0.20007943774741793,0.06144428839907586],"ascent":[0.075,0.267,0.498,0.602,0.668,0.722],"descent-weeks":9.409279778393348,"messages":[],"score":7.00582249621897,"debutScore":0.075,"peakScore":0.722,"duration":4,"genres":["rock"],"role":true,"scoreFactor":1,"rank":1},{"title":"December","instanceSlug":1359,"tags":["#1","#1-mainstream-rock"],"parents":[],"genres":["adult-alternative","rock"],"debut":"1995-06","playlists":["months"],"ranks":{},"scores":[0.036,0.171,0.267,0.402,0.38480961362597166,0.33323845450388656,0.2472865226337447,0.1269538180155462],"ascent":[0.036,0.171,0.267,0.402],"descent-weeks":4.835820895522386,"messages":[],"score":1.9682884087791495,"debutScore":0.036,"peakScore":0.402,"duration":2,"role":true,"scoreFactor":1,"rank":2},{"title":"The World I Know","instanceSlug":2305,"tags":["#1","#1-mainstream-rock"],"parents":[],"genres":["adult-alternative","rock"],"debut":"1996-01","playlists":[],"ranks":{},"scores":[0.036,0.145,0.232,0.306,0.29623551025791234,0.2669420410316494,0.21811959232121117,0.1497681641265976,0.06188775644780874],"ascent":[0.036,0.145,0.232,0.306],"descent-weeks":5.598039215686275,"messages":[],"score":1.7119530641851792,"debutScore":0.036,"peakScore":0.306,"duration":2,"role":true,"scoreFactor":1,"rank":3}],"score":10.6860639691833,"songCount":3,"songAdjustedAverage":6.169601909185539,"rank":580,"ranks":{"genre:rock":{"rank":66,"total":98},"origin:georgia":{"rank":4,"total":5}}}