{"title":"Coolio","instanceSlug":"coolio","tags":[],"parents":[],"genres":[],"members":[],"complete":false,"origin":"","birth":"","death":"","type":{"title":"Solo Male","artists":[],"artistCount":0,"score":0,"artistAdjustedAverage":0,"slug":"m"},"songs":[{"title":"Gangsta's Paradise","instanceSlug":346,"tags":[],"genre":"rap","debut":"1995-09","playlists":["weird-al"],"scores":[0.1,0.1871,0.28464461,0.3191,0.3168723598445108,0.3101894393780431,0.29905123860059707,0.28345775751217256,0.26340899611276963,0.23890495440238826,0.20994563238102845,0.17653103004869028,0.1386611474053737,0.09633598445107858,0.0495555411858051],"ascent":[0.1,0.1871,0.28464461,0.3191],"descent-weeks":11.96853194096676,"messages":[],"ranks":{},"score":3.273758691322458,"debutScore":0.1,"peakScore":0.3191,"duration":4,"genres":["rap"],"role":true,"scoreFactor":1,"rank":1},{"title":"Amish Paradise","instanceSlug":670,"tags":[],"genre":"parody","debut":1996,"playlists":[],"parody":true,"scores":[0.077,0.267,0.463,0.633,0.6061237478256226,0.5254949913024902,0.39111373043060305,0.2029799652099611],"ascent":[0.077,0.267,0.463,0.633],"descent-weeks":4.8530805687203795,"messages":[],"ranks":{},"score":0.7914281086921691,"debutScore":0.077,"peakScore":0.633,"duration":2,"genres":["parody"],"role":"parody","scoreFactor":0.25,"rank":2}],"score":4.065186800014627,"songCount":2,"songAdjustedAverage":2.8745211530803836,"rank":1072}