{"title":"Coolio","instanceSlug":"coolio","tags":[],"parents":[],"genres":[],"members":[],"complete":false,"origin":"","birth":"","death":"","type":{"title":"Solo Male","artists":[],"artistCount":0,"score":0,"artistAdjustedAverage":0,"slug":"m"},"songs":[{"title":"Gangsta's Paradise","instanceSlug":346,"tags":[],"genre":"rap","debut":"1995-09","playlists":["weird-al"],"scores":[0.1,0.1871,0.28464461,0.3191,0.2976918657699976,0.2838943777161,0.2764461,0.265794571,0.2524642747146194,0.236,0.21953572528538057,0.18660717585614173,0.13721435171228347,0.07135725285380579,0],"ascent":[0.1,0.1871,0.28464461,0.3191],"descent-weeks":11.96853194096676,"ascent-weeks":4.1876117674710125,"peak":0.3191,"messages":[],"ranks":{},"unscored":false,"score":3.4369503049083283,"duration":4,"genres":["rap"],"role":true,"scoreFactor":1,"totalScore":3.4369503049083283,"rank":1},{"title":"Amish Paradise","instanceSlug":670,"tags":[],"genre":"parody","debut":1996,"playlists":[],"parody":true,"scores":[0.077,0.267,0.463,0.633,0.521,0.408,0.298,0.188,0],"ascent":[0.077,0.267,0.463,0.633],"descent-weeks":4.8530805687203795,"ascent-weeks":3.4123222748815167,"peak":0.633,"messages":[],"ranks":{},"unscored":false,"score":0.872,"duration":2,"genres":["parody"],"role":"parody","scoreFactor":0.25,"totalScore":3.488,"rank":2}],"score":4.308950304908328,"songCount":2,"songAdjustedAverage":3.0468879803965203,"rank":1086}