{"title":"Corey Hart","instanceSlug":"corey-hart","tags":[],"parents":[],"genres":[],"members":[],"complete":false,"origin":"","birth":"","death":"","type":{"title":"Solo Male","artists":[],"artistCount":0,"score":0,"artistAdjustedAverage":0,"slug":"m"},"songs":[{"title":"Sunglasses at Night","instanceSlug":778,"tags":[],"parents":[],"genre":"rock","debut":1985,"playlists":[],"ranks":{},"scores":[0.055,0.229,0.323,0.29,0.229,0.224,0.214,0.199,0.179,0.154,0.124,0.089,0.049,0.009000000000000008,0],"ascent":[0.055,0.229,0.323],"descent-weeks":9.673374613003094,"ascent-weeks":2.8188854489164084,"peak":0.323,"messages":[],"unscored":false,"score":2.6899999999999995,"duration":3,"genres":["rock"],"role":true,"scoreFactor":1,"totalScore":2.6899999999999995,"rank":1},{"title":"I Am By Your Side","instanceSlug":638,"tags":[],"genres":["pop"],"debut":"1986-10","playlists":[],"scores":[0.055,0.229,0.323,0.29,0.229,0.224,0.214,0.204,0.18399999999999997,0.15399999999999994,0.11399999999999991,0.06399999999999986,0.003999999999999809,0],"ascent":[0.055,0.229,0.323],"descent-weeks":9.306501547987615,"ascent-weeks":2.8188854489164084,"peak":0.323,"messages":[],"ranks":{},"unscored":false,"score":2.6109999999999993,"duration":3,"role":true,"scoreFactor":1,"totalScore":2.6109999999999993,"rank":2},{"title":"Never Surrender","instanceSlug":839,"tags":["never","surrender"],"parents":[],"genre":"pop","debut":"1985-08","playlists":[],"ranks":{},"scores":[0.055,0.229,0.323,0.29,0.229,0.16800000000000004,0.046000000000000096,0],"ascent":[0.055,0.229,0.323],"descent-weeks":4.904024767801857,"ascent-weeks":2.8188854489164084,"peak":0.323,"messages":[],"unscored":false,"score":1.6629999999999996,"duration":2,"genres":["pop"],"role":true,"scoreFactor":1,"totalScore":1.6629999999999996,"rank":3}],"score":6.963999999999998,"songCount":3,"songAdjustedAverage":4.020667274636553,"rank":973}