{"title":"Corey Hart","instanceSlug":"corey-hart","tags":[],"parents":[],"genres":[],"members":[],"complete":false,"origin":"","birth":"","death":"","type":{"title":"Solo Male","artists":[],"artistCount":0,"score":0,"artistAdjustedAverage":0,"slug":"m"},"songs":[{"title":"Sunglasses at Night","instanceSlug":778,"tags":[],"parents":[],"genre":"rock","debut":1985,"playlists":[],"ranks":{},"scores":[0.055,0.229,0.323,0.31954819296931647,0.30919277187726574,0.291933736723848,0.2677710875090631,0.23670482423291098,0.19873494689539184,0.15386145549650557,0.10208435003625219,0.043403630514631655],"ascent":[0.055,0.229,0.323],"descent-weeks":9.673374613003094,"messages":[],"score":2.530234996255185,"debutScore":0.055,"peakScore":0.323,"duration":3,"genres":["rock"],"role":true,"scoreFactor":1,"rank":1},{"title":"I Am By Your Side","instanceSlug":638,"tags":[],"genres":["pop"],"debut":"1986-10","playlists":[],"scores":[0.055,0.229,0.323,0.31927068030716127,0.30808272122864494,0.28943612276445113,0.2633308849145798,0.2297670076790309,0.18874449105780453,0.14026333505090058,0.08432353965831917,0.02092510488006016],"ascent":[0.055,0.229,0.323],"descent-weeks":9.306501547987615,"messages":[],"ranks":{},"score":2.4511438875409524,"debutScore":0.055,"peakScore":0.323,"duration":3,"role":true,"scoreFactor":1,"rank":2},{"title":"Never Surrender","instanceSlug":839,"tags":["never","surrender"],"parents":[],"genre":"pop","debut":"1985-08","playlists":[],"ranks":{},"scores":[0.055,0.229,0.323,0.3095693444068207,0.26927737762728293,0.20212409966138659,0.10810951050913167],"ascent":[0.055,0.229,0.323],"descent-weeks":4.904024767801857,"messages":[],"score":1.4960803322046219,"debutScore":0.055,"peakScore":0.323,"duration":2,"genres":["pop"],"role":true,"scoreFactor":1,"rank":3}],"score":6.47745921600076,"songCount":3,"songAdjustedAverage":3.739762822022861,"rank":972}