{"title":"Corey Hart","instanceSlug":"corey-hart","tags":[],"parents":[],"genres":[],"members":[],"complete":false,"origin":"","birth":"","death":"","type":{"title":"Solo Male","artists":[],"artistCount":0,"score":0,"artistAdjustedAverage":0,"slug":"m"},"songs":[{"title":"Sunglasses at Night","instanceSlug":778,"tags":[],"parents":[],"genre":"rock","debut":1985,"playlists":[],"ranks":{},"scores":[0.055,0.229,0.323,0.29,0.229,0.224,0.214,0.199,0.179,0.154,0.124,0.089,0.049,0.009000000000000008,0],"ascent":[0.055,0.229,0.323],"descent-weeks":1.44563209494324,"ascent-weeks":2.8188854489164084,"peak":0.323,"messages":[],"unscored":false,"score":0.9182927777777776,"duration":1,"genres":["rock"],"role":true,"scoreFactor":1,"totalScore":0.9182927777777776,"rank":1},{"title":"I Am By Your Side","instanceSlug":638,"tags":[],"genres":["pop"],"debut":"1986-10","playlists":[],"scores":[0.055,0.229,0.323,0.29,0.229,0.224,0.214,0.204,0.18399999999999997,0.15399999999999994,0.11399999999999991,0.06399999999999986,0.003999999999999809,0],"ascent":[0.055,0.229,0.323],"descent-weeks":1.349959752321981,"ascent-weeks":2.8188854489164084,"peak":0.323,"messages":[],"ranks":{},"unscored":false,"score":0.8976913333333332,"duration":1,"role":true,"scoreFactor":1,"totalScore":0.8976913333333332,"rank":2},{"title":"Never Surrender","instanceSlug":839,"tags":["never","surrender"],"parents":[],"genre":"pop","debut":"1985-08","playlists":[],"ranks":{},"scores":[0.055,0.229,0.323,0.29,0.229,0.16800000000000004,0.046000000000000096,0],"ascent":[0.055,0.229,0.323],"descent-weeks":0.4530773993808048,"ascent-weeks":2.8188854489164084,"peak":0.323,"messages":[],"unscored":false,"score":0.7045626666666666,"duration":1,"genres":["pop"],"role":true,"scoreFactor":1,"totalScore":0.7045626666666666,"rank":3}],"songCount":3,"songAdjustedAverage":1.4552383606550436,"collaborators":[],"rank":1082}