{"title":"Corona","instanceSlug":"corona","tags":[],"parents":[],"genres":[],"members":[],"complete":false,"origin":"","birth":"","death":"","songs":[{"title":"Rhythm of the Night","instanceSlug":1823,"tags":[],"parents":[],"genre":"dance","debut":"1995-01","playlists":[],"ranks":{},"scores":[0.11,0.3356666666666667,0.543,0.613,0.621,0.633,0.611,0.5976666666666667,0.5793333333333334,0.556,0.528,0.5,0.44399999999999995,0.3599999999999999,0.24799999999999978,0.10799999999999965,0],"ascent":[0.11,0.3356666666666667,0.543,0.613,0.621,0.633],"descent-weeks":12.239336492890995,"ascent-weeks":6.7669826224328595,"peak":0.633,"messages":[],"unscored":false,"score":8.020666666666667,"duration":5,"genres":["dance"],"role":true,"scoreFactor":1,"totalScore":8.020666666666667,"rank":1},{"title":"Baby Baby","instanceSlug":"3044","tags":["double-word"],"parents":[],"genre":"dance","debut":"1995-06","playlists":["summer"],"ranks":{},"scores":[0.1362857142857143,0.37842857142857145,0.5717142857142858,0.6332857142857142,0.6448571428571429,0.6264285714285714,0.61,0.5935714285714285,0.5607142857142856,0.5114285714285712,0.4457142857142854,0.3635714285714281,0.26499999999999935,0.14999999999999913,0.018571428571427462,0],"ascent":[0.1362857142857143,0.37842857142857145,0.5717142857142858,0.6332857142857142,0.6448571428571429],"descent-weeks":11.141670358883466,"ascent-weeks":5.5002215330084185,"peak":0.6448571428571429,"messages":[],"unscored":false,"score":7.154428571428568,"duration":4,"genres":["dance"],"role":true,"scoreFactor":1,"totalScore":7.154428571428568,"rank":2}],"score":15.175095238095235,"songCount":2,"songAdjustedAverage":10.730412748008826,"rank":264}