{"title":"Cranberries","instanceSlug":"cranberries","tags":[],"parents":[],"genres":[],"members":[],"complete":false,"origin":"","birth":"","death":"","type":{"title":"All-Female Group","artists":[],"artistCount":0,"score":0,"artistAdjustedAverage":0,"slug":"fff"},"songs":[{"title":"Linger","instanceSlug":1594,"tags":[],"genre":"alternative","debut":"1993-12","playlists":[],"scores":[0.055,0.12,0.2,0.232,0.242,0.222,0.203,0.18400000000000002,0.14600000000000005,0.08900000000000008,0.013000000000000123,0],"ascent":[0.055,0.12,0.2,0.232,0.242],"descent-weeks":6.811983471074384,"ascent-weeks":5.262396694214876,"peak":0.242,"messages":[],"ranks":{},"unscored":false,"score":1.9480000000000004,"duration":3,"genres":["alternative"],"role":true,"scoreFactor":1,"totalScore":1.9480000000000004,"rank":1},{"title":"Zombie","instanceSlug":1037,"tags":[],"parents":[],"genre":"alternative","debut":1994,"playlists":[],"ranks":{},"scores":[0.055,0.12,0.2,0.232,0.242,0.222,0.203,0.171,0.036,0],"ascent":[0.055,0.12,0.2,0.232,0.242],"descent-weeks":5.417355371900827,"ascent-weeks":5.262396694214876,"peak":0.242,"messages":[],"unscored":false,"score":1.723,"duration":3,"genres":["alternative"],"role":true,"scoreFactor":1,"totalScore":1.723,"rank":2}],"score":3.6710000000000003,"songCount":2,"songAdjustedAverage":2.595788993735816,"rank":1120}