{"title":"Crystal Gayle","instanceSlug":"crystal-gayle","tags":[],"parents":[],"genres":[{"instanceSlug":"country","title":"Country","parents":[]}],"members":[],"complete":true,"origin":{"title":"Indiana","instanceSlug":"indiana","tags":[],"parents":["us"]},"birth":1951,"death":"","type":{"title":"Solo Female","artists":[],"artistCount":0,"score":0,"artistAdjustedAverage":0,"slug":"f"},"songs":[{"title":"Don't It Make My Brown Eyes Blue","instanceSlug":2541,"tags":["#1","#1-country"],"genres":["country","adult-contemporary"],"debut":"1977-10","playlists":["colors"],"scores":[0.232,0.778,0.748,0.713,0.673,0.628,0.578,0.523,0.463,0.398,0.328,0.253,0.173,0.088,0.0030000000000000027,0],"ascent":[0.232,0.778],"descent-weeks":12.237146529562981,"ascent-weeks":1.9473007712082264,"peak":0.778,"messages":[],"ranks":{},"unscored":false,"score":7.356999999999998,"duration":4,"role":true,"scoreFactor":1,"totalScore":7.356999999999998,"rank":1},{"title":"You and I","instanceSlug":1245,"tags":["#1","#1-country","you-and-i"],"parents":[],"genre":"country","debut":"1982-11","playlists":[],"ranks":{},"scores":[0.232,0.887,0.953,0.925,0.89,0.853,0.816,0.7419999999999999,0.6309999999999998,0.48299999999999965,0.2979999999999995,0.07599999999999929,0],"ascent":[0.232,0.887,0.953],"descent-weeks":10.493704092339978,"ascent-weeks":3.261280167890871,"peak":0.953,"messages":[],"unscored":false,"score":1.7477999999999998,"duration":4,"genres":["country"],"role":"feature","scoreFactor":0.2,"totalScore":8.738999999999999,"rank":2}],"score":9.104799999999997,"songCount":2,"songAdjustedAverage":6.4380658213472755,"rank":597,"ranks":{"genre:country":{"rank":17,"total":31},"origin:indiana":{"rank":3,"total":3}}}