{"title":"Cure, The","instanceSlug":"cure","tags":[],"genres":[],"members":[],"complete":false,"origin":{"title":"United Kingdom","instanceSlug":"uk","tags":[],"parents":[]},"birth":"","death":"","type":{"title":"All-Male Group","artists":[],"artistCount":0,"score":0,"artistAdjustedAverage":0,"slug":"mmm"},"songs":[{"title":"Lovesong","instanceSlug":513,"tags":[],"parents":[],"genres":[],"debut":"1989-09","playlists":[],"ranks":{},"scores":[0.0675,0.295,0.436,0.4675,0.4652958458605894,0.45868338344235754,0.44766261274530433,0.4322335337694299,0.4123961465147342,0.38815045098121725,0.3594964471688791,0.3264341350777196,0.2889635147077389,0.2470845860589369,0.20079734913131358,0.1501018039248691,0.09499795043960328,0.035485788675516175],"ascent":[0.0675,0.295,0.436,0.4675],"descent-weeks":14.56363636363636,"messages":[],"score":5.57378354849821,"debutScore":0.0675,"peakScore":0.4675,"duration":5,"role":true,"scoreFactor":1,"rank":1},{"title":"Friday I'm In Love","instanceSlug":514,"tags":[],"parents":[],"genre":"pop","debut":"1992-07","playlists":["summer"],"ranks":{},"scores":[0.097,0.381,0.521,0.559,0.569,0.5556122976417764,0.5154491905671061,0.4485106787759888,0.3547967622684247,0.23430744104441348,0.0870427151039555],"ascent":[0.097,0.381,0.521,0.559,0.569],"descent-weeks":6.519332161687169,"messages":[],"score":4.3227190854016655,"debutScore":0.097,"peakScore":0.569,"duration":3,"genres":["pop"],"role":true,"scoreFactor":1,"rank":2},{"title":"Just Like Heaven","instanceSlug":858,"tags":["heaven","just","like"],"parents":[],"genre":"rock","debut":"1987-10","playlists":[],"ranks":{},"scores":[0.038,0.209,0.351,0.376,0.36700885530236266,0.3400354212094507,0.295079697721264,0.23214168483780276,0.15122138255906678,0.05231879088505614],"ascent":[0.038,0.209,0.351,0.376],"descent-weeks":6.466755319148936,"messages":[],"score":2.411805832515003,"debutScore":0.038,"peakScore":0.376,"duration":3,"genres":["rock"],"role":true,"scoreFactor":1,"rank":3}],"score":12.308308466414879,"songCount":3,"songAdjustedAverage":7.1062052063535806,"rank":464,"ranks":{"origin:uk":{"rank":26,"total":55}}}