{"title":"Daft Punk","instanceSlug":"daft-punk","tags":[],"parents":[],"genres":[],"members":[],"complete":false,"origin":"","birth":"","death":"","type":{"title":"All-Male Group","artists":[],"artistCount":0,"score":0,"artistAdjustedAverage":0,"slug":"mmm"},"songs":[{"title":"Get Lucky","instanceSlug":1788,"tags":["#1","#1-rdwt40-hot-adult"],"parents":[],"genre":"pop","debut":2013,"playlists":[],"ranks":{},"scores":[0.065,0.351,0.537,0.582,0.612,0.6044279566030712,0.581711826412285,0.5438516094276414,0.4908473056491403,0.4226989150767818,0.33940643771056567,0.2409698735504922,0.12738922259656127],"ascent":[0.065,0.351,0.537,0.582,0.612],"descent-weeks":8.99019607843137,"messages":[],"score":5.49830314702654,"debutScore":0.065,"peakScore":0.612,"duration":3,"genres":["pop"],"role":true,"scoreFactor":1,"rank":1}],"score":5.49830314702654,"songCount":1,"songAdjustedAverage":5.49830314702654,"rank":666}