{"title":"Dan Hill","instanceSlug":"dan-hill","tags":[],"parents":[],"genres":[],"members":[],"complete":false,"origin":"","birth":"","death":"","type":{"title":"Solo Male","artists":[],"artistCount":0,"score":0,"artistAdjustedAverage":0,"slug":"m"},"songs":[{"title":"Can't We Try","instanceSlug":240,"tags":[],"playlists":["ballad"],"genre":"pop","debut":"1987-08","scores":[0.316,0.629,0.682,0.75,0.8,0.78,0.76,0.72,0.6599999999999999,0.5799999999999998,0.47999999999999976,0.35999999999999965,0.21999999999999953,0.05999999999999939,0],"ascent":[0.316,0.629,0.682,0.75,0.8],"descent-weeks":4.853722916666665,"ascent-weeks":5.956875000000001,"peak":0.8,"messages":[],"ranks":{},"unscored":false,"score":5.765652222222221,"duration":3,"genres":["pop"],"role":true,"scoreFactor":1,"totalScore":5.765652222222221,"rank":1},{"title":"Sometimes When We Touch","instanceSlug":1854,"tags":[],"parents":[],"genre":"pop","debut":1978,"playlists":[],"ranks":{},"scores":[0.077,0.563,0.864,0.821,0.7779999999999999,0.6919999999999998,0.5629999999999997,0.39099999999999957,0.17599999999999938,0],"ascent":[0.077,0.563,0.864],"descent-weeks":2.392540991512344,"ascent-weeks":2.6111111111111116,"peak":0.864,"messages":[],"unscored":false,"score":2.88210361111111,"duration":2,"genres":["pop"],"role":true,"scoreFactor":1,"totalScore":2.88210361111111,"rank":2}],"songCount":2,"songAdjustedAverage":6.114886791795522,"collaborators":[{"slug":"vonda-sheppard","title":"Vonda Sheppard","songCount":1,"score":5.765652222222221}],"rank":262}