{"title":"Dan Hill","instanceSlug":"dan-hill","tags":[],"parents":[],"genres":[],"members":[],"complete":false,"origin":"","birth":"","death":"","type":{"title":"Solo Male","artists":[],"artistCount":0,"score":0,"artistAdjustedAverage":0,"slug":"m"},"songs":[{"title":"Can't We Try","instanceSlug":240,"tags":[],"playlists":["ballad"],"genre":"pop","debut":"1987-08","scores":[0.316,0.629,0.682,0.75,0.8,0.7922537970767162,0.7690151883068647,0.7302841736904453,0.6760607532274584,0.6063449269179038,0.5211366947617814,0.42043605675909135,0.3042430129098335,0.1725575632140081,0.02537970767161495],"ascent":[0.316,0.629,0.682,0.75,0.8],"descent-weeks":10.162499999999996,"messages":[],"ranks":{},"score":8.194711874535718,"debutScore":0.316,"peakScore":0.8,"duration":4,"genres":["pop"],"role":true,"scoreFactor":1,"rank":1},{"title":"Sometimes When We Touch","instanceSlug":1854,"tags":[],"parents":[],"genre":"pop","debut":1978,"playlists":[],"ranks":{},"scores":[0.077,0.563,0.864,0.848388053411469,0.801552213645876,0.7234924807032209,0.6142088545835038,0.47370133528672487,0.3019699228128837,0.09901461716198058],"ascent":[0.077,0.563,0.864],"descent-weeks":7.439236111111108,"messages":[],"score":5.366327477605659,"debutScore":0.077,"peakScore":0.864,"duration":3,"genres":["pop"],"role":true,"scoreFactor":1,"rank":2}],"score":13.561039352141378,"songCount":2,"songAdjustedAverage":9.589102885836793,"rank":289}