{"title":"Dead or Alive","instanceSlug":"dead-or-alive","tags":[],"parents":[],"genres":[{"instanceSlug":"dance","title":"Dance","parents":[]}],"members":[],"complete":true,"origin":{"title":"Liverpool","instanceSlug":"liverpool","tags":[],"parents":["england"]},"birth":"","death":"","type":{"title":"All-Male Group","artists":[],"artistCount":0,"score":0,"artistAdjustedAverage":0,"slug":"mmm"},"songs":[{"title":"Come Home With Me Baby","instanceSlug":3049,"tags":[],"parents":[],"genre":"dance-pop","debut":1989,"playlists":[],"ranks":{},"scores":[0.121,0.583,0.754,0.837,0.82,0.8029999999999999,0.7689999999999999,0.7179999999999999,0.6499999999999998,0.5649999999999997,0.46299999999999963,0.34399999999999953,0.2079999999999994,0.05499999999999927,0],"ascent":[0.121,0.583,0.754,0.837],"descent-weeks":5.290747112704096,"ascent-weeks":4.112903225806452,"peak":0.837,"messages":[],"unscored":false,"score":5.247236888888885,"duration":3,"genres":["dance-pop"],"role":true,"scoreFactor":1,"totalScore":5.247236888888885,"rank":1},{"title":"Brand New Lover","instanceSlug":491,"tags":["feb13"],"genre":"dance","debut":"1987-02","playlists":[],"scores":[0.121,0.583,0.754,0.837,0.82,0.8029999999999999,0.7689999999999999,0.7179999999999999,0.6499999999999998,0.5649999999999997,0.46299999999999963,0.34399999999999953,0.2079999999999994,0.05499999999999927,0],"ascent":[0.121,0.583,0.754,0.837],"descent-weeks":5.290747112704096,"ascent-weeks":4.112903225806452,"peak":0.837,"messages":[],"ranks":{},"unscored":false,"score":5.247236888888885,"duration":3,"genres":["dance"],"role":true,"scoreFactor":1,"totalScore":5.247236888888885,"rank":2},{"title":"You Spin Me Round (Like a Record)","instanceSlug":632,"tags":[],"genre":"dance-pop","debut":"1985-07","playlists":[],"scores":[0.171,0.633,0.804,0.887,0.833,0.7789999999999999,0.6709999999999998,0.5089999999999997,0.2929999999999995,0.022999999999999243,0],"ascent":[0.171,0.633,0.804,0.887],"descent-weeks":2.4358840661405465,"ascent-weeks":4.219278466741827,"peak":0.887,"messages":[],"ranks":{},"unscored":false,"score":3.935419444444443,"duration":2,"genres":["dance-pop"],"role":true,"scoreFactor":1,"totalScore":3.935419444444443,"rank":3}],"songCount":3,"songAdjustedAverage":8.331102736227551,"collaborators":[],"rank":118,"ranks":{"genre:dance":{"rank":4,"total":27},"origin:liverpool":{"rank":3,"total":7}}}