{"title":"Dead or Alive","instanceSlug":"dead-or-alive","tags":[],"parents":[],"genres":[{"instanceSlug":"dance","title":"Dance","parents":[]}],"members":[],"complete":true,"origin":{"title":"Liverpool","instanceSlug":"liverpool","tags":[],"parents":["england"]},"birth":"","death":"","type":{"title":"All-Male Group","artists":[],"artistCount":0,"score":0,"artistAdjustedAverage":0,"slug":"mmm"},"songs":[{"title":"Come Home With Me Baby","instanceSlug":3049,"tags":[],"parents":[],"genre":"dance-pop","debut":1989,"playlists":[],"ranks":{},"scores":[0.121,0.583,0.754,0.837,0.8302897458930757,0.810158983572303,0.776607713037682,0.7296359342892124,0.6692436473268943,0.5954308521507278,0.5081975487607129,0.4075437371568494,0.2934694173391375,0.1659745893075773,0.02505925306216852],"ascent":[0.121,0.583,0.754,0.837],"descent-weeks":11.168458781362,"messages":[],"score":8.106611421896341,"debutScore":0.121,"peakScore":0.837,"duration":4,"genres":["dance-pop"],"role":true,"scoreFactor":1,"rank":1},{"title":"Brand New Lover","instanceSlug":491,"tags":["feb13"],"genre":"dance","debut":"1987-02","playlists":[],"scores":[0.121,0.583,0.754,0.837,0.8302897458930757,0.810158983572303,0.776607713037682,0.7296359342892124,0.6692436473268943,0.5954308521507278,0.5081975487607129,0.4075437371568494,0.2934694173391375,0.1659745893075773,0.02505925306216852],"ascent":[0.121,0.583,0.754,0.837],"descent-weeks":11.168458781362,"messages":[],"ranks":{},"score":8.106611421896341,"debutScore":0.121,"peakScore":0.837,"duration":4,"genres":["dance"],"role":true,"scoreFactor":1,"rank":2},{"title":"You Spin Me Round (Like a Record)","instanceSlug":632,"tags":[],"genre":"dance-pop","debut":"1985-07","playlists":[],"scores":[0.171,0.633,0.804,0.887,0.8675663322234423,0.809265328893769,0.7120969900109804,0.5760613155750761,0.40115830558605664,0.18738796004392147],"ascent":[0.171,0.633,0.804,0.887],"descent-weeks":6.755918827508452,"messages":[],"ranks":{},"score":6.048536232333247,"debutScore":0.171,"peakScore":0.887,"duration":3,"genres":["dance-pop"],"role":true,"scoreFactor":1,"rank":3}],"score":22.26175907612593,"songCount":3,"songAdjustedAverage":12.8528325952359,"rank":147,"ranks":{"genre:dance":{"rank":12,"total":27},"origin:liverpool":{"rank":6,"total":7}}}