{"title":"DeBarge","instanceSlug":"debarge","tags":[],"parents":[],"genres":[],"members":[],"complete":false,"origin":"","birth":"","death":"","type":{"title":"Mixed Group, Male Lead","artists":[],"artistCount":0,"score":0,"artistAdjustedAverage":0,"slug":"mmf"},"songs":[{"title":"I Like It","instanceSlug":1605,"tags":["i-like-it","like"],"parents":[],"genre":"soul","debut":"1983-04","playlists":[],"ranks":{},"scores":[0.122,0.311,0.498,0.645,0.642241295956281,0.633965183825124,0.620171663606529,0.6008607353004959,0.5760323989070248,0.5456866544261159,0.5098235018577687,0.46844294120198365,0.42154497245876055,0.36912959562809944,0.3111968107100003,0.24774661770446316,0.17877901661148796,0.10429400743107489,0.02429159016322362],"ascent":[0.122,0.311,0.498,0.645],"descent-weeks":15.290697674418608,"messages":[],"score":7.830206985788433,"debutScore":0.122,"peakScore":0.645,"duration":5,"genres":["soul"],"role":true,"scoreFactor":1,"rank":1},{"title":"Rhythm of the Night","instanceSlug":"dG7d","tags":[],"genre":"pop","debut":1985,"playlists":[],"scores":[0.21,0.441,0.539483741,0.6193144518744766,0.6081856795672618,0.574799362645617,0.5191555011095424,0.44125409495903806,0.3410951441941038,0.2186786488147398,0.07400460882094605],"ascent":[0.21,0.441,0.539483741,0.6193144518744766],"descent-weeks":7.459882359306027,"messages":[],"ranks":{},"score":4.586971232985725,"debutScore":0.21,"peakScore":0.6193144518744766,"duration":3,"genres":["pop"],"role":true,"scoreFactor":1,"rank":2},{"title":"Who's Holding Donna Now","instanceSlug":985,"tags":[],"parents":[],"genre":"soul","debut":"1985-06","playlists":["women"],"ranks":{},"scores":[0.122,0.311,0.498,0.645,0.6232753870056172,0.5581015480224691,0.4494784830505555,0.2974061920898765,0.10188467514043191],"ascent":[0.122,0.311,0.498,0.645],"descent-weeks":5.448837209302323,"messages":[],"score":3.606146285308951,"debutScore":0.122,"peakScore":0.645,"duration":2,"genres":["soul"],"role":true,"scoreFactor":1,"rank":3}],"score":16.02332450408311,"songCount":3,"songAdjustedAverage":9.251070715745112,"rank":305}