{"title":"DeBarge","instanceSlug":"debarge","tags":[],"parents":[],"genres":[],"members":[],"complete":false,"origin":"","birth":"","death":"","type":{"title":"Mixed Group, Male Lead","artists":[],"artistCount":0,"score":0,"artistAdjustedAverage":0,"slug":"mmf"},"songs":[{"title":"Rhythm of the Night","instanceSlug":"dG7d","tags":[],"genre":"pop","debut":1985,"playlists":[],"scores":[0.21,0.441,0.539483741,0.6193144518744766,0.5887,0.5580855481255234,0.49685664437657007,0.40501328875314013,0.28255548125523355,0.12948322188285033,0],"ascent":[0.21,0.441,0.539483741,0.6193144518744766],"descent-weeks":2.0265213169518086,"ascent-weeks":4.383390830127008,"peak":0.6193144518744766,"messages":[],"ranks":{},"unscored":false,"score":2.6465008186211114,"duration":2,"genres":["pop"],"role":true,"scoreFactor":1,"totalScore":2.6465008186211114,"rank":1},{"title":"Who's Holding Donna Now","instanceSlug":985,"tags":[],"parents":[],"genre":"soul","debut":"1985-06","playlists":["women"],"ranks":{},"scores":[0.122,0.311,0.498,0.645,0.582,0.5189999999999999,0.3929999999999998,0.20399999999999963,0],"ascent":[0.122,0.311,0.498,0.645],"descent-weeks":1.186332945736433,"ascent-weeks":3.665116279069767,"peak":0.645,"messages":[],"unscored":false,"score":2.086123166666666,"duration":2,"genres":["soul"],"role":true,"scoreFactor":1,"totalScore":2.086123166666666,"rank":2},{"title":"I Like It","instanceSlug":1605,"tags":[],"genre":"soul","debut":"1983-04","playlists":[],"peak":0.5,"ascent-weeks":3.665116279069767,"descent-weeks":1.5163307493540052,"messages":[],"ranks":{},"unscored":false,"score":1.7271490094745907,"duration":2,"genres":["soul"],"role":true,"scoreFactor":1,"totalScore":1.7271490094745907,"rank":3}],"songCount":3,"songAdjustedAverage":3.729551677429928,"collaborators":[{"slug":"diane-warren","title":"Diane Warren","songCount":1,"score":2.6465008186211114}],"rank":545}