{"title":"DeBarge","instanceSlug":"debarge","tags":[],"parents":[],"genres":[],"members":[],"complete":false,"origin":"","birth":"","death":"","type":{"title":"Mixed Group, Male Lead","artists":[],"artistCount":0,"score":0,"artistAdjustedAverage":0,"slug":"mmf"},"songs":[{"title":"Rhythm of the Night","instanceSlug":"dG7d","tags":[],"genre":"pop","debut":1985,"playlists":[],"scores":[0.21,0.441,0.539483741,0.6193144518744766,0.5887,0.5580855481255234,0.49685664437657007,0.40501328875314013,0.28255548125523355,0.12948322188285033,0],"ascent":[0.21,0.441,0.539483741,0.6193144518744766],"descent-weeks":7.459882359306027,"ascent-weeks":4.383390830127008,"peak":0.6193144518744766,"messages":[],"ranks":{},"unscored":false,"score":4.88980682914227,"duration":3,"genres":["pop"],"role":true,"scoreFactor":1,"totalScore":4.88980682914227,"rank":1},{"title":"Who's Holding Donna Now","instanceSlug":985,"tags":[],"parents":[],"genre":"soul","debut":"1985-06","playlists":["women"],"ranks":{},"scores":[0.122,0.311,0.498,0.645,0.582,0.5189999999999999,0.3929999999999998,0.20399999999999963,0],"ascent":[0.122,0.311,0.498,0.645],"descent-weeks":5.448837209302323,"ascent-weeks":3.665116279069767,"peak":0.645,"messages":[],"unscored":false,"score":3.9189999999999987,"duration":3,"genres":["soul"],"role":true,"scoreFactor":1,"totalScore":3.9189999999999987,"rank":2},{"title":"I Like It","instanceSlug":1605,"tags":[],"genre":"soul","debut":"1983-04","playlists":[],"peak":0.5,"ascent-weeks":3.665116279069767,"descent-weeks":7.4,"messages":[],"ranks":{},"unscored":false,"score":3.688372093023256,"duration":3,"genres":["soul"],"role":true,"scoreFactor":1,"totalScore":3.688372093023256,"rank":3}],"score":12.497178922165524,"songCount":3,"songAdjustedAverage":7.215249614823183,"rank":498}