{"title":"Del Amitri","instanceSlug":"del-amitri","tags":[],"parents":[],"genres":[{"instanceSlug":"pop-rock","title":"Pop-Rock","parents":["pop"]}],"members":[],"complete":true,"origin":{"title":"Glasgow","instanceSlug":"glasgow","tags":[],"parents":["scotland"]},"birth":"","death":"","type":{"title":"All-Male Group","artists":[],"artistCount":0,"score":0,"artistAdjustedAverage":0,"slug":"mmm"},"songs":[{"title":"Roll to Me","instanceSlug":1916,"tags":[],"parents":[],"genre":"pop","debut":"1995-09","playlists":[],"ranks":{},"scores":[0.042,0.213,0.391,0.408,0.4052197289773211,0.39687891590928454,0.3829775607958902,0.36351566363713816,0.3384932244330284,0.30791024318356086,0.2717667198887357,0.23006265454855274,0.182798047163012,0.12997289773211368,0.07158720625585756,0.007640972734243709],"ascent":[0.042,0.213,0.391,0.408],"descent-weeks":12.113970588235297,"messages":[],"score":4.142823835258739,"debutScore":0.042,"peakScore":0.408,"duration":4,"genres":["pop"],"role":true,"scoreFactor":1,"rank":1},{"title":"Kiss This Thing Goodbye","instanceSlug":2285,"tags":[],"parents":[],"genre":"pop","debut":"1990-07","playlists":[],"ranks":{},"scores":[0.042,0.213,0.391,0.408,0.4052197289773211,0.39687891590928454,0.3829775607958902,0.36351566363713816,0.3384932244330284,0.30791024318356086,0.2717667198887357,0.23006265454855274,0.182798047163012,0.12997289773211368,0.07158720625585756,0.007640972734243709],"ascent":[0.042,0.213,0.391,0.408],"descent-weeks":12.113970588235297,"messages":[],"score":4.142823835258739,"debutScore":0.042,"peakScore":0.408,"duration":4,"genres":["pop"],"role":true,"scoreFactor":1,"rank":2},{"title":"Always The Last to Know","instanceSlug":891,"tags":[],"parents":[],"genre":"pop","debut":"1992-10","playlists":[],"ranks":{},"scores":[0.042,0.213,0.391,0.408,0.39644113322223307,0.36176453288893246,0.3039701990000981,0.22305813155572993,0.11902833055582797],"ascent":[0.042,0.213,0.391,0.408],"descent-weeks":5.941176470588236,"messages":[],"score":2.4582623272228217,"debutScore":0.042,"peakScore":0.408,"duration":3,"genres":["pop"],"role":true,"scoreFactor":1,"rank":3}],"score":10.7439099977403,"songCount":3,"songAdjustedAverage":6.202999329344474,"rank":569,"ranks":{"genre:pop-rock":{"rank":20,"total":25},"origin:glasgow":{"rank":2,"total":2}}}