{"title":"Dennis DeYoung","instanceSlug":"dennis-deyoung","tags":[],"parents":[],"genres":[],"members":[],"complete":false,"origin":"","birth":"","death":"","type":{"title":"Solo Male","artists":[],"artistCount":0,"score":0,"artistAdjustedAverage":0,"slug":"m"},"songs":[{"title":"Mr. Roboto","instanceSlug":76,"tags":["technophobia"],"genre":"rock","debut":"1983-02","ascent":[0.249,0.939],"descent-weeks":15,"messages":[],"ranks":{},"score":7.573549999999998,"debutScore":0.249,"peakScore":0.939,"scores":[0.249,0.939,0.9348266666666666,0.9223066666666666,0.9014399999999999,0.8722266666666666,0.8346666666666666,0.7887599999999999,0.7345066666666665,0.6719066666666665,0.6009599999999999,0.5216666666666666,0.4340266666666667,0.33803999999999984,0.2337066666666666,0.1210266666666666],"duration":4,"genres":["rock"],"playlists":[],"role":"lead","scoreFactor":0.75,"rank":1},{"title":"Desert Moon","instanceSlug":687,"tags":["desert","moon"],"parents":[],"genre":"pop","debut":"1984-10","playlists":[],"ranks":{},"scores":[0.241,0.539888888888889,0.5896666666666666,0.621,0.617649318175368,0.6075972727014718,0.5908438635783116,0.5673890908058873,0.5372329543841989,0.5003754543132465,0.4568165905930299,0.4065563632235492,0.34959477220480456,0.2859318175367958,0.2155674992195228,0.13850181725298585,0.05473477163718484],"ascent":[0.241,0.539888888888889,0.5896666666666666,0.621],"descent-weeks":13.613794954374663,"messages":[],"score":7.320347141181913,"debutScore":0.241,"peakScore":0.621,"duration":4,"genres":["pop"],"role":true,"scoreFactor":1,"rank":2},{"title":"Lady","instanceSlug":1808,"tags":[],"genre":"rock","debut":1975,"playlists":[],"ascent":[0.3,0.6,0.75,0.85],"descent-weeks":13,"messages":[],"ranks":{},"score":7.073076923076922,"debutScore":0.3,"peakScore":0.85,"scores":[0.3,0.6,0.75,0.85,0.8449704142011834,0.8298816568047337,0.8047337278106508,0.7695266272189348,0.7242603550295857,0.6689349112426035,0.6035502958579883,0.5281065088757396,0.44260355029585796,0.34704142011834316,0.24142011834319527,0.1257396449704141],"duration":4,"genres":["rock"],"role":"lead","scoreFactor":0.75,"rank":3},{"title":"Show Me the Way","instanceSlug":1171,"tags":[],"genre":"rock","debut":"1991-02","playlists":[],"ascent":[0.375,0.52,0.65,0.72],"descent-weeks":13,"messages":[],"ranks":{},"score":6.101826923076922,"debutScore":0.375,"peakScore":0.72,"scores":[0.375,0.52,0.65,0.72,0.7157396449704142,0.7029585798816568,0.6816568047337277,0.6518343195266272,0.613491124260355,0.5666272189349112,0.5112426035502959,0.4473372781065088,0.3749112426035503,0.2939644970414201,0.20449704142011835,0.10650887573964488],"duration":4,"genres":["rock"],"role":"lead","scoreFactor":0.75,"rank":4},{"title":"Babe","instanceSlug":1842,"tags":["#1","#1-hot-100"],"genre":"rock","debut":"1979-11","playlists":["ballad"],"scores":[0.24,0.52,0.58,0.64,0.6289696147271532,0.5958784589086128,0.5407265325443786,0.4635138356344508,0.3642403681788295,0.24290613017751456,0.09951112163050589],"ascent":[0.24,0.52,0.58,0.64],"descent-weeks":7.617187499999997,"messages":[],"ranks":{},"score":3.6868095463510837,"debutScore":0.24,"peakScore":0.64,"duration":3,"genres":["rock"],"role":"lead","scoreFactor":0.75,"rank":5},{"title":"Come Sail Away","instanceSlug":2715,"tags":[],"genre":"rock","debut":"1977-11","playlists":[],"scores":[0.22,0.49,0.51,0.53,0.5149960191484001,0.4699840765936004,0.39496417233560094,0.2899363063744017,0.15490047871000254],"ascent":[0.22,0.49,0.51,0.53],"descent-weeks":5.943396226415095,"messages":[],"ranks":{},"score":2.681085789871504,"debutScore":0.22,"peakScore":0.53,"duration":3,"genres":["rock"],"role":"lead","scoreFactor":0.75,"rank":6},{"title":"The Best of Times","instanceSlug":1807,"tags":[],"parents":[],"genre":"rock","debut":"1981-02","playlists":[],"scores":[0.19,0.41,0.47,0.51,0.49736368312757206,0.45945473251028807,0.3962731481481481,0.3078189300411523,0.1940920781893005,0.05509259259259261],"ascent":[0.19,0.41,0.47,0.51],"descent-weeks":6.352941176470589,"messages":[],"ranks":{},"score":2.61757137345679,"debutScore":0.19,"peakScore":0.51,"duration":3,"genres":["rock"],"role":"lead","scoreFactor":0.75,"rank":7},{"title":"Desert Moon","instanceSlug":2721,"tags":[],"parents":[],"genre":"rock","debut":"1984","playlists":[],"scores":[0.07,0.18,0.25,0.31,0.2964907209014953,0.2559628836059813,0.18841648811345788,0.09385153442392513],"ascent":[0.07,0.18,0.25,0.31],"descent-weeks":4.790322580645163,"messages":[],"ranks":{},"score":1.6447216270448597,"debutScore":0.07,"peakScore":0.31,"duration":2,"genres":["rock"],"role":true,"scoreFactor":1,"rank":8},{"title":"Too Much Time on My Hands","instanceSlug":2719,"tags":["too-much"],"genre":"rock","debut":"1981-04","playlists":[],"ascent":[0.27,0.59,0.64,0.66],"descent-weeks":9.11,"messages":[],"ranks":{},"score":1.4583798036198625,"debutScore":0.27,"peakScore":0.66,"scores":[0.27,0.59,0.64,0.66,0.6520474358402788,0.6281897433611151,0.5884269225625091,0.5327589734444604,0.46118589600696935,0.3737076902500358,0.2703243561736599,0.15103589377784152,0.015842303062580478],"duration":3,"genres":["rock"],"role":"member","scoreFactor":0.25,"rank":9},{"title":"Blue Collar Man (Long Nights)","instanceSlug":2717,"tags":[],"genre":"rock","debut":"1978-11","playlists":["colors"],"scores":[0.25,0.61,0.65,0.67,0.6477305382016753,0.580922152806701,0.4695748438150771,0.31368861122680364,0.11326345504188068],"ascent":[0.25,0.61,0.65,0.67],"descent-weeks":5.485074626865671,"messages":[],"ranks":{},"score":1.0762949002730344,"debutScore":0.25,"peakScore":0.67,"duration":2,"genres":["rock"],"role":"member","scoreFactor":0.25,"rank":10}],"score":41.23366402795289,"songCount":10,"songAdjustedAverage":13.039229460248393,"rank":141}