{"title":"Dino","instanceSlug":"dino","tags":[],"parents":[],"genres":[],"members":[],"complete":false,"origin":"","birth":"","death":"","type":{"title":"Solo Male","artists":[],"artistCount":0,"score":0,"artistAdjustedAverage":0,"slug":"m"},"songs":[{"title":"Ooh Child","instanceSlug":315,"tags":[],"playlists":["remake","summer"],"genre":"pop","debut":"1993-08","scores":[0.18,0.69,0.98,0.965,0.945,0.91,0.905,0.895,0.88,0.86,0.835,0.805,0.77,0.73,0.685,0.635,0.58,0.52,0.455,0.385,0.31,0.23,0.145,0.055,0],"ranks":{},"score":15.350000000000001,"debutScore":0.18,"peakScore":0.98,"duration":7,"genres":["pop"],"role":true,"scoreFactor":1,"rank":1},{"title":"Summer Girls","instanceSlug":3043,"tags":[],"parents":[],"genre":"pop","debut":1988,"playlists":["summer"],"ranks":{},"scores":[0.171,0.694,0.768,0.767,0.755,0.737,0.668,0.663,0.653,0.638,0.618,0.593,0.563,0.528,0.488,0.443,0.393,0.338,0.278,0.213,0.143,0.068,0],"score":11.18,"debutScore":0.171,"peakScore":0.768,"duration":6,"genres":["pop"],"role":true,"scoreFactor":1,"rank":2},{"title":"I Like It","instanceSlug":495,"tags":[],"parents":[],"genre":"pop","debut":"1989-07","playlists":["summer"],"ranks":{},"scores":[0.097,0.491,0.694,0.667,0.662,0.652,0.637,0.617,0.592,0.562,0.527,0.487,0.442,0.392,0.337,0.277,0.212,0.142,0.067,0],"score":8.554,"debutScore":0.097,"peakScore":0.694,"duration":5,"genres":["pop"],"role":true,"scoreFactor":1,"rank":3},{"title":"Romeo","instanceSlug":199,"tags":[],"parents":[],"genre":"dance","debut":"1990-09","ranks":{},"scores":[0.108,0.29,0.239,0.234,0.224,0.209,0.189,0.164,0.134,0.099,0.059,0.014,0],"score":1.9629999999999999,"debutScore":0.108,"peakScore":0.29,"duration":4,"genres":["dance"],"role":true,"scoreFactor":1,"rank":4}],"score":37.047000000000004,"songCount":4,"songAdjustedAverage":18.523500000000002,"rank":140}