{"title":"Dire Straits","instanceSlug":"dire-straits","tags":[],"parents":[],"genres":[],"members":[],"complete":false,"origin":"","birth":"","death":"","type":{"title":"All-Male Group","artists":[],"artistCount":0,"score":0,"artistAdjustedAverage":0,"slug":"mmm"},"songs":[{"title":"Walk of Life","instanceSlug":484,"tags":[],"genre":"pop","debut":"1986-01","playlists":[],"scores":[0.1,0.21,0.31,0.341,0.339483741,0.31931445187447666,0.2887199391,0.25285131262611,0.212,0.17114868737389,0.08944606212167,0],"ascent":[0.1,0.21,0.31,0.341],"descent-weeks":8.859080032680996,"ascent-weeks":4.227272727272727,"peak":0.341,"messages":[],"ranks":{},"unscored":false,"score":2.974964194096146,"duration":4,"genres":["pop"],"role":true,"scoreFactor":1,"totalScore":2.974964194096146,"rank":1},{"title":"Money for Nothing","instanceSlug":937,"tags":[],"genre":"rock","debut":"1985-09","playlists":[],"scores":[0.02,0.191,0.216,0.204,0.19199999999999998,0.16799999999999995,0.13199999999999992,0.08399999999999988,0.023999999999999827,0],"ascent":[0.02,0.191,0.216],"descent-weeks":7.08333333333333,"ascent-weeks":2.9652777777777777,"peak":0.216,"messages":[],"ranks":{},"unscored":false,"score":1.4469999999999994,"duration":3,"genres":["rock"],"role":true,"scoreFactor":1,"totalScore":1.4469999999999994,"rank":2}],"score":4.421964194096145,"songCount":2,"songAdjustedAverage":3.1268008678094907,"rank":1076}