{"title":"DNA","instanceSlug":"dna","tags":[],"parents":[],"genres":[],"members":[],"complete":false,"origin":"","birth":"","death":"","type":{"title":"All-Male Group","artists":[],"artistCount":0,"score":0,"artistAdjustedAverage":0,"slug":"mmm"},"songs":[{"title":"Tom's Diner","instanceSlug":1138,"tags":[],"genre":"pop","debut":1990,"playlists":[],"scores":[0.062,0.2,0.3129502216570068,0.35561236147633757,0.3574779635603355,0.35450438601449746,0.3455836533769832,0.33071576564779287,0.3099007228269264,0.28313852491438374,0.25042917191016495,0.21177266381426998,0.16716900062669898,0.11661818234745178,0.06012020897652839],"ascent":[0.062,0.2,0.3129502216570068,0.35561236147633757,0.3574779635603355],"descent-weeks":10.964403340969529,"messages":[],"ranks":{},"score":3.717992827149377,"debutScore":0.062,"peakScore":0.3574779635603355,"duration":4,"genres":["pop"],"role":true,"scoreFactor":1,"rank":1}],"score":3.717992827149377,"songCount":1,"songAdjustedAverage":3.717992827149377,"rank":982}