{"title":"Donny Hathaway","instanceSlug":"donny-hathaway","tags":[],"parents":[],"genres":[],"members":[],"complete":false,"origin":"","birth":"","death":"","type":{"title":"Solo Male","artists":[],"artistCount":0,"score":0,"artistAdjustedAverage":0,"slug":"m"},"songs":[{"title":"The Closer I Get to You","instanceSlug":1850,"tags":["#1","#1-r&b","#2-hot-100"],"parents":[],"genre":"adult-contemporary","debut":"1978-04","playlists":[],"ranks":{},"scores":[0.0775,0.3465,0.4895,0.517,0.5149810789632431,0.5089243158529722,0.49882971066918724,0.48469726341188846,0.4665269740810758,0.44431884267674915,0.4180728691989085,0.38778905364755395,0.35346739602268545,0.315107896324303,0.2727105545524066,0.22627537070699635,0.17580234478807213,0.12129147679563393,0.06274276672968178,0.00015621459021573293],"ascent":[0.0775,0.3465,0.4895,0.517],"descent-weeks":16.00241779497098,"messages":[],"score":6.682194129011572,"debutScore":0.0775,"peakScore":0.517,"duration":5,"genres":["adult-contemporary"],"role":true,"scoreFactor":1,"rank":1},{"title":"Where Is the Love","instanceSlug":2740,"tags":["#1","#1-adult-contemporary","#1-r&b"],"parents":[],"genre":"adult-contemporary","debut":1972,"playlists":[],"ranks":{},"scores":[0.0775,0.3465,0.4895,0.517,0.5149810789632431,0.5089243158529722,0.49882971066918724,0.48469726341188846,0.4665269740810758,0.44431884267674915,0.4180728691989085,0.38778905364755395,0.35346739602268545,0.315107896324303,0.2727105545524066,0.22627537070699635,0.17580234478807213,0.12129147679563393,0.06274276672968178,0.00015621459021573293],"ascent":[0.0775,0.3465,0.4895,0.517],"descent-weeks":16.00241779497098,"messages":[],"score":6.682194129011572,"debutScore":0.0775,"peakScore":0.517,"duration":5,"genres":["adult-contemporary"],"role":true,"scoreFactor":1,"rank":2}],"score":13.364388258023144,"songCount":2,"songAdjustedAverage":9.450049563658036,"rank":293}