{"title":"Donny Hathaway","instanceSlug":"donny-hathaway","tags":[],"parents":[],"genres":[],"members":[],"complete":false,"origin":"","birth":"","death":"","type":{"title":"Solo Male","artists":[],"artistCount":0,"score":0,"artistAdjustedAverage":0,"slug":"m"},"songs":[{"title":"The Closer I Get to You","instanceSlug":1850,"tags":["#1","#1-r&b","#2-hot-100"],"parents":[],"genre":"adult-contemporary","debut":"1978-04","playlists":[],"ranks":{},"scores":[0.0775,0.3465,0.4895,0.517,0.502,0.491,0.46900000000000003,0.439,0.4265,0.40900000000000003,0.38649999999999995,0.359,0.3265,0.289,0.2465,0.199,0.1465,0.121,0.0935,0.0635,0.031,0],"score":6.428999999999999,"debutScore":0.0775,"peakScore":0.517,"duration":6,"genres":["adult-contemporary"],"role":true,"scoreFactor":1,"rank":1},{"title":"Where Is the Love","instanceSlug":2740,"tags":["#1","#1-adult-contemporary","#1-r&b"],"parents":[],"genre":"adult-contemporary","debut":1972,"playlists":[],"ranks":{},"scores":[0.0775,0.3465,0.4895,0.517,0.502,0.491,0.46900000000000003,0.439,0.4265,0.40900000000000003,0.38649999999999995,0.359,0.3265,0.289,0.2465,0.199,0.1465,0.121,0.0935,0.0635,0.031,0],"score":6.428999999999999,"debutScore":0.0775,"peakScore":0.517,"duration":6,"genres":["adult-contemporary"],"role":true,"scoreFactor":1,"rank":2}],"score":12.857999999999999,"songCount":2,"songAdjustedAverage":9.091978992496626,"rank":532}