{"title":"Doobie Brothers","instanceSlug":"doobie-brothers","tags":[],"parents":[],"genres":[],"members":[],"complete":false,"origin":{"title":"United States","instanceSlug":"us","tags":[],"parents":[]},"birth":"","death":"","songs":[{"title":"It Keeps You Running","instanceSlug":1010,"tags":[],"parents":[],"genre":"pop","debut":"1970s","source":"forrest-gump","playlists":[],"ranks":{},"scores":[0.864,0.968,0.961,0.95,0.9309999999999999,0.8929999999999999,0.8359999999999999,0.7599999999999999,0.6649999999999999,0.5509999999999999,0.4179999999999999,0.2659999999999999,0.09499999999999992,0],"ascent":[0.864,0.968],"descent-weeks":12.852272727272727,"ascent-weeks":2.8388429752066116,"peak":0.968,"messages":[],"unscored":false,"score":10.126,"duration":4,"genres":["pop"],"sources":["forrest-gump"],"role":true,"scoreFactor":1,"totalScore":10.126,"rank":1},{"title":"What a Fool Believes","instanceSlug":1694,"tags":[],"parents":[],"genre":"pop","debut":1979,"playlists":["grammy"],"ranks":{},"scores":[0.461,0.724,0.868,0.939,0.95,0.92,0.8900000000000001,0.8300000000000003,0.7400000000000005,0.6200000000000009,0.4700000000000013,0.2900000000000018,0.0800000000000024,0],"ascent":[0.461,0.724,0.868,0.939,0.95],"descent-weeks":9.142105263157909,"ascent-weeks":6.22421052631579,"peak":0.95,"messages":[],"unscored":false,"score":9.732000000000008,"duration":4,"genres":["pop"],"role":true,"scoreFactor":1,"totalScore":9.732000000000008,"rank":2},{"title":"Real Love","instanceSlug":1008,"tags":[],"parents":[],"genre":"pop","debut":"1980-09","playlists":[],"ranks":{},"scores":[0.122,0.315,0.506,0.681,0.577,0.47299999999999986,0.2649999999999997,0],"ascent":[0.122,0.315,0.506,0.681],"descent-weeks":4.396475770925109,"ascent-weeks":3.5770925110132157,"peak":0.681,"messages":[],"unscored":false,"score":3.6199999999999997,"duration":2,"genres":["pop"],"role":true,"scoreFactor":1,"totalScore":3.6199999999999997,"rank":3},{"title":"The Doctor","instanceSlug":1009,"tags":[],"parents":[],"genre":"rock","debut":1989,"playlists":[],"ranks":{},"scores":[0.077,0.256,0.431,0.381,0.331,0.23100000000000004,0.08100000000000007,0],"ascent":[0.077,0.256,0.431],"descent-weeks":5.063805104408353,"ascent-weeks":2.658932714617169,"peak":0.431,"messages":[],"unscored":false,"score":2.2190000000000003,"duration":2,"genres":["rock"],"role":true,"scoreFactor":1,"totalScore":2.2190000000000003,"rank":4}],"score":25.69700000000001,"songCount":4,"songAdjustedAverage":12.848500000000005,"rank":166,"ranks":{"origin:us":{"rank":25,"total":154}}}