{"title":"Doobie Brothers","instanceSlug":"doobie-brothers","tags":[],"parents":[],"genres":[],"members":[],"complete":false,"origin":{"title":"United States","instanceSlug":"us","tags":[],"parents":[]},"birth":"","death":"","songs":[{"title":"What a Fool Believes","instanceSlug":1694,"tags":[],"parents":[],"genre":"pop","debut":1979,"playlists":["grammy"],"ranks":{},"scores":[0.461,0.724,0.868,0.939,0.95,0.92,0.8900000000000001,0.8300000000000003,0.7400000000000005,0.6200000000000009,0.4700000000000013,0.2900000000000018,0.0800000000000024,0],"ascent":[0.461,0.724,0.868,0.939,0.95],"descent-weeks":4.94283157894738,"ascent-weeks":6.22421052631579,"peak":0.95,"messages":[],"unscored":false,"score":7.0724600000000075,"duration":3,"genres":["pop"],"role":true,"scoreFactor":1,"totalScore":7.0724600000000075,"rank":1},{"title":"It Keeps You Running","instanceSlug":1010,"tags":[],"parents":[],"genre":"pop","debut":"1970s","source":"forrest-gump","playlists":[],"ranks":{},"scores":[0.864,0.968,0.961,0.95,0.9309999999999999,0.8929999999999999,0.8359999999999999,0.7599999999999999,0.6649999999999999,0.5509999999999999,0.4179999999999999,0.2659999999999999,0.09499999999999992,0],"ascent":[0.864,0.968],"descent-weeks":7.230117424242422,"ascent-weeks":2.8388429752066116,"peak":0.968,"messages":[],"unscored":false,"score":6.497835777777777,"duration":3,"genres":["pop"],"sources":["forrest-gump"],"role":true,"scoreFactor":1,"totalScore":6.497835777777777,"rank":2},{"title":"Real Love","instanceSlug":1008,"tags":[],"parents":[],"genre":"pop","debut":"1980-09","playlists":[],"ranks":{},"scores":[0.122,0.315,0.506,0.681,0.577,0.47299999999999986,0.2649999999999997,0],"ascent":[0.122,0.315,0.506,0.681],"descent-weeks":0.8841801272638274,"ascent-weeks":3.5770925110132157,"peak":0.681,"messages":[],"unscored":false,"score":2.0254177777777778,"duration":2,"genres":["pop"],"role":true,"scoreFactor":1,"totalScore":2.0254177777777778,"rank":3},{"title":"The Doctor","instanceSlug":1009,"tags":[],"parents":[],"genre":"rock","debut":1989,"playlists":[],"ranks":{},"scores":[0.077,0.256,0.431,0.381,0.331,0.23100000000000004,0.08100000000000007,0],"ascent":[0.077,0.256,0.431],"descent-weeks":0.6242546403712299,"ascent-weeks":2.658932714617169,"peak":0.431,"messages":[],"unscored":false,"score":0.9433691666666666,"duration":1,"genres":["rock"],"role":true,"scoreFactor":1,"totalScore":0.9433691666666666,"rank":4}],"songCount":4,"songAdjustedAverage":8.269541361111113,"collaborators":[{"slug":"michael-mcdonald","title":"Michael McDonald","songCount":1,"score":7.0724600000000075},{"slug":"kenny-loggins","title":"Kenny Loggins","songCount":1,"score":7.0724600000000075}],"rank":123,"ranks":{"origin:us":{"rank":42,"total":154}}}