{"title":"Doobie Brothers","instanceSlug":"doobie-brothers","tags":[],"parents":[],"genres":[],"members":[],"complete":false,"origin":{"title":"United States","instanceSlug":"us","tags":[],"parents":[]},"birth":"","death":"","songs":[{"title":"It Keeps You Running","instanceSlug":1010,"tags":[],"parents":[],"genre":"pop","debut":"1970s","source":"forrest-gump","playlists":[],"ranks":{},"scores":[0.864,0.968,0.961,0.95,0.945,0.935,0.92,0.9,0.875,0.845,0.81,0.77,0.725,0.675,0.62,0.56,0.495,0.425,0.35,0.27,0.185,0.095,0],"score":15.143,"debutScore":0.864,"peakScore":0.968,"duration":6,"genres":["pop"],"role":true,"scoreFactor":1,"rank":1},{"title":"What a Fool Believes","instanceSlug":1694,"tags":[],"parents":[],"genre":"pop","debut":1979,"playlists":[],"ranks":{},"scores":[0.07833333333333332,0.22266666666666668,0.379,0.48800000000000004,0.5736666666666667,0.646,0.6376666666666667,0.5966666666666667,0.5586666666666668,0.51,0.48666666666666664,0.4583333333333333,0.425,0.38666666666666666,0.3433333333333333,0.298,0.2663333333333333,0.2313333333333333,0.19300000000000003,0.159,0.14066666666666666,0.12066666666666666,0.09899999999999999,0.07566666666666667,0.050666666666666665,0.023999999999999997,0],"score":8.448999999999998,"debutScore":0.07833333333333332,"peakScore":0.646,"duration":7,"genres":["pop"],"role":true,"scoreFactor":1,"rank":2},{"title":"Real Love","instanceSlug":1008,"tags":[],"parents":[],"genre":"pop","debut":"1980-09","playlists":[],"ranks":{},"scores":[0.122,0.315,0.506,0.681,0.577,0.572,0.562,0.547,0.527,0.502,0.472,0.437,0.397,0.352,0.302,0.247,0.187,0.122,0.052,0],"score":7.478999999999999,"debutScore":0.122,"peakScore":0.681,"duration":5,"genres":["pop"],"role":true,"scoreFactor":1,"rank":3},{"title":"The Doctor","instanceSlug":1009,"tags":[],"parents":[],"genre":"rock","debut":1989,"playlists":[],"ranks":{},"scores":[0.077,0.256,0.431,0.381,0.376,0.366,0.351,0.331,0.306,0.276,0.241,0.201,0.156,0.106,0.051,0],"score":3.906,"debutScore":0.077,"peakScore":0.431,"duration":4,"genres":["rock"],"role":true,"scoreFactor":1,"rank":4}],"score":34.977,"songCount":4,"songAdjustedAverage":17.4885,"rank":159,"ranks":{"origin:us":{"rank":18,"total":147}}}