{"title":"Doobie Brothers","instanceSlug":"doobie-brothers","tags":[],"parents":[],"genres":[],"members":[],"complete":false,"origin":{"title":"United States","instanceSlug":"us","tags":[],"parents":[]},"birth":"","death":"","songs":[{"title":"It Keeps You Running","instanceSlug":1010,"tags":[],"parents":[],"genre":"pop","debut":"1970s","source":"forrest-gump","playlists":[],"ranks":{},"scores":[0.864,0.968,0.961,0.95,0.939,0.917,0.884,0.84,0.785,0.719,0.642,0.554,0.455,0.345,0.224,0.092,0],"messages":[],"score":11.139,"debutScore":0.864,"peakScore":0.968,"duration":4,"genres":["pop"],"sources":["forrest-gump"],"role":true,"scoreFactor":1,"rank":1},{"title":"What a Fool Believes","instanceSlug":1694,"tags":[],"parents":[],"genre":"pop","debut":1979,"playlists":[],"ranks":{},"scores":[0.07833333333333332,0.22266666666666668,0.379,0.48800000000000004,0.5736666666666667,0.646,0.6376666666666667,0.5966666666666667,0.5586666666666668,0.51,0.48666666666666664,0.4583333333333333,0.425,0.38666666666666666,0.3433333333333333,0.298,0.2663333333333333,0.2313333333333333,0.19300000000000003,0.159,0.14066666666666666,0.12066666666666666,0.09899999999999999,0.07566666666666667,0.050666666666666665,0.023999999999999997,0],"messages":[{"type":"warning","title":"Excessive Scores","text":"Please reduce number of scores to 20 or less."}],"score":8.448999999999998,"debutScore":0.07833333333333332,"peakScore":0.646,"duration":7,"genres":["pop"],"role":true,"scoreFactor":1,"rank":2},{"title":"Real Love","instanceSlug":1008,"tags":[],"parents":[],"genre":"pop","debut":"1980-09","playlists":[],"ranks":{},"scores":[0.122,0.315,0.506,0.681,0.577,0.473,0.265,0],"messages":[],"score":2.939,"debutScore":0.122,"peakScore":0.681,"duration":2,"genres":["pop"],"role":true,"scoreFactor":1,"rank":3},{"title":"The Doctor","instanceSlug":1009,"tags":[],"parents":[],"genre":"rock","debut":1989,"playlists":[],"ranks":{},"scores":[0.077,0.256,0.431,0.381,0.331,0.231,0.081,0],"messages":[],"score":1.788,"debutScore":0.077,"peakScore":0.431,"duration":2,"genres":["rock"],"role":true,"scoreFactor":1,"rank":4}],"score":24.314999999999998,"songCount":4,"songAdjustedAverage":12.157499999999999,"rank":168,"ranks":{"origin:us":{"rank":24,"total":149}}}