{"title":"Dr. Hook","instanceSlug":"dr-hook","tags":[],"parents":[],"genres":[],"members":[],"complete":false,"origin":"","birth":"","death":"","songs":[{"title":"When You're In Love With a Beautiful Woman","instanceSlug":1559,"tags":[],"genre":"pop","debut":1979,"playlists":[],"scores":[0.21,0.412951,0.5556123614763375,0.557477963561,0.5446,0.531722036439,0.5059661093169999,0.4673322186339999,0.4158203643899998,0.3514305465849997,0.2741627652189996,0.1840170202919995,0.08099331180399938,0],"ascent":[0.21,0.412951,0.5556123614763375,0.557477963561],"descent-weeks":3.305017570739213,"ascent-weeks":4.6711478439830145,"peak":0.557477963561,"messages":[],"ranks":{},"unscored":false,"score":2.9643576349500176,"duration":2,"genres":["pop"],"role":true,"scoreFactor":1,"totalScore":2.9643576349500176,"rank":1},{"title":"Sexy Eyes","instanceSlug":188,"tags":["eye","sexy"],"parents":[],"genre":"pop","debut":1980,"ranks":{},"scores":[0.06200821741159169,0.20830894528861146,0.3129502216570068,0.35561236147633757,0.3574779635603355,0.3446276515977258,0.32891805429767385,0.31523776166182677,0.30042162719800025,0.2833026661554992,0.2643212410031802,0.24289242606706696,0.21959493334585015,0.19466120793610409,0.1685894531254616,0.14210166436832847,0.11600004299049087,0.09098520352380506,0.06767556150528035,0.04664449376949029,0.029256418423981474,0.01618867931401627,0.0031209402040510634,0],"ascent":[0.06200821741159169,0.20830894528861146,0.3129502216570068,0.35561236147633757,0.3574779635603355],"descent-weeks":3.97551540969843,"ascent-weeks":5.439598415309378,"peak":0.3574779635603355,"messages":[],"unscored":false,"score":2.2437971445683678,"duration":3,"genres":["pop"],"playlists":[],"role":true,"scoreFactor":1,"totalScore":2.2437971445683678,"rank":2},{"title":"Sharing the Night Together","instanceSlug":1547,"tags":[],"genre":"pop","debut":1979,"playlists":[],"scores":[0.1,0.21,0.312951,0.35561236147633757,0.357477963561,0.3446276515977258,0.3289181,0.31523776166182677,0.31,0.3038,0.2914,0.2728,0.248,0.217,0.17980000000000002,0.13640000000000002,0.08680000000000003,0.03100000000000004,0],"ascent":[0.1,0.21,0.312951,0.35561236147633757,0.357477963561],"descent-weeks":3.7979818802043264,"ascent-weeks":5.606113360366711,"peak":0.357477963561,"messages":[],"ranks":{},"unscored":false,"score":2.2411712104886847,"duration":3,"genres":["pop"],"role":true,"scoreFactor":1,"totalScore":2.2411712104886847,"rank":3},{"title":"Baby Makes Her Blue Jeans Talk","instanceSlug":1491,"tags":[],"genre":"pop","debut":"1982-04","playlists":["colors"],"scores":[0.1,0.21,0.312951,0.35561236147633757,0.357477963561,0.3446276515977258,0.3289181,0.31523776166182677,0.31,0.28331,0.2643212411,0.2428924261,0.2214636111,0.17860598110000003,0.11431953610000006,0.028604276100000103,0],"ascent":[0.1,0.21,0.312951,0.35561236147633757,0.357477963561],"descent-weeks":3.014927907061695,"ascent-weeks":5.606113360366711,"peak":0.357477963561,"messages":[],"ranks":{},"unscored":false,"score":2.0545548507037656,"duration":2,"genres":["pop"],"role":true,"scoreFactor":1,"totalScore":2.0545548507037656,"rank":4}],"songCount":4,"songAdjustedAverage":4.751940420355417,"collaborators":[],"rank":411}