{"title":"Dr. Hook","instanceSlug":"dr-hook","tags":[],"parents":[],"genres":[],"members":[],"complete":false,"origin":"","birth":"","death":"","songs":[{"title":"When You're In Love With a Beautiful Woman","instanceSlug":1559,"tags":[],"genre":"pop","debut":1979,"playlists":[],"scores":[0.21,0.412951,0.5556123614763375,0.557477963561,0.5524503144148972,0.5373673669765889,0.5122291212460751,0.4770355772233558,0.43178673490843095,0.3764825943013006,0.3111231554019647,0.23570841821042324,0.1502383827266763,0.054713048950723785],"ascent":[0.21,0.412951,0.5556123614763375,0.557477963561],"descent-weeks":10.53007273482867,"messages":[],"ranks":{},"score":5.375176039397774,"debutScore":0.21,"peakScore":0.557477963561,"duration":4,"genres":["pop"],"role":true,"scoreFactor":1,"rank":1},{"title":"Sexy Eyes","instanceSlug":188,"tags":["eye","sexy"],"parents":[],"genre":"pop","debut":1980,"ranks":{},"scores":[0.06200821741159169,0.20830894528861146,0.3129502216570068,0.35561236147633757,0.3574779635603355,0.3558504691948907,0.3509679860985563,0.34283051427133227,0.33143805371321866,0.31679060442421547,0.29888816640432264,0.27773073965354017,0.25331832417186817,0.22565091995930653,0.19472852701585525,0.1605511453415144,0.12311877493628393,0.08243141580016386,0.03848906793315418],"ascent":[0.06200821741159169,0.20830894528861146,0.3129502216570068,0.35561236147633757,0.3574779635603355],"descent-weeks":14.820569447990732,"messages":[],"score":4.649142418312106,"debutScore":0.06200821741159169,"peakScore":0.3574779635603355,"duration":5,"genres":["pop"],"playlists":[],"role":true,"scoreFactor":1,"rank":2},{"title":"Sharing the Night Together","instanceSlug":1547,"tags":[],"genre":"pop","debut":1979,"playlists":[],"scores":[0.1,0.21,0.312951,0.35561236147633757,0.357477963561,0.3557454160143011,0.3505477733742044,0.34188503564070993,0.32975720281381765,0.31416427489352755,0.2951062518798397,0.272583133772754,0.2465949205722706,0.21714161227838932,0.18422320889111027,0.14783971041043345,0.10799111683635884,0.06467742816888644,0.017898644408016227],"ascent":[0.1,0.21,0.312951,0.35561236147633757,0.357477963561],"descent-weeks":14.364220283901819,"messages":[],"ranks":{},"score":4.582197054991957,"debutScore":0.1,"peakScore":0.357477963561,"duration":5,"genres":["pop"],"role":true,"scoreFactor":1,"rank":3},{"title":"Baby Makes Her Blue Jeans Talk","instanceSlug":1491,"tags":[],"genre":"pop","debut":"1982-04","playlists":["colors"],"scores":[0.1,0.21,0.312951,0.35561236147633757,0.357477963561,0.35520659680790273,0.34839249654861093,0.3370356627831246,0.32113609551144373,0.30069379473356833,0.2757087604494984,0.2461809926592339,0.21211049136277496,0.1734972565601214,0.13034128825127328,0.08264258643623075,0.030401151114993582],"ascent":[0.1,0.21,0.312951,0.35561236147633757,0.357477963561],"descent-weeks":12.545298675076417,"messages":[],"ranks":{},"score":4.149388498256115,"debutScore":0.1,"peakScore":0.357477963561,"duration":4,"genres":["pop"],"role":true,"scoreFactor":1,"rank":4}],"score":18.755904010957952,"songCount":4,"songAdjustedAverage":9.377952005478976,"rank":298}