{"title":"Ed Sheeran","instanceSlug":"ed-sheeran","tags":[],"parents":[],"genres":[],"complete":false,"active":true,"origin":{"title":"United Kingdom","instanceSlug":"uk","tags":[],"parents":[]},"birth":"1990s","death":"","songs":[{"title":"Thinking Out Loud","instanceSlug":2815,"tags":["#1","#1-r&r"],"genre":"adult-contemporary","debut":2015,"playlists":[],"scores":[0.1535,0.24625,0.34875,0.34275,0.326,0.291,0.24,0.171,0.086,0],"messages":[],"ranks":{},"score":2.20525,"debutScore":0.1535,"peakScore":0.34875,"duration":3,"genres":["adult-contemporary"],"role":true,"scoreFactor":1,"rank":1},{"title":"A-Team","instanceSlug":"DdR1","tags":[],"parents":[],"debut":"2010s","playlists":[],"scores":[0.08313024641213106,0.14041339985744833,0.21120363361090083,0.2068185246643536,0.20336943441636585,0.19617224880382778,0.18553645524599882,0.17164616285881662,0.15473441108545036,0.13507377979568672,0.11296605453533669,0.08873162765378334,0.06269925611052071,0.035196687370600416,0.008,0],"messages":[],"ranks":{},"score":1.9956919224212208,"debutScore":0.08313024641213106,"peakScore":0.21120363361090083,"duration":4,"role":true,"scoreFactor":1,"rank":2},{"title":"Photograph","instanceSlug":"Xze1","tags":[],"parents":[],"debut":2015,"playlists":[],"scores":[0.08313024641213106,0.14041339985744833,0.21120363361090083,0.2068185246643536,0.20336943441636585,0.19617224880382778,0.18553645524599882,0.17164616285881662,0.15473441108545036,0.13507377979568672,0.11296605453533669,0.08873162765378334,0.06269925611052071,0.035196687370600416,0.008,0],"messages":[],"ranks":{},"score":1.9956919224212208,"debutScore":0.08313024641213106,"peakScore":0.21120363361090083,"duration":4,"role":true,"scoreFactor":1,"rank":3}],"score":6.196633844842442,"songCount":3,"songAdjustedAverage":3.5776282183893295,"rank":929,"ranks":{"origin:uk":{"rank":38,"total":56}}}