{"title":"Ed Sheeran","instanceSlug":"ed-sheeran","tags":[],"parents":[],"genres":[],"complete":false,"active":true,"origin":{"title":"United Kingdom","instanceSlug":"uk","tags":[],"parents":[]},"birth":"1990s","death":"","songs":[{"title":"Thinking Out Loud","instanceSlug":2815,"tags":["#1","#1-r&r"],"genre":"adult-contemporary","debut":2015,"playlists":[],"scores":[0.1535,0.24625,0.34875,0.34605566674276134,0.33797266697104533,0.324501000684852,0.3056406678841813,0.2813916685690333,0.25175400273940796,0.21672767039530527,0.17631267153672525,0.13050900616366784,0.07931667427613316,0.022735675874121106],"ascent":[0.1535,0.24625,0.34875],"descent-weeks":11.377096774193548,"messages":[],"ranks":{},"score":3.2214173718372328,"debutScore":0.1535,"peakScore":0.34875,"duration":4,"genres":["adult-contemporary"],"role":true,"scoreFactor":1,"rank":1},{"title":"A-Team","instanceSlug":"DdR1","tags":[],"parents":[],"debut":"2010s","playlists":[],"scores":[0.08313024641213106,0.14041339985744833,0.21120363361090083,0.20986989273563042,0.20586867010981924,0.19919996573346724,0.18986377960657444,0.17786011172914085,0.16318896210116643,0.14585033072265124,0.12584421759359524,0.10317062271399845,0.07782954608386083,0.049820987703182454,0.019144947571963247],"ascent":[0.08313024641213106,0.14041339985744833,0.21120363361090083],"descent-weeks":12.583891416706702,"messages":[],"ranks":{},"score":2.1022593142855306,"debutScore":0.08313024641213106,"peakScore":0.21120363361090083,"duration":4,"role":true,"scoreFactor":1,"rank":2},{"title":"Photograph","instanceSlug":"Xze1","tags":[],"parents":[],"debut":2015,"playlists":[],"scores":[0.08313024641213106,0.14041339985744833,0.21120363361090083,0.20986989273563042,0.20586867010981924,0.19919996573346724,0.18986377960657444,0.17786011172914085,0.16318896210116643,0.14585033072265124,0.12584421759359524,0.10317062271399845,0.07782954608386083,0.049820987703182454,0.019144947571963247],"ascent":[0.08313024641213106,0.14041339985744833,0.21120363361090083],"descent-weeks":12.583891416706702,"messages":[],"ranks":{},"score":2.1022593142855306,"debutScore":0.08313024641213106,"peakScore":0.21120363361090083,"duration":4,"role":true,"scoreFactor":1,"rank":3}],"score":7.425936000408294,"songCount":3,"songAdjustedAverage":4.287366148820662,"rank":917,"ranks":{"origin:uk":{"rank":39,"total":55}}}