{"title":"EMF","instanceSlug":"emf","tags":[],"parents":[],"genres":[],"members":[],"complete":false,"origin":"","birth":"","death":"","type":{"title":"All-Male Group","artists":[],"artistCount":0,"score":0,"artistAdjustedAverage":0,"slug":"mmm"},"songs":[{"title":"Unbelievable","instanceSlug":1393,"tags":["believe"],"genre":"pop","debut":1991,"playlists":["un"],"scores":[0.14,0.46,0.49,0.52,0.54,0.53,0.52,0.5096,0.48880000000000007,0.45760000000000006,0.41600000000000004,0.36400000000000005,0.30160000000000003,0.22880000000000003,0.1456,0.05199999999999999,0],"ascent":[0.14,0.46,0.49,0.52,0.54],"descent-weeks":4.711422222222221,"ascent-weeks":5.972222222222223,"peak":0.54,"messages":[],"ranks":{},"unscored":false,"score":3.8461119999999993,"duration":3,"genres":["pop"],"role":true,"scoreFactor":1,"totalScore":3.8461119999999993,"rank":1}],"songCount":1,"songAdjustedAverage":3.8461119999999993,"collaborators":[],"rank":532}