{"title":"EMF","instanceSlug":"emf","tags":[],"parents":[],"genres":[],"members":[],"complete":false,"origin":"","birth":"","death":"","type":{"title":"All-Male Group","artists":[],"artistCount":0,"score":0,"artistAdjustedAverage":0,"slug":"mmm"},"songs":[{"title":"Unbelievable","instanceSlug":1393,"tags":["believe"],"genre":"pop","debut":1991,"playlists":["un"],"scores":[0.14,0.46,0.49,0.52,0.54,0.5366254745426425,0.5265018981705698,0.509629270883782,0.48600759268227905,0.455636863566061,0.41851708353512784,0.37464825258947965,0.32403037072911617,0.26666343795403763,0.20254745426424403,0.1316824196597353,0.05406833414051142],"ascent":[0.14,0.46,0.49,0.52,0.54],"descent-weeks":12.649999999999999,"messages":[],"ranks":{},"score":6.436558452717586,"debutScore":0.14,"peakScore":0.54,"duration":4,"genres":["pop"],"role":true,"scoreFactor":1,"rank":1}],"score":6.436558452717586,"songCount":1,"songAdjustedAverage":6.436558452717586,"rank":534}