{"title":"Enigma","instanceSlug":"enigma","roles":[{"title":"Producer","instanceSlug":"producer"}],"genres":[{"instanceSlug":"dance","title":"Dance","parents":[]}],"complete":true,"birth":"1957-05","death":"","type":{"title":"Solo Male","artists":[],"artistCount":0,"score":0,"artistAdjustedAverage":0,"slug":"m"},"songs":[{"title":"Return to Innocence","instanceSlug":1166,"tags":[],"genre":"pop","debut":1994,"playlists":[],"scores":[0.03896103896103896,0.21285627653123104,0.33067198935462405,0.41542816702052365,0.44927536231884063,0.45137880986937584,0.40350877192982454,0.39860139860139854,0.38888888888888895,0.3745704467353952,0.3559322033898305,0.3333333333333333,0.3071895424836601,0.2779552715654952,0.2461059190031153,0.21212121212121213,0.17647058823529413,0.1396011396011396,0.10192837465564739,0.06382978723404255,0.025641025641025644,0],"ascent":[0.03896103896103896,0.21285627653123104,0.33067198935462405,0.41542816702052365,0.44927536231884063,0.45137880986937584],"descent-weeks":14.146842807665113,"ascent-weeks":6.309240495599672,"peak":0.45137880986937584,"messages":[],"ranks":{},"unscored":false,"score":6.155628357344312,"duration":5,"genres":["pop"],"role":true,"scoreFactor":1,"totalScore":6.155628357344312,"rank":1},{"title":"Sadeness","instanceSlug":1165,"tags":[],"genre":"pop","debut":"1991-03","playlists":["french","chant"],"scores":[0.075,0.351,0.497,0.587,0.62,0.622,0.575,0.5279999999999999,0.43399999999999983,0.2929999999999997,0.10499999999999954,0],"ascent":[0.075,0.351,0.497,0.587,0.62,0.622],"descent-weeks":6.166398713826364,"ascent-weeks":6.636655948553055,"peak":0.622,"messages":[],"ranks":{},"unscored":false,"score":5.308999999999999,"duration":3,"genres":["pop"],"role":true,"scoreFactor":1,"totalScore":5.308999999999999,"rank":2}],"score":11.46462835734431,"songCount":2,"songAdjustedAverage":8.10671645526175,"rank":429,"ranks":{"genre:dance":{"rank":20,"total":27},"origin:romania":{"rank":1,"total":1}}}