{"title":"Enrique Iglesias","instanceSlug":"enrique-iglesias","tags":[],"parents":[],"genres":[{"instanceSlug":"latin-pop","title":"Latin Pop","parents":["pop","latin"]}],"members":[],"complete":true,"origin":{"title":"Miami","instanceSlug":"miami","tags":[],"parents":["florida"]},"birth":1975,"death":"","type":{"title":"Solo Male","artists":[],"artistCount":0,"score":0,"artistAdjustedAverage":0,"slug":"m"},"songs":[{"title":"Be With You","instanceSlug":2502,"tags":["#1","#1-hot-100"],"parents":[],"genre":"pop","debut":"2000-05","playlists":[],"ranks":{},"scores":[0.10350000000000001,0.35400000000000004,0.537,0.5429999999999999,0.529,0.503,0.493,0.47800000000000004,0.458,0.433,0.40299999999999997,0.368,0.328,0.28300000000000003,0.233,0.178,0.14,0.105,0.0675,0.0275,0],"messages":[],"score":6.564500000000001,"debutScore":0.10350000000000001,"peakScore":0.5429999999999999,"duration":5,"genres":["pop"],"role":true,"scoreFactor":1,"rank":1},{"title":"Hero","instanceSlug":2503,"tags":["#1","#1-adult-contemporary"],"parents":[],"genre":"pop","debut":"2001-10","playlists":[],"ranks":{},"scores":[0.10350000000000001,0.35400000000000004,0.537,0.5429999999999999,0.529,0.503,0.493,0.47800000000000004,0.458,0.433,0.40299999999999997,0.368,0.328,0.28300000000000003,0.233,0.178,0.14,0.105,0.0675,0.0275,0],"messages":[],"score":6.564500000000001,"debutScore":0.10350000000000001,"peakScore":0.5429999999999999,"duration":5,"genres":["pop"],"role":true,"scoreFactor":1,"rank":2},{"title":"Rhythm Divine","instanceSlug":1438,"tags":[],"parents":[],"genre":"latin","debut":"2000-01","playlists":[],"ranks":{},"scores":[0.171,0.537,0.768,0.735,0.698,0.625,0.515,0.368,0.184,0],"messages":[],"score":4.601,"debutScore":0.171,"peakScore":0.768,"duration":3,"genres":["latin"],"role":true,"scoreFactor":1,"rank":3},{"title":"Bailamos","instanceSlug":568,"tags":["#1","#1-hot-100"],"parents":[],"genre":"latin-pop","debut":"1999-08","source":"wild-wild-west","playlists":[],"ranks":{},"scores":[0.036,0.171,0.306,0.351,0.328,0.286,0.244,0.16,0.034,0],"messages":[],"score":1.916,"debutScore":0.036,"peakScore":0.351,"duration":3,"genres":["latin-pop"],"sources":["wild-wild-west"],"role":true,"scoreFactor":1,"rank":4}],"score":19.646,"songCount":4,"songAdjustedAverage":9.823,"rank":196,"ranks":{"genre:latin-pop":{"rank":3,"total":4},"origin:miami":{"rank":4,"total":6}}}