{"title":"Enrique Iglesias","instanceSlug":"enrique-iglesias","tags":[],"parents":[],"genres":[{"instanceSlug":"latin-pop","title":"Latin Pop","parents":["pop","latin"]}],"members":[],"complete":true,"origin":{"title":"Miami","instanceSlug":"miami","tags":[],"parents":["florida"]},"birth":1975,"death":"","type":{"title":"Solo Male","artists":[],"artistCount":0,"score":0,"artistAdjustedAverage":0,"slug":"m"},"songs":[{"title":"Rhythm Divine","instanceSlug":1438,"tags":[],"parents":[],"genre":"latin","debut":"2000-01","playlists":[],"ranks":{},"scores":[0.171,0.537,0.768,0.735,0.73,0.72,0.705,0.685,0.66,0.63,0.595,0.555,0.51,0.46,0.405,0.345,0.28,0.21,0.135,0.055,0],"score":9.891,"debutScore":0.171,"peakScore":0.768,"duration":6,"genres":["latin"],"role":true,"scoreFactor":1,"rank":1},{"title":"Be With You","instanceSlug":2502,"tags":["#1","#1-hot-100"],"parents":[],"genre":"pop","debut":"2000-05","playlists":[],"ranks":{},"scores":[0.10350000000000001,0.35400000000000004,0.537,0.5429999999999999,0.529,0.503,0.493,0.47800000000000004,0.458,0.433,0.40299999999999997,0.368,0.328,0.28300000000000003,0.233,0.178,0.14,0.105,0.0675,0.0275,0],"score":6.564500000000001,"debutScore":0.10350000000000001,"peakScore":0.5429999999999999,"duration":6,"genres":["pop"],"role":true,"scoreFactor":1,"rank":2},{"title":"Hero","instanceSlug":2503,"tags":["#1","#1-adult-contemporary"],"parents":[],"genre":"pop","debut":"2001-10","playlists":[],"ranks":{},"scores":[0.10350000000000001,0.35400000000000004,0.537,0.5429999999999999,0.529,0.503,0.493,0.47800000000000004,0.458,0.433,0.40299999999999997,0.368,0.328,0.28300000000000003,0.233,0.178,0.14,0.105,0.0675,0.0275,0],"score":6.564500000000001,"debutScore":0.10350000000000001,"peakScore":0.5429999999999999,"duration":6,"genres":["pop"],"role":true,"scoreFactor":1,"rank":3},{"title":"Bailamos","instanceSlug":568,"tags":["#1","#1-hot-100"],"parents":[],"genre":"latin-pop","debut":"1999-08","source":"wild-wild-west","playlists":[],"ranks":{},"scores":[0.036,0.171,0.306,0.351,0.328,0.286,0.281,0.271,0.256,0.236,0.211,0.181,0.146,0.106,0.061,0.011,0],"score":3.237999999999999,"debutScore":0.036,"peakScore":0.351,"duration":5,"genres":["latin-pop"],"role":true,"scoreFactor":1,"rank":4}],"score":26.258000000000003,"songCount":4,"songAdjustedAverage":13.129000000000001,"rank":318,"ranks":{"genre:latin-pop":{"rank":4,"total":4},"origin:miami":{"rank":4,"total":6}}}