{"title":"Enya","instanceSlug":"enya","tags":[],"parents":[],"genres":[],"members":[],"xref":[],"complete":true,"origin":{"title":"Ireland","instanceSlug":"ireland","tags":[],"parents":["europe"]},"birth":"1961-05","death":"","type":{"title":"Solo Female","artists":[],"artistCount":0,"score":0,"artistAdjustedAverage":0,"slug":"f"},"songs":[{"title":"Orinoco Flow","instanceSlug":"rn1A","tags":[],"parents":[],"debut":"1989-03","playlists":[],"scores":[0.06200821741159169,0.20830894528861146,0.3129502216570068,0.35561236147633757,0.3574779635603355,0.3446276515977258,0.32891805429767385,0.31523776166182677,0.30042162719800025,0.2833026661554992,0.2643212410031802,0.24289242606706696,0.21959493334585015,0.19466120793610409,0.1685894531254616,0.14210166436832847,0.11600004299049087,0.09098520352380506,0.06767556150528035,0.04664449376949029,0.029256418423981474,0.01618867931401627,0.0031209402040510634,0],"ascent":[0.06200821741159169,0.20830894528861146,0.3129502216570068,0.35561236147633757,0.3574779635603355],"descent-weeks":3.97551540969843,"ascent-weeks":5.439598415309378,"peak":0.3574779635603355,"messages":[],"ranks":{},"unscored":false,"score":2.2437971445683678,"duration":3,"role":true,"scoreFactor":1,"totalScore":2.2437971445683678,"rank":1},{"title":"Only Time","instanceSlug":"nGX3","tags":[true],"parents":[],"debut":"2001-09","playlists":[],"scores":[0.1,0.21,0.312951,0.35561236147633757,0.357477963561,0.3446276515977258,0.3289181,0.31523776166182677,0.31,0.28331,0.2643212411,0.2428924261,0.219594933345851,0.19466121,0.1686,0.14253879,0.09041637,0.012232739999999992,0],"ascent":[0.1,0.21,0.312951,0.35561236147633757,0.357477963561],"descent-weeks":3.5199869811019893,"ascent-weeks":5.606113360366711,"peak":0.357477963561,"messages":[],"ranks":{},"unscored":false,"score":2.174919843547718,"duration":3,"role":true,"scoreFactor":1,"totalScore":2.174919843547718,"rank":2}],"songCount":2,"songAdjustedAverage":3.1245047464410813,"collaborators":[],"rank":664,"ranks":{"origin:ireland":{"rank":2,"total":3}}}