{"title":"Erasure","instanceSlug":"erasure","tags":[],"parents":[],"genres":[null,null,{"instanceSlug":"dance","title":"Dance","parents":[]}],"members":[],"complete":true,"origin":{"title":"England","instanceSlug":"england","tags":[],"parents":["uk"]},"birth":"","death":"","type":{"title":"Male Duo","artists":[],"artistCount":0,"score":0,"artistAdjustedAverage":0,"slug":"mm"},"songs":[{"title":"A Little Respect","instanceSlug":1657,"tags":[],"genre":"pop","debut":"1989-02","playlists":[],"scores":[0.067,0.302,0.437,0.542,0.607,0.5932838115294499,0.5521352461177996,0.48355430376504915,0.3875409844711986,0.26409528823624784,0.11321721506019682],"ascent":[0.067,0.302,0.437,0.542,0.607],"descent-weeks":6.652388797364084,"messages":[],"ranks":{},"score":4.348826849179942,"debutScore":0.067,"peakScore":0.607,"duration":3,"genres":["pop"],"role":true,"scoreFactor":1,"rank":1},{"title":"Always","instanceSlug":"6ekO","tags":[],"parents":[],"genre":"techno-pop","debut":"1994-06","playlists":["summer"],"scores":[0.031459515214027844,0.1386279533162539,0.252740369558409,0.3214403700033036,0.3195512806559883,0.3138840126140423,0.3044385658774657,0.29121494044625845,0.27421313632042055,0.25343315349995205,0.22887499198485284,0.200538651775123,0.16842413287076255,0.13253143527177147,0.09286055897814972,0.04941150398989735,0.0021842703070142975],"ascent":[0.031459515214027844,0.1386279533162539,0.252740369558409,0.3214403700033036],"descent-weeks":13.044395566301223,"messages":[],"ranks":{},"score":3.3758288426836938,"debutScore":0.031459515214027844,"peakScore":0.3214403700033036,"duration":4,"genres":["techno-pop"],"role":true,"scoreFactor":1,"rank":2},{"title":"Chains of Love","instanceSlug":454,"tags":[],"genre":"dance","debut":"1988-09","playlists":[],"scores":[0.055,0.185,0.37,0.431,0.4129741130150046,0.35889645206001836,0.26876701713504136,0.14258580824007352],"ascent":[0.055,0.185,0.37,0.431],"descent-weeks":4.889791183294664,"messages":[],"ranks":{},"score":2.224223390450138,"debutScore":0.055,"peakScore":0.431,"duration":2,"genres":["dance"],"role":true,"scoreFactor":1,"rank":3}],"score":9.948879082313773,"songCount":3,"songAdjustedAverage":5.7439880163088946,"rank":634,"ranks":{"genre:dance":{"rank":21,"total":27},"genre:techno-pop":{"rank":1,"total":1},"genre:techno-rock":{"rank":1,"total":1},"origin:england":{"rank":24,"total":39}}}