{"title":"Erasure","instanceSlug":"erasure","tags":[],"parents":[],"genres":[null,null,{"instanceSlug":"dance","title":"Dance","parents":[]}],"members":[],"complete":true,"origin":{"title":"England","instanceSlug":"england","tags":[],"parents":["uk"]},"birth":"","death":"","type":{"title":"Male Duo","artists":[],"artistCount":0,"score":0,"artistAdjustedAverage":0,"slug":"mm"},"songs":[{"title":"A Little Respect","instanceSlug":1657,"tags":[],"genre":"pop","debut":"1989-02","playlists":[],"scores":[0.067,0.302,0.437,0.542,0.607,0.569,0.5309999999999999,0.45499999999999985,0.34099999999999975,0.1889999999999996,0],"ascent":[0.067,0.302,0.437,0.542,0.607],"descent-weeks":1.7174250411861611,"ascent-weeks":4.8311367380560135,"peak":0.607,"messages":[],"ranks":{},"unscored":false,"score":2.649984666666666,"duration":2,"genres":["pop"],"role":true,"scoreFactor":1,"totalScore":2.649984666666666,"rank":1},{"title":"Always","instanceSlug":"6ekO","tags":[],"parents":[],"genre":"techno-pop","debut":"1994-06","playlists":["summer"],"scores":[0.031459515214027844,0.1386279533162539,0.252740369558409,0.3214403700033036,0.31708923279552187,0.27024452207049854,0.23839009287925694,0.2326656394453005,0.22324159021406728,0.21028744326777613,0.19402985074626866,0.17474302496328925,0.1527377521613833,0.12834978843441466,0.10192837465564739,0.07933081489476525,0.06354692900824248,0.04684637529442554,0.029336078229541946,0.011122345803842264,0],"ascent":[0.031459515214027844,0.1386279533162539,0.252740369558409,0.3214403700033036],"descent-weeks":2.565106783632454,"ascent-weeks":3.4731241509164446,"peak":0.3214403700033036,"messages":[],"ranks":{},"unscored":false,"score":1.2939541238445278,"duration":2,"genres":["techno-pop"],"role":true,"scoreFactor":1,"totalScore":1.2939541238445278,"rank":2},{"title":"Chains of Love","instanceSlug":454,"tags":[],"genre":"dance","debut":"1988-09","playlists":[],"scores":[0.055,0.185,0.37,0.431,0.356,0.282,0.206,0.13,0],"ascent":[0.055,0.185,0.37,0.431],"descent-weeks":0.6644682907965971,"ascent-weeks":3.6229698375870067,"peak":0.431,"messages":[],"ranks":{},"unscored":false,"score":1.2319238888888888,"duration":1,"genres":["dance"],"role":true,"scoreFactor":1,"totalScore":1.2319238888888888,"rank":3}],"songCount":3,"songAdjustedAverage":2.988285711240176,"collaborators":[],"rank":689,"ranks":{"genre:dance":{"rank":7,"total":27},"genre:techno-pop":{"rank":1,"total":1},"genre:techno-rock":{"rank":1,"total":1},"origin:england":{"rank":10,"total":39}}}