{"title":"Eric Carmen","instanceSlug":"eric-carmen","tags":[],"parents":[],"genres":[],"members":[],"complete":false,"origin":"","birth":"","death":"","type":{"title":"Solo Male","artists":[],"artistCount":0,"score":0,"artistAdjustedAverage":0,"slug":"m"},"songs":[{"title":"I Wanna Hear It From Your Lips","instanceSlug":1952,"tags":[],"parents":[],"genre":"pop","debut":"1985-02","playlists":[],"ranks":{},"scores":[0.1,0.21,0.312951,0.35561236147633757,0.357477963561,0.35573804310026597,0.350518281718064,0.341818679414394,0.329639236189256,0.31397995204265,0.2948408269745759,0.2722218609850339,0.2461230540740239,0.21654440624154592,0.1834859174875999,0.14694758781218584,0.10692941721530382,0.06343140569695381,0.016453553257135805],"ascent":[0.1,0.21,0.312951,0.35561236147633757,0.357477963561],"descent-weeks":14.333753777982006,"messages":[],"score":4.574713547246326,"debutScore":0.1,"peakScore":0.357477963561,"duration":5,"genres":["pop"],"role":true,"scoreFactor":1,"rank":1},{"title":"Hungry Eyes","instanceSlug":1459,"tags":["eyes","hungry"],"parents":[],"genre":"pop","debut":"1987-12","playlists":[],"ranks":{},"scores":[0.1,0.21,0.312951,0.35561236147633757,0.357477963561,0.3556688552732225,0.35024153040989,0.34119598897100245,0.32853223095656,0.3122502563665624,0.29235006520100987,0.2688316574599024,0.24169503314323984,0.21094019225102234,0.17656713478324979,0.13857586073992226,0.0969663701210397,0.05173866292660215,0.002892739156609637],"ascent":[0.1,0.21,0.312951,0.35561236147633757,0.357477963561],"descent-weeks":14.056990651753985,"messages":[],"score":4.504487902797173,"debutScore":0.1,"peakScore":0.357477963561,"duration":5,"genres":["pop"],"role":true,"scoreFactor":1,"rank":2}],"score":9.079201450043499,"songCount":2,"songAdjustedAverage":6.419964913084493,"rank":540}