{"title":"Eric Carmen","instanceSlug":"eric-carmen","tags":[],"parents":[],"genres":[],"members":[],"complete":false,"origin":"","birth":"","death":"","type":{"title":"Solo Male","artists":[],"artistCount":0,"score":0,"artistAdjustedAverage":0,"slug":"m"},"songs":[{"title":"I Wanna Hear It From Your Lips","instanceSlug":1952,"tags":[],"parents":[],"genre":"pop","debut":"1985-02","playlists":[],"ranks":{},"scores":[0.1,0.21,0.312951,0.35561236147633757,0.357477963561,0.3446276515977258,0.3289181,0.31523776166182677,0.31,0.28331,0.2643212411,0.2428924261,0.219594933345851,0.19466121,0.1685894531254616,0.14211,0.1161,0.09009,0.03807000000000002,0],"ascent":[0.1,0.21,0.312951,0.35561236147633757,0.357477963561],"descent-weeks":3.7841444949949232,"ascent-weeks":5.606113360366711,"peak":0.357477963561,"messages":[],"unscored":false,"score":2.2378735036315733,"duration":3,"genres":["pop"],"role":true,"scoreFactor":1,"totalScore":2.2378735036315733,"rank":1},{"title":"Hungry Eyes","instanceSlug":1459,"tags":["eyes","hungry"],"parents":[],"genre":"pop","debut":"1987-12","playlists":[],"ranks":{},"scores":[0.1,0.21,0.312951,0.35561236147633757,0.357477963561,0.3446276515977258,0.3289181,0.31523776166182677,0.31,0.28331,0.2643212411,0.2428924261,0.219594933345851,0.19466121,0.1685894531254616,0.14211,0.11563054687453836,0.0626716406236151,0],"ascent":[0.1,0.21,0.312951,0.35561236147633757,0.357477963561],"descent-weeks":3.6595690298965056,"ascent-weeks":5.606113360366711,"peak":0.357477963561,"messages":[],"unscored":false,"score":2.208184847916209,"duration":3,"genres":["pop"],"role":true,"scoreFactor":1,"totalScore":2.208184847916209,"rank":2}],"songCount":2,"songAdjustedAverage":3.143838009930519,"collaborators":[],"rank":659}