{"title":"Escape Club","instanceSlug":"escape-club","tags":[],"genres":[{"instanceSlug":"pop-rock","title":"Pop-Rock","parents":["pop"]}],"members":[],"complete":true,"origin":{"title":"London","instanceSlug":"london","tags":[],"parents":["england"]},"birth":"","death":"","type":{"title":"All-Male Group","artists":[],"artistCount":0,"score":0,"artistAdjustedAverage":0,"slug":"mmm"},"songs":[{"title":"I'll Be There","instanceSlug":1170,"tags":["i'll-be-there"],"parents":[],"genre":"pop","debut":"1991-07","playlists":["summer"],"ranks":{},"scores":[0.267,0.351,0.49,0.55,0.59,0.61,0.62,0.6141768969017395,0.596707587606958,0.5675920721156555,0.526830350427832,0.4744224225434875,0.410368288462622,0.33466794818523554,0.247321401711328,0.14832864904089954,0.03768969017395002],"ascent":[0.267,0.351,0.49,0.55,0.59,0.61,0.62],"descent-weeks":10.318548387096772,"messages":[],"score":7.436105307169708,"debutScore":0.267,"peakScore":0.62,"duration":4,"genres":["pop"],"role":true,"scoreFactor":1,"rank":1},{"title":"Shake for the Sheik","instanceSlug":1928,"tags":[],"genre":"pop","debut":"1989-02","playlists":[],"scores":[0.1001100110011001,0.1597564511452595,0.23342584027135369,0.29073894804775735,0.289797020753382,0.2869712388702557,0.2822616023983787,0.2756681113377508,0.2671907656883722,0.2568295654502427,0.2445845106233624,0.23045560120773131,0.2144428372033494,0.19654621861021668,0.1767657454283331,0.1551014176576988,0.1315532352983136,0.10612119835017758,0.0788053068132908,0.049605560687653164,0.018521959973264782],"ascent":[0.1001100110011001,0.1597564511452595,0.23342584027135369,0.29073894804775735],"descent-weeks":17.568833074325077,"messages":[],"ranks":{},"score":4.045253146817244,"debutScore":0.1001100110011001,"peakScore":0.29073894804775735,"duration":5,"genres":["pop"],"role":true,"scoreFactor":1,"rank":2},{"title":"Wild Wild West","instanceSlug":544,"tags":[],"genres":["pop"],"debut":"1988-10","playlists":[],"scores":[0.097,0.2,0.267,0.351,0.3478876670890534,0.3385506683562137,0.32298900380148093,0.30120267342485496,0.27319167722633586,0.23895601520592363,0.19849568736361828,0.15181069369941982,0.09890103421332824,0.0397667089053435],"ascent":[0.097,0.2,0.267,0.351],"descent-weeks":10.61965811965812,"messages":[],"ranks":{},"score":3.226751829285573,"debutScore":0.097,"peakScore":0.351,"duration":4,"role":true,"scoreFactor":1,"rank":3}],"score":14.708110283272525,"songCount":3,"songAdjustedAverage":8.491731431318096,"rank":356,"ranks":{"genre:pop-rock":{"rank":13,"total":25},"origin:london":{"rank":10,"total":18}}}