{"title":"Escape Club","instanceSlug":"escape-club","tags":[],"genres":[{"instanceSlug":"pop-rock","title":"Pop-Rock","parents":["pop"]}],"members":[],"complete":true,"origin":{"title":"London","instanceSlug":"london","tags":[],"parents":["england"]},"birth":"","death":"","type":{"title":"All-Male Group","artists":[],"artistCount":0,"score":0,"artistAdjustedAverage":0,"slug":"mmm"},"songs":[{"title":"I'll Be There","instanceSlug":1170,"tags":["i'll-be-there"],"parents":[],"genre":"pop","debut":"1991-07","playlists":["summer"],"ranks":{},"scores":[0.267,0.351,0.49,0.55,0.59,0.61,0.62,0.605,0.59,0.5599999999999999,0.5149999999999999,0.45499999999999985,0.3799999999999998,0.2899999999999997,0.1849999999999996,0.0649999999999995,0],"ascent":[0.267,0.351,0.49,0.55,0.59,0.61,0.62],"descent-weeks":4.438695564516128,"ascent-weeks":8.41451612903226,"peak":0.62,"messages":[],"unscored":false,"score":5.312660833333334,"duration":3,"genres":["pop"],"role":true,"scoreFactor":1,"totalScore":5.312660833333334,"rank":1},{"title":"Shake for the Sheik","instanceSlug":1928,"tags":[],"genre":"pop","debut":"1989-02","playlists":[],"scores":[0.1001100110011001,0.1597564511452595,0.23342584027135369,0.29073894804775735,0.2836970474967907,0.28990648178007095,0.28990648178007095,0.2775471095496646,0.2674271229404309,0.2535255405828894,0.23609394313967863,0.21543603767851718,0.19189511323003577,0.16584086272223839,0.13765642775881684,0.11888111888111887,0.10497237569060773,0.0899182561307902,0.0738255033557047,0.056803170409511224,0.03896103896103896,0.020408163265306124,0.0018552875695732884,0],"ascent":[0.1001100110011001,0.1597564511452595,0.23342584027135369,0.29073894804775735],"descent-weeks":4.088977316737035,"ascent-weeks":4.04502693428273,"peak":0.29073894804775735,"messages":[],"ranks":{},"unscored":false,"score":1.576581226238315,"duration":2,"genres":["pop"],"role":true,"scoreFactor":1,"totalScore":1.576581226238315,"rank":2},{"title":"Wild Wild West","instanceSlug":544,"tags":[],"genres":["pop"],"debut":"1988-10","playlists":[],"scores":[0.097,0.2,0.267,0.351,0.294,0.289,0.279,0.264,0.244,0.219,0.189,0.154,0.114,0.069,0.019,0],"ascent":[0.097,0.2,0.267,0.351],"descent-weeks":2.0059354226020893,"ascent-weeks":3.9102564102564106,"peak":0.351,"messages":[],"ranks":{},"unscored":false,"score":1.384388888888889,"duration":2,"role":true,"scoreFactor":1,"totalScore":1.384388888888889,"rank":3}],"songCount":3,"songAdjustedAverage":4.77678305526931,"collaborators":[],"rank":406,"ranks":{"genre:pop-rock":{"rank":8,"total":25},"origin:london":{"rank":5,"total":18}}}