{"title":"Evelyn King","instanceSlug":"evelyn-king","tags":[],"parents":[],"genres":[],"members":[],"complete":false,"origin":"","birth":"","death":"","type":{"title":"Solo Female","artists":[],"artistCount":0,"score":0,"artistAdjustedAverage":0,"slug":"f"},"songs":[{"title":"Love Come Down","instanceSlug":657,"tags":[],"genres":["urban"],"debut":"1982-09","playlists":[],"scores":[0.171,0.37,0.563,0.768,0.75,0.732,0.696,0.6419999999999999,0.5699999999999998,0.47999999999999976,0.37199999999999966,0.24599999999999955,0.10199999999999942,0],"ascent":[0.171,0.37,0.563,0.768],"descent-weeks":10.464843749999996,"ascent-weeks":3.6562500000000004,"peak":0.768,"messages":[],"ranks":{},"unscored":false,"score":7.229999999999999,"duration":4,"role":true,"scoreFactor":1,"totalScore":7.229999999999999,"rank":1}],"score":7.229999999999999,"songCount":1,"songAdjustedAverage":7.229999999999999,"rank":497}