{"title":"Extreme","instanceSlug":"extreme","tags":[],"genres":[{"instanceSlug":"pop","title":"Pop","parents":[]},{"instanceSlug":"rock","title":"Rock","parents":[]}],"members":[],"complete":true,"origin":{"title":"Boston","instanceSlug":"boston","tags":[],"parents":["us"]},"birth":"","death":"","type":{"title":"All-Male Group","artists":[],"artistCount":0,"score":0,"artistAdjustedAverage":0,"slug":"mmm"},"songs":[{"title":"Hole Hearted","instanceSlug":175,"tags":[],"playlists":["summer"],"genre":"pop","debut":"1991-08","note":"Project 14 weeks at #1.","ascent":[0.775261,1],"descent-weeks":26,"ascent-weeks":2.6628914999999997,"peak":1,"messages":[],"ranks":{},"unscored":false,"score":19.108594333333333,"duration":7,"genres":["pop"],"role":true,"scoreFactor":1,"totalScore":19.108594333333333,"rank":1},{"title":"Rest in Peace","instanceSlug":1116,"tags":[],"genre":"rock","debut":1992,"playlists":[],"ranks":{},"scores":[0.055,0.267,0.351,0.45,0.537,0.517,0.494,0.471,0.42499999999999993,0.35599999999999987,0.2639999999999998,0.1489999999999997,0.010999999999999566,0],"ascent":[0.055,0.267,0.351,0.45,0.537],"descent-weeks":9.005586592178767,"ascent-weeks":4.636871508379889,"peak":0.537,"messages":[],"unscored":false,"score":4.883999999999999,"duration":4,"genres":["rock"],"role":true,"scoreFactor":1,"totalScore":4.883999999999999,"rank":2},{"title":"More than Words","instanceSlug":586,"tags":["more-than","#1","#1-hot-100"],"genre":"soft-rock","debut":"1991-06","playlists":["summer"],"ranks":{},"scores":[0.055,0.444,0.622,0.607,0.573,0.5389999999999999,0.47099999999999986,0.3689999999999998,0.23299999999999965,0.0629999999999995,0],"ascent":[0.055,0.444,0.622],"descent-weeks":8.385048231511252,"ascent-weeks":2.7033762057877815,"peak":0.622,"messages":[],"unscored":false,"score":4.597999999999999,"duration":3,"genres":["soft-rock"],"role":true,"scoreFactor":1,"totalScore":4.597999999999999,"rank":3}],"score":28.59059433333333,"songCount":3,"songAdjustedAverage":16.506787334641388,"rank":86,"ranks":{"genre:rock":{"rank":39,"total":98},"genre:pop":{"rank":57,"total":130},"origin:boston":{"rank":4,"total":14}}}