{"title":"Fallout Boy","instanceSlug":"fallout-boy","tags":[],"parents":[],"genres":[],"members":[],"complete":false,"active":true,"origin":"","birth":"","death":"","type":{"title":"All-Male Group","artists":[],"artistCount":0,"score":0,"artistAdjustedAverage":0,"slug":"mmm"},"songs":[{"title":"Centuries","instanceSlug":3001,"tags":[],"parents":[],"genre":"pop","debut":2015,"playlists":[],"ranks":{},"scores":[0.12,0.537,0.864,0.829,0.787,0.782,0.772,0.757,0.737,0.712,0.682,0.647,0.607,0.562,0.512,0.457,0.397,0.332,0.262,0.187,0.107,0.022,0],"score":11.671,"debutScore":0.12,"peakScore":0.864,"duration":6,"genres":["pop"],"role":true,"scoreFactor":1,"rank":1},{"title":"Light 'Em Up","instanceSlug":"fob1601","tags":[],"parents":[],"debut":2016,"playlists":[],"scores":[0.06382978723404255,0.367053998632946,0.76056338028169,0.7079419299743808,0.6488046166529267,0.6420361247947455,0.6286644951140066,0.6090104585679808,0.5835312747426762,0.5527950310559006,0.5174506828528073,0.4781966001478197,0.4357501794687724,0.3908205841446454,0.34408602150537637,0.2961762799740765,0.24766063630692453,0.19904076738609114,0.15074798619102417,0.10314396028681744,0.05652403592181722,0.011122345803842264,0],"ranks":{},"score":8.794951177041312,"debutScore":0.06382978723404255,"peakScore":0.76056338028169,"duration":6,"role":true,"scoreFactor":1,"rank":2}],"score":20.465951177041312,"songCount":2,"songAdjustedAverage":14.471612860718714,"rank":229}