{"title":"Fallout Boy","instanceSlug":"fallout-boy","tags":[],"parents":[],"genres":[],"members":[],"complete":false,"active":true,"origin":"","birth":"","death":"","type":{"title":"All-Male Group","artists":[],"artistCount":0,"score":0,"artistAdjustedAverage":0,"slug":"mmm"},"songs":[{"title":"Centuries","instanceSlug":3001,"tags":[],"genre":"pop","debut":2015,"playlists":[],"scores":[0.1,0.507,0.844,0.829,0.824,0.814,0.799,0.779,0.754,0.724,0.689,0.649,0.604,0.554,0.499,0.439,0.374,0.304,0.229,0.149,0.064,0],"ranks":{},"score":11.528,"debutScore":0.1,"peakScore":0.844,"duration":6,"genres":["pop"],"role":true,"scoreFactor":1,"rank":1},{"title":"Light 'Em Up","instanceSlug":"fob1601","tags":[],"parents":[],"debut":2016,"playlists":[],"scores":[0.06382978723404255,0.367053998632946,0.76056338028169,0.7079419299743808,0.6488046166529267,0.6420361247947455,0.6286644951140066,0.6090104585679808,0.5835312747426762,0.5527950310559006,0.5174506828528073,0.4781966001478197,0.4357501794687724,0.3908205841446454,0.34408602150537637,0.2961762799740765,0.24766063630692453,0.19904076738609114,0.15074798619102417,0.10314396028681744,0.05652403592181722,0.011122345803842264,0],"ranks":{},"score":8.794951177041312,"debutScore":0.06382978723404255,"peakScore":0.76056338028169,"duration":6,"role":true,"scoreFactor":1,"rank":2}],"score":20.32295117704131,"songCount":2,"songAdjustedAverage":14.370496591009038,"rank":255}