{"title":"Finger Eleven","instanceSlug":"finger-eleven","tags":[],"parents":[],"genres":[],"members":[],"complete":false,"origin":"","birth":"","death":"","type":{"title":"All-Male Group","artists":[],"artistCount":0,"score":0,"artistAdjustedAverage":0,"slug":"mmm"},"songs":[{"title":"One Thing","instanceSlug":2890,"tags":[],"parents":[],"genre":"rock","debut":2004,"playlists":[],"ranks":{},"scores":[0.12,0.351,0.582,0.737,0.7238835439686998,0.6845341758747991,0.6189518957182979,0.5271367034991963,0.40908859921749424,0.2648075828731917,0.0942936544662887],"ascent":[0.12,0.351,0.582,0.737],"descent-weeks":7.4959294436906365,"messages":[],"score":5.112696155617967,"debutScore":0.12,"peakScore":0.737,"duration":3,"genres":["rock"],"role":true,"scoreFactor":1,"rank":1},{"title":"Paralyzer","instanceSlug":2891,"tags":["#1","#1-mainstream-rock","#1-modern-rock"],"parents":[],"genre":"rock","debut":2007,"playlists":[],"ranks":{},"scores":[0.06592007962463009,0.20345639091641685,0.30206241279169266,0.3420220895447736,0.33796688217284926,0.32580126005707616,0.3055252231974544,0.2771387715939839,0.24064190524666476,0.1960346241554969,0.14331692832048032,0.08248881774161505,0.013550292418901062],"ascent":[0.06592007962463009,0.20345639091641685,0.30206241279169266,0.3420220895447736],"descent-weeks":9.183760388277284,"messages":[],"score":2.8359256777820354,"debutScore":0.06592007962463009,"peakScore":0.3420220895447736,"duration":3,"genres":["rock"],"role":true,"scoreFactor":1,"rank":2}],"score":7.9486218334000025,"songCount":2,"songAdjustedAverage":5.620524399484589,"rank":642}