{"title":"Finger Eleven","instanceSlug":"finger-eleven","tags":[],"parents":[],"genres":[],"members":[],"complete":false,"origin":"","birth":"","death":"","type":{"title":"All-Male Group","artists":[],"artistCount":0,"score":0,"artistAdjustedAverage":0,"slug":"mmm"},"songs":[{"title":"One Thing","instanceSlug":2890,"tags":[],"parents":[],"genre":"rock","debut":2004,"playlists":[],"ranks":{},"scores":[0.12,0.351,0.582,0.737,0.701,0.6649999999999999,0.5929999999999999,0.48499999999999976,0.34099999999999964,0.16099999999999948,0],"ascent":[0.12,0.351,0.582,0.737],"descent-weeks":2.279178991406603,"ascent-weeks":3.64314789687924,"peak":0.737,"messages":[],"unscored":false,"score":2.9098366111111105,"duration":2,"genres":["rock"],"role":true,"scoreFactor":1,"totalScore":2.9098366111111105,"rank":1},{"title":"Paralyzer","instanceSlug":2891,"tags":["#1","#1-mainstream-rock","#1-modern-rock"],"parents":[],"genre":"rock","debut":2007,"playlists":[],"ranks":{},"scores":[0.06592007962463009,0.20345639091641685,0.30206241279169266,0.3420220895447736,0.33974921456656404,0.31719507004601416,0.28142733686111887,0.2371328741977257,0.18605653364816144,0.13376352928929622,0.08887957861419904,0.05779769166533028,0.03976620925032311,0.027967017966615118,0.019474607912516085,0.014091822089318922,0.00870903626612176,0],"ascent":[0.06592007962463009,0.20345639091641685,0.30206241279169266,0.3420220895447736],"descent-weeks":1.5344500251135444,"ascent-weeks":4.006149021368691,"peak":0.3420220895447736,"messages":[],"unscored":false,"score":1.2633381754717563,"duration":2,"genres":["rock"],"role":true,"scoreFactor":1,"totalScore":1.2633381754717563,"rank":2}],"songCount":2,"songAdjustedAverage":2.950880190669468,"collaborators":[],"rank":695}