{"title":"Firehouse","instanceSlug":"firehouse","tags":[],"parents":[],"genres":[{"instanceSlug":"rock","title":"Rock","parents":[]}],"members":[],"complete":true,"origin":{"title":"Charlotte","instanceSlug":"charlotte","tags":[],"parents":["north-carolina"]},"birth":"","death":"","type":{"title":"All-Male Group","artists":[],"artistCount":0,"score":0,"artistAdjustedAverage":0,"slug":"mmm"},"songs":[{"title":"Love of a Lifetime","instanceSlug":899,"tags":[],"parents":[],"genre":"rock","debut":"1991-08","playlists":["ballad","love"],"ranks":{},"scores":[0.122,0.498,0.737,0.7154449669304228,0.6507798677216914,0.5430047023738057,0.39211947088676585,0.1981241732605716],"ascent":[0.122,0.498,0.737],"descent-weeks":5.847354138398913,"messages":[],"score":3.856473181173257,"debutScore":0.122,"peakScore":0.737,"duration":2,"genres":["rock"],"role":true,"scoreFactor":1,"rank":1},{"title":"Don't Treat Me Bad","instanceSlug":900,"tags":[],"parents":[],"genre":"rock","debut":"1991-05","playlists":["summer"],"ranks":{},"scores":[0.055,0.232,0.402,0.302,0.376,0.391,0.405,0.3963453649210634,0.3703814596842537,0.32710828428957067,0.2665258387370146,0.18863412302658522,0.09343313715828266],"ascent":[0.055,0.232,0.402,0.302,0.376,0.391,0.405],"descent-weeks":6.840740740740741,"messages":[],"score":3.8054282078167705,"debutScore":0.055,"peakScore":0.405,"duration":3,"genres":["rock"],"role":true,"scoreFactor":1,"rank":2},{"title":"When I Look Into Your Eyes","instanceSlug":898,"tags":["when-i","when-i-look"],"parents":[],"genre":"rock","debut":"1992-09","playlists":["ballad","love"],"ranks":{},"scores":[0.055,0.229,0.323,0.376,0.425,0.437,0.4229539224404997,0.38081568976199875,0.31058530196449713,0.21226275904799494,0.08584806101249196],"ascent":[0.055,0.229,0.323,0.376,0.425,0.437],"descent-weeks":5.577803203661329,"messages":[],"score":3.257465734227482,"debutScore":0.055,"peakScore":0.437,"duration":3,"genres":["rock"],"role":true,"scoreFactor":1,"rank":3}],"score":10.91936712321751,"songCount":3,"songAdjustedAverage":6.304299547969979,"rank":556,"ranks":{"genre:rock":{"rank":65,"total":98},"origin:charlotte":{"rank":2,"total":2}}}