{"title":"Flo Rida","instanceSlug":"flo-rida","roles":[{"title":"Rapper","instanceSlug":"rapper"}],"tags":[],"genres":[{"instanceSlug":"rap","title":"Rap","parents":["urban"]}],"complete":false,"active":true,"origin":{"title":"United States","instanceSlug":"us","tags":[],"parents":[]},"birth":"","death":"","songs":[{"title":"My House","instanceSlug":"florida1601","tags":[],"debut":2016,"playlists":[],"scores":[0.25,0.5,0.6,0.68,0.75,0.73,0.71,0.6699999999999999,0.6099999999999999,0.5299999999999998,0.4299999999999997,0.3099999999999996,0.16999999999999948,0.009999999999999343,0],"ascent":[0.25,0.5,0.6,0.68,0.75],"descent-weeks":9.839999999999996,"ascent-weeks":5.56,"peak":0.75,"messages":[],"ranks":{},"unscored":false,"score":7.6999999999999975,"duration":4,"role":true,"scoreFactor":1,"totalScore":7.6999999999999975,"rank":1},{"title":"Wild Ones","instanceSlug":3064,"tags":[],"parents":[],"genre":"pop","debut":2014,"playlists":[],"ranks":{},"scores":[0.075,0.171,0.306,0.402,0.537,0.513,0.47,0.465,0.455,0.44,0.42,0.395,0.365,0.33,0.29,0.245,0.195,0.14,0.08,0.015,0],"ascent":[0.075,0.171,0.306,0.402,0.537],"descent-weeks":14.958100558659215,"ascent-weeks":4.164804469273744,"peak":0.537,"messages":[],"unscored":false,"score":6.845999999999999,"duration":5,"genres":["pop"],"role":true,"scoreFactor":1,"totalScore":6.845999999999999,"rank":2},{"title":"Whistle","instanceSlug":"A7aE","tags":[],"parents":[],"debut":"2010s","playlists":[],"scores":[0.06592007962463009,0.20345639091641685,0.30206241279169266,0.3420220895447736,0.33974921456656404,0.31719507004601416,0.28142733686111887,0.2371328741977257,0.18605653364816144,0.13376352928929622,0.08887957861419904,0.05779769166533028,0.03976620925032311,0.027967017966615118,0.019474607912516085,0.014091822089318922,0.00870903626612176,0],"ascent":[0.06592007962463009,0.20345639091641685,0.30206241279169266,0.3420220895447736],"descent-weeks":9.183760388277284,"ascent-weeks":4.006149021368691,"peak":0.3420220895447736,"messages":[],"ranks":{},"unscored":false,"score":3.0074935847955913,"duration":4,"role":true,"scoreFactor":1,"totalScore":3.0074935847955913,"rank":3}],"score":17.553493584795586,"songCount":3,"songAdjustedAverage":10.134514246400101,"rank":296,"ranks":{"genre:rap":{"rank":6,"total":14},"origin:us":{"rank":35,"total":154}}}