{"title":"Frank Sinatra","instanceSlug":"frank-sinatra","tags":[],"parents":[],"genres":[{"instanceSlug":"pop","title":"Pop","parents":[]}],"members":[],"complete":false,"origin":{"title":"United States","instanceSlug":"us","tags":[],"parents":[]},"birth":1915,"death":1998,"type":{"title":"Solo Male","artists":[],"artistCount":0,"score":0,"artistAdjustedAverage":0,"slug":"m"},"songs":[{"title":"Love and Marriage","instanceSlug":"Q82O","tags":[],"parents":[],"debut":1955,"playlists":[],"scores":[0.128,0.338,0.497,0.549,0.554,0.547,0.5360600000000001,0.5141800000000001,0.48136000000000007,0.43760000000000004,0.3829,0.31726,0.24067999999999995,0.1531599999999999,0.054699999999999874,0],"ascent":[0.128,0.338,0.497,0.549,0.554],"descent-weeks":3.988472414259927,"ascent-weeks":5.593862815884475,"peak":0.554,"messages":[],"ranks":{},"unscored":false,"score":3.539075811666666,"duration":3,"role":true,"scoreFactor":1,"totalScore":3.539075811666666,"rank":1},{"title":"Theme to New York, New York","instanceSlug":"VARY","tags":[],"parents":[],"debut":"1980-06","playlists":[],"scores":[0.128,0.338,0.497,0.549,0.554,0.547,0.5360600000000001,0.5141800000000001,0.48136000000000007,0.43760000000000004,0.3829,0.31726,0.24067999999999995,0.1531599999999999,0.054699999999999874,0],"ascent":[0.128,0.338,0.497,0.549,0.554],"descent-weeks":3.988472414259927,"ascent-weeks":5.593862815884475,"peak":0.554,"messages":[],"ranks":{},"unscored":false,"score":3.539075811666666,"duration":3,"role":true,"scoreFactor":1,"totalScore":3.539075811666666,"rank":2},{"title":"Strangers in the Night","instanceSlug":"pNZp","tags":["#1","#1-hot-100","#1-adult-contemporary"],"parents":[],"debut":1966,"playlists":[],"scores":[0.128,0.338,0.497,0.549,0.554,0.547,0.5360600000000001,0.5141800000000001,0.48136000000000007,0.43760000000000004,0.3829,0.31726,0.24067999999999995,0.1531599999999999,0.054699999999999874,0],"ascent":[0.128,0.338,0.497,0.549,0.554],"descent-weeks":3.988472414259927,"ascent-weeks":5.593862815884475,"peak":0.554,"messages":[],"ranks":{},"unscored":false,"score":3.539075811666666,"duration":3,"role":true,"scoreFactor":1,"totalScore":3.539075811666666,"rank":3}],"songCount":3,"songAdjustedAverage":6.129859117644728,"collaborators":[],"rank":258,"ranks":{"genre:pop":{"rank":46,"total":130},"origin:us":{"rank":49,"total":154}}}