{"title":"Gap Band","instanceSlug":"gap-band","tags":[],"parents":[],"genres":[],"members":[],"complete":false,"origin":{"title":"United States","instanceSlug":"us","tags":[],"parents":[]},"birth":"","death":"","type":{"title":"All-Male Group","artists":[],"artistCount":0,"score":0,"artistAdjustedAverage":0,"slug":"mmm"},"songs":[{"title":"Early in the Morning","instanceSlug":613,"tags":[],"genres":["urban"],"debut":"1982-06","playlists":[],"scores":[0.185,0.414,0.75,0.81,0.804357598618281,0.7874303944731241,0.7592183875645292,0.7197215778924964,0.6689399654570255,0.6068735502581166,0.5335223322957698,0.4488863115699851,0.3529654880807624,0.24575986182810175,0.12726943281200312],"ascent":[0.185,0.414,0.75,0.81],"descent-weeks":11.981481481481477,"messages":[],"ranks":{},"score":8.213944900850194,"debutScore":0.185,"peakScore":0.81,"duration":4,"role":true,"scoreFactor":1,"rank":1},{"title":"You Dropped the Bomb on Me","instanceSlug":656,"tags":["bomb","you-did-what"],"parents":[],"genre":"urban","debut":"1982-09","playlists":[],"ranks":{},"scores":[0.097,0.286,0.477,0.622,0.5860573215897688,0.47822928635907486,0.29851589430791853,0.04691714543629951],"ascent":[0.097,0.286,0.477,0.622],"descent-weeks":4.159967845659164,"messages":[],"score":2.8917196476930616,"debutScore":0.097,"peakScore":0.622,"duration":2,"genres":["urban"],"role":true,"scoreFactor":1,"rank":2}],"score":11.105664548543256,"songCount":2,"songAdjustedAverage":7.852890711857974,"rank":413,"ranks":{"origin:us":{"rank":53,"total":154}}}