{"title":"Gary U.S. Bonds","instanceSlug":"gary-u-s-bonds","tags":[],"parents":[],"genres":[{"instanceSlug":"rock","title":"Rock","parents":[]}],"members":[],"complete":false,"origin":{"title":"Jacksonville, FL","instanceSlug":"jacksonville-fl","tags":[],"parents":["florida"]},"birth":1939,"death":"","type":{"title":"Solo Male","artists":[],"artistCount":0,"score":0,"artistAdjustedAverage":0,"slug":"m"},"songs":[{"title":"Out of Work","instanceSlug":1051,"tags":["out","work"],"parents":[],"genre":"pop","debut":"1982-07","playlists":[],"ranks":{},"scores":[0.075,0.145,0.216,0.249,0.246,0.242,0.232,0.216,0.194,0.171,0.137,0.084,0.031,0],"ascent":[0.075,0.145,0.216,0.249],"descent-weeks":10.855421686746988,"ascent-weeks":4.126506024096385,"peak":0.249,"messages":[],"unscored":false,"score":2.4869999999999997,"duration":4,"genres":["pop"],"role":true,"scoreFactor":1,"totalScore":2.4869999999999997,"rank":1},{"title":"This Little Girl","instanceSlug":2836,"tags":[],"parents":[],"genre":"pop","debut":"1981-05","playlists":[],"ranks":{},"scores":[0.075,0.145,0.216,0.249,0.246,0.242,0.232,0.216,0.19999999999999998,0.16799999999999995,0.11999999999999991,0.055999999999999855,0],"ascent":[0.075,0.145,0.216,0.249],"descent-weeks":10.415662650602407,"ascent-weeks":4.126506024096385,"peak":0.249,"messages":[],"unscored":false,"score":2.4139999999999993,"duration":4,"genres":["pop"],"role":true,"scoreFactor":1,"totalScore":2.4139999999999993,"rank":2}],"score":4.900999999999999,"songCount":2,"songAdjustedAverage":3.4655303345952686,"rank":1039,"ranks":{"genre:rock":{"rank":85,"total":98},"origin:jacksonville-fl":{"rank":1,"total":1}}}