{"title":"Gary U.S. Bonds","instanceSlug":"gary-u-s-bonds","tags":[],"parents":[],"genres":[{"instanceSlug":"rock","title":"Rock","parents":[]}],"members":[],"complete":false,"origin":{"title":"Jacksonville, FL","instanceSlug":"jacksonville-fl","tags":[],"parents":["florida"]},"birth":1939,"death":"","type":{"title":"Solo Male","artists":[],"artistCount":0,"score":0,"artistAdjustedAverage":0,"slug":"m"},"songs":[{"title":"Out of Work","instanceSlug":1051,"tags":["out","work"],"parents":[],"genre":"pop","debut":"1982-07","playlists":[],"ranks":{},"scores":[0.075,0.145,0.216,0.249,0.24688696860437473,0.2405478744174989,0.22998271743937246,0.21519149766999546,0.19617421510936794,0.1729308697574898,0.14546146161436113,0.11376599067998194,0.07784445695435212,0.037696860437471766],"ascent":[0.075,0.145,0.216,0.249],"descent-weeks":10.855421686746988,"messages":[],"score":2.361482912684266,"debutScore":0.075,"peakScore":0.249,"duration":4,"genres":["pop"],"role":true,"scoreFactor":1,"rank":1},{"title":"This Little Girl","instanceSlug":2836,"tags":[],"parents":[],"genre":"pop","debut":"1981-05","playlists":[],"ranks":{},"scores":[0.075,0.145,0.216,0.249,0.24670477356803497,0.23981909427213982,0.22834296211231464,0.21227637708855934,0.19161933920087396,0.1663718484492585,0.136533904833713,0.10210550835423737,0.0630866590108317,0.019477356803495893],"ascent":[0.075,0.145,0.216,0.249],"descent-weeks":10.415662650602407,"messages":[],"score":2.291337823693459,"debutScore":0.075,"peakScore":0.249,"duration":4,"genres":["pop"],"role":true,"scoreFactor":1,"rank":2}],"score":4.652820736377725,"songCount":2,"songAdjustedAverage":3.2900410943380747,"rank":1019,"ranks":{"genre:rock":{"rank":85,"total":98},"origin:jacksonville-fl":{"rank":1,"total":1}}}