{"title":"Gavin Degraw","instanceSlug":"gavin-degraw","tags":[],"parents":[],"genres":[{"instanceSlug":"pop-rock","title":"Pop-Rock","parents":["pop"]}],"members":[],"complete":false,"active":true,"origin":{"title":"New York","instanceSlug":"new-york","tags":[],"parents":["us"]},"birth":"","death":"","type":{"title":"Solo Male","artists":[],"artistCount":0,"score":0,"artistAdjustedAverage":0,"slug":"m"},"songs":[{"title":"I Don't Want to Be","instanceSlug":2283,"tags":[],"parents":[],"genre":"pop","debut":2005,"playlists":[],"ranks":{},"scores":[0.055,0.232,0.402,0.513,0.592,0.622,0.607,0.573,0.5389999999999999,0.47099999999999986,0.3689999999999998,0.23299999999999965,0.0629999999999995,0],"ascent":[0.055,0.232,0.402,0.513,0.592,0.622],"descent-weeks":2.7451716237942114,"ascent-weeks":5.82636655948553,"peak":0.622,"messages":[],"unscored":false,"score":3.554331166666666,"duration":2,"genres":["pop"],"role":true,"scoreFactor":1,"totalScore":3.554331166666666,"rank":1},{"title":"Chariot","instanceSlug":2284,"tags":[],"parents":[],"genre":"pop","debut":2005,"playlists":[],"ranks":{},"scores":[0.055,0.232,0.402,0.513,0.592,0.622,0.607,0.573,0.5389999999999999,0.47099999999999986,0.3689999999999998,0.23299999999999965,0.0629999999999995,0],"ascent":[0.055,0.232,0.402,0.513,0.592,0.622],"descent-weeks":2.7451716237942114,"ascent-weeks":5.82636655948553,"peak":0.622,"messages":[],"unscored":false,"score":3.554331166666666,"duration":2,"genres":["pop"],"role":true,"scoreFactor":1,"totalScore":3.554331166666666,"rank":2}],"songCount":2,"songAdjustedAverage":5.026583341065384,"collaborators":[],"rank":381,"ranks":{"genre:pop-rock":{"rank":10,"total":25},"origin:new-york":{"rank":1,"total":11}}}