{"title":"Gavin Degraw","instanceSlug":"gavin-degraw","tags":[],"parents":[],"genres":[{"instanceSlug":"pop-rock","title":"Pop-Rock","parents":["pop"]}],"members":[],"complete":false,"active":true,"origin":{"title":"New York","instanceSlug":"new-york","tags":[],"parents":["us"]},"birth":"","death":"","type":{"title":"Solo Male","artists":[],"artistCount":0,"score":0,"artistAdjustedAverage":0,"slug":"m"},"songs":[{"title":"I Don't Want to Be","instanceSlug":2283,"tags":[],"parents":[],"genre":"pop","debut":2005,"playlists":[],"ranks":{},"scores":[0.055,0.232,0.402,0.513,0.592,0.622,0.6131533416691052,0.5866133666764207,0.5423800750219466,0.4804534667056829,0.4008335417276296,0.3035203000877866,0.188513741786154,0.05581386682273173],"ascent":[0.055,0.232,0.402,0.513,0.592,0.622],"descent-weeks":8.385048231511252,"messages":[],"score":5.587281700497456,"debutScore":0.055,"peakScore":0.622,"duration":4,"genres":["pop"],"role":true,"scoreFactor":1,"rank":1},{"title":"Chariot","instanceSlug":2284,"tags":[],"parents":[],"genre":"pop","debut":2005,"playlists":[],"ranks":{},"scores":[0.055,0.232,0.402,0.513,0.592,0.622,0.6131533416691052,0.5866133666764207,0.5423800750219466,0.4804534667056829,0.4008335417276296,0.3035203000877866,0.188513741786154,0.05581386682273173],"ascent":[0.055,0.232,0.402,0.513,0.592,0.622],"descent-weeks":8.385048231511252,"messages":[],"score":5.587281700497456,"debutScore":0.055,"peakScore":0.622,"duration":4,"genres":["pop"],"role":true,"scoreFactor":1,"rank":2}],"score":11.174563400994913,"songCount":2,"songAdjustedAverage":7.901609557642511,"rank":405,"ranks":{"genre:pop-rock":{"rank":19,"total":25},"origin:new-york":{"rank":6,"total":11}}}