{"title":"Gavin Degraw","instanceSlug":"gavin-degraw","tags":[],"parents":[],"genres":[{"instanceSlug":"pop-rock","title":"Pop-Rock","parents":["pop"]}],"members":[],"complete":false,"active":true,"origin":{"title":"New York","instanceSlug":"new-york","tags":[],"parents":["us"]},"birth":"","death":"","type":{"title":"Solo Male","artists":[],"artistCount":0,"score":0,"artistAdjustedAverage":0,"slug":"m"},"songs":[{"title":"I Don't Want to Be","instanceSlug":2283,"tags":[],"parents":[],"genre":"pop","debut":2005,"playlists":[],"ranks":{},"scores":[0.055,0.232,0.402,0.513,0.592,0.622,0.607,0.573,0.5389999999999999,0.47099999999999986,0.3689999999999998,0.23299999999999965,0.0629999999999995,0],"ascent":[0.055,0.232,0.402,0.513,0.592,0.622],"descent-weeks":8.385048231511252,"ascent-weeks":5.82636655948553,"peak":0.622,"messages":[],"unscored":false,"score":5.892999999999999,"duration":4,"genres":["pop"],"role":true,"scoreFactor":1,"totalScore":5.892999999999999,"rank":1},{"title":"Chariot","instanceSlug":2284,"tags":[],"parents":[],"genre":"pop","debut":2005,"playlists":[],"ranks":{},"scores":[0.055,0.232,0.402,0.513,0.592,0.622,0.607,0.573,0.5389999999999999,0.47099999999999986,0.3689999999999998,0.23299999999999965,0.0629999999999995,0],"ascent":[0.055,0.232,0.402,0.513,0.592,0.622],"descent-weeks":8.385048231511252,"ascent-weeks":5.82636655948553,"peak":0.622,"messages":[],"unscored":false,"score":5.892999999999999,"duration":4,"genres":["pop"],"role":true,"scoreFactor":1,"totalScore":5.892999999999999,"rank":2}],"score":11.785999999999998,"songCount":2,"songAdjustedAverage":8.333960523064647,"rank":411,"ranks":{"genre:pop-rock":{"rank":19,"total":25},"origin:new-york":{"rank":6,"total":11}}}