{"title":"General Public","instanceSlug":"general-public","tags":[],"parents":[],"genres":[{"instanceSlug":"pop","title":"Pop","parents":[]}],"members":[],"complete":true,"origin":{"title":"Birmingham, England","instanceSlug":"birmingham-england","tags":[],"parents":["england"]},"birth":"","death":1987,"type":{"title":"All-Male Group","artists":[],"artistCount":0,"score":0,"artistAdjustedAverage":0,"slug":"mmm"},"songs":[{"title":"I'll Take You There","instanceSlug":2546,"tags":[],"parents":[],"genre":"pop","debut":"1994-05","playlists":[],"ranks":{},"scores":[0.075,0.216,0.361,0.408,0.45,0.498,0.513,0.517,0.498,0.479,0.44099999999999995,0.3839999999999999,0.30799999999999983,0.21299999999999975,0.09899999999999964,0],"ascent":[0.075,0.216,0.361,0.408,0.45,0.498,0.513,0.517],"descent-weeks":8.527079303675045,"ascent-weeks":8.81431334622824,"peak":0.517,"messages":[],"unscored":false,"score":5.9769999999999985,"duration":4,"genres":["pop"],"role":true,"scoreFactor":1,"totalScore":5.9769999999999985,"rank":1},{"title":"Tenderness","instanceSlug":1953,"tags":[],"parents":[],"genre":"pop","debut":"1985-02","playlists":[],"ranks":{},"scores":[0.075,0.216,0.361,0.408,0.45,0.498,0.513,0.517,0.498,0.402,0.30600000000000005,0.1140000000000001,0],"ascent":[0.075,0.216,0.361,0.408,0.45,0.498,0.513,0.517],"descent-weeks":5.329787234042554,"ascent-weeks":8.81431334622824,"peak":0.517,"messages":[],"unscored":false,"score":4.875,"duration":4,"genres":["pop"],"role":true,"scoreFactor":1,"totalScore":4.875,"rank":2}],"score":10.851999999999999,"songCount":2,"songAdjustedAverage":7.673522789436412,"rank":462,"ranks":{"genre:pop":{"rank":90,"total":130},"origin:birmingham-england":{"rank":4,"total":5}}}