{"title":"General Public","instanceSlug":"general-public","tags":[],"parents":[],"genres":[{"instanceSlug":"pop","title":"Pop","parents":[]}],"members":[],"complete":true,"origin":{"title":"Birmingham, England","instanceSlug":"birmingham-england","tags":[],"parents":["england"]},"birth":"","death":1987,"type":{"title":"All-Male Group","artists":[],"artistCount":0,"score":0,"artistAdjustedAverage":0,"slug":"mmm"},"songs":[{"title":"I'll Take You There","instanceSlug":2546,"tags":[],"parents":[],"genre":"pop","debut":"1994-05","playlists":[],"ranks":{},"scores":[0.075,0.216,0.361,0.408,0.45,0.498,0.513,0.517,0.5098896670262394,0.48855866810495757,0.4530070032361545,0.40323467241983024,0.33924167565598473,0.2610280129446179,0.16859368428572996,0.06193868967932081],"ascent":[0.075,0.216,0.361,0.408,0.45,0.498,0.513,0.517],"descent-weeks":8.527079303675045,"messages":[],"score":5.723492073352835,"debutScore":0.075,"peakScore":0.517,"duration":4,"genres":["pop"],"role":true,"scoreFactor":1,"rank":1},{"title":"Tenderness","instanceSlug":1953,"tags":[],"parents":[],"genre":"pop","debut":"1985-02","playlists":[],"ranks":{},"scores":[0.075,0.216,0.361,0.408,0.45,0.498,0.513,0.517,0.4988000247010968,0.44420009880438727,0.35320022230987136,0.22580039521754897,0.06200061752742032],"ascent":[0.075,0.216,0.361,0.408,0.45,0.498,0.513,0.517],"descent-weeks":5.329787234042554,"messages":[],"score":4.622001358560325,"debutScore":0.075,"peakScore":0.517,"duration":3,"genres":["pop"],"role":true,"scoreFactor":1,"rank":2}],"score":10.345493431913159,"songCount":2,"songAdjustedAverage":7.315368560426682,"rank":452,"ranks":{"genre:pop":{"rank":90,"total":129},"origin:birmingham-england":{"rank":4,"total":5}}}