{"title":"George Benson","instanceSlug":"george-benson","tags":[],"parents":[],"genres":[{"instanceSlug":"soul","title":"Soul","parents":["urban"]}],"members":[],"complete":false,"origin":"","birth":"","death":"","type":{"title":"Solo Male","artists":[],"artistCount":0,"score":0,"artistAdjustedAverage":0,"slug":"m"},"songs":[{"title":"Lady Love Me","instanceSlug":358,"tags":[],"parents":[],"playlists":[],"ranks":{},"scores":[0.36,0.61,0.67,0.71,0.73,0.71,0.7,0.6859999999999999,0.6579999999999999,0.6159999999999999,0.5599999999999998,0.4899999999999998,0.4059999999999998,0.30799999999999983,0.19599999999999984,0.06999999999999984,0],"ascent":[0.36,0.61,0.67,0.71,0.73],"descent-weeks":6.444897260273971,"ascent-weeks":6.328767123287672,"peak":0.73,"messages":[],"unscored":false,"score":6.216516666666666,"duration":3,"role":true,"scoreFactor":1,"totalScore":6.216516666666666,"rank":1},{"title":"Turn Your Love Around","instanceSlug":1536,"tags":[],"genre":"soul","debut":"1981-12","playlists":[],"scores":[0.36,0.61,0.67,0.71,0.73,0.71,0.69,0.6499999999999999,0.5899999999999999,0.5099999999999998,0.4099999999999997,0.2899999999999996,0.14999999999999947,0],"ascent":[0.36,0.61,0.67,0.71,0.73],"descent-weeks":4.21704337899543,"ascent-weeks":6.328767123287672,"peak":0.73,"messages":[],"ranks":{},"unscored":false,"score":5.132294444444443,"duration":3,"genres":["soul"],"role":true,"scoreFactor":1,"totalScore":5.132294444444443,"rank":2},{"title":"Give Me the Night","instanceSlug":"LORX","tags":[],"parents":[],"genre":"urban","debut":"1970s","playlists":[],"scores":[0.06592007962463009,0.20345639091641685,0.30206241279169266,0.3420220895447736,0.33974921456656404,0.31719507004601416,0.28142733686111887,0.2371328741977257,0.18605653364816144,0.13376352928929622,0.08887957861419904,0.05779769166533028,0.03976620925032311,0.027967017966615118,0.019474607912516085,0.014091822089318922,0.00870903626612176,0],"ascent":[0.06592007962463009,0.20345639091641685,0.30206241279169266,0.3420220895447736],"descent-weeks":1.5344500251135444,"ascent-weeks":4.006149021368691,"peak":0.3420220895447736,"messages":[],"ranks":{},"unscored":false,"score":1.2633381754717563,"duration":2,"genres":["urban"],"role":true,"scoreFactor":1,"totalScore":1.2633381754717563,"rank":3}],"songCount":3,"songAdjustedAverage":7.281627785668364,"collaborators":[{"slug":"quincy-jones","title":"Quincy Jones","songCount":1,"score":1.2633381754717563}],"rank":183,"ranks":{"genre:soul":{"rank":18,"total":50}}}