{"title":"George Benson","instanceSlug":"george-benson","tags":[],"parents":[],"genres":[{"instanceSlug":"soul","title":"Soul","parents":["urban"]}],"members":[],"complete":false,"origin":"","birth":"","death":"","type":{"title":"Solo Male","artists":[],"artistCount":0,"score":0,"artistAdjustedAverage":0,"slug":"m"},"songs":[{"title":"Lady Love Me","instanceSlug":358,"tags":[],"parents":[],"playlists":[],"ranks":{},"scores":[0.36,0.61,0.67,0.71,0.73,0.7253988635453046,0.7115954541812183,0.6885897719077412,0.6563818167248733,0.6149715886326144,0.5643590876309648,0.5045443137199241,0.4355272668994929,0.3573079471696706,0.2698863545304576,0.17326248898185373,0.067436350523859],"ascent":[0.36,0.61,0.67,0.71,0.73],"descent-weeks":12.595890410958903,"messages":[],"score":8.849261304447976,"debutScore":0.36,"peakScore":0.73,"duration":4,"role":true,"scoreFactor":1,"rank":1},{"title":"Turn Your Love Around","instanceSlug":1536,"tags":[],"genre":"soul","debut":"1981-12","playlists":[],"scores":[0.36,0.61,0.67,0.71,0.73,0.7222720593019034,0.6990882372076137,0.6604485337171309,0.606352948830455,0.536801482547586,0.4517941348685237,0.3513309057932684,0.23541179532181994,0.10403680345417846],"ascent":[0.36,0.61,0.67,0.71,0.73],"descent-weeks":9.719178082191776,"messages":[],"ranks":{},"score":7.44753690104248,"debutScore":0.36,"peakScore":0.73,"duration":4,"genres":["soul"],"role":true,"scoreFactor":1,"rank":2},{"title":"Give Me the Night","instanceSlug":"LORX","tags":[],"parents":[],"genre":"urban","debut":"1970s","playlists":[],"scores":[0.06592007962463009,0.20345639091641685,0.30206241279169266,0.3420220895447736,0.33796688217284926,0.32580126005707616,0.3055252231974544,0.2771387715939839,0.24064190524666476,0.1960346241554969,0.14331692832048032,0.08248881774161505,0.013550292418901062],"ascent":[0.06592007962463009,0.20345639091641685,0.30206241279169266,0.3420220895447736],"descent-weeks":9.183760388277284,"messages":[],"ranks":{},"score":2.8359256777820354,"debutScore":0.06592007962463009,"peakScore":0.3420220895447736,"duration":3,"genres":["urban"],"role":true,"scoreFactor":1,"rank":3}],"score":19.132723883272494,"songCount":3,"songAdjustedAverage":11.046283284338157,"rank":206,"ranks":{"genre:soul":{"rank":23,"total":49}}}