{"title":"Gerardo","instanceSlug":"gerardo","tags":[],"roles":[{"title":"Rapper","instanceSlug":"rapper"}],"genres":[{"instanceSlug":"latin-rap","title":"Latin Rap","parents":["latin","rap"]}],"complete":true,"origin":{"title":"Los Angeles","instanceSlug":"los-angeles","tags":[],"parents":["california"]},"birth":1965,"death":"","type":{"title":"Solo Male","artists":[],"artistCount":0,"score":0,"artistAdjustedAverage":0,"slug":"m"},"songs":[{"title":"Rico Suave","instanceSlug":1149,"tags":[],"genre":"latin-rap","debut":"1991-03","playlists":[],"scores":[0.265,0.665,0.695,0.725,0.745,0.730251872301002,0.686007489204008,0.6122668507090179,0.5090299568160317,0.3762968075250497,0.21406740283607145,0.022341742749097258],"ascent":[0.265,0.665,0.695,0.725,0.745],"descent-weeks":7.107382550335572,"messages":[],"ranks":{},"score":6.245262122140277,"debutScore":0.265,"peakScore":0.745,"duration":3,"genres":["latin-rap"],"role":true,"scoreFactor":1,"rank":1},{"title":"We Want the Funk","instanceSlug":2555,"tags":[],"genre":"latin-rap","debut":"1991-06","playlists":[],"scores":[0.265,0.665,0.695,0.725,0.745,0.730251872301002,0.686007489204008,0.6122668507090179,0.5090299568160317,0.3762968075250497,0.21406740283607145,0.022341742749097258],"ascent":[0.265,0.665,0.695,0.725,0.745],"descent-weeks":7.107382550335572,"messages":[],"ranks":{},"score":6.245262122140277,"debutScore":0.265,"peakScore":0.745,"duration":3,"genres":["latin-rap"],"role":true,"scoreFactor":1,"rank":2},{"title":"Taco Grande","instanceSlug":"oK9b","tags":[],"parody":true,"debut":1991,"playlists":[],"scores":[0.05929986128304713,0.1995263597162372,0.30010719362631805,0.34125675640985936,0.34282688513132636,0.3412667415414152,0.33658631077168155,0.32878559282212544,0.31786458769274695,0.3038232953835461,0.2866617158945228,0.26637984922567703,0.24297769537700886,0.21645525434851826,0.18681252614020524,0.15404951075206985,0.11816620818411201,0.07916261843633175,0.03703874150872903],"ascent":[0.05929986128304713,0.1995263597162372,0.30010719362631805,0.34125675640985936,0.34282688513132636],"descent-weeks":14.823649949303466,"messages":[],"ranks":{},"score":1.1147619260613695,"debutScore":0.05929986128304713,"peakScore":0.34282688513132636,"duration":5,"role":"parody","scoreFactor":0.25,"rank":3}],"score":13.605286170341923,"songCount":3,"songAdjustedAverage":7.8550156328488026,"rank":408,"ranks":{"genre:latin-rap":{"rank":1,"total":2},"origin:los-angeles":{"rank":20,"total":31}}}