{"title":"Gerry Rafferty","instanceSlug":"gerry-rafferty","tags":[],"parents":[],"genres":[{"instanceSlug":"pop","title":"Pop","parents":[]}],"members":[],"complete":true,"origin":{"title":"Scotland","instanceSlug":"scotland","tags":[],"parents":["uk"]},"birth":"","death":"","type":{"title":"Solo Male","artists":[],"artistCount":0,"score":0,"artistAdjustedAverage":0,"slug":"m"},"songs":[{"title":"Baker Street","instanceSlug":1395,"tags":["street"],"parents":[],"genre":"pop","debut":"1978-05","playlists":[],"ranks":{},"scores":[0.15,0.24,0.27,0.3,0.31,0.30663967300231726,0.29655869200926904,0.2797570570208554,0.2562347680370763,0.22599182505793172,0.18902822808342162,0.14534397711354613,0.09493907214830515,0.037813513187698725],"ascent":[0.15,0.24,0.27,0.3,0.31],"descent-weeks":9.60483870967742,"messages":[],"score":3.1023068056604215,"debutScore":0.15,"peakScore":0.31,"duration":4,"genres":["pop"],"role":true,"scoreFactor":1,"rank":1},{"title":"Right Down the Line","instanceSlug":2443,"tags":["#1","#1-adult-contemporary"],"parents":[],"genre":"pop","debut":"1978-09","playlists":[],"ranks":{},"scores":[0.15,0.24,0.27,0.3,0.31,0.30663967300231726,0.29655869200926904,0.2797570570208554,0.2562347680370763,0.22599182505793172,0.18902822808342162,0.14534397711354613,0.09493907214830515,0.037813513187698725],"ascent":[0.15,0.24,0.27,0.3,0.31],"descent-weeks":9.60483870967742,"messages":[],"score":3.1023068056604215,"debutScore":0.15,"peakScore":0.31,"duration":4,"genres":["pop"],"role":true,"scoreFactor":1,"rank":2},{"title":"Get It Right Next Time","instanceSlug":2444,"tags":[],"parents":[],"genre":"pop","debut":"1979-09","playlists":[],"ranks":{},"scores":[0.15,0.24,0.27,0.3,0.31,0.29030867869654303,0.23123471478617227,0.1327781082688876],"ascent":[0.15,0.24,0.27,0.3,0.31],"descent-weeks":3.9677419354838714,"messages":[],"score":1.9243215017516029,"debutScore":0.15,"peakScore":0.31,"duration":2,"genres":["pop"],"role":true,"scoreFactor":1,"rank":3},{"title":"Stuck in the Middle With You","instanceSlug":2969,"tags":[],"parents":[],"genre":"rock","debut":1973,"playlists":[],"ranks":{},"scores":[0.15,0.24,0.27,0.3,0.31,0.30663967300231726,0.29655869200926904,0.2797570570208554,0.2562347680370763,0.22599182505793172,0.18902822808342162,0.14534397711354613,0.09493907214830515,0.037813513187698725],"ascent":[0.15,0.24,0.27,0.3,0.31],"descent-weeks":9.60483870967742,"messages":[],"score":0.7755767014151054,"debutScore":0.15,"peakScore":0.31,"duration":4,"genres":["rock"],"role":"member","scoreFactor":0.25,"rank":4}],"score":8.90451181448755,"songCount":4,"songAdjustedAverage":4.452255907243775,"rank":898,"ranks":{"genre:pop":{"rank":94,"total":129},"origin:scotland":{"rank":2,"total":3}}}