{"title":"Gino Vannelli","instanceSlug":"gino-vannelli","tags":[],"parents":[],"genres":[{"instanceSlug":"pop","title":"Pop","parents":[]}],"members":[],"complete":true,"origin":{"title":"Montreal","instanceSlug":"montreal","tags":[],"parents":["quebec"]},"birth":1952,"death":"","type":{"title":"Solo Male","artists":[],"artistCount":0,"score":0,"artistAdjustedAverage":0,"slug":"m"},"songs":[{"title":"I Just Wanna Stop","instanceSlug":155,"tags":["i-just","i-just-want"],"playlists":["ballad"],"genre":"pop","debut":"1978-10","ranks":{},"scores":[0.273,0.77,0.78,0.79,0.7838774358924508,0.7655097435698031,0.734896923032057,0.6920389742792125,0.6369358973112694,0.569587692128228,0.4899943587300881,0.39815589711684984,0.2940723072885132,0.1777435892450778,0.049169742986544196],"ascent":[0.273,0.77,0.78,0.79],"descent-weeks":11.35917721518987,"messages":[],"score":8.204982561580094,"debutScore":0.273,"peakScore":0.79,"duration":4,"genres":["pop"],"role":true,"scoreFactor":1,"rank":1},{"title":"Living Inside Myself","instanceSlug":2925,"tags":[],"parents":[],"genre":"pop","debut":"1981-04","playlists":["ballad"],"ranks":{},"scores":[0.086,0.668,0.912,0.8986644338245207,0.8586577352980825,0.7919799044206857,0.69863094119233,0.5786108456130156,0.4319196176827424,0.25855725740151064,0.0585237647693199],"ascent":[0.086,0.668,0.912],"descent-weeks":8.26973684210526,"messages":[],"score":6.241544500202207,"debutScore":0.086,"peakScore":0.912,"duration":3,"genres":["pop"],"role":true,"scoreFactor":1,"rank":2}],"score":14.446527061782302,"songCount":2,"songAdjustedAverage":10.215237249981234,"rank":262,"ranks":{"genre:pop":{"rank":83,"total":129},"origin:montreal":{"rank":1,"total":1}}}