{"title":"Glenn Medeiros","instanceSlug":"glenn-medeiros","tags":[],"parents":[],"genres":[{"instanceSlug":"pop","title":"Pop","parents":[]}],"members":[],"complete":true,"origin":{"title":"Hawaii","instanceSlug":"hawaii","tags":[],"parents":["us"]},"birth":"","death":"","type":{"title":"Solo Male","artists":[],"artistCount":0,"score":0,"artistAdjustedAverage":0,"slug":"m"},"songs":[{"title":"She Ain't Worth It","instanceSlug":181,"tags":[],"playlists":["summer"],"genre":"pop","debut":"1990-07","ranks":{},"scores":[0.055,0.222,0.379,0.529,0.602,0.582,0.546,0.5100000000000001,0.4380000000000003,0.3300000000000005,0.18600000000000083,0.006000000000001227,0],"ascent":[0.055,0.222,0.379,0.529,0.602],"descent-weeks":7.973421926910306,"ascent-weeks":4.45265780730897,"peak":0.602,"messages":[],"unscored":false,"score":4.987000000000002,"duration":3,"genres":["pop"],"role":true,"scoreFactor":1,"totalScore":4.987000000000002,"rank":1},{"title":"Nothing's Gonna Change My Love for You","instanceSlug":1315,"tags":["for-you","my-love"],"parents":[],"genre":"adult-contemporary","debut":"1987-04","playlists":[],"ranks":{},"scores":[0.036,0.171,0.286,0.376,0.425,0.463,0.45,0.419,0.381,0.343,0.26700000000000007,0.15300000000000014,0.001000000000000223,0],"ascent":[0.036,0.171,0.286,0.376,0.425,0.463],"descent-weeks":8.024838012958964,"ascent-weeks":5.692224622030238,"peak":0.463,"messages":[],"unscored":false,"score":4.234,"duration":4,"genres":["adult-contemporary"],"role":true,"scoreFactor":1,"totalScore":4.234,"rank":2}],"score":9.221000000000002,"songCount":2,"songAdjustedAverage":6.520231629321156,"rank":589,"ranks":{"genre:pop":{"rank":95,"total":130},"origin:hawaii":{"rank":2,"total":2}}}