{"title":"Gloria Gaynor","instanceSlug":"gloria-gaynor","tags":[],"parents":[],"genres":[{"instanceSlug":"disco","title":"Disco","parents":["dance"]}],"members":[],"complete":true,"origin":{"title":"New Jersey","instanceSlug":"new-jersey","tags":[],"parents":["us"]},"birth":1949,"death":"","type":{"title":"Solo Female","artists":[],"artistCount":0,"score":0,"artistAdjustedAverage":0,"slug":"f"},"songs":[{"title":"Never Can Say Goodbye","instanceSlug":"1228gg","remake":1228,"tags":[],"genre":"disco","debut":1974,"playlists":[],"scores":[0.058,0.4,0.652,0.6480398443305732,0.6361593773222928,0.6163585989751588,0.5886375092891711,0.5529961082643299,0.509434395900635,0.4579523721980865,0.3985500371566844,0.3312273907764286,0.25598443305731927,0.17282116399935638,0.08173758360253974],"ascent":[0.058,0.4,0.652],"descent-weeks":12.831211656441715,"messages":[],"ranks":{},"score":6.359898814872575,"debutScore":0.058,"peakScore":0.652,"duration":4,"genres":["disco"],"role":true,"scoreFactor":1,"rank":1},{"title":"Never Can Say Goodbye","instanceSlug":2542,"remake":1228,"tags":[],"parents":[],"genre":"disco","debut":1974,"playlists":[],"ranks":{},"scores":[0.058,0.4,0.652,0.6480398443305732,0.6361593773222928,0.6163585989751588,0.5886375092891711,0.5529961082643299,0.509434395900635,0.4579523721980865,0.3985500371566844,0.3312273907764286,0.25598443305731927,0.17282116399935638,0.08173758360253974],"ascent":[0.058,0.4,0.652],"descent-weeks":12.831211656441715,"messages":[],"score":6.359898814872575,"debutScore":0.058,"peakScore":0.652,"duration":4,"genres":["disco"],"role":true,"scoreFactor":1,"rank":2},{"title":"I Will Survive","instanceSlug":2543,"tags":["#1","#1-hot-100"],"parents":[],"genre":"disco","debut":"1979-02","playlists":[],"ranks":{},"scores":[0.06200821741159169,0.20830894528861146,0.3129502216570068,0.35561236147633757,0.3574779635603355,0.3558504691948907,0.3509679860985563,0.34283051427133227,0.33143805371321866,0.31679060442421547,0.29888816640432264,0.27773073965354017,0.25331832417186817,0.22565091995930653,0.19472852701585525,0.1605511453415144,0.12311877493628393,0.08243141580016386,0.03848906793315418],"ascent":[0.06200821741159169,0.20830894528861146,0.3129502216570068,0.35561236147633757,0.3574779635603355],"descent-weeks":14.820569447990732,"messages":[],"score":4.649142418312106,"debutScore":0.06200821741159169,"peakScore":0.3574779635603355,"duration":5,"genres":["disco"],"role":true,"scoreFactor":1,"rank":3}],"score":17.368940048057254,"songCount":3,"songAdjustedAverage":10.027962212284327,"rank":272,"ranks":{"genre:disco":{"rank":4,"total":6},"origin:new-jersey":{"rank":5,"total":9}}}