{"title":"Gloria Gaynor","instanceSlug":"gloria-gaynor","tags":[],"parents":[],"genres":[{"instanceSlug":"disco","title":"Disco","parents":["dance"]}],"members":[],"complete":true,"origin":{"title":"New Jersey","instanceSlug":"new-jersey","tags":[],"parents":["us"]},"birth":1949,"death":"","type":{"title":"Solo Female","artists":[],"artistCount":0,"score":0,"artistAdjustedAverage":0,"slug":"f"},"songs":[{"title":"Never Can Say Goodbye","instanceSlug":"1228gg","remake":1228,"tags":[],"genre":"disco","debut":1974,"playlists":[],"scores":[0.058,0.4,0.652,0.644,0.639,0.62622,0.60066,0.5623199999999999,0.5111999999999999,0.44729999999999986,0.37061999999999984,0.28115999999999985,0.17891999999999986,0.06389999999999986,0],"ascent":[0.058,0.4,0.652],"descent-weeks":4.767008983895703,"ascent-weeks":2.553680981595092,"peak":0.652,"messages":[],"ranks":{},"unscored":false,"score":3.1820599049999987,"duration":2,"genres":["disco"],"role":true,"scoreFactor":1,"totalScore":3.1820599049999987,"rank":1},{"title":"Never Can Say Goodbye","instanceSlug":2542,"remake":1228,"tags":[],"parents":[],"genre":"disco","debut":1974,"playlists":[],"ranks":{},"scores":[0.058,0.4,0.652,0.644,0.639,0.62622,0.60066,0.5623199999999999,0.5111999999999999,0.44729999999999986,0.37061999999999984,0.28115999999999985,0.17891999999999986,0.06389999999999986,0],"ascent":[0.058,0.4,0.652],"descent-weeks":4.767008983895703,"ascent-weeks":2.553680981595092,"peak":0.652,"messages":[],"unscored":false,"score":3.1820599049999987,"duration":2,"genres":["disco"],"role":true,"scoreFactor":1,"totalScore":3.1820599049999987,"rank":2},{"title":"I Will Survive","instanceSlug":2543,"tags":["#1","#1-hot-100"],"parents":[],"genre":"disco","debut":"1979-02","playlists":[],"ranks":{},"scores":[0.06200821741159169,0.20830894528861146,0.3129502216570068,0.35561236147633757,0.3574779635603355,0.3446276515977258,0.32891805429767385,0.31523776166182677,0.30042162719800025,0.2833026661554992,0.2643212410031802,0.24289242606706696,0.21959493334585015,0.19466120793610409,0.1685894531254616,0.14210166436832847,0.11600004299049087,0.09098520352380506,0.06767556150528035,0.04664449376949029,0.029256418423981474,0.01618867931401627,0.0031209402040510634,0],"ascent":[0.06200821741159169,0.20830894528861146,0.3129502216570068,0.35561236147633757,0.3574779635603355],"descent-weeks":3.97551540969843,"ascent-weeks":5.439598415309378,"peak":0.3574779635603355,"messages":[],"unscored":false,"score":2.2437971445683678,"duration":3,"genres":["disco"],"role":true,"scoreFactor":1,"totalScore":2.2437971445683678,"rank":3}],"songCount":3,"songAdjustedAverage":4.96978317088199,"collaborators":[{"slug":"clifton-davis","title":"MISSING 'clifton-davis'","songCount":2,"score":4.50011227393464},{"slug":"jacksons","title":"Jackson 5 / Jacksons","songCount":2,"score":4.50011227393464}],"rank":390,"ranks":{"genre:disco":{"rank":4,"total":7},"origin:new-jersey":{"rank":4,"total":10}}}