{"title":"Goo Goo Dolls","instanceSlug":"goo-goo-dolls","tags":[],"parents":[],"genres":[],"members":[],"complete":false,"origin":"","birth":"","death":"","type":{"title":"All-Male Group","artists":[],"artistCount":0,"score":0,"artistAdjustedAverage":0,"slug":"mmm"},"songs":[{"title":"Black Balloon","instanceSlug":565,"tags":[],"genres":["rock"],"debut":"1999-08","playlists":["colors"],"scores":[0.11,0.331,0.4689285714285714,0.5156428571428572,0.5186428571428572,0.5157037569223637,0.5068864562608834,0.4921909551584161,0.47161725361496193,0.4451653516305209,0.4128352492050929,0.37462694633867805,0.33054044303127633,0.2805757392828876,0.22473283509351208,0.16301173046314957,0.09541242539180028,0.021934919879463992],"ascent":[0.11,0.331,0.4689285714285714,0.5156428571428572,0.5186428571428572],"descent-weeks":13.283942983060179,"messages":[],"ranks":{},"score":6.279448347987294,"debutScore":0.11,"peakScore":0.5186428571428572,"duration":4,"role":true,"scoreFactor":1,"rank":1},{"title":"Iris","instanceSlug":33,"genre":"rock","source":"city-of-angels","ranks":{},"debut":"1990s","scores":[0.066,0.218,0.353,0.4295,0.4279373255084989,0.4232493020339957,0.41543592957649034,0.40449720813598283,0.39043313771247323,0.3732437183059614,0.35292894991644747,0.32948883254393146,0.30292336618841326,0.2732325508498929,0.24041638652837038,0.20447487322384575,0.16540801093631896,0.12321579966579005,0.07789823941225897,0.029455330175725783],"ascent":[0.066,0.218,0.353,0.4295],"descent-weeks":16.57857974388824,"messages":[],"score":5.600738960714398,"debutScore":0.066,"peakScore":0.4295,"duration":5,"genres":["rock"],"playlists":[],"sources":["city-of-angels"],"role":true,"scoreFactor":1,"rank":2},{"title":"Naked","instanceSlug":37,"tags":[],"parents":[],"ranks":{},"scores":[0.1,0.218,0.353,0.4295,0.427551848982879,0.4217073959315161,0.4119666408459113,0.3983295837260645,0.38079622457197576,0.35936656338364514,0.3340406001610725,0.30481833490425797,0.27169976761320147,0.23468489828790315,0.19377372692836278,0.1489662535345805,0.10026247810655625,0.04766240064429005],"ascent":[0.1,0.218,0.353,0.4295],"descent-weeks":14.84807916181606,"messages":[],"score":5.136126717622217,"debutScore":0.1,"peakScore":0.4295,"duration":5,"playlists":[],"role":true,"scoreFactor":1,"rank":3},{"title":"Slide","instanceSlug":43,"tags":[],"parents":[],"ranks":{},"scores":[0.066,0.218,0.353,0.4295,0.4267746015129368,0.4185984060517472,0.40497141361643124,0.3858936242069888,0.36136503782342005,0.3313856544657248,0.2959554741339033,0.2550744968279553,0.20874272254788095,0.15696015129368016,0.09972678306535296,0.03704261786289943],"ascent":[0.066,0.218,0.353,0.4295],"descent-weeks":12.55355064027939,"messages":[],"score":4.448990983408921,"debutScore":0.066,"peakScore":0.4295,"duration":4,"playlists":[],"role":true,"scoreFactor":1,"rank":4},{"title":"Name","instanceSlug":39,"tags":[],"parents":[],"genre":"rock","debut":"1995-09","ranks":{},"scores":[0.077,0.256,0.431,0.498,0.48139198408289674,0.43156793633158697,0.3485278567460707,0.23227174532634787,0.0827996020724186],"ascent":[0.077,0.256,0.431,0.498],"descent-weeks":5.475903614457832,"messages":[],"score":2.8385591245593207,"debutScore":0.077,"peakScore":0.498,"duration":2,"genres":["rock"],"playlists":[],"role":true,"scoreFactor":1,"rank":5}],"score":24.30386413429215,"songCount":5,"songAdjustedAverage":10.869018464039264,"rank":217}