{"title":"Good Charlotte","instanceSlug":"good-charlotte","tags":[],"parents":[],"genres":[],"members":[],"complete":false,"origin":"","birth":"","death":"","type":{"title":"All-Male Group","artists":[],"artistCount":0,"score":0,"artistAdjustedAverage":0,"slug":"mmm"},"songs":[{"title":"Dance Floor Anthem (Don't Wanna Be in Love)","instanceSlug":1339,"tags":["don't-wanna","in-love"],"genre":"rock","debut":2007,"playlists":[],"ranks":{},"scores":[0.2,0.341,0.431,0.425,0.408,0.39099999999999996,0.35699999999999993,0.3059999999999999,0.23799999999999982,0.15299999999999975,0.05099999999999966,0],"ascent":[0.2,0.341,0.431],"descent-weeks":9.605568445475637,"ascent-weeks":3.382830626450116,"peak":0.431,"messages":[],"unscored":false,"score":3.7319999999999993,"duration":3,"genres":["rock"],"role":true,"scoreFactor":1,"totalScore":3.7319999999999993,"rank":1}],"score":3.7319999999999993,"songCount":1,"songAdjustedAverage":3.7319999999999993,"rank":1003}