{"title":"Good Charlotte","instanceSlug":"good-charlotte","tags":[],"parents":[],"genres":[],"members":[],"complete":false,"origin":"","birth":"","death":"","type":{"title":"All-Male Group","artists":[],"artistCount":0,"score":0,"artistAdjustedAverage":0,"slug":"mmm"},"songs":[{"title":"Dance Floor Anthem (Don't Wanna Be in Love)","instanceSlug":1339,"tags":["don't-wanna","in-love"],"genre":"rock","debut":2007,"playlists":[],"ranks":{},"scores":[0.2,0.341,0.431,0.42632877132488506,0.41231508529954025,0.3889589419239655,0.35626034119816097,0.3142192831221265,0.26283576769586214,0.20210979491936795,0.13204136479264386,0.05263047731568987],"ascent":[0.2,0.341,0.431],"descent-weeks":9.605568445475637,"messages":[],"score":3.5196998275922424,"debutScore":0.2,"peakScore":0.431,"duration":3,"genres":["rock"],"role":true,"scoreFactor":1,"rank":1}],"score":3.5196998275922424,"songCount":1,"songAdjustedAverage":3.5196998275922424,"rank":1000}