{"title":"Graham Nash","instanceSlug":"graham-nash","tags":[],"parents":[],"genres":[],"members":[],"complete":false,"origin":{"title":"United States","instanceSlug":"us","tags":[],"parents":[]},"birth":"","death":"","songs":[{"title":"Love The One You're With","instanceSlug":"YEZw","tags":[],"debut":1971,"playlists":[],"scores":[0.232,1,0.909,0.904,0.894,0.879,0.859,0.834,0.804,0.769,0.729,0.684,0.634,0.579,0.519,0.454,0.384,0.309,0.229,0.144,0.054,0],"ranks":{},"score":1.2803,"debutScore":0.232,"peakScore":1,"duration":6,"role":"backup","scoreFactor":0.1,"rank":1},{"title":"Southern Cross","instanceSlug":655,"tags":[],"genres":["pop","adult-contemporary"],"debut":"1982-10","playlists":[],"scores":[0.038,0.2,0.27,0.31,0.33,0.34,0.32,0.315,0.305,0.29,0.27,0.245,0.215,0.18,0.14,0.095,0.045,0],"ranks":{},"score":0.9770000000000002,"debutScore":0.038,"peakScore":0.34,"duration":5,"role":"member","scoreFactor":0.25,"rank":2},{"title":"Part of the Plan","instanceSlug":2754,"tags":[],"parents":[],"genre":"adult-contemporary","debut":1975,"playlists":[],"ranks":{},"scores":[0.124,0.42000000000000004,0.56,0.61,0.63,0.625,0.58,0.575,0.565,0.55,0.53,0.505,0.475,0.43999999999999995,0.4,0.355,0.305,0.255,0.225,0.1925,0.1575,0.12,0.08,0.0375,0],"score":0.9316500000000002,"debutScore":0.124,"peakScore":0.63,"duration":7,"genres":["adult-contemporary"],"role":"backup","scoreFactor":0.1,"rank":3}],"score":3.1889500000000006,"songCount":3,"songAdjustedAverage":1.8411411409322576,"rank":1138,"ranks":{"origin:us":{"rank":111,"total":147}}}