{"title":"Graham Nash","instanceSlug":"graham-nash","tags":[],"parents":[],"genres":[],"members":[],"complete":false,"origin":{"title":"United States","instanceSlug":"us","tags":[],"parents":[]},"birth":"","death":"","songs":[{"title":"Love The One You're With","instanceSlug":"YEZw","tags":[],"debut":1971,"playlists":[],"scores":[0.171,1,0.959,0.954,0.944,0.929,0.909,0.884,0.854,0.819,0.779,0.734,0.684,0.629,0.569,0.504,0.434,0.359,0.279,0.194,0.104,0.009,0],"ranks":{},"score":1.3700999999999999,"debutScore":0.171,"peakScore":1,"duration":6,"role":"backup","scoreFactor":0.1,"rank":1},{"title":"Southern Cross","instanceSlug":655,"tags":[],"genres":["pop","adult-contemporary"],"debut":"1982-10","playlists":[],"scores":[0.038,0.2,0.27,0.31,0.33,0.34,0.32,0.315,0.305,0.29,0.27,0.245,0.215,0.18,0.14,0.095,0.045,0],"ranks":{},"score":0.9770000000000002,"debutScore":0.038,"peakScore":0.34,"duration":5,"role":"member","scoreFactor":0.25,"rank":2},{"title":"Part of the Plan","instanceSlug":2754,"tags":[],"parents":[],"genre":"adult-contemporary","debut":1975,"playlists":[],"ranks":{},"scores":[0.124,0.42000000000000004,0.56,0.61,0.63,0.625,0.58,0.575,0.565,0.55,0.53,0.505,0.475,0.43999999999999995,0.4,0.355,0.305,0.255,0.225,0.1925,0.1575,0.12,0.08,0.0375,0],"score":0.9316500000000002,"debutScore":0.124,"peakScore":0.63,"duration":7,"genres":["adult-contemporary"],"role":"backup","scoreFactor":0.1,"rank":3}],"score":3.2787500000000005,"songCount":3,"songAdjustedAverage":1.892987195105486,"rank":1126,"ranks":{"origin:us":{"rank":108,"total":147}}}