{"title":"Graham Nash","instanceSlug":"graham-nash","tags":[],"parents":[],"genres":[],"members":[],"complete":false,"origin":{"title":"United States","instanceSlug":"us","tags":[],"parents":[]},"birth":"","death":"","songs":[{"title":"Southern Cross","instanceSlug":655,"tags":[],"genres":["pop","adult-contemporary"],"debut":"1982-10","playlists":[],"scores":[0.038,0.2,0.27,0.31,0.33,0.34,0.32,0.3,0.25999999999999995,0.1999999999999999,0.11999999999999983,0.01999999999999974,0],"ascent":[0.038,0.2,0.27,0.31,0.33,0.34],"descent-weeks":6.882352941176469,"ascent-weeks":6.564705882352941,"peak":0.34,"messages":[],"ranks":{},"unscored":false,"score":0.762,"duration":4,"role":"member","scoreFactor":0.25,"totalScore":3.048,"rank":1},{"title":"Love The One You're With","instanceSlug":"YEZw","tags":[],"debut":1971,"playlists":[],"scores":[0.055,0.4,0.59,0.72,0.75,0.77,0.71,0.6499999999999999,0.5299999999999998,0.34999999999999964,0.10999999999999943,0],"ascent":[0.055,0.4,0.59,0.72,0.75,0.77],"descent-weeks":6.077922077922076,"ascent-weeks":6.399350649350648,"peak":0.77,"messages":[],"ranks":{},"unscored":false,"score":0.6404999999999998,"duration":3,"role":"backup","scoreFactor":0.1,"totalScore":6.404999999999998,"rank":2},{"title":"Part of the Plan","instanceSlug":2754,"tags":[],"parents":[],"genre":"adult-contemporary","debut":1975,"playlists":[],"ranks":{},"scores":[0.06592007962463009,0.20345639091641685,0.30206241279169266,0.3420220895447736,0.33974921456656404,0.31719507004601416,0.28142733686111887,0.2371328741977257,0.18605653364816144,0.13376352928929622,0.08887957861419904,0.05779769166533028,0.03976620925032311,0.027967017966615118,0.019474607912516085,0.014091822089318922,0.00870903626612176,0],"ascent":[0.06592007962463009,0.20345639091641685,0.30206241279169266,0.3420220895447736],"descent-weeks":9.183760388277284,"ascent-weeks":4.006149021368691,"peak":0.3420220895447736,"messages":[],"unscored":false,"score":0.30074935847955914,"duration":4,"genres":["adult-contemporary"],"role":"backup","scoreFactor":0.1,"totalScore":3.0074935847955913,"rank":3}],"score":1.703249358479559,"songCount":3,"songAdjustedAverage":0.9833714756152308,"rank":1194,"ranks":{"origin:us":{"rank":125,"total":154}}}