{"title":"Graham Nash","instanceSlug":"graham-nash","tags":[],"parents":[],"genres":[],"members":[],"complete":false,"origin":{"title":"United States","instanceSlug":"us","tags":[],"parents":[]},"birth":"","death":"","songs":[{"title":"Southern Cross","instanceSlug":655,"tags":[],"genres":["pop","adult-contemporary"],"debut":"1982-10","playlists":[],"scores":[0.038,0.2,0.27,0.31,0.33,0.34,0.33282197384761486,0.3112878953904595,0.2753977646285339,0.22515158156183793,0.16054934619037176,0.08159105851413535],"ascent":[0.038,0.2,0.27,0.31,0.33,0.34],"descent-weeks":6.882352941176469,"messages":[],"ranks":{},"score":0.7186999050332383,"debutScore":0.038,"peakScore":0.34,"duration":3,"role":"member","scoreFactor":0.25,"rank":1},{"title":"Love The One You're With","instanceSlug":"YEZw","tags":[],"debut":1971,"playlists":[],"scores":[0.055,0.4,0.59,0.72,0.75,0.77,0.7491560285630798,0.6866241142523194,0.5824042570677186,0.43649645700927725,0.2489007140769957,0.019617028270874026],"ascent":[0.055,0.4,0.59,0.72,0.75,0.77],"descent-weeks":6.077922077922076,"messages":[],"ranks":{},"score":0.6008198599240265,"debutScore":0.055,"peakScore":0.77,"duration":3,"role":"backup","scoreFactor":0.1,"rank":2},{"title":"Part of the Plan","instanceSlug":2754,"tags":[],"parents":[],"genre":"adult-contemporary","debut":1975,"playlists":[],"ranks":{},"scores":[0.06592007962463009,0.20345639091641685,0.30206241279169266,0.3420220895447736,0.33796688217284926,0.32580126005707616,0.3055252231974544,0.2771387715939839,0.24064190524666476,0.1960346241554969,0.14331692832048032,0.08248881774161505,0.013550292418901062],"ascent":[0.06592007962463009,0.20345639091641685,0.30206241279169266,0.3420220895447736],"descent-weeks":9.183760388277284,"messages":[],"score":0.2835925677782036,"debutScore":0.06592007962463009,"peakScore":0.3420220895447736,"duration":3,"genres":["adult-contemporary"],"role":"backup","scoreFactor":0.1,"rank":3}],"score":1.6031123327354684,"songCount":3,"songAdjustedAverage":0.9255573368460316,"rank":1189,"ranks":{"origin:us":{"rank":125,"total":154}}}