{"title":"Gwen Stefani","instanceSlug":"gwen-stefani","tags":[{"title":"Major Artists of the 1990s","instanceSlug":"1990s","coverage":{"artist":true},"tags":[],"parents":[]},{"title":"Major Artists of the 2000s","instanceSlug":"2000s","coverage":{"artist":true},"tags":[],"parents":[]}],"parents":[],"genres":[],"members":[],"complete":false,"active":true,"origin":{"title":"United States","instanceSlug":"us","tags":[],"parents":[]},"birth":"","death":"","type":{"title":"Solo Female","artists":[],"artistCount":0,"score":0,"artistAdjustedAverage":0,"slug":"f"},"songs":[{"title":"Rich Girl","instanceSlug":2978,"tags":[],"parents":[],"genre":"pop","debut":21,"playlists":[],"ranks":{},"scores":[0.1,0.21,0.312951,0.35561236147633757,0.357477963561,0.3446276515977258,0.3289181,0.31523776166182677,0.31,0.3038,0.2914,0.2728,0.248,0.217,0.17980000000000002,0.13640000000000002,0.08680000000000003,0.03100000000000004,0],"ascent":[0.1,0.21,0.312951,0.35561236147633757,0.357477963561],"descent-weeks":14.364220283901819,"ascent-weeks":5.606113360366711,"peak":0.357477963561,"messages":[],"unscored":false,"score":4.759302801857891,"duration":5,"genres":["pop"],"role":true,"scoreFactor":1,"totalScore":4.759302801857891,"rank":1},{"title":"Spiderwebs","instanceSlug":592,"tags":[],"genres":["rock"],"debut":"1996-09","playlists":[],"scores":[0.06200821741159169,0.20830894528861146,0.3129502216570068,0.35561236147633757,0.3574779635603355,0.3446276515977258,0.32891805429767385,0.31523776166182677,0.30042162719800025,0.2833026661554992,0.2643212410031802,0.24289242606706696,0.21959493334585015,0.19466120793610409,0.1685894531254616,0.14210166436832847,0.11600004299049087,0.09098520352380506,0.06767556150528035,0.04664449376949029,0.029256418423981474,0.01618867931401627,0.0031209402040510634,0],"ascent":[0.06200821741159169,0.20830894528861146,0.3129502216570068,0.35561236147633757,0.3574779635603355],"descent-weeks":14.820569447990732,"ascent-weeks":5.439598415309378,"peak":0.3574779635603355,"messages":[],"ranks":{},"unscored":false,"score":3.621281774581538,"duration":5,"role":"lead","scoreFactor":0.75,"totalScore":4.828375699442051,"rank":2}],"score":8.380584576439428,"songCount":2,"songAdjustedAverage":5.92596818430771,"rank":659,"ranks":{"origin:us":{"rank":66,"total":154},"tag:1990s":{"rank":64,"total":78},"tag:2000s":{"rank":23,"total":34}}}