{"title":"Gwen Stefani","instanceSlug":"gwen-stefani","tags":[{"title":"Major Artists of the 1990s","instanceSlug":"1990s","coverage":{"artist":true},"tags":[],"parents":[]},{"title":"Major Artists of the 2000s","instanceSlug":"2000s","coverage":{"artist":true},"tags":[],"parents":[]}],"parents":[],"genres":[],"members":[],"complete":false,"active":true,"origin":{"title":"United States","instanceSlug":"us","tags":[],"parents":[]},"birth":"","death":"","type":{"title":"Solo Female","artists":[],"artistCount":0,"score":0,"artistAdjustedAverage":0,"slug":"f"},"songs":[{"title":"Rich Girl","instanceSlug":2978,"tags":[],"parents":[],"genre":"pop","debut":21,"playlists":[],"ranks":{},"scores":[0.1,0.21,0.312951,0.35561236147633757,0.357477963561,0.3557454160143011,0.3505477733742044,0.34188503564070993,0.32975720281381765,0.31416427489352755,0.2951062518798397,0.272583133772754,0.2465949205722706,0.21714161227838932,0.18422320889111027,0.14783971041043345,0.10799111683635884,0.06467742816888644,0.017898644408016227],"ascent":[0.1,0.21,0.312951,0.35561236147633757,0.357477963561],"descent-weeks":14.364220283901819,"messages":[],"score":4.582197054991957,"debutScore":0.1,"peakScore":0.357477963561,"duration":5,"genres":["pop"],"role":true,"scoreFactor":1,"rank":1},{"title":"Spiderwebs","instanceSlug":592,"tags":[],"genres":["rock"],"debut":"1996-09","playlists":[],"scores":[0.06200821741159169,0.20830894528861146,0.3129502216570068,0.35561236147633757,0.3574779635603355,0.3558504691948907,0.3509679860985563,0.34283051427133227,0.33143805371321866,0.31679060442421547,0.29888816640432264,0.27773073965354017,0.25331832417186817,0.22565091995930653,0.19472852701585525,0.1605511453415144,0.12311877493628393,0.08243141580016386,0.03848906793315418],"ascent":[0.06200821741159169,0.20830894528861146,0.3129502216570068,0.35561236147633757,0.3574779635603355],"descent-weeks":14.820569447990732,"messages":[],"ranks":{},"score":3.4868568137340796,"debutScore":0.06200821741159169,"peakScore":0.3574779635603355,"duration":5,"role":"lead","scoreFactor":0.75,"rank":2}],"score":8.069053868726037,"songCount":2,"songAdjustedAverage":5.705682708335726,"rank":638,"ranks":{"origin:us":{"rank":66,"total":154},"tag:1990s":{"rank":64,"total":78},"tag:2000s":{"rank":23,"total":34}}}