{"title":"Hi-5","instanceSlug":"hi-5","tags":[],"parents":[],"genres":[],"members":[],"complete":false,"origin":"","birth":"","death":"","type":{"title":"All-Male Group","artists":[],"artistCount":0,"score":0,"artistAdjustedAverage":0,"slug":"mmm"},"songs":[{"title":"I Can't Wait Another Minute","instanceSlug":950,"tags":["another","can't","i","i-can't","minute","wait"],"parents":[],"genre":"soul","debut":"1991-08","playlists":[],"ranks":{},"scores":[0.108,0.402,0.617,0.676,0.694,0.684242886361392,0.654971545445568,0.6061859772525281,0.5378861817822721,0.45007215903480013,0.34274390901011226,0.21590143170820836,0.0695447271290885],"ascent":[0.108,0.402,0.617,0.676,0.694],"descent-weeks":8.433717579250722,"messages":[],"score":6.058548817723969,"debutScore":0.108,"peakScore":0.694,"duration":3,"genres":["soul"],"role":true,"scoreFactor":1,"rank":1},{"title":"I Like the Way (the Kissing Game)","instanceSlug":"1207","tags":[],"parents":[],"genre":"pop","debut":1991,"playlists":[],"ranks":{},"scores":[0.1,0.3275,0.524,0.5565,0.5595,0.5534449420934009,0.5352797683736037,0.5050044788406083,0.46261907349441467,0.40812355233502295,0.34151791536243303,0.262802162576645,0.17197629397765876,0.06904030956547431],"ascent":[0.1,0.3275,0.524,0.5565,0.5595],"descent-weeks":9.612600536193028,"messages":[],"score":5.377308496619262,"debutScore":0.1,"peakScore":0.5595,"duration":4,"genres":["pop"],"role":true,"scoreFactor":1,"rank":2},{"title":"Never Should Have Let You Go","instanceSlug":1595,"tags":[],"genre":"soul","debut":"1993-12","playlists":[],"scores":[0.0925,0.3275,0.524,0.5565,0.5595,0.5421719013133698,0.49018760525347904,0.4035471118203278,0.2822504210139161,0.12629753283424391],"ascent":[0.0925,0.3275,0.524,0.5565,0.5595],"descent-weeks":5.682305630026811,"messages":[],"ranks":{},"score":3.9044545722353368,"debutScore":0.0925,"peakScore":0.5595,"duration":3,"genres":["soul"],"role":true,"scoreFactor":1,"rank":3},{"title":"She's Playing Hard to Get","instanceSlug":897,"tags":["hard-to-get","she's"],"parents":[],"genre":"soul","debut":"1992-08","playlists":[],"ranks":{},"scores":[0.077,0.253,0.431,0.437,0.42284962024249734,0.3803984809699892,0.30964658218247565,0.21059392387995668,0.08324050606243232],"ascent":[0.077,0.253,0.431,0.437],"descent-weeks":5.55720823798627,"messages":[],"score":2.6047291133373514,"debutScore":0.077,"peakScore":0.437,"duration":2,"genres":["soul"],"role":true,"scoreFactor":1,"rank":4}],"score":17.94504099991592,"songCount":4,"songAdjustedAverage":8.97252049995796,"rank":325}