{"title":"Hi-5","instanceSlug":"hi-5","tags":[],"parents":[],"genres":[],"members":[],"complete":false,"origin":"","birth":"","death":"","type":{"title":"All-Male Group","artists":[],"artistCount":0,"score":0,"artistAdjustedAverage":0,"slug":"mmm"},"songs":[{"title":"I Can't Wait Another Minute","instanceSlug":950,"tags":["another","can't","i","i-can't","minute","wait"],"parents":[],"genre":"soul","debut":"1991-08","playlists":[],"ranks":{},"scores":[0.108,0.402,0.617,0.676,0.694,0.668,0.64,0.588,0.5359999999999999,0.43199999999999983,0.2759999999999997,0.0679999999999995,0],"ascent":[0.108,0.402,0.617,0.676,0.694],"descent-weeks":2.9981865994236316,"ascent-weeks":5.3969740634005765,"peak":0.694,"messages":[],"unscored":false,"score":3.884161,"duration":2,"genres":["soul"],"role":true,"scoreFactor":1,"totalScore":3.884161,"rank":1},{"title":"I Like the Way (the Kissing Game)","instanceSlug":"1207","tags":[],"parents":[],"genre":"pop","debut":1991,"playlists":[],"ranks":{},"scores":[0.1,0.3275,0.524,0.5565,0.5595,0.51,0.493,0.476,0.44199999999999995,0.3909999999999999,0.32299999999999984,0.23799999999999977,0.13599999999999968,0.01699999999999957,0],"ascent":[0.1,0.3275,0.524,0.5565,0.5595],"descent-weeks":3.0188906017277324,"ascent-weeks":5.542895442359249,"peak":0.5595,"messages":[],"unscored":false,"score":3.1935461944444445,"duration":2,"genres":["pop"],"role":true,"scoreFactor":1,"totalScore":3.1935461944444445,"rank":2},{"title":"Never Should Have Let You Go","instanceSlug":1595,"tags":[],"genre":"soul","debut":"1993-12","playlists":[],"scores":[0.0925,0.3275,0.524,0.5565,0.5595,0.51,0.4605,0.36150000000000004,0.21300000000000008,0.015000000000000124,0],"ascent":[0.0925,0.3275,0.524,0.5565,0.5595],"descent-weeks":1.3193997989276143,"ascent-weeks":5.522788203753351,"peak":0.5595,"messages":[],"ranks":{},"unscored":false,"score":2.552136125,"duration":2,"genres":["soul"],"role":true,"scoreFactor":1,"totalScore":2.552136125,"rank":3},{"title":"She's Playing Hard to Get","instanceSlug":897,"tags":["hard-to-get","she's"],"parents":[],"genre":"soul","debut":"1992-08","playlists":[],"ranks":{},"scores":[0.077,0.253,0.431,0.437,0.425,0.351,0.27699999999999997,0.12899999999999995,0],"ascent":[0.077,0.253,0.431,0.437],"descent-weeks":0.8697030892448511,"ascent-weeks":4.112128146453089,"peak":0.437,"messages":[],"unscored":false,"score":1.4513734999999999,"duration":2,"genres":["soul"],"role":true,"scoreFactor":1,"totalScore":1.4513734999999999,"rank":4}],"songCount":4,"songAdjustedAverage":5.540608409722223,"collaborators":[],"rank":316}