{"title":"Hooters","instanceSlug":"hooters","tags":[],"parents":[],"genres":[],"members":[],"complete":false,"origin":"","birth":"","death":"","type":{"title":"All-Male Group","artists":[],"artistCount":0,"score":0,"artistAdjustedAverage":0,"slug":"mmm"},"songs":[{"title":"And We Danced","instanceSlug":2885,"tags":[],"parents":[],"genre":"pop","debut":"1985-10","playlists":[],"ranks":{},"scores":[0.1,0.21,0.312951,0.35561236147633757,0.357477963561,0.3446276515977258,0.3289181,0.31523776166182677,0.31,0.3038,0.2914,0.2728,0.248,0.217,0.17980000000000002,0.13640000000000002,0.08680000000000003,0.03100000000000004,0],"ascent":[0.1,0.21,0.312951,0.35561236147633757,0.357477963561],"descent-weeks":14.364220283901819,"ascent-weeks":5.606113360366711,"peak":0.357477963561,"messages":[],"unscored":false,"score":4.759302801857891,"duration":5,"genres":["pop"],"role":true,"scoreFactor":1,"totalScore":4.759302801857891,"rank":1},{"title":"Day by Day","instanceSlug":2886,"tags":[],"parents":[],"genre":"rock","debut":"1986-02","playlists":[],"ranks":{},"scores":[0.1,0.21,0.312951,0.35561236147633757,0.357477963561,0.3445,0.33152203643899997,0.30556610931699996,0.26663221863399994,0.21472036438999992,0.1498305465849999,0.07196276521899986,0],"ascent":[0.1,0.21,0.312951,0.35561236147633757,0.357477963561],"descent-weeks":8.56924990760941,"ascent-weeks":5.606113360366711,"peak":0.357477963561,"messages":[],"unscored":false,"score":3.378253329182337,"duration":4,"genres":["rock"],"role":true,"scoreFactor":1,"totalScore":3.378253329182337,"rank":2}],"score":8.137556131040228,"songCount":2,"songAdjustedAverage":5.75412112254471,"rank":684}