{"title":"Hooters","instanceSlug":"hooters","tags":[],"parents":[],"genres":[],"members":[],"complete":false,"origin":"","birth":"","death":"","type":{"title":"All-Male Group","artists":[],"artistCount":0,"score":0,"artistAdjustedAverage":0,"slug":"mmm"},"songs":[{"title":"And We Danced","instanceSlug":2885,"tags":[],"parents":[],"genre":"pop","debut":"1985-10","playlists":[],"ranks":{},"scores":[0.1,0.21,0.312951,0.35561236147633757,0.357477963561,0.3557454160143011,0.3505477733742044,0.34188503564070993,0.32975720281381765,0.31416427489352755,0.2951062518798397,0.272583133772754,0.2465949205722706,0.21714161227838932,0.18422320889111027,0.14783971041043345,0.10799111683635884,0.06467742816888644,0.017898644408016227],"ascent":[0.1,0.21,0.312951,0.35561236147633757,0.357477963561],"descent-weeks":14.364220283901819,"messages":[],"score":4.582197054991957,"debutScore":0.1,"peakScore":0.357477963561,"duration":5,"genres":["pop"],"role":true,"scoreFactor":1,"rank":1},{"title":"Day by Day","instanceSlug":2886,"tags":[],"parents":[],"genre":"rock","debut":"1986-02","playlists":[],"ranks":{},"scores":[0.1,0.21,0.312951,0.35561236147633757,0.357477963561,0.35260981684751724,0.33800537670706904,0.3136646431396553,0.2795876161452761,0.23577429572393147,0.1822246818756213,0.11893877460034569,0.045916573898104586],"ascent":[0.1,0.21,0.312951,0.35561236147633757,0.357477963561],"descent-weeks":8.56924990760941,"messages":[],"score":3.202763103974858,"debutScore":0.1,"peakScore":0.357477963561,"duration":3,"genres":["rock"],"role":true,"scoreFactor":1,"rank":2}],"score":7.784960158966815,"songCount":2,"songAdjustedAverage":5.504798119672538,"rank":664}