{"title":"Hot Chocolate","instanceSlug":"hot-chocolate","tags":[],"parents":[],"genres":[{"instanceSlug":"urban-rock","title":"Urban Rock","parents":["rock"]}],"members":[],"complete":true,"origin":{"title":"London","instanceSlug":"london","tags":[],"parents":["england"]},"birth":"","death":"","type":{"title":"All-Male Group","artists":[],"artistCount":0,"score":0,"artistAdjustedAverage":0,"slug":"mmm"},"songs":[{"title":"You Sexy Thing","instanceSlug":2482,"tags":[],"parents":[],"genre":"urban-rock","debut":1975,"playlists":[],"ranks":{},"scores":[0.086,0.381,0.513,0.5103032677756929,0.5022130711027718,0.48872940998123643,0.46985228441108706,0.44558169439232354,0.4159176399249459,0.3808601210089541,0.3404091376443482,0.2945646898311283,0.24332677756929413,0.18669540085884592,0.12467055969978351,0.05725225409210702],"ascent":[0.086,0.381,0.513],"descent-weeks":13.792397660818711,"messages":[],"score":5.440376308292519,"debutScore":0.086,"peakScore":0.513,"duration":4,"genres":["urban-rock"],"role":true,"scoreFactor":1,"rank":1},{"title":"Emma","instanceSlug":2481,"tags":[],"parents":[],"genre":"pop","debut":1975,"playlists":[],"ranks":{},"scores":[0.086,0.381,0.513,0.5093320920996576,0.4983283683986303,0.4799888288969182,0.4543134735945212,0.4213023024914394,0.38095531558767265,0.33327251288322124,0.2782538943780848,0.21589946007226363,0.14620920996575754,0.06918314405856654],"ascent":[0.086,0.381,0.513],"descent-weeks":11.826315789473682,"messages":[],"score":4.767038602426733,"debutScore":0.086,"peakScore":0.513,"duration":4,"genres":["pop"],"role":true,"scoreFactor":1,"rank":2},{"title":"Everyone's a Winner","instanceSlug":478,"tags":["everyone","win"],"parents":[],"genre":"urban-rock","debut":"1978-12","playlists":[],"ranks":{},"scores":[0.086,0.381,0.513,0.49574909415003343,0.4439963766001337,0.3577418473503008,0.23698550640053467,0.08172735375083551],"ascent":[0.086,0.381,0.513],"descent-weeks":5.453216374269005,"messages":[],"score":2.5962001782518382,"debutScore":0.086,"peakScore":0.513,"duration":2,"genres":["urban-rock"],"role":true,"scoreFactor":1,"rank":3}],"score":12.803615088971089,"songCount":3,"songAdjustedAverage":7.392170618217813,"rank":446,"ranks":{"genre:urban-rock":{"rank":1,"total":1},"origin:london":{"rank":11,"total":18}}}