{"title":"Hot Chocolate","instanceSlug":"hot-chocolate","tags":[],"parents":[],"genres":[{"instanceSlug":"urban-rock","title":"Urban Rock","parents":["rock"]}],"members":[],"complete":true,"origin":{"title":"London","instanceSlug":"london","tags":[],"parents":["england"]},"birth":"","death":"","type":{"title":"All-Male Group","artists":[],"artistCount":0,"score":0,"artistAdjustedAverage":0,"slug":"mmm"},"songs":[{"title":"You Sexy Thing","instanceSlug":2482,"tags":[],"parents":[],"genre":"urban-rock","debut":1975,"playlists":[],"ranks":{},"scores":[0.086,0.381,0.513,0.463,0.458,0.448,0.433,0.413,0.388,0.358,0.323,0.283,0.238,0.188,0.133,0.07800000000000001,0],"ascent":[0.086,0.381,0.513],"descent-weeks":4.36529385964912,"ascent-weeks":2.8654970760233915,"peak":0.513,"messages":[],"unscored":false,"score":2.4729304999999986,"duration":2,"genres":["urban-rock"],"role":true,"scoreFactor":1,"totalScore":2.4729304999999986,"rank":1},{"title":"Emma","instanceSlug":2481,"tags":[],"parents":[],"genre":"pop","debut":1975,"playlists":[],"ranks":{},"scores":[0.086,0.381,0.513,0.463,0.458,0.44884,0.43052,0.40304,0.3664,0.3206,0.26564,0.20151999999999998,0.12823999999999997,0.045799999999999966,0],"ascent":[0.086,0.381,0.513],"descent-weeks":3.3012503508771913,"ascent-weeks":2.8654970760233915,"peak":0.513,"messages":[],"unscored":false,"score":2.109027619999999,"duration":2,"genres":["pop"],"role":true,"scoreFactor":1,"totalScore":2.109027619999999,"rank":2},{"title":"Everyone's a Winner","instanceSlug":478,"tags":["everyone","win"],"parents":[],"genre":"urban-rock","debut":"1978-12","playlists":[],"ranks":{},"scores":[0.086,0.381,0.513,0.463,0.41300000000000003,0.31300000000000006,0.1630000000000001,0],"ascent":[0.086,0.381,0.513],"descent-weeks":0.8619111435997397,"ascent-weeks":2.8654970760233915,"peak":0.513,"messages":[],"unscored":false,"score":1.2747736111111108,"duration":1,"genres":["urban-rock"],"role":true,"scoreFactor":1,"totalScore":1.2747736111111108,"rank":3}],"songCount":3,"songAdjustedAverage":3.3813856415284214,"collaborators":[],"rank":611,"ranks":{"genre:urban-rock":{"rank":1,"total":1},"origin:london":{"rank":8,"total":18}}}