{"title":"Hozier","instanceSlug":"hozier","tags":[],"parents":[],"genres":[],"members":[],"complete":false,"active":true,"origin":{"title":"Ireland","instanceSlug":"ireland","tags":[],"parents":["europe"]},"birth":"","death":"","type":{"title":"Solo Male","artists":[],"artistCount":0,"score":0,"artistAdjustedAverage":0,"slug":"m"},"songs":[{"title":"Someone New","instanceSlug":3069,"tags":[],"genre":"pop","debut":"2015-07","playlists":["summer"],"scores":[0.1,0.25,0.35,0.4,0.41,0.42,0.41435412728418397,0.39741650913673604,0.369187145557656,0.32966603654694404,0.2788531821046001,0.21674858223062415,0.14335223692501617,0.05866414618777625],"ascent":[0.1,0.25,0.35,0.4,0.41,0.42],"descent-weeks":8.625000000000007,"messages":[],"ranks":{},"score":4.1382419659735366,"debutScore":0.1,"peakScore":0.42,"duration":4,"genres":["pop"],"role":true,"scoreFactor":1,"rank":1},{"title":"Take Me to Church","instanceSlug":"7Jpz","tags":[],"debut":2015,"playlists":[],"scores":[0.06592007962463009,0.20345639091641685,0.30206241279169266,0.3420220895447736,0.33796688217284926,0.32580126005707616,0.3055252231974544,0.2771387715939839,0.24064190524666476,0.1960346241554969,0.14331692832048032,0.08248881774161505,0.013550292418901062],"ascent":[0.06592007962463009,0.20345639091641685,0.30206241279169266,0.3420220895447736],"descent-weeks":9.183760388277284,"messages":[],"ranks":{},"score":2.8359256777820354,"debutScore":0.06592007962463009,"peakScore":0.3420220895447736,"duration":3,"role":true,"scoreFactor":1,"rank":2}],"score":6.974167643755572,"songCount":2,"songAdjustedAverage":4.931481234031371,"rank":710,"ranks":{"origin:ireland":{"rank":2,"total":3}}}