{"title":"Ides of March","instanceSlug":"ides-of-march","tags":[],"parents":[],"genres":[],"members":[],"complete":false,"origin":"","birth":"","death":"","type":{"title":"All-Male Group","artists":[],"artistCount":0,"score":0,"artistAdjustedAverage":0,"slug":"mmm"},"songs":[{"title":"Vehicle","instanceSlug":2497,"tags":[],"parents":[],"genre":"urban-rock","debut":1970,"playlists":[],"ranks":{},"scores":[0.312951,0.35561236147633757,0.357477963561,0.35432850441156005,0.34488012696324016,0.3291328312160404,0.3070866171699607,0.27874148482500116,0.24409743418116173,0.20315446523844233,0.15591257799684302,0.10237177245636385,0.04253204861700477],"ascent":[0.312951,0.35561236147633757,0.357477963561],"descent-weeks":10.653851715200744,"messages":[],"score":3.388279188112956,"debutScore":0.312951,"peakScore":0.357477963561,"duration":3,"genres":["urban-rock"],"role":true,"scoreFactor":1,"rank":1}],"score":3.388279188112956,"songCount":1,"songAdjustedAverage":3.388279188112956,"rank":1008}