{"title":"Imagine Dragons","instanceSlug":"imagine-dragons","tags":[{"title":"Major Artists of the 2010s","instanceSlug":"2010s","coverage":{"artist":true},"tags":[],"parents":[]}],"genres":[],"complete":false,"active":true,"origin":"","birth":"","death":"","type":{"title":"All-Male Group","artists":[],"artistCount":0,"score":0,"artistAdjustedAverage":0,"slug":"mmm"},"songs":[{"title":"Radioactive","instanceSlug":2894,"tags":[],"parents":[],"genre":"rock","debut":2014,"playlists":[],"ranks":{},"scores":[0.06493517521485907,0.20301020464749156,0.3018005417334737,0.3417822727277001,0.34049378148769893,0.32036673911239577,0.28963567847687105,0.2533831990831219,0.21318416564794027,0.17113569966537778,0.13318152129973762,0.10257039188766756,0.07891734133222605,0.06001314087329579,0.04491139597641368,0.03280764065926471,0.023152393925800742,0.015692574550316155,0.010074380853091296,0.004456187155866438,0],"ascent":[0.06493517521485907,0.20301020464749156,0.3018005417334737,0.3417822727277001],"descent-weeks":1.987908359473083,"ascent-weeks":4.000477498651945,"peak":0.3417822727277001,"messages":[],"unscored":false,"score":1.3644827523735938,"duration":2,"genres":["rock"],"role":true,"scoreFactor":1,"totalScore":1.3644827523735938,"rank":1},{"title":"I Bet My Life","instanceSlug":3019,"tags":[],"genre":"pop","debut":2015,"playlists":[],"scores":[0.1535,0.24625,0.34875,0.34275,0.335895,0.322185,0.30162,0.2742,0.239925,0.198795,0.15081,0.09597,0.034275,0],"ascent":[0.1535,0.24625,0.34875],"descent-weeks":2.1450093830645156,"ascent-weeks":3.2193548387096773,"peak":0.34875,"messages":[],"ranks":{},"unscored":false,"score":1.2472146815624998,"duration":2,"genres":["pop"],"role":true,"scoreFactor":1,"totalScore":1.2472146815624998,"rank":2},{"title":"Demons","instanceSlug":3015,"tags":["#1","#1-rdwt40-hot-adult"],"parents":[],"genre":"pop","debut":"2010s","playlists":[],"ranks":{},"scores":[0.08313024641213106,0.14041339985744833,0.21120363361090083,0.2068185246643536,0.20336943441636585,0.19836943441636584,0.18836943441636583,0.17336943441636582,0.15336943441636583,0.12836943441636584,0.09836943441636584,0.06336943441636583,0.023369434416365832,0],"ascent":[0.08313024641213106,0.14041339985744833,0.21120363361090083],"descent-weeks":1.3547993162158805,"ascent-weeks":3.0876406275382493,"peak":0.21120363361090083,"messages":[],"unscored":false,"score":0.6255063054793852,"duration":2,"genres":["pop"],"role":true,"scoreFactor":1,"totalScore":0.6255063054793852,"rank":3}],"songCount":3,"songAdjustedAverage":1.86900045037319,"collaborators":[],"rank":1001,"ranks":{"tag:2010s":{"rank":7,"total":12}}}