{"title":"Imagine Dragons","instanceSlug":"imagine-dragons","tags":[{"title":"Major Artists of the 2010s","instanceSlug":"2010s","coverage":{"artist":true},"tags":[],"parents":[]}],"genres":[],"complete":false,"active":true,"origin":"","birth":"","death":"","type":{"title":"All-Male Group","artists":[],"artistCount":0,"score":0,"artistAdjustedAverage":0,"slug":"mmm"},"songs":[{"title":"Radioactive","instanceSlug":2894,"tags":[],"parents":[],"genre":"rock","debut":2014,"playlists":[],"ranks":{},"scores":[0.06493517521485907,0.20301020464749156,0.3018005417334737,0.3417822727277001,0.34049378148769893,0.32036673911239577,0.28963567847687105,0.2533831990831219,0.21318416564794027,0.17113569966537778,0.13318152129973762,0.10257039188766756,0.07891734133222605,0.06001314087329579,0.04491139597641368,0.03280764065926471,0.023152393925800742,0.015692574550316155,0.010074380853091296,0.004,0],"messages":[],"score":3.005048239154744,"debutScore":0.06493517521485907,"peakScore":0.3417822727277001,"duration":5,"genres":["rock"],"role":true,"scoreFactor":1,"rank":1},{"title":"I Bet My Life","instanceSlug":3019,"tags":[],"genre":"pop","debut":2015,"playlists":[],"scores":[0.1535,0.24625,0.34875,0.34275,0.326,0.291,0.24,0.171,0.086,0],"messages":[],"ranks":{},"score":2.20525,"debutScore":0.1535,"peakScore":0.34875,"duration":3,"genres":["pop"],"role":true,"scoreFactor":1,"rank":2},{"title":"Demons","instanceSlug":3015,"tags":["#1","#1-rdwt40-hot-adult"],"parents":[],"genre":"pop","debut":"2010s","playlists":[],"ranks":{},"scores":[0.08313024641213106,0.14041339985744833,0.21120363361090083,0.2068185246643536,0.20336943441636585,0.193,0.173,0.142,0.102,0.051,0],"messages":[],"score":1.5059352389611997,"debutScore":0.08313024641213106,"peakScore":0.21120363361090083,"duration":3,"genres":["pop"],"role":true,"scoreFactor":1,"rank":3}],"score":6.716233478115944,"songCount":3,"songAdjustedAverage":3.877619206530617,"rank":819,"ranks":{"tag:2010s":{"rank":9,"total":12}}}