{"title":"Imagine Dragons","instanceSlug":"imagine-dragons","tags":[{"title":"Major Artists of the 2010s","instanceSlug":"2010s","coverage":{"artist":true},"tags":[],"parents":[]}],"genres":[],"complete":false,"active":true,"origin":"","birth":"","death":"","type":{"title":"All-Male Group","artists":[],"artistCount":0,"score":0,"artistAdjustedAverage":0,"slug":"mmm"},"songs":[{"title":"I Bet My Life","instanceSlug":3019,"tags":[],"genre":"pop","debut":2015,"playlists":[],"scores":[0.1535,0.24625,0.34875,0.34605566674276134,0.33797266697104533,0.324501000684852,0.3056406678841813,0.2813916685690333,0.25175400273940796,0.21672767039530527,0.17631267153672525,0.13050900616366784,0.07931667427613316,0.022735675874121106],"ascent":[0.1535,0.24625,0.34875],"descent-weeks":11.377096774193548,"messages":[],"ranks":{},"score":3.2214173718372328,"debutScore":0.1535,"peakScore":0.34875,"duration":4,"genres":["pop"],"role":true,"scoreFactor":1,"rank":1},{"title":"Radioactive","instanceSlug":2894,"tags":[],"parents":[],"genre":"rock","debut":2014,"playlists":[],"ranks":{},"scores":[0.06493517521485907,0.20301020464749156,0.3018005417334737,0.3417822727277001,0.33879140210680836,0.32981879024413313,0.3148644371396743,0.29392834279343205,0.26701050720540626,0.234110930375597,0.1952296123040042,0.1503665529906279,0.09952175243546807,0.042695210638524723],"ascent":[0.06493517521485907,0.20301020464749156,0.3018005417334737,0.3417822727277001],"descent-weeks":10.68995687784853,"messages":[],"score":3.1778657325572,"debutScore":0.06493517521485907,"peakScore":0.3417822727277001,"duration":4,"genres":["rock"],"role":true,"scoreFactor":1,"rank":2},{"title":"Demons","instanceSlug":3015,"tags":["#1","#1-rdwt40-hot-adult"],"parents":[],"genre":"pop","debut":"2010s","playlists":[],"ranks":{},"scores":[0.08313024641213106,0.14041339985744833,0.21120363361090083,0.20966255668127468,0.20503932589239618,0.19733394124426537,0.18654640273688228,0.17267671037024682,0.15572486414435907,0.13569086405921896,0.11257471011482656,0.0863764023111818,0.05709594064828477,0.024733325126135405],"ascent":[0.08313024641213106,0.14041339985744833,0.21120363361090083],"descent-weeks":11.706809015364433,"messages":[],"score":1.978202323209552,"debutScore":0.08313024641213106,"peakScore":0.21120363361090083,"duration":4,"genres":["pop"],"role":true,"scoreFactor":1,"rank":3}],"score":8.377485427603986,"songCount":3,"songAdjustedAverage":4.836743466759328,"rank":716,"ranks":{"tag:2010s":{"rank":9,"total":12}}}