{"title":"Information Society","instanceSlug":"information-society","tags":[],"parents":[],"genres":[{"instanceSlug":"electro-pop","title":"Electro-Pop, Techno-Pop, Synth-Pop","parents":["pop"]}],"members":[],"complete":true,"origin":{"title":"Minneapolis","instanceSlug":"minneapolis","tags":[],"parents":["us"]},"birth":"","death":"","type":{"title":"All-Male Group","artists":[],"artistCount":0,"score":0,"artistAdjustedAverage":0,"slug":"mmm"},"songs":[{"title":"Walking Away","instanceSlug":1570,"tags":[],"parents":[],"genre":"electro-pop","debut":"1989-01","playlists":[],"ascent":[0.171,0.537,0.912],"descent-weeks":12,"messages":[],"ranks":{},"score":8.447333333333333,"debutScore":0.171,"peakScore":0.912,"scores":[0.171,0.537,0.912,0.9056666666666667,0.8866666666666667,0.855,0.8106666666666666,0.7536666666666666,0.684,0.6016666666666666,0.5066666666666667,0.399,0.2786666666666666,0.14566666666666675],"duration":4,"genres":["electro-pop"],"role":true,"scoreFactor":1,"rank":1},{"title":"Think","instanceSlug":"1306","tags":[],"genre":"electro-pop","debut":"1990-11","playlists":[],"ascent":[0.11,0.3845,0.62,0.6625],"descent-weeks":7.128289473684207,"messages":[],"ranks":{},"score":4.589162135327303,"debutScore":0.11,"peakScore":0.6625,"scores":[0.11,0.3845,0.62,0.6625,0.649461872395195,0.6103474895807801,0.5451568515567552,0.45388995832312035,0.3365468098798754,0.19312740622702074,0.023631747364555873],"duration":3,"genres":["electro-pop"],"role":true,"scoreFactor":1,"rank":2},{"title":"What's On Your Mind","instanceSlug":1305,"tags":[],"genre":"pop","debut":"1988-09","playlists":[],"ascent":[0.232,0.328,0.463],"descent-weeks":7,"messages":[],"ranks":{},"score":2.9411428571428573,"debutScore":0.232,"peakScore":0.463,"scores":[0.232,0.328,0.463,0.45355102040816325,0.4252040816326531,0.3779591836734694,0.3118163265306123,0.22677551020408163,0.1228367346938776],"duration":3,"genres":["pop"],"role":true,"scoreFactor":1,"rank":3}],"score":15.977638325803493,"songCount":3,"songAdjustedAverage":9.22469378841713,"rank":306,"ranks":{"genre:electro-pop":{"rank":7,"total":11},"origin:minneapolis":{"rank":6,"total":6}}}