{"title":"Inoj","instanceSlug":"inoj","tags":[],"parents":[],"genres":[{"instanceSlug":"urban","title":"Urban / R&B","parents":[]}],"members":[],"complete":true,"origin":{"title":"Madison, WI","instanceSlug":"madison-wi","tags":[],"parents":["wisconsin"]},"birth":1976,"death":"","type":{"title":"Solo Female","artists":[],"artistCount":0,"score":0,"artistAdjustedAverage":0,"slug":"f"},"songs":[{"title":"Love You Down","instanceSlug":"2509","tags":[],"parents":[],"genre":"urban","debut":"1998-02","playlists":[],"remake":true,"scores":[0.1,0.21,0.312951,0.35561236147633757,0.357477963561,0.3446276515977258,0.3289181,0.31523776166182677,0.31,0.3038,0.2914,0.2728,0.248,0.217,0.17980000000000002,0.13640000000000002,0.08680000000000003,0.03100000000000004,0],"ascent":[0.1,0.21,0.312951,0.35561236147633757,0.357477963561],"descent-weeks":14.364220283901819,"ascent-weeks":5.606113360366711,"peak":0.357477963561,"messages":[],"ranks":{},"unscored":false,"score":4.759302801857891,"duration":5,"genres":["urban"],"role":true,"scoreFactor":1,"totalScore":4.759302801857891,"rank":1},{"title":"Time After Time","instanceSlug":2510,"tags":[],"parents":[],"genre":"urban","debut":"1998-09","playlists":[],"ranks":{},"scores":[0.1,0.21,0.312951,0.35561236147633757,0.357477963561,0.3446276515977258,0.3289181,0.31523776166182677,0.31,0.3038,0.2914,0.2728,0.248,0.217,0.17980000000000002,0.13640000000000002,0.08680000000000003,0.03100000000000004,0],"ascent":[0.1,0.21,0.312951,0.35561236147633757,0.357477963561],"descent-weeks":14.364220283901819,"ascent-weeks":5.606113360366711,"peak":0.357477963561,"messages":[],"unscored":false,"score":4.759302801857891,"duration":5,"genres":["urban"],"role":true,"scoreFactor":1,"totalScore":4.759302801857891,"rank":2}],"score":9.518605603715782,"songCount":2,"songAdjustedAverage":6.7306705698277005,"rank":553,"ranks":{"genre:urban":{"rank":63,"total":96},"origin:madison-wi":{"rank":1,"total":1}}}