{"title":"Jade","instanceSlug":"jade","tags":[],"parents":[],"genres":[{"instanceSlug":"urban","title":"Urban / R&B","parents":[]}],"members":[],"complete":true,"origin":{"title":"United States","instanceSlug":"us","tags":[],"parents":[]},"birth":"","death":"","type":{"title":"All-Female Group","artists":[],"artistCount":0,"score":0,"artistAdjustedAverage":0,"slug":"fff"},"songs":[{"title":"I Wanna Love You","instanceSlug":250,"tags":[],"playlists":["summer"],"genre":"soul","debut":"1992-08","scores":[0.668,0.959,0.925,0.89,0.87,0.85,0.8099999999999999,0.7499999999999999,0.6699999999999998,0.5699999999999997,0.4499999999999996,0.3099999999999995,0.14999999999999936,0],"ascent":[0.668,0.959],"descent-weeks":7.008474452554739,"ascent-weeks":2.544838373305527,"peak":0.959,"messages":[],"ranks":{},"unscored":false,"score":6.107751333333329,"duration":3,"genres":["soul"],"role":true,"scoreFactor":1,"totalScore":6.107751333333329,"rank":1},{"title":"Don't Walk Away","instanceSlug":2360,"tags":[],"parents":[],"genre":"soul","playlists":[],"ranks":{},"scores":[0.036,0.171,0.267,0.341,0.402,0.351,0.29999999999999993,0.19799999999999984,0.04499999999999971,0],"ascent":[0.036,0.171,0.267,0.341,0.402],"descent-weeks":0.6751343283582085,"ascent-weeks":4.541044776119403,"peak":0.402,"messages":[],"unscored":false,"score":1.3979359999999998,"duration":2,"genres":["soul"],"role":true,"scoreFactor":1,"totalScore":1.3979359999999998,"rank":2}],"songCount":2,"songAdjustedAverage":5.307322410865972,"collaborators":[],"rank":341,"ranks":{"genre:urban":{"rank":36,"total":96},"origin:us":{"rank":75,"total":154}}}