{"title":"Jennifer Warnes","instanceSlug":"jennifer-warnes","tags":[],"parents":[],"genres":[],"members":[],"complete":false,"origin":"","birth":"","death":"","type":{"title":"Solo Female","artists":[],"artistCount":0,"score":0,"artistAdjustedAverage":0,"slug":"f"},"songs":[{"title":"Up Where We Belong","instanceSlug":1256,"tags":[],"parents":[],"genre":"adult-contemporary","debut":"1982-10","playlists":[],"ranks":{},"scores":[0.092,0.26,0.491,0.598,0.659,0.632,0.605,0.5509999999999999,0.46999999999999986,0.36199999999999977,0.22699999999999965,0.0649999999999995,0],"ascent":[0.092,0.26,0.491,0.598,0.659],"descent-weeks":8.128224582701058,"ascent-weeks":4.779969650986342,"peak":0.659,"messages":[],"unscored":false,"score":5.670999999999998,"duration":3,"genres":["adult-contemporary"],"role":true,"scoreFactor":1,"totalScore":5.670999999999998,"rank":1},{"title":"I've Had the Time of My Life","instanceSlug":854,"tags":["i've","life","my","my-life","this-of-that","time"],"parents":[],"genre":"pop","debut":"1987-10","playlists":[],"ranks":{},"scores":[0.092,0.26,0.491,0.598,0.659,0.632,0.587,0.5419999999999999,0.45199999999999985,0.3169999999999997,0.13699999999999957,0],"ascent":[0.092,0.26,0.491,0.598,0.659],"descent-weeks":7.570561456752653,"ascent-weeks":4.779969650986342,"peak":0.659,"messages":[],"unscored":false,"score":5.425999999999998,"duration":3,"genres":["pop"],"role":true,"scoreFactor":1,"totalScore":5.425999999999998,"rank":2}],"score":11.096999999999996,"songCount":2,"songAdjustedAverage":7.846763950827114,"rank":451}