{"title":"Jennifer Page","instanceSlug":"jennifer-page","tags":[],"parents":[],"genres":[],"members":[],"complete":false,"origin":"","birth":"","death":"","type":{"title":"Solo Female","artists":[],"artistCount":0,"score":0,"artistAdjustedAverage":0,"slug":"f"},"songs":[{"title":"Crush","instanceSlug":844,"tags":[],"genre":"pop","debut":1997,"playlists":[],"scores":[0.592,1,0.9934763815427237,0.9739055261708948,0.9412874338845132,0.8956221046835791,0.8369095385680922,0.7651497355380528,0.6803426955934608,0.5824884187343162,0.47158690496061884,0.347638154272369,0.21064216666956648,0.06059894215221129],"ascent":[0.592,1],"descent-weeks":12.381,"messages":[],"ranks":{},"score":9.351648002770398,"debutScore":0.592,"peakScore":1,"duration":4,"genres":["pop"],"role":true,"scoreFactor":1,"rank":1}],"score":9.351648002770398,"songCount":1,"songAdjustedAverage":9.351648002770398,"rank":300}