{"title":"Jerry Reed","instanceSlug":"jerry-reed","tags":[],"parents":[],"genres":[],"members":[],"complete":false,"origin":"","birth":"","death":"","type":{"title":"Solo Male","artists":[],"artistCount":0,"score":0,"artistAdjustedAverage":0,"slug":"m"},"songs":[{"title":"Amos Moses","instanceSlug":2684,"tags":[],"parents":[],"genre":"country","debut":1971,"playlists":[],"ranks":{},"scores":[0.097,0.267,0.402,0.498,0.633,0.612,0.563,0.558,0.5468400000000001,0.5245200000000001,0.4910400000000001,0.4464000000000001,0.39060000000000006,0.32364000000000004,0.24552000000000002,0.15624,0.055799999999999975,0],"ascent":[0.097,0.267,0.402,0.498,0.633],"descent-weeks":13.143601895734594,"ascent-weeks":4.495260663507109,"peak":0.633,"messages":[],"unscored":false,"score":7.443599999999997,"duration":5,"genres":["country"],"role":true,"scoreFactor":1,"totalScore":7.443599999999997,"rank":1},{"title":"When You're Hot, You're Hot","instanceSlug":2685,"tags":[],"parents":[],"genre":"country","debut":1971,"playlists":[],"ranks":{},"scores":[0.097,0.267,0.402,0.498,0.633,0.612,0.591,0.5489999999999999,0.4859999999999999,0.4019999999999998,0.2969999999999997,0.1709999999999996,0.023999999999999466,0],"ascent":[0.097,0.267,0.402,0.498,0.633],"descent-weeks":8.921800947867295,"ascent-weeks":4.495260663507109,"peak":0.633,"messages":[],"unscored":false,"score":5.661999999999998,"duration":4,"genres":["country"],"role":true,"scoreFactor":1,"totalScore":5.661999999999998,"rank":2},{"title":"Guitar Man","instanceSlug":2584,"tags":["#1","#1-country"],"genre":"rock","debut":"1981-03","playlists":[],"peak":0.88,"ascent-weeks":4.6,"descent-weeks":9.5,"messages":[],"ranks":{},"unscored":false,"score":0.8272,"duration":4,"genres":["rock"],"role":"backup","scoreFactor":0.1,"totalScore":8.272,"rank":3}],"score":13.932799999999995,"songCount":3,"songAdjustedAverage":8.044105830565215,"rank":438}