{"title":"Jerry Reed","instanceSlug":"jerry-reed","tags":[],"parents":[],"genres":[],"members":[],"complete":false,"origin":"","birth":"","death":"","type":{"title":"Solo Male","artists":[],"artistCount":0,"score":0,"artistAdjustedAverage":0,"slug":"m"},"songs":[{"title":"Amos Moses","instanceSlug":2684,"tags":[],"parents":[],"genre":"country","debut":1971,"playlists":[],"ranks":{},"scores":[0.097,0.267,0.402,0.498,0.633,0.612,0.563,0.558,0.5468400000000001,0.5245200000000001,0.4910400000000001,0.4464000000000001,0.39060000000000006,0.32364000000000004,0.24552000000000002,0.15624,0.055799999999999975,0],"ascent":[0.097,0.267,0.402,0.498,0.633],"descent-weeks":5.435317503949444,"ascent-weeks":4.495260663507109,"peak":0.633,"messages":[],"unscored":false,"score":4.190703986666665,"duration":3,"genres":["country"],"role":true,"scoreFactor":1,"totalScore":4.190703986666665,"rank":1},{"title":"When You're Hot, You're Hot","instanceSlug":2685,"tags":[],"parents":[],"genre":"country","debut":1971,"playlists":[],"ranks":{},"scores":[0.097,0.267,0.402,0.498,0.633,0.612,0.591,0.5489999999999999,0.4859999999999999,0.4019999999999998,0.2969999999999997,0.1709999999999996,0.023999999999999466,0],"ascent":[0.097,0.267,0.402,0.498,0.633],"descent-weeks":2.8064020537124783,"ascent-weeks":4.495260663507109,"peak":0.633,"messages":[],"unscored":false,"score":3.0813016666666657,"duration":2,"genres":["country"],"role":true,"scoreFactor":1,"totalScore":3.0813016666666657,"rank":2},{"title":"Guitar Man","instanceSlug":2584,"tags":["#1","#1-country"],"genre":"rock","debut":"1981-03","playlists":[],"peak":0.88,"ascent-weeks":4.6,"descent-weeks":4.365777777777778,"messages":[],"ranks":{},"unscored":false,"score":0.5259922962962963,"duration":3,"genres":["rock"],"role":"backup","scoreFactor":0.1,"totalScore":5.259922962962963,"rank":3}],"songCount":3,"songAdjustedAverage":4.502176215358816,"collaborators":[{"slug":"elvis-presley","title":"Elvis Presley","songCount":1,"score":0.5259922962962963}],"rank":435}