{"title":"Jerry Reed","instanceSlug":"jerry-reed","tags":[],"parents":[],"genres":[],"members":[],"complete":false,"origin":"","birth":"","death":"","type":{"title":"Solo Male","artists":[],"artistCount":0,"score":0,"artistAdjustedAverage":0,"slug":"m"},"songs":[{"title":"Amos Moses","instanceSlug":2684,"tags":[],"parents":[],"genre":"country","debut":1971,"playlists":[],"ranks":{},"scores":[0.097,0.267,0.402,0.498,0.633,0.6293358358835803,0.6183433435343214,0.600022522952223,0.5743733741372855,0.5413958970895085,0.5010900918088923,0.45345595829543667,0.39849349654914185,0.3362027065700076,0.26658358835803414,0.1896361419132212,0.10536036723556912,0.013756264325077629],"ascent":[0.097,0.267,0.402,0.498,0.633],"descent-weeks":13.143601895734594,"messages":[],"score":7.125049588652298,"debutScore":0.097,"peakScore":0.633,"duration":4,"genres":["country"],"role":true,"scoreFactor":1,"rank":1},{"title":"When You're Hot, You're Hot","instanceSlug":2685,"tags":[],"parents":[],"genre":"country","debut":1971,"playlists":[],"ranks":{},"scores":[0.097,0.267,0.402,0.498,0.633,0.6250475920488034,0.6011903681952138,0.5614283284392311,0.5057614727808553,0.4341898012200863,0.3467133137569242,0.2433320103913692,0.12404589112342095],"ascent":[0.097,0.267,0.402,0.498,0.633],"descent-weeks":8.921800947867295,"messages":[],"score":5.338708777955905,"debutScore":0.097,"peakScore":0.633,"duration":3,"genres":["country"],"role":true,"scoreFactor":1,"rank":2},{"title":"Guitar Man","instanceSlug":2584,"tags":["#1","#1-country"],"genre":"rock","debut":"1981-03","playlists":[],"ascent":[0.37,0.6,0.837,0.88],"descent-weeks":9.5,"messages":[],"ranks":{},"score":0.7828052631578948,"debutScore":0.37,"peakScore":0.88,"scores":[0.37,0.6,0.837,0.88,0.8702493074792244,0.8409972299168975,0.7922437673130195,0.72398891966759,0.6362326869806094,0.5289750692520776,0.40221606648199454,0.25595567867036023,0.09019390581717464],"duration":3,"genres":["rock"],"role":"backup","scoreFactor":0.1,"rank":3}],"score":13.246563629766099,"songCount":3,"songAdjustedAverage":7.647907077482964,"rank":432}