{"title":"Jigsaw","instanceSlug":"jigsaw","tags":[],"parents":[],"genres":[{"instanceSlug":"pop","title":"Pop","parents":[]}],"members":[],"complete":true,"origin":{"title":"England","instanceSlug":"england","tags":[],"parents":["uk"]},"birth":"","death":"","type":{"title":"All-Male Group","artists":[],"artistCount":0,"score":0,"artistAdjustedAverage":0,"slug":"mmm"},"songs":[{"title":"Sky High","instanceSlug":2381,"tags":[],"parents":[],"genre":"pop","debut":1975,"playlists":[],"ranks":{},"scores":[0.06200821741159169,0.20830894528861146,0.3129502216570068,0.35561236147633757,0.3574779635603355,0.3558504691948907,0.3509679860985563,0.34283051427133227,0.33143805371321866,0.31679060442421547,0.29888816640432264,0.27773073965354017,0.25331832417186817,0.22565091995930653,0.19472852701585525,0.1605511453415144,0.12311877493628393,0.08243141580016386,0.03848906793315418],"ascent":[0.06200821741159169,0.20830894528861146,0.3129502216570068,0.35561236147633757,0.3574779635603355],"descent-weeks":14.820569447990732,"messages":[],"score":4.649142418312106,"debutScore":0.06200821741159169,"peakScore":0.3574779635603355,"duration":5,"genres":["pop"],"role":true,"scoreFactor":1,"rank":1},{"title":"Love Fire","instanceSlug":2382,"tags":[],"parents":[],"genre":"pop","debut":1976,"playlists":[],"ranks":{},"scores":[0.1,0.21,0.312951,0.35561236147633757,0.357477963561,0.35450419960456364,0.3455829077352547,0.3307140879530731,0.3098977402580189,0.28313386465009205,0.2504224611292925,0.2117635296956204,0.16715707034907565,0.11660308308965826,0.0601015679173682],"ascent":[0.1,0.21,0.312951,0.35561236147633757,0.357477963561],"descent-weeks":10.964059683405116,"messages":[],"score":3.7659218374193544,"debutScore":0.1,"peakScore":0.357477963561,"duration":4,"genres":["pop"],"role":true,"scoreFactor":1,"rank":2}],"score":8.41506425573146,"songCount":2,"songAdjustedAverage":5.950348999348242,"rank":613,"ranks":{"genre:pop":{"rank":96,"total":129},"origin:england":{"rank":27,"total":39}}}