{"title":"Jimmy Buffett","instanceSlug":"jimmy-buffett","tags":[],"parents":[],"genres":[],"members":[],"complete":false,"origin":{"title":"United States","instanceSlug":"us","tags":[],"parents":[]},"birth":"","death":"","type":{"title":"Solo Male","artists":[],"artistCount":0,"score":0,"artistAdjustedAverage":0,"slug":"m"},"songs":[{"title":"It's Five O'Clock Somewhere","instanceSlug":2343,"tags":["#1","#1-country"],"genre":"country","debut":2003,"playlists":[],"scores":[0.15,0.35,0.6,0.67,0.68,0.6747696451333755,0.6590785805335018,0.6329268062003789,0.5963143221340068,0.5492411283343858,0.4917072248015154,0.4237126115353959,0.3452572885360273,0.25634125580340955,0.15696451333754258,0.04712706113842655],"ascent":[0.15,0.35,0.6,0.67,0.68],"descent-weeks":11.402205882352941,"messages":[],"ranks":{},"score":7.283440437487966,"debutScore":0.15,"peakScore":0.68,"duration":4,"genres":["country"],"role":true,"scoreFactor":1,"rank":1}],"score":7.283440437487966,"songCount":1,"songAdjustedAverage":7.283440437487966,"rank":454,"ranks":{"origin:us":{"rank":73,"total":154}}}