{"title":"Jodeci","instanceSlug":"jodeci","tags":[],"parents":[],"genres":[{"instanceSlug":"urban","title":"Urban / R&B","parents":[]}],"members":[],"complete":true,"origin":{"title":"Charlotte","instanceSlug":"charlotte","tags":[],"parents":["north-carolina"]},"birth":"","death":"","type":{"title":"All-Male Group","artists":[],"artistCount":0,"score":0,"artistAdjustedAverage":0,"slug":"mmm"},"songs":[{"title":"Forever My Lady","instanceSlug":1560,"tags":[],"genre":"soul","debut":"1991-12","playlists":[],"scores":[0.26,0.66,0.69,0.72,0.74,0.73,0.67,0.6100000000000001,0.4900000000000002,0.3100000000000004,0.07000000000000062,0],"ascent":[0.26,0.66,0.69,0.72,0.74],"descent-weeks":2.727229729729731,"ascent-weeks":6.222972972972974,"peak":0.74,"messages":[],"ranks":{},"unscored":false,"score":4.4154333333333335,"duration":3,"genres":["soul"],"role":true,"scoreFactor":1,"totalScore":4.4154333333333335,"rank":1},{"title":"Come and Talk to Me","instanceSlug":2385,"tags":["#1","#1-r&b"],"genre":"soul","debut":"1992-06","playlists":["summer"],"scores":[0.15,0.4925,0.5267,0.5625,0.58731,0.5838227674996527,0.5733610699986106,0.5559249074968738,0.5315142799944425,0.5,0.46848572000555755,0.40545716001667265,0.3109143200333453,0.1848572000555755,0.027285800083363232,0],"ascent":[0.15,0.4925,0.5267,0.5625,0.58731],"descent-weeks":4.729083006530368,"ascent-weeks":5.922792051897635,"peak":0.58731,"messages":[],"ranks":{},"unscored":false,"score":4.170635160376901,"duration":3,"genres":["soul"],"role":true,"scoreFactor":1,"totalScore":4.170635160376901,"rank":2},{"title":"Stay","instanceSlug":"YmLX","tags":["#1","#1-r&b"],"parents":[],"debut":1992,"playlists":[],"scores":[0.3,0.29943732410595497,0.29774929642382,0.29493591695359495,0.2909971856952799,0.28593310264887484,0.27974366781437976,0.2724288811917947,0.2639887427811196,0.25442325258235454,0.2437324105954994,0.23191621682055427,0.21897467125751915,0.20490777390639403,0.18971552476717887,0.1733979238398737,0.15595497112447854,0.13738666662099333,0.11769301032941809,0.0968740022497529,0.07492964238199766,0.05185993072615242,0.027664867282217186,0.0023444520501919473,0],"ascent":[0.3],"descent-weeks":6.709523637649106,"ascent-weeks":1.5,"peak":0.3,"messages":[],"ranks":{},"unscored":false,"score":1.641904727529821,"duration":2,"role":true,"scoreFactor":1,"totalScore":1.641904727529821,"rank":3}],"songCount":3,"songAdjustedAverage":5.905123092547231,"collaborators":[],"rank":281,"ranks":{"genre:urban":{"rank":42,"total":96},"origin:charlotte":{"rank":2,"total":2}}}