{"title":"Jodeci","instanceSlug":"jodeci","tags":[],"parents":[],"genres":[{"instanceSlug":"urban","title":"Urban / R&B","parents":[]}],"members":[],"complete":true,"origin":{"title":"Charlotte","instanceSlug":"charlotte","tags":[],"parents":["north-carolina"]},"birth":"","death":"","type":{"title":"All-Male Group","artists":[],"artistCount":0,"score":0,"artistAdjustedAverage":0,"slug":"mmm"},"songs":[{"title":"Come and Talk to Me","instanceSlug":2385,"tags":["#1","#1-r&b"],"genre":"soul","debut":"1992-06","playlists":["summer"],"scores":[0.15,0.4925,0.5267,0.5625,0.58731,0.583283818904787,0.5712052756191478,0.5510743701430826,0.5228911024765913,0.4866554726196739,0.44236748057233033,0.3900271263345607,0.3296344099063651,0.26118933128774324,0.18469189047869544,0.10014208747922151,0.007539922289321361],"ascent":[0.15,0.4925,0.5267,0.5625,0.58731],"descent-weeks":12.07777806912217,"messages":[],"ranks":{},"score":6.749712288111519,"debutScore":0.15,"peakScore":0.58731,"duration":4,"genres":["soul"],"role":true,"scoreFactor":1,"rank":1},{"title":"Forever My Lady","instanceSlug":1560,"tags":[],"genre":"soul","debut":"1991-12","playlists":[],"scores":[0.26,0.66,0.69,0.72,0.74,0.7262565584417787,0.6850262337671148,0.6163090259760081,0.5201049350684589,0.3964139610444671,0.24523610390403258,0.06657136364715543],"ascent":[0.26,0.66,0.69,0.72,0.74],"descent-weeks":7.33783783783784,"messages":[],"ranks":{},"score":6.325918181849016,"debutScore":0.26,"peakScore":0.74,"duration":3,"genres":["soul"],"role":true,"scoreFactor":1,"rank":2},{"title":"Stay","instanceSlug":"YmLX","tags":["#1","#1-r&b"],"parents":[],"debut":1992,"playlists":[],"scores":[0.3,0.2994719283320528,0.297887713328211,0.29524735498847476,0.291550853312844,0.2867982083013188,0.2809894199538991,0.2741244882705849,0.26620341325137614,0.2572261948962729,0.24719283320527524,0.23610332817838303,0.22395767981559633,0.21075588811691515,0.19649795308233947,0.18118387471186925,0.16481365300550457,0.1473872879632454,0.12890477958509175,0.10936612787104356,0.08877133282110093,0.06712039443526376,0.044413312713532126,0.02065008765590599],"ascent":[0.3],"descent-weeks":23.834947170746972,"messages":[],"ranks":{},"score":4.9166181077961015,"debutScore":0.3,"peakScore":0.3,"duration":6,"role":true,"scoreFactor":1,"rank":3}],"score":17.992248577756637,"songCount":3,"songAdjustedAverage":10.387829559694456,"rank":248,"ranks":{"genre:urban":{"rank":44,"total":95},"origin:charlotte":{"rank":1,"total":2}}}