{"title":"Joe Jackson","instanceSlug":"joe-jackson","tags":[],"parents":[],"genres":[],"members":[],"complete":false,"origin":"","birth":"","death":"","type":{"title":"Solo Male","artists":[],"artistCount":0,"score":0,"artistAdjustedAverage":0,"slug":"m"},"songs":[{"title":"Breaking Us in Two","instanceSlug":1960,"tags":[],"genre":"pop","debut":"1983-02","playlists":[],"scores":[0.63,0.945,0.952,0.9423230865187471,0.9132923460749887,0.8649077786687245,0.7971693842999545,0.7100771629686791,0.6036311146748979,0.47783123941861116,0.3326775371998185,0.16817000801852036],"ascent":[0.63,0.945,0.952],"descent-weeks":9.918592436974807,"messages":[],"ranks":{},"score":8.337079657842942,"debutScore":0.63,"peakScore":0.952,"duration":3,"genres":["pop"],"role":true,"scoreFactor":1,"rank":1},{"title":"Stepping Out","instanceSlug":654,"tags":[],"genre":"pop","debut":"1982-10","playlists":[],"ranks":{},"scores":[0.267,0.912,0.968,0.9573311618305383,0.9253246473221531,0.8719804564748447,0.7972985892886126,0.7012790457634573,0.5839218258993787,0.4452269296963766,0.28519435715445096,0.10382410827360197],"ascent":[0.267,0.912,0.968],"descent-weeks":9.52530991735537,"messages":[],"score":7.818381121703413,"debutScore":0.267,"peakScore":0.968,"duration":3,"genres":["pop"],"role":true,"scoreFactor":1,"rank":2}],"score":16.155460779546356,"songCount":2,"songAdjustedAverage":11.423635870410536,"rank":194}