{"title":"Joe Cocker","instanceSlug":"joe-cocker","tags":[],"parents":[],"genres":[],"members":[],"complete":false,"origin":"","birth":"","death":"","type":{"title":"Solo Male","artists":[],"artistCount":0,"score":0,"artistAdjustedAverage":0,"slug":"m"},"songs":[{"title":"Up Where We Belong","instanceSlug":1256,"tags":[],"parents":[],"genre":"adult-contemporary","debut":"1982-10","playlists":[],"ranks":{},"scores":[0.092,0.26,0.491,0.598,0.659,0.6490254336105448,0.619101734442179,0.5692289024949024,0.49940693776871553,0.40963584026361816,0.29991560997961,0.17024624691669135,0.020627751074862165],"ascent":[0.092,0.26,0.491,0.598,0.659],"descent-weeks":8.128224582701058,"messages":[],"score":5.337188456551123,"debutScore":0.092,"peakScore":0.659,"duration":3,"genres":["adult-contemporary"],"role":true,"scoreFactor":1,"rank":1},{"title":"When the Night Comes","instanceSlug":1936,"tags":[],"genre":"pop","debut":"1989-12","playlists":[],"scores":[0.092,0.26,0.491,0.598,0.659,0.6490254336105448,0.619101734442179,0.5692289024949024,0.49940693776871553,0.40963584026361816,0.29991560997961,0.17024624691669135,0.020627751074862165],"ascent":[0.092,0.26,0.491,0.598,0.659],"descent-weeks":8.128224582701058,"messages":[],"ranks":{},"score":5.337188456551123,"debutScore":0.092,"peakScore":0.659,"duration":3,"genres":["pop"],"role":true,"scoreFactor":1,"rank":2},{"title":"Feeling Alright","instanceSlug":2024,"tags":[],"parents":[],"genre":"blues","debut":1972,"playlists":[],"ranks":{},"scores":[0.092,0.26,0.491,0.598,0.659,0.6490254336105448,0.619101734442179,0.5692289024949024,0.49940693776871553,0.40963584026361816,0.29991560997961,0.17024624691669135,0.020627751074862165],"ascent":[0.092,0.26,0.491,0.598,0.659],"descent-weeks":8.128224582701058,"messages":[],"score":5.337188456551123,"debutScore":0.092,"peakScore":0.659,"duration":3,"genres":["blues"],"role":true,"scoreFactor":1,"rank":3},{"title":"You Are So Beautiful","instanceSlug":2025,"tags":[],"parents":[],"genre":"pop","debut":1975,"playlists":[],"ranks":{},"scores":[0.092,0.26,0.491,0.598,0.659,0.6490254336105448,0.619101734442179,0.5692289024949024,0.49940693776871553,0.40963584026361816,0.29991560997961,0.17024624691669135,0.020627751074862165],"ascent":[0.092,0.26,0.491,0.598,0.659],"descent-weeks":8.128224582701058,"messages":[],"score":5.337188456551123,"debutScore":0.092,"peakScore":0.659,"duration":3,"genres":["pop"],"role":true,"scoreFactor":1,"rank":4}],"score":21.348753826204494,"songCount":4,"songAdjustedAverage":10.674376913102247,"rank":225}