{"title":"Joe Cocker","instanceSlug":"joe-cocker","tags":[],"parents":[],"genres":[],"members":[],"complete":false,"origin":"","birth":"","death":"","type":{"title":"Solo Male","artists":[],"artistCount":0,"score":0,"artistAdjustedAverage":0,"slug":"m"},"songs":[{"title":"Up Where We Belong","instanceSlug":1256,"tags":[],"parents":[],"genre":"adult-contemporary","debut":"1982-10","playlists":[],"ranks":{},"scores":[0.092,0.26,0.491,0.598,0.659,0.632,0.605,0.5509999999999999,0.46999999999999986,0.36199999999999977,0.22699999999999965,0.0649999999999995,0],"ascent":[0.092,0.26,0.491,0.598,0.659],"descent-weeks":8.128224582701058,"ascent-weeks":4.779969650986342,"peak":0.659,"messages":[],"unscored":false,"score":5.670999999999998,"duration":3,"genres":["adult-contemporary"],"role":true,"scoreFactor":1,"totalScore":5.670999999999998,"rank":1},{"title":"When the Night Comes","instanceSlug":1936,"tags":[],"genre":"pop","debut":"1989-12","playlists":[],"scores":[0.092,0.26,0.491,0.598,0.659,0.632,0.605,0.5509999999999999,0.46999999999999986,0.36199999999999977,0.22699999999999965,0.0649999999999995,0],"ascent":[0.092,0.26,0.491,0.598,0.659],"descent-weeks":8.128224582701058,"ascent-weeks":4.779969650986342,"peak":0.659,"messages":[],"ranks":{},"unscored":false,"score":5.670999999999998,"duration":3,"genres":["pop"],"role":true,"scoreFactor":1,"totalScore":5.670999999999998,"rank":2},{"title":"Feeling Alright","instanceSlug":2024,"tags":[],"parents":[],"genre":"blues","debut":1972,"playlists":[],"ranks":{},"scores":[0.092,0.26,0.491,0.598,0.659,0.632,0.605,0.5509999999999999,0.46999999999999986,0.36199999999999977,0.22699999999999965,0.0649999999999995,0],"ascent":[0.092,0.26,0.491,0.598,0.659],"descent-weeks":8.128224582701058,"ascent-weeks":4.779969650986342,"peak":0.659,"messages":[],"unscored":false,"score":5.670999999999998,"duration":3,"genres":["blues"],"role":true,"scoreFactor":1,"totalScore":5.670999999999998,"rank":3},{"title":"You Are So Beautiful","instanceSlug":2025,"tags":[],"parents":[],"genre":"pop","debut":1975,"playlists":[],"ranks":{},"scores":[0.092,0.26,0.491,0.598,0.659,0.632,0.605,0.5509999999999999,0.46999999999999986,0.36199999999999977,0.22699999999999965,0.0649999999999995,0],"ascent":[0.092,0.26,0.491,0.598,0.659],"descent-weeks":8.128224582701058,"ascent-weeks":4.779969650986342,"peak":0.659,"messages":[],"unscored":false,"score":5.670999999999998,"duration":3,"genres":["pop"],"role":true,"scoreFactor":1,"totalScore":5.670999999999998,"rank":4}],"score":22.68399999999999,"songCount":4,"songAdjustedAverage":11.341999999999995,"rank":221}