{"title":"Joe Jackson","instanceSlug":"joe-jackson","tags":[],"parents":[],"genres":[],"members":[],"complete":false,"origin":"","birth":"","death":"","type":{"title":"Solo Male","artists":[],"artistCount":0,"score":0,"artistAdjustedAverage":0,"slug":"m"},"songs":[{"title":"Stepping Out","instanceSlug":654,"tags":[],"genre":"pop","debut":"1982-10","playlists":[],"ranks":{},"scores":[0.267,0.912,0.968,0.936,0.899,0.849,0.7989999999999999,0.6989999999999998,0.5489999999999997,0.34899999999999953,0.09899999999999931,0],"ascent":[0.267,0.912,0.968],"descent-weeks":9.52530991735537,"ascent-weeks":3.326962809917356,"peak":0.968,"messages":[],"unscored":false,"score":8.293999999999999,"duration":3,"genres":["pop"],"role":true,"scoreFactor":1,"totalScore":8.293999999999999,"rank":1},{"title":"Breaking Us in Two","instanceSlug":1960,"tags":[],"genre":"pop","debut":"1983-02","playlists":[],"ascent":[0.63,0.945,0.952],"descent-weeks":9.009453781512605,"ascent-weeks":3.981617647058824,"peak":0.952,"messages":[],"ranks":{},"unscored":false,"score":8.245,"duration":3,"genres":["pop"],"role":true,"scoreFactor":1,"totalScore":8.245,"rank":2}],"score":16.538999999999998,"songCount":2,"songAdjustedAverage":11.694839054044307,"rank":207}