{"title":"Joe Walsh","instanceSlug":"joe-walsh","tags":[],"parents":[],"genres":[],"members":[],"complete":false,"origin":{"title":"United States","instanceSlug":"us","tags":[],"parents":[]},"birth":"","death":"","type":{"title":"Solo Male","artists":[],"artistCount":0,"score":0,"artistAdjustedAverage":0,"slug":"m"},"songs":[{"title":"Ordinary Average Guy","instanceSlug":1156,"tags":[],"parents":[],"genre":"rock","debut":1991,"playlists":[],"ranks":{},"scores":[0.124,0.42000000000000004,0.56,0.61,0.63,0.625,0.58,0.575,0.565,0.55,0.53,0.505,0.475,0.43999999999999995,0.4,0.355,0.305,0.255,0.225,0.1925,0.1575,0.12,0.08,0.0375,0],"score":9.316500000000001,"debutScore":0.124,"peakScore":0.63,"duration":7,"genres":["rock"],"role":true,"scoreFactor":1,"rank":1},{"title":"Part of the Plan","instanceSlug":2754,"tags":[],"parents":[],"genre":"adult-contemporary","debut":1975,"playlists":[],"ranks":{},"scores":[0.124,0.42000000000000004,0.56,0.61,0.63,0.625,0.58,0.575,0.565,0.55,0.53,0.505,0.475,0.43999999999999995,0.4,0.355,0.305,0.255,0.225,0.1925,0.1575,0.12,0.08,0.0375,0],"score":0.9316500000000002,"debutScore":0.124,"peakScore":0.63,"duration":7,"genres":["adult-contemporary"],"role":"backup","scoreFactor":0.1,"rank":2}],"score":10.24815,"songCount":2,"songAdjustedAverage":7.2465363596169174,"rank":581,"ranks":{"origin:us":{"rank":49,"total":138}}}