{"title":"Joe Walsh","instanceSlug":"joe-walsh","tags":[],"parents":[],"genres":[],"members":[],"complete":false,"origin":{"title":"United States","instanceSlug":"us","tags":[],"parents":[]},"birth":"","death":"","type":{"title":"Solo Male","artists":[],"artistCount":0,"score":0,"artistAdjustedAverage":0,"slug":"m"},"songs":[{"title":"Ordinary Average Guy","instanceSlug":1156,"tags":[],"parents":[],"genre":"rock","debut":1991,"playlists":[],"ranks":{},"scores":[0.127,0.319,0.521,0.722,0.694,0.645,0.5960000000000001,0.4980000000000002,0.3510000000000004,0.1550000000000007,0],"ascent":[0.127,0.319,0.521,0.722],"descent-weeks":2.260659048938136,"ascent-weeks":3.509002770083103,"peak":0.722,"messages":[],"unscored":false,"score":2.7771305555555563,"duration":2,"genres":["rock"],"role":true,"scoreFactor":1,"totalScore":2.7771305555555563,"rank":1},{"title":"Get Over It","instanceSlug":1278,"tags":[],"genre":"rock","debut":"1994-11","playlists":[],"scores":[0.236,0.467,0.651,0.75,0.763,0.752,0.73696,0.70688,0.6617599999999999,0.6015999999999999,0.5263999999999999,0.4361599999999999,0.3308799999999999,0.21055999999999991,0.0751999999999999,0],"ascent":[0.236,0.467,0.651,0.75,0.763],"descent-weeks":5.492448204456091,"ascent-weeks":5.636304062909566,"peak":0.763,"messages":[],"ranks":{},"unscored":false,"score":1.4152063299999993,"duration":3,"genres":["rock"],"role":"member","scoreFactor":0.25,"totalScore":5.660825319999997,"rank":2},{"title":"Best of My Love","instanceSlug":1279,"tags":["#1","#1-adult-contemporary","#1-hot-100","my-love"],"parents":[],"genre":"rock","debut":1975,"playlists":["ballad","love"],"ranks":{},"scores":[0.21267,0.6503,0.80032,0.7976,0.7913,0.7773,0.761754,0.730662,0.6840240000000001,0.6218400000000001,0.5441100000000001,0.45083400000000007,0.34201200000000004,0.217644,0.07773,0],"ascent":[0.21267,0.6503,0.80032],"descent-weeks":7.325467166737468,"ascent-weeks":3.1174217812874847,"peak":0.80032,"messages":[],"unscored":false,"score":1.3929421471472216,"duration":3,"genres":["rock"],"role":"member","scoreFactor":0.25,"totalScore":5.571768588588887,"rank":3},{"title":"Heartache Tonight","instanceSlug":1686,"tags":[],"parents":[],"genre":"rock","debut":"1979-10","playlists":[],"scores":[0.255,0.371,0.506,0.656,0.686,0.674,0.66052,0.63356,0.59312,0.5392,0.4718,0.39092,0.29656,0.18871999999999997,0.06739999999999995,0],"ascent":[0.255,0.371,0.506,0.656,0.686],"descent-weeks":4.85033727405248,"ascent-weeks":5.409620991253644,"peak":0.686,"messages":[],"ranks":{},"unscored":false,"score":1.1730552283333338,"duration":3,"genres":["rock"],"role":"member","scoreFactor":0.25,"totalScore":4.692220913333335,"rank":4},{"title":"The Long Run","instanceSlug":2467,"tags":[],"parents":[],"genre":"rock","debut":"1979-12","playlists":[],"ranks":{},"scores":[0.2,0.3285,0.4245,0.524,0.601,0.5915,0.57967,0.55601,0.52052,0.47319999999999995,0.41405,0.34307,0.26026,0.16562,0.05914999999999998,0],"ascent":[0.2,0.3285,0.4245,0.524,0.601],"descent-weeks":4.203362216098167,"ascent-weeks":5.186356073211314,"peak":0.601,"messages":[],"unscored":false,"score":0.9405367819791662,"duration":3,"genres":["rock"],"role":"member","scoreFactor":0.25,"totalScore":3.762147127916665,"rank":5},{"title":"Lyin' Eyes","instanceSlug":191,"tags":["#2","#2-hot-100","lie"],"parents":[],"genre":"rock","debut":1975,"ranks":{},"scores":[0.0455,0.21900000000000003,0.3285,0.39049999999999996,0.4245,0.424,0.401,0.3915,0.3735,0.3345,0.32199999999999995,0.3045,0.28200000000000003,0.2545,0.222,0.1845,0.14200000000000002,0.0945,0.042,0.0135,0],"ascent":[0.0455,0.21900000000000003,0.3285,0.39049999999999996,0.4245],"descent-weeks":4.644031065959952,"ascent-weeks":4.975265017667845,"peak":0.4245,"messages":[],"unscored":false,"score":0.6805651979166667,"duration":3,"genres":["rock"],"playlists":[],"role":"member","scoreFactor":0.25,"totalScore":2.722260791666667,"rank":6},{"title":"Take It Easy","instanceSlug":2458,"tags":[],"parents":[],"genre":"rock","debut":1972,"playlists":[],"ranks":{},"scores":[0.0455,0.21900000000000003,0.3285,0.39049999999999996,0.4245,0.424,0.401,0.3915,0.3735,0.3345,0.32199999999999995,0.3045,0.28200000000000003,0.2545,0.222,0.1845,0.14200000000000002,0.0945,0.042,0.0135,0],"ascent":[0.0455,0.21900000000000003,0.3285,0.39049999999999996,0.4245],"descent-weeks":4.644031065959952,"ascent-weeks":4.975265017667845,"peak":0.4245,"messages":[],"unscored":false,"score":0.6805651979166667,"duration":3,"genres":["rock"],"role":"member","scoreFactor":0.25,"totalScore":2.722260791666667,"rank":7},{"title":"Witchy Woman","instanceSlug":2459,"tags":[],"parents":[],"genre":"rock","debut":1972,"playlists":[],"ranks":{},"scores":[0.0455,0.21900000000000003,0.3285,0.39049999999999996,0.4245,0.424,0.401,0.3915,0.3735,0.3345,0.32199999999999995,0.3045,0.28200000000000003,0.2545,0.222,0.1845,0.14200000000000002,0.0945,0.042,0.0135,0],"ascent":[0.0455,0.21900000000000003,0.3285,0.39049999999999996,0.4245],"descent-weeks":4.644031065959952,"ascent-weeks":4.975265017667845,"peak":0.4245,"messages":[],"unscored":false,"score":0.6805651979166667,"duration":3,"genres":["rock"],"role":"member","scoreFactor":0.25,"totalScore":2.722260791666667,"rank":8},{"title":"Peaceful Easy Feeling","instanceSlug":2460,"tags":[],"parents":[],"genre":"soft-rock","debut":1973,"playlists":[],"ranks":{},"scores":[0.0455,0.21900000000000003,0.3285,0.39049999999999996,0.4245,0.424,0.401,0.3915,0.3735,0.3345,0.32199999999999995,0.3045,0.28200000000000003,0.2545,0.222,0.1845,0.14200000000000002,0.0945,0.042,0.0135,0],"ascent":[0.0455,0.21900000000000003,0.3285,0.39049999999999996,0.4245],"descent-weeks":4.644031065959952,"ascent-weeks":4.975265017667845,"peak":0.4245,"messages":[],"unscored":false,"score":0.6805651979166667,"duration":3,"genres":["soft-rock"],"role":"member","scoreFactor":0.25,"totalScore":2.722260791666667,"rank":9},{"title":"Already Gone","instanceSlug":2461,"tags":[],"parents":[],"genre":"rock","debut":1974,"playlists":[],"ranks":{},"scores":[0.0455,0.21900000000000003,0.3285,0.39049999999999996,0.4245,0.424,0.401,0.3915,0.3735,0.3345,0.32199999999999995,0.3045,0.28200000000000003,0.2545,0.222,0.1845,0.14200000000000002,0.0945,0.042,0.0135,0],"ascent":[0.0455,0.21900000000000003,0.3285,0.39049999999999996,0.4245],"descent-weeks":4.644031065959952,"ascent-weeks":4.975265017667845,"peak":0.4245,"messages":[],"unscored":false,"score":0.6805651979166667,"duration":3,"genres":["rock"],"role":"member","scoreFactor":0.25,"totalScore":2.722260791666667,"rank":10},{"title":"Take It to the Limit","instanceSlug":2463,"tags":[],"parents":[],"genre":"soft-rock","debut":1976,"playlists":[],"ranks":{},"scores":[0.0455,0.21900000000000003,0.3285,0.39049999999999996,0.4245,0.424,0.401,0.3915,0.3735,0.3345,0.32199999999999995,0.3045,0.28200000000000003,0.2545,0.222,0.1845,0.14200000000000002,0.0945,0.042,0.0135,0],"ascent":[0.0455,0.21900000000000003,0.3285,0.39049999999999996,0.4245],"descent-weeks":4.644031065959952,"ascent-weeks":4.975265017667845,"peak":0.4245,"messages":[],"unscored":false,"score":0.6805651979166667,"duration":3,"genres":["soft-rock"],"role":"member","scoreFactor":0.25,"totalScore":2.722260791666667,"rank":11},{"title":"New Kid in Town","instanceSlug":2464,"tags":["#1","#1-hot-100"],"parents":[],"genre":"soft-rock","debut":1977,"playlists":[],"ranks":{},"scores":[0.0455,0.21900000000000003,0.3285,0.39049999999999996,0.4245,0.424,0.401,0.3915,0.3735,0.3345,0.32199999999999995,0.3045,0.28200000000000003,0.2545,0.222,0.1845,0.14200000000000002,0.0945,0.042,0.0135,0],"ascent":[0.0455,0.21900000000000003,0.3285,0.39049999999999996,0.4245],"descent-weeks":4.644031065959952,"ascent-weeks":4.975265017667845,"peak":0.4245,"messages":[],"unscored":false,"score":0.6805651979166667,"duration":3,"genres":["soft-rock"],"role":"member","scoreFactor":0.25,"totalScore":2.722260791666667,"rank":12},{"title":"Life in the Fast Lane","instanceSlug":2465,"tags":[],"parents":[],"genre":"rock","debut":1977,