{"title":"John Mayer","instanceSlug":"john-mayer","tags":[],"parents":[],"genres":[{"instanceSlug":"pop","title":"Pop","parents":[]}],"members":[],"complete":true,"origin":{"title":"Connecticut","instanceSlug":"connecticut","tags":[],"parents":["us"]},"birth":"","death":"","type":{"title":"Solo Male","artists":[],"artistCount":0,"score":0,"artistAdjustedAverage":0,"slug":"m"},"songs":[{"title":"No Such Thing","instanceSlug":2217,"tags":[],"genre":"pop","debut":"2002-07","playlists":["summer"],"scores":[0.175,0.675,0.94,0.95,0.9410224164071327,0.9140896656285312,0.8692017476641953,0.8063586625141251,0.7255604101783205,0.6268069906567817,0.5100984039495081,0.37543465005650056,0.22281572897775861,0.05224164071328214],"ascent":[0.175,0.675,0.94,0.95],"descent-weeks":10.286842105263155,"messages":[],"ranks":{},"score":8.783630316746137,"debutScore":0.175,"peakScore":0.95,"duration":4,"genres":["pop"],"role":true,"scoreFactor":1,"rank":1},{"title":"Daughters","instanceSlug":2220,"tags":[],"parents":[],"genre":"pop","debut":2005,"playlists":[],"ranks":{},"scores":[0.1075,0.55,0.553,0.5755,0.5805,0.5760624581400514,0.5627498325602057,0.5405621232604628,0.5094993302408227,0.4695614535012856,0.42074849304185125,0.3630604488625197,0.296497320963291,0.22105910934416517,0.1367458140051423,0.04355743494622214],"ascent":[0.1075,0.55,0.553,0.5755,0.5805],"descent-weeks":11.437467700258393,"messages":[],"score":6.506603818866021,"debutScore":0.1075,"peakScore":0.5805,"duration":4,"genres":["pop"],"role":true,"scoreFactor":1,"rank":2},{"title":"Bigger Than My Body","instanceSlug":2219,"tags":[],"parents":[],"genre":"pop","debut":2003,"playlists":[],"ranks":{},"scores":[0.075,0.2,0.306,0.376,0.431,0.463,0.44771822865562494,0.4018729146224997,0.32546405790062427,0.21849165848999857,0.08095571639062281],"ascent":[0.075,0.2,0.306,0.376,0.431,0.463],"descent-weeks":5.504319654427644,"messages":[],"score":3.32550257605937,"debutScore":0.075,"peakScore":0.463,"duration":3,"genres":["pop"],"role":true,"scoreFactor":1,"rank":3},{"title":"Your Body is a Wonderland","instanceSlug":2218,"tags":[],"parents":[],"genre":"pop","debut":21,"playlists":[],"scores":[0.1,0.21,0.31,0.341,0.33600084850141415,0.3210033940056567,0.2960076365127275,0.26101357602262654,0.21602121253535403,0.1610305460509097,0.09604157656929378,0.021054304090506203],"ascent":[0.1,0.21,0.31,0.341],"descent-weeks":8.259029938416422,"messages":[],"ranks":{},"score":2.6691730942884884,"debutScore":0.1,"peakScore":0.341,"duration":3,"genres":["pop"],"role":true,"scoreFactor":1,"rank":4}],"score":21.28490980596002,"songCount":4,"songAdjustedAverage":10.64245490298001,"rank":231,"ranks":{"genre:pop":{"rank":69,"total":129},"origin:connecticut":{"rank":2,"total":3}}}