{"title":"Johnny Kemp","instanceSlug":"johnny-kemp","tags":[],"parents":[],"genres":[],"members":[],"complete":false,"origin":"","birth":"","death":"2010s","type":{"title":"Solo Male","artists":[],"artistCount":0,"score":0,"artistAdjustedAverage":0,"slug":"m"},"songs":[{"title":"Birthday Suit","instanceSlug":2333,"tags":[],"genre":"urban","debut":"1989-05","playlists":[],"scores":[0.15,0.437,0.51,0.55,0.56,0.57,0.55,0.5300000000000001,0.4900000000000003,0.4300000000000006,0.350000000000001,0.25000000000000144,0.130000000000002,0],"ascent":[0.15,0.437,0.51,0.55,0.56,0.57],"descent-weeks":8.684210526315805,"ascent-weeks":7.307894736842106,"peak":0.57,"messages":[],"ranks":{},"unscored":false,"score":6.077000000000005,"duration":4,"genres":["urban"],"role":true,"scoreFactor":1,"totalScore":6.077000000000005,"rank":1},{"title":"Just Got Paid","instanceSlug":2332,"tags":[],"genre":"urban","debut":"1988-07","playlists":[],"scores":[0.045,0.271,0.437,0.463,0.48,0.447,0.41400000000000003,0.3480000000000001,0.24900000000000017,0.11700000000000027,0],"ascent":[0.045,0.271,0.437,0.463,0.48],"descent-weeks":6.421875000000003,"ascent-weeks":5.300000000000001,"peak":0.48,"messages":[],"ranks":{},"unscored":false,"score":3.751000000000001,"duration":3,"genres":["urban"],"role":true,"scoreFactor":1,"totalScore":3.751000000000001,"rank":2}],"score":9.828000000000007,"songCount":2,"songAdjustedAverage":6.949445445501393,"rank":517}