{"title":"John Michael Montgomery","instanceSlug":"john-michael-montgomery","tags":[],"parents":[],"genres":[],"members":[],"complete":false,"origin":"","birth":"","death":"","type":{"title":"Solo Male","artists":[],"artistCount":0,"score":0,"artistAdjustedAverage":0,"slug":"m"},"songs":[{"title":"I Swear","instanceSlug":1275,"tags":[],"genre":"country","debut":1994,"playlists":[],"remake":true,"scores":[0.312951,0.35561236147633757,0.357477963561,0.3446276515977258,0.3289181,0.31523776166182677,0.31,0.3038,0.2914,0.2728,0.248,0.217,0.17980000000000002,0.13640000000000002,0.08680000000000003,0.03100000000000004,0],"ascent":[0.312951,0.35561236147633757,0.357477963561],"descent-weeks":3.550598086426018,"ascent-weeks":4.3053338791144276,"peak":0.357477963561,"messages":[],"ranks":{},"unscored":false,"score":1.8722150406101081,"duration":2,"genres":["country"],"role":true,"scoreFactor":1,"totalScore":1.8722150406101081,"rank":1}],"songCount":1,"songAdjustedAverage":1.8722150406101081,"collaborators":[],"rank":1000}