{"title":"John Mayer","instanceSlug":"john-mayer","tags":[],"parents":[],"genres":[{"instanceSlug":"pop","title":"Pop","parents":[]}],"members":[],"complete":true,"origin":{"title":"Connecticut","instanceSlug":"connecticut","tags":[],"parents":["us"]},"birth":"","death":"","type":{"title":"Solo Male","artists":[],"artistCount":0,"score":0,"artistAdjustedAverage":0,"slug":"m"},"songs":[{"title":"No Such Thing","instanceSlug":2217,"tags":[],"genre":"pop","debut":"2002-07","playlists":["summer"],"scores":[0.175,0.675,0.94,0.95,0.925,0.895,0.865,0.8049999999999999,0.7149999999999999,0.5949999999999998,0.4449999999999996,0.26499999999999946,0.05499999999999927,0],"ascent":[0.175,0.675,0.94,0.95],"descent-weeks":5.289151315789472,"ascent-weeks":4.326315789473685,"peak":0.95,"messages":[],"ranks":{},"unscored":false,"score":6.089795833333333,"duration":3,"genres":["pop"],"role":true,"scoreFactor":1,"totalScore":6.089795833333333,"rank":1},{"title":"Daughters","instanceSlug":2220,"tags":[],"parents":[],"genre":"pop","debut":2005,"playlists":[],"ranks":{},"scores":[0.1075,0.55,0.553,0.5755,0.5805,0.574,0.5625199999999999,0.5395599999999999,0.5051199999999999,0.4591999999999999,0.4017999999999999,0.3329199999999999,0.2525599999999999,0.1607199999999999,0.05739999999999988,0],"ascent":[0.1075,0.55,0.553,0.5755,0.5805],"descent-weeks":4.316246144128622,"ascent-weeks":6.11498708010336,"peak":0.5805,"messages":[],"unscored":false,"score":4.036887257777777,"duration":3,"genres":["pop"],"role":true,"scoreFactor":1,"totalScore":4.036887257777777,"rank":2},{"title":"Bigger Than My Body","instanceSlug":2219,"tags":[],"parents":[],"genre":"pop","debut":2003,"playlists":[],"ranks":{},"scores":[0.075,0.2,0.306,0.376,0.431,0.463,0.419,0.37499999999999994,0.28699999999999987,0.15499999999999975,0],"ascent":[0.075,0.2,0.306,0.376,0.431,0.463],"descent-weeks":1.085574154067674,"ascent-weeks":5.996760259179266,"peak":0.463,"messages":[],"unscored":false,"score":2.1860805555555554,"duration":2,"genres":["pop"],"role":true,"scoreFactor":1,"totalScore":2.1860805555555554,"rank":3},{"title":"Your Body is a Wonderland","instanceSlug":2218,"tags":[],"parents":[],"genre":"pop","debut":21,"playlists":[],"scores":[0.1,0.21,0.31,0.341,0.339483741,0.319,0.298516259,0.257548777,0.196097554,0.11416259000000001,0.01174388500000001,0],"ascent":[0.1,0.21,0.31,0.341],"descent-weeks":1.302427367029441,"ascent-weeks":4.227272727272727,"peak":0.341,"messages":[],"ranks":{},"unscored":false,"score":1.2570851547713595,"duration":2,"genres":["pop"],"role":true,"scoreFactor":1,"totalScore":1.2570851547713595,"rank":4}],"songCount":4,"songAdjustedAverage":6.784924400719013,"collaborators":[],"rank":210,"ranks":{"genre:pop":{"rank":68,"total":130},"origin:connecticut":{"rank":1,"total":3}}}