{"title":"John Mayer","instanceSlug":"john-mayer","tags":[],"parents":[],"genres":[{"instanceSlug":"pop","title":"Pop","parents":[]}],"members":[],"complete":true,"origin":{"title":"Connecticut","instanceSlug":"connecticut","tags":[],"parents":["us"]},"birth":"","death":"","type":{"title":"Solo Male","artists":[],"artistCount":0,"score":0,"artistAdjustedAverage":0,"slug":"m"},"songs":[{"title":"No Such Thing","instanceSlug":2217,"tags":[],"genre":"pop","debut":"2002-07","playlists":["summer"],"scores":[0.175,0.675,0.94,0.95,0.925,0.895,0.89,0.88,0.865,0.845,0.82,0.79,0.755,0.715,0.67,0.62,0.565,0.505,0.44,0.37,0.295,0.215,0.13,0.04,0],"ranks":{},"score":14.97,"debutScore":0.175,"peakScore":0.95,"duration":7,"genres":["pop"],"role":true,"scoreFactor":1,"rank":1},{"title":"Your Body is a Wonderland","instanceSlug":2218,"tags":[],"parents":[],"genre":"pop","debut":2003,"playlists":[],"ranks":{},"scores":[0.1375,0.44999999999999996,0.653,0.6755,0.6805,0.674,0.6495,0.642,0.6295,0.612,0.5895,0.562,0.5295,0.492,0.4495,0.402,0.34950000000000003,0.292,0.2295,0.18,0.1425,0.1025,0.06,0.015,0],"score":10.199,"debutScore":0.1375,"peakScore":0.6805,"duration":7,"genres":["pop"],"role":true,"scoreFactor":1,"rank":2},{"title":"Daughters","instanceSlug":2220,"tags":[],"parents":[],"genre":"pop","debut":2005,"playlists":[],"ranks":{},"scores":[0.1375,0.44999999999999996,0.653,0.6755,0.6805,0.674,0.6495,0.642,0.6295,0.612,0.5895,0.562,0.5295,0.492,0.4495,0.402,0.34950000000000003,0.292,0.2295,0.18,0.1425,0.1025,0.06,0.015,0],"score":10.199,"debutScore":0.1375,"peakScore":0.6805,"duration":7,"genres":["pop"],"role":true,"scoreFactor":1,"rank":3},{"title":"Bigger Than My Body","instanceSlug":2219,"tags":[],"parents":[],"genre":"pop","debut":2003,"playlists":[],"ranks":{},"scores":[0.075,0.2,0.306,0.376,0.431,0.463,0.419,0.414,0.404,0.389,0.369,0.344,0.314,0.279,0.239,0.194,0.144,0.089,0.029,0],"score":5.478000000000001,"debutScore":0.075,"peakScore":0.463,"duration":5,"genres":["pop"],"role":true,"scoreFactor":1,"rank":4}],"score":40.846000000000004,"songCount":4,"songAdjustedAverage":20.423000000000002,"rank":108,"ranks":{"genre:pop":{"rank":49,"total":121},"origin:connecticut":{"rank":2,"total":3}}}