{"title":"John Mayer","instanceSlug":"john-mayer","tags":[],"parents":[],"genres":[{"instanceSlug":"pop","title":"Pop","parents":[]}],"members":[],"complete":true,"origin":{"title":"Connecticut","instanceSlug":"connecticut","tags":[],"parents":["us"]},"birth":"","death":"","type":{"title":"Solo Male","artists":[],"artistCount":0,"score":0,"artistAdjustedAverage":0,"slug":"m"},"songs":[{"title":"No Such Thing","instanceSlug":2217,"tags":[],"genre":"pop","debut":"2002-07","playlists":["summer"],"scores":[0.2,0.7,1,0.975,0.93,0.885,0.88,0.87,0.855,0.835,0.81,0.78,0.745,0.705,0.66,0.61,0.555,0.495,0.43,0.36,0.285,0.205,0.12,0.03,0],"ranks":{},"score":14.919999999999995,"debutScore":0.2,"peakScore":1,"duration":7,"genres":["pop"],"role":true,"scoreFactor":1,"rank":1},{"title":"Your Body is a Wonderland","instanceSlug":2218,"tags":[],"parents":[],"genre":"pop","debut":2003,"playlists":[],"ranks":{},"scores":[0.1375,0.44999999999999996,0.653,0.6755,0.6805,0.674,0.6495,0.642,0.6295,0.612,0.5895,0.562,0.5295,0.492,0.4495,0.402,0.34950000000000003,0.292,0.2295,0.18,0.1425,0.1025,0.06,0.015,0],"score":10.199,"debutScore":0.1375,"peakScore":0.6805,"duration":7,"genres":["pop"],"role":true,"scoreFactor":1,"rank":2},{"title":"Daughters","instanceSlug":2220,"tags":[],"parents":[],"genre":"pop","debut":2005,"playlists":[],"ranks":{},"scores":[0.1375,0.44999999999999996,0.653,0.6755,0.6805,0.674,0.6495,0.642,0.6295,0.612,0.5895,0.562,0.5295,0.492,0.4495,0.402,0.34950000000000003,0.292,0.2295,0.18,0.1425,0.1025,0.06,0.015,0],"score":10.199,"debutScore":0.1375,"peakScore":0.6805,"duration":7,"genres":["pop"],"role":true,"scoreFactor":1,"rank":3},{"title":"Bigger Than My Body","instanceSlug":2219,"tags":[],"parents":[],"genre":"pop","debut":2003,"playlists":[],"ranks":{},"scores":[0.075,0.2,0.306,0.376,0.431,0.463,0.419,0.414,0.404,0.389,0.369,0.344,0.314,0.279,0.239,0.194,0.144,0.089,0.029,0],"score":5.478000000000001,"debutScore":0.075,"peakScore":0.463,"duration":5,"genres":["pop"],"role":true,"scoreFactor":1,"rank":4}],"score":40.79599999999999,"songCount":4,"songAdjustedAverage":20.397999999999996,"rank":103,"ranks":{"genre:pop":{"rank":42,"total":114},"origin:connecticut":{"rank":2,"total":3}}}