{"title":"Jonathan Cain","instanceSlug":"jonathan-cain","tags":[],"parents":[],"genres":[],"members":[],"xref":[],"complete":false,"active":false,"origin":"","birth":"","death":"","songs":[{"title":"When I See You Smile","instanceSlug":1422,"tags":["when-i"],"genre":"pop","debut":"1989-10","playlists":[],"scores":[0.271,0.367,0.451,0.531,0.563,0.556,0.54488,0.52264,0.48928,0.4448,0.3892,0.32248,0.24463999999999997,0.15567999999999993,0.0555999999999999,0],"ascent":[0.271,0.367,0.451,0.531,0.563],"descent-weeks":11.425044404973358,"ascent-weeks":5.816163410301954,"peak":0.563,"messages":[],"ranks":{},"unscored":false,"score":1.6177999999999997,"duration":4,"genres":["pop"],"role":"member","scoreFactor":0.25,"totalScore":6.471199999999999,"rank":1},{"title":"Straight to Your Heart","instanceSlug":1012,"tags":[],"genre":"pop","debut":"1991-10","playlists":[],"scores":[0.134,0.161,0.2,0.2355,0.244,0.2305,0.21700000000000003,0.19000000000000006,0.1495000000000001,0.09550000000000017,0.028000000000000247,0],"ascent":[0.134,0.161,0.2,0.2355,0.244],"descent-weeks":7.097336065573774,"ascent-weeks":5.990778688524591,"peak":0.244,"messages":[],"ranks":{},"unscored":false,"score":0.5322500000000001,"duration":4,"genres":["pop"],"role":"member","scoreFactor":0.25,"totalScore":2.1290000000000004,"rank":2},{"title":"Possession","instanceSlug":"possession-1990","tags":[],"parents":[],"debut":"1990-07","playlists":[],"ranks":{},"scores":[0.134,0.161,0.2,0.2355,0.244,0.2305,0.21700000000000003,0.19000000000000006,0.1495000000000001,0.09550000000000017,0.028000000000000247,0],"ascent":[0.134,0.161,0.2,0.2355,0.244],"descent-weeks":7.097336065573774,"ascent-weeks":5.990778688524591,"peak":0.244,"messages":[],"unscored":false,"score":0.5322500000000001,"duration":4,"role":"member","scoreFactor":0.25,"totalScore":2.1290000000000004,"rank":3},{"title":"Price of Love","instanceSlug":"price-of-love","tags":[],"parents":[],"debut":"1990-02","playlists":[],"ranks":{},"scores":[0.134,0.161,0.2,0.2355,0.244,0.2305,0.21700000000000003,0.19000000000000006,0.1495000000000001,0.09550000000000017,0.028000000000000247,0],"ascent":[0.134,0.161,0.2,0.2355,0.244],"descent-weeks":7.097336065573774,"ascent-weeks":5.990778688524591,"peak":0.244,"messages":[],"unscored":false,"score":0.5322500000000001,"duration":4,"role":"member","scoreFactor":0.25,"totalScore":2.1290000000000004,"rank":4}],"score":3.21455,"songCount":4,"songAdjustedAverage":1.607275,"rank":1162}