{"title":"Jordin Sparks","instanceSlug":"jordin-sparks","tags":[{"title":"Contestant on American Idol","instanceSlug":"american-idol","tags":[],"parents":[],"coverage":{}}],"genres":[],"complete":false,"active":true,"origin":{"title":"United States","instanceSlug":"us","tags":[],"parents":[]},"birth":"","death":"","type":{"title":"Solo Female","artists":[],"artistCount":0,"score":0,"artistAdjustedAverage":0,"slug":"f"},"songs":[{"title":"Tattoo","instanceSlug":2946,"tags":[],"parents":[],"genre":"pop","debut":2007,"playlists":[],"ranks":{},"scores":[0.06200821741159169,0.20830894528861146,0.3129502216570068,0.35561236147633757,0.3574779635603355,0.3446276515977258,0.32891805429767385,0.31523776166182677,0.30042162719800025,0.2833026661554992,0.2643212410031802,0.24289242606706696,0.21959493334585015,0.19466120793610409,0.1685894531254616,0.14210166436832847,0.11600004299049087,0.09098520352380506,0.06767556150528035,0.04664449376949029,0.029256418423981474,0.01618867931401627,0.0031209402040510634,0],"ascent":[0.06200821741159169,0.20830894528861146,0.3129502216570068,0.35561236147633757,0.3574779635603355],"descent-weeks":3.97551540969843,"ascent-weeks":5.439598415309378,"peak":0.3574779635603355,"messages":[],"unscored":false,"score":2.2437971445683678,"duration":3,"genres":["pop"],"role":true,"scoreFactor":1,"totalScore":2.2437971445683678,"rank":1},{"title":"Battlefield","instanceSlug":2947,"tags":[],"genre":"pop","debut":"2009","playlists":[],"scores":[0.1,0.21,0.313,0.3556,0.3575,0.3517794849499512,0.33461793979980475,0.30601536454956063,0.26597175919921895,0.21448712374877962,0.15156145819824274,0.07719476254760814,0.002828066896973541,0],"score":1.7253578743630933,"debutScore":0.1,"peakScore":0.3575,"duration":2,"ascent":[0.1,0.21,0.313,0.3556,0.3575],"descent-weeks":1.6332498225024894,"ascent-weeks":5.606013986013987,"peak":0.3575,"messages":[],"ranks":{},"unscored":false,"genres":["pop"],"role":true,"scoreFactor":1,"totalScore":1.7253578743630933,"rank":2}],"songCount":2,"songAdjustedAverage":2.8066164294670553,"collaborators":[],"rank":718,"ranks":{"origin:us":{"rank":94,"total":154},"tag:american-idol":{"rank":3,"total":4}}}