{"title":"Jordin Sparks","instanceSlug":"jordin-sparks","tags":[{"title":"Contestant on American Idol","instanceSlug":"american-idol","tags":[],"parents":[],"coverage":{}}],"genres":[],"complete":false,"active":true,"origin":{"title":"United States","instanceSlug":"us","tags":[],"parents":[]},"birth":"","death":"","type":{"title":"Solo Female","artists":[],"artistCount":0,"score":0,"artistAdjustedAverage":0,"slug":"f"},"songs":[{"title":"Tattoo","instanceSlug":2946,"tags":[],"parents":[],"genre":"pop","debut":2007,"playlists":[],"ranks":{},"scores":[0.06200821741159169,0.20830894528861146,0.3129502216570068,0.35561236147633757,0.3574779635603355,0.3558504691948907,0.3509679860985563,0.34283051427133227,0.33143805371321866,0.31679060442421547,0.29888816640432264,0.27773073965354017,0.25331832417186817,0.22565091995930653,0.19472852701585525,0.1605511453415144,0.12311877493628393,0.08243141580016386,0.03848906793315418],"ascent":[0.06200821741159169,0.20830894528861146,0.3129502216570068,0.35561236147633757,0.3574779635603355],"descent-weeks":14.820569447990732,"messages":[],"score":4.649142418312106,"debutScore":0.06200821741159169,"peakScore":0.3574779635603355,"duration":5,"genres":["pop"],"role":true,"scoreFactor":1,"rank":1},{"title":"Battlefield","instanceSlug":2947,"tags":[],"genre":"pop","debut":"2009","playlists":[],"scores":[0.1,0.21,0.313,0.3556,0.3575,0.35272375220841473,0.33839500883365903,0.3145137698757329,0.2810800353346362,0.23809380521036907,0.18555507950293149,0.12346385821232342,0.051820141338544845],"score":3.221745450516612,"debutScore":0.1,"peakScore":0.3575,"duration":3,"ascent":[0.1,0.21,0.313,0.3556,0.3575],"descent-weeks":8.651563468070513,"messages":[],"ranks":{},"genres":["pop"],"role":true,"scoreFactor":1,"rank":2}],"score":7.870887868828718,"songCount":2,"songAdjustedAverage":5.56555818600772,"rank":658,"ranks":{"origin:us":{"rank":68,"total":154},"tag:american-idol":{"rank":2,"total":4}}}