{"title":"Jude Cole","instanceSlug":"jude-cole","tags":[],"parents":[],"genres":[],"members":[],"complete":false,"origin":"","birth":"","death":"","type":{"title":"Solo Male","artists":[],"artistCount":0,"score":0,"artistAdjustedAverage":0,"slug":"m"},"songs":[{"title":"Baby, It's Tonight","instanceSlug":2022,"tags":[],"genre":"pop","debut":"1990-05","playlists":["summer"],"ranks":{},"note":"Project 4 weeks at #1.","scores":[0.171,0.633,1,0.99,0.959,0.925,0.8910000000000001,0.8230000000000003,0.7210000000000005,0.5850000000000009,0.41500000000000126,0.21100000000000174,0],"ascent":[0.171,0.633,1],"descent-weeks":5.843040000000007,"ascent-weeks":2.706,"peak":1,"messages":[],"unscored":false,"score":5.699360000000004,"duration":2,"genres":["pop"],"role":true,"scoreFactor":1,"totalScore":5.699360000000004,"rank":1},{"title":"Time for Letting Go","instanceSlug":2023,"tags":[],"parents":[],"genre":"pop","debut":"1990-10","playlists":[],"ranks":{},"scores":[0.075,0.537,0.491,0.44499999999999995,0.35299999999999987,0.21499999999999975,0.030999999999999583,0],"ascent":[0.075,0.537],"descent-weeks":0.8630117939168211,"ascent-weeks":1.7094972067039105,"peak":0.537,"messages":[],"unscored":false,"score":0.9209582222222219,"duration":1,"genres":["pop"],"role":true,"scoreFactor":1,"totalScore":0.9209582222222219,"rank":2}],"songCount":2,"songAdjustedAverage":4.681271908546204,"collaborators":[],"rank":417}