{"title":"Kansas","instanceSlug":"kansas","tags":[],"parents":[],"genres":[{"instanceSlug":"pop-rock","title":"Pop-Rock","parents":["pop"]}],"members":[],"xref":[],"complete":true,"origin":{"title":"Kansas","instanceSlug":"kansas","tags":[],"parents":["us"]},"birth":"","death":"","type":{"title":"All-Male Group","artists":[],"artistCount":0,"score":0,"artistAdjustedAverage":0,"slug":"mmm"},"songs":[{"title":"Carry On Wayward Son","instanceSlug":2314,"tags":[],"genre":"rock","debut":1977,"playlists":[],"scores":[0.075,0.145,0.22,0.25,0.27,0.29,0.31,0.305,0.295,0.285,0.26499999999999996,0.23499999999999993,0.1949999999999999,0.14499999999999985,0.0849999999999998,0.014999999999999736,0],"ascent":[0.075,0.145,0.22,0.25,0.27,0.29,0.31],"descent-weeks":10.330645161290317,"ascent-weeks":7.548387096774193,"peak":0.31,"messages":[],"ranks":{},"unscored":false,"score":3.6949999999999985,"duration":5,"genres":["rock"],"role":true,"scoreFactor":1,"totalScore":3.6949999999999985,"rank":1},{"title":"All I Wanted","instanceSlug":1478,"tags":["all-i-want"],"genre":"pop","debut":"1986-12","playlists":[],"scores":[0.145,0.25,0.33,0.35,0.36,0.345,0.32999999999999996,0.29999999999999993,0.2549999999999999,0.19499999999999984,0.11999999999999977,0.029999999999999694,0],"ascent":[0.145,0.25,0.33,0.35,0.36],"descent-weeks":8.062499999999996,"ascent-weeks":5.979166666666666,"peak":0.36,"messages":[],"ranks":{},"unscored":false,"score":3.3699999999999988,"duration":4,"genres":["pop"],"role":true,"scoreFactor":1,"totalScore":3.3699999999999988,"rank":2},{"title":"Dust in the Wind","instanceSlug":1849,"tags":[],"parents":[],"genre":"rock","debut":1978,"playlists":[],"ranks":{},"scores":[0.06493517521485907,0.20301020464749156,0.3018005417334737,0.3417822727277001,0.34049378148769893,0.32036673911239577,0.28963567847687105,0.2533831990831219,0.21318416564794027,0.17113569966537778,0.13318152129973762,0.10257039188766756,0.07891734133222605,0.06001314087329579,0.04491139597641368,0.03280764065926471,0.023152393925800742,0.015692574550316155,0.010074380853091296,0.004456187155866438,0],"ascent":[0.06493517521485907,0.20301020464749156,0.3018005417334737,0.3417822727277001],"descent-weeks":10.68995687784853,"ascent-weeks":4.000477498651945,"peak":0.3417822727277001,"messages":[],"unscored":false,"score":3.3472866990383108,"duration":4,"genres":["rock"],"role":true,"scoreFactor":1,"totalScore":3.3472866990383108,"rank":3},{"title":"Point of Know Return","instanceSlug":2315,"tags":[],"genre":"rock","debut":"1978-01","playlists":[],"scores":[0.06493517521485907,0.20301020464749156,0.3018005417334737,0.3417822727277001,0.34049378148769893,0.32036673911239577,0.28963567847687105,0.2533831990831219,0.21318416564794027,0.17113569966537778,0.13318152129973762,0.10257039188766756,0.07891734133222605,0.06001314087329579,0.04491139597641368,0.03280764065926471,0.023152393925800742,0.015692574550316155,0.010074380853091296,0.004456187155866438,0],"ascent":[0.06493517521485907,0.20301020464749156,0.3018005417334737,0.3417822727277001],"descent-weeks":10.68995687784853,"ascent-weeks":4.000477498651945,"peak":0.3417822727277001,"messages":[],"ranks":{},"unscored":false,"score":3.3472866990383108,"duration":4,"genres":["rock"],"role":true,"scoreFactor":1,"totalScore":3.3472866990383108,"rank":4},{"title":"Play the Game Tonight","instanceSlug":623,"tags":["game","play","tonight"],"parents":[],"genre":"rock","debut":"1982-06","playlists":[],"ranks":{},"scores":[0.075,0.145,0.097,0.018,0],"ascent":[0.075,0.145],"descent-weeks":2.6896551724137936,"ascent-weeks":2.275862068965517,"peak":0.145,"messages":[],"unscored":false,"score":0.4799999999999999,"duration":2,"genres":["rock"],"role":true,"scoreFactor":1,"totalScore":0.4799999999999999,"rank":5}],"score":14.239573398076619,"songCount":5,"songAdjustedAverage":6.368130817739398,"rank":605,"ranks":{"genre:pop-rock":{"rank":16,"total":25},"origin:kansas":{"rank":1,"total":1}}}