{"title":"Kate Pierson","instanceSlug":"kate-pierson","tags":[],"parents":[],"genres":[],"members":[],"xref":[],"complete":false,"origin":"","birth":"","death":"","type":{"title":"Solo Female","artists":[],"artistCount":0,"score":0,"artistAdjustedAverage":0,"slug":"f"},"songs":[{"title":"Shiny Happy People","instanceSlug":865,"tags":[],"genre":"rock","debut":"1991-08","playlists":["summer"],"ascent":[0.681,0.845,0.88],"descent-weeks":8.259481481481483,"ascent-weeks":4.101136363636364,"peak":0.88,"messages":[],"ranks":{},"unscored":false,"score":7.251562469135804,"duration":3,"genres":["rock"],"role":true,"scoreFactor":1,"totalScore":7.251562469135804,"rank":1},{"title":"Roam","instanceSlug":174,"tags":[],"parents":[],"genre":"pop","debut":"1990-02","ranks":{},"scores":[0.122,0.592,1,0.971,0.944,0.915,0.885,0.851,0.805,0.7590000000000001,0.6670000000000003,0.5290000000000005,0.34500000000000075,0.1150000000000011,0],"ascent":[0.122,0.592,1],"descent-weeks":7.687750000000002,"ascent-weeks":2.5709999999999997,"peak":1,"messages":[],"unscored":false,"score":5.129375000000001,"duration":3,"genres":["pop"],"playlists":[],"role":"lead","scoreFactor":0.75,"totalScore":6.839166666666668,"rank":2},{"title":"Good Stuff","instanceSlug":1064,"tags":["#1","#1-modern-rock"],"parents":[],"genre":"pop","debut":"1992-07","playlists":["summer"],"ranks":{},"scores":[0.055,0.306,0.498,0.645,0.694,0.694,0.668,0.633,0.582,0.537,0.498,0.444,0.39,0.28200000000000003,0.12000000000000005,0],"ascent":[0.055,0.306,0.498,0.645,0.694],"descent-weeks":5.150706051873198,"ascent-weeks":4.750720461095101,"peak":0.694,"messages":[],"unscored":false,"score":3.4357949999999997,"duration":3,"genres":["pop"],"role":"lead","scoreFactor":0.75,"totalScore":4.58106,"rank":3},{"title":"Love Shack","instanceSlug":"love-shack-1989","tags":["#1","#1-modern-rock"],"debut":1989,"playlists":[],"ranks":{},"scores":[0.06493517521485907,0.20301020464749156,0.3018005417334737,0.3417822727277001,0.34049378148769893,0.32036673911239577,0.28963567847687105,0.2533831990831219,0.21318416564794027,0.17113569966537778,0.13318152129973762,0.10257039188766756,0.07891734133222605,0.06001314087329579,0.04491139597641368,0.03280764065926471,0.023152393925800742,0.015692574550316155,0.010074380853091296,0.004456187155866438,0],"ascent":[0.06493517521485907,0.20301020464749156,0.3018005417334737,0.3417822727277001],"descent-weeks":1.987908359473083,"ascent-weeks":4.000477498651945,"peak":0.3417822727277001,"messages":[],"unscored":false,"score":1.0233620642801955,"duration":2,"role":"lead","scoreFactor":0.75,"totalScore":1.3644827523735938,"rank":4},{"title":"Candy","instanceSlug":2651,"tags":[],"parents":[],"genre":"pop","debut":"1991-02","playlists":[],"ranks":{},"scores":[0.148,0.526,0.77,0.801,0.807,0.794,0.77812,0.74636,0.69872,0.6352,0.5558,0.46051999999999993,0.3493599999999999,0.22231999999999988,0.07939999999999986,0],"ascent":[0.148,0.526,0.77,0.801,0.807],"descent-weeks":5.807173878562575,"ascent-weeks":5.672862453531598,"peak":0.807,"messages":[],"unscored":false,"score":0.6176259546666666,"duration":3,"genres":["pop"],"role":"backup","scoreFactor":0.1,"totalScore":6.176259546666666,"rank":5}],"songCount":5,"songAdjustedAverage":7.80732994870873,"collaborators":[{"slug":"rem","title":"REM","songCount":1,"score":7.251562469135804},{"slug":"b-52s","title":"B-52s","songCount":3,"score":5.535941568445531},{"slug":"iggy-pop","title":"Iggy Pop","songCount":1,"score":0.6176259546666666}],"rank":146}