{"title":"Katrina and the Waves","instanceSlug":"katrina-and-the-waves","tags":[],"parents":[],"genres":[{"instanceSlug":"pop-rock","title":"Pop-Rock","parents":["pop"]}],"members":[],"xref":[],"complete":true,"origin":{"title":"England","instanceSlug":"england","tags":[],"parents":["uk"]},"birth":"","death":"","type":{"title":"Mixed Group, Female Lead","artists":[],"artistCount":0,"score":0,"artistAdjustedAverage":0,"slug":"fmm"},"songs":[{"title":"Walking on Sunshine","instanceSlug":2316,"tags":[],"parents":[],"genre":"pop","debut":"1985-05","playlists":[],"ranks":{},"scores":[0.06200821741159169,0.20830894528861146,0.3129502216570068,0.35561236147633757,0.3574779635603355,0.3446276515977258,0.32891805429767385,0.31523776166182677,0.30042162719800025,0.2833026661554992,0.2643212410031802,0.24289242606706696,0.21959493334585015,0.19466120793610409,0.1685894531254616,0.14210166436832847,0.11600004299049087,0.09098520352380506,0.06767556150528035,0.04664449376949029,0.029256418423981474,0.01618867931401627,0.0031209402040510634,0],"ascent":[0.06200821741159169,0.20830894528861146,0.3129502216570068,0.35561236147633757,0.3574779635603355],"descent-weeks":3.97551540969843,"ascent-weeks":5.439598415309378,"peak":0.3574779635603355,"messages":[],"unscored":false,"score":2.2437971445683678,"duration":3,"genres":["pop"],"role":true,"scoreFactor":1,"totalScore":2.2437971445683678,"rank":1},{"title":"That's the Way","instanceSlug":510,"tags":[],"genres":["pop"],"debut":"1989-09","playlists":[],"scores":[0.062,0.20830894528861146,0.312950221657,0.35561236147633757,0.3574779635603355,0.3446276515977258,0.32891805429767385,0.31523776166182677,0.3,0.2833026661554992,0.264321241,0.24289242606706696,0.21959493334585015,0.19466120793610409,0.1685894531254616,0.14210166436832847,0.116,0.08989833563167154,0.03769500689501462,0],"ascent":[0.062,0.20830894528861146,0.312950221657,0.35561236147633757,0.3574779635603355],"descent-weeks":3.7323223472903866,"ascent-weeks":5.439563934533907,"peak":0.3574779635603355,"messages":[],"ranks":{},"unscored":false,"score":2.185831486689017,"duration":3,"role":true,"scoreFactor":1,"totalScore":2.185831486689017,"rank":2}],"songCount":2,"songAdjustedAverage":3.1322204433001817,"collaborators":[],"rank":662,"ranks":{"genre:pop-rock":{"rank":16,"total":25},"origin:england":{"rank":21,"total":39}}}