{"title":"Katrina and the Waves","instanceSlug":"katrina-and-the-waves","tags":[],"parents":[],"genres":[{"instanceSlug":"pop-rock","title":"Pop-Rock","parents":["pop"]}],"members":[],"xref":[],"complete":true,"origin":{"title":"England","instanceSlug":"england","tags":[],"parents":["uk"]},"birth":"","death":"","type":{"title":"Mixed Group, Female Lead","artists":[],"artistCount":0,"score":0,"artistAdjustedAverage":0,"slug":"fmm"},"songs":[{"title":"Walking on Sunshine","instanceSlug":2316,"tags":[],"parents":[],"genre":"pop","debut":"1985-05","playlists":[],"ranks":{},"scores":[0.06200821741159169,0.20830894528861146,0.3129502216570068,0.35561236147633757,0.3574779635603355,0.3558504691948907,0.3509679860985563,0.34283051427133227,0.33143805371321866,0.31679060442421547,0.29888816640432264,0.27773073965354017,0.25331832417186817,0.22565091995930653,0.19472852701585525,0.1605511453415144,0.12311877493628393,0.08243141580016386,0.03848906793315418],"ascent":[0.06200821741159169,0.20830894528861146,0.3129502216570068,0.35561236147633757,0.3574779635603355],"descent-weeks":14.820569447990732,"messages":[],"score":4.649142418312106,"debutScore":0.06200821741159169,"peakScore":0.3574779635603355,"duration":5,"genres":["pop"],"role":true,"scoreFactor":1,"rank":1},{"title":"That's the Way","instanceSlug":510,"tags":[],"genres":["pop"],"debut":"1989-09","playlists":[],"scores":[0.062,0.20830894528861146,0.312950221657,0.35561236147633757,0.3574779635603355,0.35572710982808037,0.350474548631315,0.34172027997003934,0.3294643038442534,0.31370662025395724,0.2944472291991508,0.2716861306798341,0.24542332469600714,0.21565881124766983,0.18239259033482236,0.14562466195746462,0.10535502611559656,0.06158368280921833,0.014310632038329801],"ascent":[0.062,0.20830894528861146,0.312950221657,0.35561236147633757,0.3574779635603355],"descent-weeks":14.288929861831074,"messages":[],"ranks":{},"score":4.523924443588023,"debutScore":0.062,"peakScore":0.3574779635603355,"duration":5,"role":true,"scoreFactor":1,"rank":2}],"score":9.173066861900129,"songCount":2,"songAdjustedAverage":6.486337782327184,"rank":533,"ranks":{"genre:pop-rock":{"rank":21,"total":25},"origin:england":{"rank":26,"total":39}}}