{"title":"KC & the Sunshine Band","instanceSlug":"kc","tags":[],"parents":[],"genres":[{"instanceSlug":"disco","title":"Disco","parents":["dance"]}],"members":[],"xref":[],"complete":false,"origin":{"title":"Miami","instanceSlug":"miami","tags":[],"parents":["florida"]},"birth":"","death":"","type":{"title":"All-Male Group","artists":[],"artistCount":0,"score":0,"artistAdjustedAverage":0,"slug":"mmm"},"songs":[{"title":"Keep It Coming Love","instanceSlug":2320,"tags":["#1","#1-r&b"],"genre":"disco","debut":1977,"playlists":[],"scores":[0.065,0.3255,0.492,0.5525,0.5775,0.5915,0.569,0.5615,0.55,0.5385000000000001,0.5155000000000002,0.4810000000000003,0.4350000000000005,0.3775000000000007,0.308500000000001,0.2280000000000013,0.13600000000000168,0.03250000000000208,0],"ascent":[0.065,0.3255,0.492,0.5525,0.5775,0.5915],"descent-weeks":13.502535925612868,"ascent-weeks":6.603550295857988,"peak":0.5915,"messages":[],"ranks":{},"unscored":false,"score":7.928500000000008,"duration":5,"genres":["disco"],"role":true,"scoreFactor":1,"totalScore":7.928500000000008,"rank":1},{"title":"(Shake, Shake, Shake) Shake Your Bootie","instanceSlug":1502,"tags":["shake","your"],"parents":[],"genre":"disco","debut":1976,"playlists":[],"ranks":{},"scores":[0.075,0.267,0.463,0.633,0.612,0.591,0.5489999999999999,0.4859999999999999,0.4019999999999998,0.2969999999999997,0.1709999999999996,0.023999999999999466,0],"ascent":[0.075,0.267,0.463,0.633],"descent-weeks":8.921800947867295,"ascent-weeks":3.4075829383886256,"peak":0.633,"messages":[],"unscored":false,"score":5.2029999999999985,"duration":3,"genres":["disco"],"role":true,"scoreFactor":1,"totalScore":5.2029999999999985,"rank":2},{"title":"Get Down Tonight","instanceSlug":2317,"tags":[],"parents":[],"genre":"disco","debut":1975,"playlists":[],"ranks":{},"scores":[0.075,0.267,0.463,0.633,0.612,0.591,0.5489999999999999,0.4859999999999999,0.4019999999999998,0.2969999999999997,0.1709999999999996,0.023999999999999466,0],"ascent":[0.075,0.267,0.463,0.633],"descent-weeks":8.921800947867295,"ascent-weeks":3.4075829383886256,"peak":0.633,"messages":[],"unscored":false,"score":5.2029999999999985,"duration":3,"genres":["disco"],"role":true,"scoreFactor":1,"totalScore":5.2029999999999985,"rank":3},{"title":"That's the Way (I Like It)","instanceSlug":2318,"tags":[],"parents":[],"genre":"disco","debut":1975,"playlists":[],"ranks":{},"scores":[0.075,0.267,0.463,0.633,0.612,0.591,0.5489999999999999,0.4859999999999999,0.4019999999999998,0.2969999999999997,0.1709999999999996,0.023999999999999466,0],"ascent":[0.075,0.267,0.463,0.633],"descent-weeks":8.921800947867295,"ascent-weeks":3.4075829383886256,"peak":0.633,"messages":[],"unscored":false,"score":5.2029999999999985,"duration":3,"genres":["disco"],"role":true,"scoreFactor":1,"totalScore":5.2029999999999985,"rank":4},{"title":"Boogie Shoes","instanceSlug":2321,"tags":[],"parents":[],"genre":"disco","debut":"1978-04","playlists":[],"ranks":{},"scores":[0.075,0.267,0.463,0.633,0.612,0.591,0.5489999999999999,0.4859999999999999,0.4019999999999998,0.2969999999999997,0.1709999999999996,0.023999999999999466,0],"ascent":[0.075,0.267,0.463,0.633],"descent-weeks":8.921800947867295,"ascent-weeks":3.4075829383886256,"peak":0.633,"messages":[],"unscored":false,"score":5.2029999999999985,"duration":3,"genres":["disco"],"role":true,"scoreFactor":1,"totalScore":5.2029999999999985,"rank":5},{"title":"Please Don't Go","instanceSlug":2322,"tags":["don't-go","please-don't-go","remade","s:890"],"parents":[],"genre":"pop","debut":"1979-10","playlists":[],"ranks":{},"scores":[0.075,0.267,0.463,0.633,0.612,0.591,0.5489999999999999,0.4859999999999999,0.4019999999999998,0.2969999999999997,0.1709999999999996,0.023999999999999466,0],"ascent":[0.075,0.267,0.463,0.633],"descent-weeks":8.921800947867295,"ascent-weeks":3.4075829383886256,"peak":0.633,"messages":[],"unscored":false,"score":5.2029999999999985,"duration":3,"genres":["pop"],"role":true,"scoreFactor":1,"totalScore":5.2029999999999985,"rank":6},{"title":"Give It Up","instanceSlug":2323,"tags":[],"genre":"pop","debut":"1984-02","playlists":[],"scores":[0.075,0.267,0.463,0.633,0.612,0.591,0.5489999999999999,0.4859999999999999,0.4019999999999998,0.2969999999999997,0.1709999999999996,0.023999999999999466,0],"ascent":[0.075,0.267,0.463,0.633],"descent-weeks":8.921800947867295,"ascent-weeks":3.4075829383886256,"peak":0.633,"messages":[],"ranks":{},"unscored":false,"score":5.2029999999999985,"duration":3,"genres":["pop"],"role":true,"scoreFactor":1,"totalScore":5.2029999999999985,"rank":7},{"title":"I'm Your Boogie Man","instanceSlug":2319,"tags":["#1","#1-hot-100"],"parents":[],"genre":"disco","debut":1977,"playlists":[],"ranks":{},"scores":[0.075,0.306,0.521,0.633,0.582,0.5309999999999999,0.4289999999999998,0.2759999999999997,0.07199999999999951,0],"ascent":[0.075,0.306,0.521,0.633],"descent-weeks":5.978672985781989,"ascent-weeks":3.637440758293839,"peak":0.633,"messages":[],"unscored":false,"score":4.058,"duration":3,"genres":["disco"],"role":true,"scoreFactor":1,"totalScore":4.058,"rank":8}],"score":43.204499999999996,"songCount":8,"songAdjustedAverage":15.275097463887093,"rank":108,"ranks":{"genre:disco":{"rank":3,"total":7},"origin:miami":{"rank":3,"total":6}}}