{"title":"KC & the Sunshine Band","instanceSlug":"kc","tags":[],"parents":[],"genres":[{"instanceSlug":"disco","title":"Disco","parents":["dance"]}],"members":[],"xref":[],"complete":false,"origin":{"title":"Miami","instanceSlug":"miami","tags":[],"parents":["florida"]},"birth":"","death":"","type":{"title":"All-Male Group","artists":[],"artistCount":0,"score":0,"artistAdjustedAverage":0,"slug":"mmm"},"songs":[{"title":"Keep It Coming Love","instanceSlug":2320,"tags":["#1","#1-r&b"],"genre":"disco","debut":1977,"playlists":[],"scores":[0.065,0.3255,0.492,0.5525,0.5775,0.5915,0.5882556771447048,0.5785227085788194,0.5623010943023435,0.5395908343152773,0.5103919286176208,0.47470437720937403,0.43252818009053684,0.3838633372611093,0.32870984872109155,0.26706771447048333,0.19893693450928482,0.12431750883749595,0.04320943745511679],"ascent":[0.065,0.3255,0.492,0.5525,0.5775,0.5915],"descent-weeks":13.502535925612868,"messages":[],"ranks":{},"score":7.636399581513258,"debutScore":0.065,"peakScore":0.5915,"duration":5,"genres":["disco"],"role":true,"scoreFactor":1,"rank":1},{"title":"(Shake, Shake, Shake) Shake Your Bootie","instanceSlug":1502,"tags":["shake","your"],"parents":[],"genre":"disco","debut":1976,"playlists":[],"ranks":{},"scores":[0.075,0.267,0.463,0.633,0.6250475920488034,0.6011903681952138,0.5614283284392311,0.5057614727808553,0.4341898012200863,0.3467133137569242,0.2433320103913692,0.12404589112342095],"ascent":[0.075,0.267,0.463,0.633],"descent-weeks":8.921800947867295,"messages":[],"score":4.879708777955905,"debutScore":0.075,"peakScore":0.633,"duration":3,"genres":["disco"],"role":true,"scoreFactor":1,"rank":2},{"title":"Get Down Tonight","instanceSlug":2317,"tags":[],"parents":[],"genre":"disco","debut":1975,"playlists":[],"ranks":{},"scores":[0.075,0.267,0.463,0.633,0.6250475920488034,0.6011903681952138,0.5614283284392311,0.5057614727808553,0.4341898012200863,0.3467133137569242,0.2433320103913692,0.12404589112342095],"ascent":[0.075,0.267,0.463,0.633],"descent-weeks":8.921800947867295,"messages":[],"score":4.879708777955905,"debutScore":0.075,"peakScore":0.633,"duration":3,"genres":["disco"],"role":true,"scoreFactor":1,"rank":3},{"title":"That's the Way (I Like It)","instanceSlug":2318,"tags":[],"parents":[],"genre":"disco","debut":1975,"playlists":[],"ranks":{},"scores":[0.075,0.267,0.463,0.633,0.6250475920488034,0.6011903681952138,0.5614283284392311,0.5057614727808553,0.4341898012200863,0.3467133137569242,0.2433320103913692,0.12404589112342095],"ascent":[0.075,0.267,0.463,0.633],"descent-weeks":8.921800947867295,"messages":[],"score":4.879708777955905,"debutScore":0.075,"peakScore":0.633,"duration":3,"genres":["disco"],"role":true,"scoreFactor":1,"rank":4},{"title":"Boogie Shoes","instanceSlug":2321,"tags":[],"parents":[],"genre":"disco","debut":"1978-04","playlists":[],"ranks":{},"scores":[0.075,0.267,0.463,0.633,0.6250475920488034,0.6011903681952138,0.5614283284392311,0.5057614727808553,0.4341898012200863,0.3467133137569242,0.2433320103913692,0.12404589112342095],"ascent":[0.075,0.267,0.463,0.633],"descent-weeks":8.921800947867295,"messages":[],"score":4.879708777955905,"debutScore":0.075,"peakScore":0.633,"duration":3,"genres":["disco"],"role":true,"scoreFactor":1,"rank":5},{"title":"Please Don't Go","instanceSlug":2322,"tags":["don't-go","please-don't-go","remade","s:890"],"parents":[],"genre":"pop","debut":"1979-10","playlists":[],"ranks":{},"scores":[0.075,0.267,0.463,0.633,0.6250475920488034,0.6011903681952138,0.5614283284392311,0.5057614727808553,0.4341898012200863,0.3467133137569242,0.2433320103913692,0.12404589112342095],"ascent":[0.075,0.267,0.463,0.633],"descent-weeks":8.921800947867295,"messages":[],"score":4.879708777955905,"debutScore":0.075,"peakScore":0.633,"duration":3,"genres":["pop"],"role":true,"scoreFactor":1,"rank":6},{"title":"Give It Up","instanceSlug":2323,"tags":[],"genre":"pop","debut":"1984-02","playlists":[],"scores":[0.075,0.267,0.463,0.633,0.6250475920488034,0.6011903681952138,0.5614283284392311,0.5057614727808553,0.4341898012200863,0.3467133137569242,0.2433320103913692,0.12404589112342095],"ascent":[0.075,0.267,0.463,0.633],"descent-weeks":8.921800947867295,"messages":[],"ranks":{},"score":4.879708777955905,"debutScore":0.075,"peakScore":0.633,"duration":3,"genres":["pop"],"role":true,"scoreFactor":1,"rank":7},{"title":"I'm Your Boogie Man","instanceSlug":2319,"tags":["#1","#1-hot-100"],"parents":[],"genre":"disco","debut":1977,"playlists":[],"ranks":{},"scores":[0.075,0.306,0.521,0.633,0.6152909970247563,0.5621639880990252,0.4736189732228067,0.3496559523961008,0.19027492561890744],"ascent":[0.075,0.306,0.521,0.633],"descent-weeks":5.978672985781989,"messages":[],"score":3.726004836361597,"debutScore":0.075,"peakScore":0.633,"duration":3,"genres":["disco"],"role":true,"scoreFactor":1,"rank":8}],"score":40.640657085610286,"songCount":8,"songAdjustedAverage":14.368642108556072,"rank":110,"ranks":{"genre:disco":{"rank":3,"total":6},"origin:miami":{"rank":3,"total":6}}}