{"title":"Kenny Nolan","instanceSlug":"kenny-nolan","tags":[],"parents":[],"genres":[],"members":[],"xref":[],"complete":false,"active":false,"origin":"","birth":"","death":"","songs":[{"title":"Lady Marmalade","instanceSlug":"XOny","tags":[],"debut":1975,"playlists":["pph"],"scores":[0.1,0.21,0.31,0.34178227272771,0.341,0.321,0.2896356784768711,0.2533831991,0.213184165647941,0.17113569966537778,0.12908723368281458,0.04499030171768817,0],"ascent":[0.1,0.21,0.31,0.34178227272771],"descent-weeks":9.239208930661388,"ascent-weeks":4.221030533789297,"peak":0.34178227272771,"messages":[],"ranks":{},"unscored":false,"score":3.0669808237461123,"duration":4,"role":"writer","scoreFactor":1,"totalScore":3.0669808237461123,"rank":1},{"title":"Lady Marmalade","instanceSlug":"XOny01","remake":"XOny","tags":[],"debut":21,"playlists":[],"scores":[0.06493517521485907,0.059935175214859075,0.04993517521485907,0.034935175214859074,0.014935175214859073,0],"ascent":[0.06493517521485907],"descent-weeks":5.190003923086734,"ascent-weeks":1.5,"peak":0.06493517521485907,"messages":[],"ranks":{},"unscored":false,"score":0.28961105128915443,"duration":2,"role":"writer","scoreFactor":1,"totalScore":0.28961105128915443,"rank":2}],"score":3.356591875035267,"songCount":2,"songAdjustedAverage":2.3734688765131056,"rank":1131}