{"title":"Kenny Nolan","instanceSlug":"kenny-nolan","tags":[],"parents":[],"genres":[],"members":[],"xref":[],"complete":false,"active":false,"origin":"","birth":"","death":"","songs":[{"title":"Lady Marmalade","instanceSlug":"XOny","tags":[],"debut":1975,"playlists":["pph"],"scores":[0.1,0.21,0.31,0.34178227272771,0.33777840282926436,0.3257667931339275,0.3057474436416993,0.2777203543525799,0.24168552526656925,0.1976429563836673,0.14559264770387417,0.08553459922718969,0.017468810953613956],"ascent":[0.1,0.21,0.31,0.34178227272771],"descent-weeks":9.239208930661388,"messages":[],"ranks":{},"score":2.8967198062200956,"debutScore":0.1,"peakScore":0.34178227272771,"duration":3,"role":"writer","scoreFactor":1,"rank":1},{"title":"Lady Marmalade","instanceSlug":"XOny01","remake":"XOny","tags":[],"debut":21,"playlists":[],"scores":[0.06493517521485907,0.06252446701854149,0.05529234242958876,0.043238801448000866,0.02636384407377781,0.004667470306919604],"ascent":[0.06493517521485907],"descent-weeks":5.190003923086734,"messages":[],"ranks":{},"score":0.25702210049168756,"debutScore":0.06493517521485907,"peakScore":0.06493517521485907,"duration":2,"role":"writer","scoreFactor":1,"rank":2}],"score":3.153741906711783,"songCount":2,"songAdjustedAverage":2.230032288348094,"rank":1121}