{"title":"Kevin Page","instanceSlug":"kevin-page","tags":[],"parents":[],"genres":[],"members":[],"xref":[],"complete":false,"origin":"","birth":"","death":"","type":{"title":"Solo Male","artists":[],"artistCount":0,"score":0,"artistAdjustedAverage":0,"slug":"m"},"songs":[{"title":"Don't Shut Me Out","instanceSlug":1414,"tags":[],"genre":"pop","debut":"1989-11","playlists":[],"scores":[0.15,0.26,0.362951,0.5056123614763376,0.607477963561,0.6946276515977258,0.7289181,0.715,0.7007,0.6721,0.6292,0.572,0.5005,0.41469999999999996,0.31459999999999994,0.2001999999999999,0.07149999999999987,0],"ascent":[0.15,0.26,0.362951,0.5056123614763376,0.607477963561,0.6946276515977258,0.7289181],"descent-weeks":5.571152984232525,"ascent-weeks":6.810615095101349,"peak":0.7289181,"messages":[],"ranks":{},"unscored":false,"score":6.016863242019131,"duration":3,"genres":["pop"],"role":true,"scoreFactor":1,"totalScore":6.016863242019131,"rank":1},{"title":"Anything I Want","instanceSlug":1937,"tags":[],"genre":"pop","debut":"1990-02","playlists":[],"ranks":{},"scores":[0.18,0.402,0.501,0.522,0.539,0.55,0.54,0.5292,0.5076,0.47520000000000007,0.43200000000000005,0.37800000000000006,0.31320000000000003,0.23760000000000003,0.1512,0.05399999999999998,0],"ascent":[0.18,0.402,0.501,0.522,0.539,0.55],"descent-weeks":4.333456969696972,"ascent-weeks":7.347272727272728,"peak":0.55,"messages":[],"unscored":false,"score":4.282934222222224,"duration":3,"genres":["pop"],"role":true,"scoreFactor":1,"totalScore":4.282934222222224,"rank":2}],"songCount":2,"songAdjustedAverage":7.283056631813068,"collaborators":[],"rank":182}