{"title":"Kevin Page","instanceSlug":"kevin-page","tags":[],"parents":[],"genres":[],"members":[],"xref":[],"complete":false,"origin":"","birth":"","death":"","type":{"title":"Solo Male","artists":[],"artistCount":0,"score":0,"artistAdjustedAverage":0,"slug":"m"},"songs":[{"title":"Don't Shut Me Out","instanceSlug":1414,"tags":[],"genre":"pop","debut":"1989-11","playlists":[],"scores":[0.15,0.26,0.362951,0.5056123614763376,0.607477963561,0.6946276515977258,0.7289181,0.7232678573578846,0.7063171294315383,0.6780659162209614,0.6385142177261535,0.5876620339471147,0.5255093648838453,0.452056210536345,0.36730257090461366,0.2712484459886517,0.16389383578845898,0.045238740304035394],"ascent":[0.15,0.26,0.362951,0.5056123614763376,0.607477963561,0.6946276515977258,0.7289181],"descent-weeks":11.358103400093915,"messages":[],"ranks":{},"score":8.468663399724665,"debutScore":0.15,"peakScore":0.7289181,"duration":4,"genres":["pop"],"role":true,"scoreFactor":1,"rank":1},{"title":"Anything I Want","instanceSlug":1937,"tags":[],"genre":"pop","debut":"1990-02","playlists":[],"ranks":{},"scores":[0.18,0.402,0.501,0.522,0.539,0.55,0.5457435245801319,0.5329740983205272,0.5116917212211862,0.4818963932821088,0.44358811450329505,0.3967668848847449,0.3414327044264583,0.27758557312843524,0.2052254909906758,0.12435245801317997,0.03496647419594777],"ascent":[0.18,0.402,0.501,0.522,0.539,0.55],"descent-weeks":11.367272727272729,"messages":[],"score":6.590223437546693,"debutScore":0.18,"peakScore":0.55,"duration":4,"genres":["pop"],"role":true,"scoreFactor":1,"rank":2}],"score":15.05888683727136,"songCount":2,"songAdjustedAverage":10.64824099975542,"rank":229}