{"title":"Kiki Dee","instanceSlug":"kiki-dee","tags":[],"parents":[],"genres":[],"members":[],"xref":[],"complete":false,"origin":"","birth":"","death":"","type":{"title":"Solo Female","artists":[],"artistCount":0,"score":0,"artistAdjustedAverage":0,"slug":"f"},"songs":[{"title":"Don't Go Breaking My Heart","instanceSlug":2410,"tags":["#1","#1-adult-contemporary","#1-hot-100"],"genre":"pop","debut":1976,"playlists":[],"scores":[0.1,0.33826377883431,0.46581,0.481,0.47656362127979535,0.46325448511918155,0.4410725915181584,0.410017940476726,0.37009053199488445,0.3212903660726336,0.26361744270997356,0.1970717619069043,0.12165332366342574,0.03736212797953795],"ascent":[0.1,0.33826377883431,0.46581,0.481],"descent-weeks":10.412577130977118,"messages":[],"ranks":{},"score":4.487067971555531,"debutScore":0.1,"peakScore":0.481,"duration":4,"genres":["pop"],"role":true,"scoreFactor":1,"rank":1}],"score":4.487067971555531,"songCount":1,"songAdjustedAverage":4.487067971555531,"rank":894}