{"title":"Kim Carnes","instanceSlug":"kim-carnes","tags":[],"parents":[],"genres":[],"members":[],"xref":[],"complete":false,"origin":"","birth":"","death":"","type":{"title":"Solo Female","artists":[],"artistCount":0,"score":0,"artistAdjustedAverage":0,"slug":"f"},"songs":[{"title":"Bette Davis Eyes","instanceSlug":189,"tags":[],"playlists":["real-person"],"genre":"pop","debut":1981,"scores":[0.2,0.968,0.947,0.9259999999999999,0.8839999999999999,0.8209999999999998,0.7369999999999998,0.6319999999999997,0.5059999999999996,0.35899999999999943,0.19099999999999928,0.0019999999999991136,0],"ascent":[0.2,0.968],"descent-weeks":10.805268595041317,"ascent-weeks":1.8099173553719006,"peak":0.968,"messages":[],"ranks":{},"unscored":false,"score":8.140999999999996,"duration":3,"genres":["pop"],"role":true,"scoreFactor":1,"totalScore":8.140999999999996,"rank":1},{"title":"Don't Fall in Love with a Dreamer","instanceSlug":2576,"tags":[],"parents":[],"genre":"country","debut":"1980-04","playlists":[],"ranks":{},"scores":[0.14,0.5296666666666666,0.6,0.625,0.61,0.595,0.565,0.5199999999999999,0.45999999999999985,0.3849999999999998,0.2949999999999997,0.1899999999999996,0.06999999999999951,0],"ascent":[0.14,0.5296666666666666,0.6,0.625],"descent-weeks":10.355999999999995,"ascent-weeks":4.5472,"peak":0.625,"messages":[],"unscored":false,"score":6.209666666666664,"duration":4,"genres":["country"],"role":true,"scoreFactor":1,"totalScore":6.209666666666664,"rank":2},{"title":"More Love","instanceSlug":525,"tags":[],"genres":["pop"],"debut":"1980-05","playlists":[],"scores":[0.1,0.381,0.513,0.563,0.554,0.517,0.48,0.4059999999999999,0.2949999999999998,0.1469999999999997,0],"ascent":[0.1,0.381,0.513,0.563],"descent-weeks":7.89165186500888,"ascent-weeks":4.148312611012433,"peak":0.563,"messages":[],"ranks":{},"unscored":false,"score":4.518999999999999,"duration":3,"role":true,"scoreFactor":1,"totalScore":4.518999999999999,"rank":3},{"title":"We are the World","instanceSlug":"watw","tags":["#1","#1-hot-100"],"debut":1985,"playlists":["grammy","charity"],"scores":[0.097,0.381,0.521,0.414,0.302,0.194,0.08600000000000002,0],"ascent":[0.097,0.381,0.521],"descent-weeks":4.367562380038388,"ascent-weeks":2.8761996161228405,"peak":0.521,"messages":[],"ranks":{},"unscored":false,"score":0.629,"duration":2,"role":"member","scoreFactor":0.25,"totalScore":2.516,"rank":4}],"score":19.49866666666666,"songCount":4,"songAdjustedAverage":9.74933333333333,"rank":313}