{"title":"Kim Carnes","instanceSlug":"kim-carnes","tags":[],"parents":[],"genres":[],"members":[],"xref":[],"complete":false,"origin":"","birth":"","death":"","type":{"title":"Solo Female","artists":[],"artistCount":0,"score":0,"artistAdjustedAverage":0,"slug":"f"},"songs":[{"title":"Don't Fall in Love with a Dreamer","instanceSlug":2576,"tags":[],"parents":[],"genre":"country","debut":"1980-04","playlists":[],"ranks":{},"scores":[0.14,0.5296666666666666,0.6,0.625,0.6086666666666668,0.5896666666666667,0.578,0.5613333333333334,0.5396666666666666,0.513,0.48133333333333334,0.4446666666666666,0.40299999999999997,0.35633333333333334,0.30466666666666664,0.248,0.20299999999999999,0.158,0.10966666666666668,0.06066666666666667,0.030666666666666665,0.001,0],"messages":[{"type":"warning","title":"Excessive Scores","text":"Please reduce number of scores to 20 or less."}],"score":8.086,"debutScore":0.14,"peakScore":0.625,"duration":6,"genres":["country"],"role":true,"scoreFactor":1,"rank":1},{"title":"Bette Davis Eyes","instanceSlug":189,"tags":[],"playlists":["real-person"],"genre":"pop","debut":1981,"ranks":{},"scores":[0.2,0.968,0.947,0.926,0.884,0.821,0.737,0.632,0.506,0.359,0.191,0.002,0],"messages":[],"score":7.172999999999999,"debutScore":0.2,"peakScore":0.968,"duration":3,"genres":["pop"],"role":true,"scoreFactor":1,"rank":2},{"title":"More Love","instanceSlug":525,"tags":[],"genres":["pop"],"debut":"1980-05","playlists":[],"scores":[0.1,0.381,0.513,0.563,0.554,0.517,0.48,0.406,0.295,0.147,0],"messages":[],"ranks":{},"score":3.9559999999999995,"debutScore":0.1,"peakScore":0.563,"duration":3,"role":true,"scoreFactor":1,"rank":3},{"title":"We are the World","instanceSlug":"watw","tags":["#1","#1-hot-100"],"debut":1985,"playlists":[],"scores":[0.097,0.381,0.521,0.414,0.302,0.194,0.086,0],"messages":[],"ranks":{},"score":0.49875,"debutScore":0.097,"peakScore":0.521,"duration":2,"role":"member","scoreFactor":0.25,"rank":4}],"score":19.71375,"songCount":4,"songAdjustedAverage":9.856875,"rank":261}