{"title":"Kim Wilde","instanceSlug":"kim-wilde","tags":[],"genres":[],"members":[],"xref":[],"complete":false,"origin":"","birth":"","death":"","type":{"title":"Solo Female","artists":[],"artistCount":0,"score":0,"artistAdjustedAverage":0,"slug":"f"},"songs":[{"title":"You Keep Me Hanging On","instanceSlug":1119,"tags":[],"genre":"pop","debut":1987,"playlists":[],"scores":[0.376,0.582,0.694,0.722,0.7116078064687072,0.6804312258748293,0.6284702582183658,0.5557249034993169,0.46219516171768277,0.3478810328734631,0.21278251696665818,0.05689961399726786],"ascent":[0.376,0.582,0.694,0.722],"descent-weeks":8.33518005540166,"messages":[],"ranks":{},"score":6.0299925196162905,"debutScore":0.376,"peakScore":0.722,"duration":3,"genres":["pop"],"role":true,"scoreFactor":1,"rank":1}],"score":6.0299925196162905,"songCount":1,"songAdjustedAverage":6.0299925196162905,"rank":595}