{"title":"Kim Weston","instanceSlug":"kim-weston","tags":[],"parents":[],"genres":[],"members":[],"xref":[],"complete":false,"origin":"","birth":"","death":"","type":{"title":"Solo Female","artists":[],"artistCount":0,"score":0,"artistAdjustedAverage":0,"slug":"f"},"songs":[{"title":"It Takes Two","instanceSlug":2534,"tags":[],"parents":[],"genre":"soul","debut":1967,"playlists":[],"ranks":{},"scores":[0.1734,0.408,0.5586,0.563,0.5581836439908927,0.5437345759635711,0.5196527959180351,0.48593830385428477,0.44259109977232,0.38961118367214087,0.32699855555374724,0.25475321541713936,0.172875163262317,0.08136439908928023],"ascent":[0.1734,0.408,0.5586,0.563],"descent-weeks":10.811722912966253,"messages":[],"score":5.478702936493729,"debutScore":0.1734,"peakScore":0.563,"duration":4,"genres":["soul"],"role":true,"scoreFactor":1,"rank":1},{"title":"It Takes Two","instanceSlug":1400,"tags":[],"remake":2534,"genre":"pop","debut":1990,"playlists":[],"scores":[0.08,0.2,0.28,0.2783096961399783,0.2732387845599132,0.2647872652598046,0.2529551382396526,0.23774240349945722,0.2191490610392184,0.19717511085893616,0.17182055295861048,0.14308538733824136,0.11096961399782883,0.07547323293737287,0.036596244156873514],"ascent":[0.08,0.2,0.28],"descent-weeks":12.870535714285714,"messages":[],"ranks":{},"score":0.2821302490985888,"debutScore":0.08,"peakScore":0.28,"duration":4,"genres":["pop"],"role":"remake","scoreFactor":0.1,"rank":2}],"score":5.760833185592317,"songCount":2,"songAdjustedAverage":4.073524210816828,"rank":945}