{"title":"Kim Carnes","instanceSlug":"kim-carnes","tags":[],"parents":[],"genres":[],"members":[],"xref":[],"complete":false,"origin":"","birth":"","death":"","type":{"title":"Solo Female","artists":[],"artistCount":0,"score":0,"artistAdjustedAverage":0,"slug":"f"},"songs":[{"title":"Bette Davis Eyes","instanceSlug":189,"tags":[],"playlists":["real-person"],"genre":"pop","debut":1981,"ranks":{},"scores":[0.2,0.968,0.947,0.942,0.932,0.917,0.897,0.872,0.842,0.807,0.767,0.722,0.672,0.617,0.557,0.492,0.422,0.347,0.267,0.182,0.092,0],"score":13.461,"debutScore":0.2,"peakScore":0.968,"duration":6,"genres":["pop"],"role":true,"scoreFactor":1,"rank":1},{"title":"Don't Fall in Love with a Dreamer","instanceSlug":2576,"tags":[],"parents":[],"genre":"country","debut":"1980-04","playlists":[],"ranks":{},"scores":[0.14,0.5296666666666666,0.6,0.625,0.6086666666666668,0.5896666666666667,0.578,0.5613333333333334,0.5396666666666666,0.513,0.48133333333333334,0.4446666666666666,0.40299999999999997,0.35633333333333334,0.30466666666666664,0.248,0.20299999999999999,0.158,0.10966666666666668,0.06066666666666667,0.030666666666666665,0],"score":8.085,"debutScore":0.14,"peakScore":0.625,"duration":6,"genres":["country"],"role":true,"scoreFactor":1,"rank":2},{"title":"More Love","instanceSlug":525,"tags":[],"genres":["pop"],"debut":"1980-05","playlists":[],"scores":[0.1,0.381,0.513,0.563,0.554,0.517,0.512,0.502,0.487,0.467,0.442,0.412,0.377,0.337,0.292,0.242,0.187,0.127,0.062,0],"ranks":{},"score":7.073999999999999,"debutScore":0.1,"peakScore":0.563,"duration":5,"role":true,"scoreFactor":1,"rank":3},{"title":"We are the World","instanceSlug":"watw","tags":["#1","#1-hot-100"],"debut":1985,"playlists":[],"scores":[0.12,0.24,0.34,0.37,0.34,0.335,0.325,0.31,0.29,0.265,0.235,0.2,0.16,0.115,0.065,0.01,0],"ranks":{},"score":0.93,"debutScore":0.12,"peakScore":0.37,"duration":5,"role":"member","scoreFactor":0.25,"rank":4}],"score":29.549999999999997,"songCount":4,"songAdjustedAverage":14.774999999999999,"rank":234}