{"title":"Kim Carnes","instanceSlug":"kim-carnes","tags":[],"parents":[],"genres":[],"members":[],"xref":[],"complete":false,"origin":"","birth":"","death":"","type":{"title":"Solo Female","artists":[],"artistCount":0,"score":0,"artistAdjustedAverage":0,"slug":"f"},"songs":[{"title":"Bette Davis Eyes","instanceSlug":189,"tags":[],"playlists":["real-person"],"genre":"pop","debut":1981,"scores":[0.2,0.968,0.947,0.9259999999999999,0.8839999999999999,0.8209999999999998,0.7369999999999998,0.6319999999999997,0.5059999999999996,0.35899999999999943,0.19099999999999928,0.0019999999999991136,0],"ascent":[0.2,0.968],"descent-weeks":4.886982868457296,"ascent-weeks":1.8099173553719006,"peak":0.968,"messages":[],"ranks":{},"unscored":false,"score":4.321732944444442,"duration":2,"genres":["pop"],"role":true,"scoreFactor":1,"totalScore":4.321732944444442,"rank":1},{"title":"Don't Fall in Love with a Dreamer","instanceSlug":2576,"tags":[],"parents":[],"genre":"country","debut":"1980-04","playlists":[],"ranks":{},"scores":[0.14,0.5296666666666666,0.6,0.625,0.61,0.595,0.565,0.5199999999999999,0.45999999999999985,0.3849999999999998,0.2949999999999997,0.1899999999999996,0.06999999999999951,0],"ascent":[0.14,0.5296666666666666,0.6,0.625],"descent-weeks":3.5726282222222188,"ascent-weeks":4.5472,"peak":0.625,"messages":[],"unscored":false,"score":3.3832617592592578,"duration":2,"genres":["country"],"role":true,"scoreFactor":1,"totalScore":3.3832617592592578,"rank":2},{"title":"More Love","instanceSlug":525,"tags":[],"genres":["pop"],"debut":"1980-05","playlists":[],"scores":[0.1,0.381,0.513,0.563,0.554,0.517,0.48,0.4059999999999999,0.2949999999999998,0.1469999999999997,0],"ascent":[0.1,0.381,0.513,0.563],"descent-weeks":1.9812430432208403,"ascent-weeks":4.148312611012433,"peak":0.563,"messages":[],"ranks":{},"unscored":false,"score":2.300626555555555,"duration":2,"role":true,"scoreFactor":1,"totalScore":2.300626555555555,"rank":3},{"title":"We are the World","instanceSlug":"watw","tags":["#1","#1-hot-100"],"debut":1985,"playlists":["grammy","charity"],"scores":[0.097,0.381,0.521,0.414,0.302,0.194,0.08600000000000002,0],"ascent":[0.097,0.381,0.521],"descent-weeks":0.610488163787588,"ascent-weeks":2.8761996161228405,"peak":0.521,"messages":[],"ranks":{},"unscored":false,"score":0.3027607222222222,"duration":1,"role":"member","scoreFactor":0.25,"totalScore":1.211042888888889,"rank":4}],"songCount":4,"songAdjustedAverage":5.154190990740738,"collaborators":[{"slug":"donna-weiss","title":"MISSING 'donna-weiss'","songCount":1,"score":4.321732944444442},{"slug":"jackie-deshannon","title":"Jackie DeShannon","songCount":1,"score":4.321732944444442},{"slug":"kenny-rogers","title":"Kenny Rogers","songCount":2,"score":2.6064114922616195},{"slug":"usa-for-africa","title":"USA for Africa","songCount":1,"score":0.3027607222222222},{"slug":"quincy-jones","title":"Quincy Jones","songCount":1,"score":0.3027607222222222},{"slug":"michael-jackson","title":"Michael Jackson","songCount":1,"score":0.3027607222222222},{"slug":"lionel-richie","title":"Lionel Richie","songCount":1,"score":0.3027607222222222},{"slug":"stevie-wonder","title":"Stevie Wonder","songCount":1,"score":0.3027607222222222},{"slug":"paul-simon","title":"Paul Simon","songCount":1,"score":0.3027607222222222},{"slug":"james-ingram","title":"James Ingram","songCount":1,"score":0.3027607222222222},{"slug":"tina-turner","title":"Tina Turner","songCount":1,"score":0.3027607222222222},{"slug":"billy-joel","title":"Billy Joel","songCount":1,"score":0.3027607222222222},{"slug":"diana-ross","title":"Diana Ross","songCount":1,"score":0.3027607222222222},{"slug":"dionne-warwick","title":"Dionne Warwick","songCount":1,"score":0.3027607222222222},{"slug":"willie-nelson","title":"Willie Nelson","songCount":1,"score":0.3027607222222222},{"slug":"al-jarreau","title":"Al Jarreau","songCount":1,"score":0.3027607222222222},{"slug":"bruce-springsteen","title":"Bruce Springsteen","songCount":1,"score":0.3027607222222222},{"slug":"kenny-loggins","title":"Kenny Loggins","songCount":1,"score":0.3027607222222222},{"slug":"steve-perry","title":"Steve Perry","songCount":1,"score":0.3027607222222222},{"slug":"daryl-hall","title":"Daryl Hall","songCount":1,"score":0.3027607222222222},{"slug":"huey-lewis","title":"MISSING 'huey-lewis'","songCount":1,"score":0.3027607222222222},{"slug":"cyndi-lauper","title":"Cyndi Lauper","songCount":1,"score":0.3027607222222222},{"slug":"bob-dylan","title":"Bob Dylan","songCount":1,"score":0.3027607222222222},{"slug":"ray-charles","title":"Ray Charles","songCount":1,"score":0.3027607222222222},{"slug":"dan-aykroyd","title":"Dan Aykroyd","songCount":1,"score":0.3027607222222222},{"slug":"harry-belafonte","title":"MISSING 'harry-belafonte'","songCount":1,"score":0.3027607222222222},{"slug":"lindsey-buckingham","title":"MISSING 'lindsey-buckingham'","songCount":1,"score":0.3027607222222222},{"slug":"mario-cipollina","title":"MISSING 'mario-cipollina'","songCount":1,"score":0.3027607222222222},{"slug":"johnny-colla","title":"MISSING 'johnny-colla'","songCount":1,"score":0.3027607222222222},{"slug":"sheila-e","title":"Sheila E","songCount":1,"score":0.3027607222222222},{"slug":"bob-geldof","title":"MISSING 'bob-geldof'","songCount":1,"score":0.3027607222222222},{"slug":"bill-gibson","title":"MISSING 'bill-gibson'","songCount":1,"score":0.3027607222222222},{"slug":"chris-hayes","title":"MISSING 'chris-hayes'","songCount":1,"score":0.3027607222222222},{"slug":"sean-hopper","title":"MISSING 'sean-hopper'","songCount":1,"score":0.3027607222222222},{"slug":"jackie-jackson","title":"MISSING 'jackie-jackson'","songCount":1,"score":0.3027607222222222},{"slug":"latoya-jackson","title":"MISSING 'latoya-jackson'","songCount":1,"score":0.3027607222222222},{"slug":"marlon-jackson","title":"MISSING 'marlon-jackson'","songCount":1,"score":0.3027607222222222},{"slug":"randy-jackson","title":"MISSING 'randy-jackson'","songCount":1,"score":0.3027607222222222},{"slug":"tito-jackson","title":"MISSING 'tito-jackson'","songCount":1,"score":0.3027607222222222},{"slug":"waylon-jennings","title":"Waylon Jennings","songCount":1,"score":0.3027607222222222},{"slug":"bette-midler","title":"MISSING 'bette-midler'","songCount":1,"score":0.3027607222222222},{"slug":"john-oates","title":"MISSING 'john-oates'","songCount":1,"score":0.3027607222222222},{"slug":"jeffrey-osborne","title":"MISSING 'jeffrey-osborne'","songCount":1,"score":0.3027607222222222},{"slug":"anita-pointer","title":"Anita Pointer","songCount":1,"score":0.3027607222222222},{"slug":"ruth-pointer","title":"Ruth Pointer","songCount":1,"score":0.3027607222222222}],"rank":361}