{"title":"KLF","instanceSlug":"klf","tags":[],"parents":[],"genres":[],"members":[],"xref":[],"complete":false,"origin":"","birth":"","death":"","type":{"title":"All-Male Group","artists":[],"artistCount":0,"score":0,"artistAdjustedAverage":0,"slug":"mmm"},"songs":[{"title":"Justified and Ancient","instanceSlug":"1107","tags":[],"genre":"pop","debut":1992,"playlists":[],"scores":[0.22,0.563,0.822,0.829,0.8198342003411465,0.7923368013645861,0.7465078030703188,0.6823472054583446,0.5998550085286635,0.4990312122812754,0.3798758167161803,0.24238882183337848,0.08657022763286953],"ascent":[0.22,0.563,0.822,0.829],"descent-weeks":9.510253317249706,"messages":[],"ranks":{},"score":7.282747097226764,"debutScore":0.22,"peakScore":0.829,"duration":3,"genres":["pop"],"role":true,"scoreFactor":1,"rank":1},{"title":"3AM Eternal","instanceSlug":1108,"tags":[],"parents":[],"genre":"pop","debut":"1991-08","playlists":["summer"],"ranks":{},"scores":[0.12,0.463,0.722,0.729,0.7211182500852776,0.6974730003411107,0.6580642507674992,0.602892001364443,0.5319562521319422,0.44525700306999677,0.3427942541786067,0.22456800545777206,0.0905782569074927],"ascent":[0.12,0.463,0.722,0.729],"descent-weeks":9.617283950617281,"messages":[],"score":6.34870127430414,"debutScore":0.12,"peakScore":0.729,"duration":3,"genres":["pop"],"role":true,"scoreFactor":1,"rank":2}],"score":13.631448371530904,"songCount":2,"songAdjustedAverage":9.638889580903822,"rank":286}