{"title":"KLF","instanceSlug":"klf","tags":[],"parents":[],"genres":[],"members":[],"xref":[],"complete":false,"origin":"","birth":"","death":"","type":{"title":"All-Male Group","artists":[],"artistCount":0,"score":0,"artistAdjustedAverage":0,"slug":"mmm"},"songs":[{"title":"Justified and Ancient","instanceSlug":1107,"tags":[],"parents":[],"genre":"pop","debut":1992,"playlists":[],"ranks":{},"scores":[0.12,0.463,0.722,0.729,0.729,0.694,0.662,0.604,0.599,0.589,0.574,0.554,0.529,0.499,0.464,0.424,0.379,0.329,0.274,0.214,0.149,0.079,0.004,0],"score":10.383000000000001,"debutScore":0.12,"peakScore":0.729,"duration":6,"genres":["pop"],"role":true,"scoreFactor":1,"rank":1},{"title":"3AM Eternal","instanceSlug":1108,"tags":[],"parents":[],"genre":"pop","debut":"1991-08","playlists":["summer"],"ranks":{},"scores":[0.12,0.463,0.722,0.729,0.729,0.694,0.662,0.604,0.599,0.589,0.574,0.554,0.529,0.499,0.464,0.424,0.379,0.329,0.274,0.214,0.149,0.079,0.004,0],"score":10.383000000000001,"debutScore":0.12,"peakScore":0.729,"duration":6,"genres":["pop"],"role":true,"scoreFactor":1,"rank":2}],"score":20.766000000000002,"songCount":2,"songAdjustedAverage":14.683779418119846,"rank":236}