{"title":"KLF","instanceSlug":"klf","tags":[],"parents":[],"genres":[],"members":[],"xref":[],"complete":false,"origin":"","birth":"","death":"","type":{"title":"All-Male Group","artists":[],"artistCount":0,"score":0,"artistAdjustedAverage":0,"slug":"mmm"},"songs":[{"title":"Justified and Ancient","instanceSlug":"1107","tags":[],"genre":"pop","debut":1992,"playlists":[],"scores":[0.22,0.563,0.822,0.829,0.829,0.794,0.7590000000000001,0.6890000000000003,0.5840000000000005,0.44400000000000084,0.26900000000000124,0.05900000000000172,0],"ascent":[0.22,0.563,0.822,0.829],"descent-weeks":9.510253317249706,"ascent-weeks":4.40410132689988,"peak":0.829,"messages":[],"ranks":{},"unscored":false,"score":7.690000000000005,"duration":4,"genres":["pop"],"role":true,"scoreFactor":1,"totalScore":7.690000000000005,"rank":1},{"title":"3AM Eternal","instanceSlug":1108,"tags":[],"parents":[],"genre":"pop","debut":"1991-08","playlists":["summer"],"ranks":{},"scores":[0.12,0.463,0.722,0.729,0.729,0.694,0.662,0.604,0.5459999999999999,0.4299999999999998,0.2559999999999997,0.023999999999999466,0],"ascent":[0.12,0.463,0.722,0.729],"descent-weeks":9.617283950617281,"ascent-weeks":4.185185185185185,"peak":0.729,"messages":[],"unscored":false,"score":6.707999999999998,"duration":4,"genres":["pop"],"role":true,"scoreFactor":1,"totalScore":6.707999999999998,"rank":2}],"score":14.398000000000003,"songCount":2,"songAdjustedAverage":10.180923435523912,"rank":292}