{"title":"Klymaxx","instanceSlug":"klymaxx","tags":[],"parents":[],"genres":[],"members":[],"xref":[],"complete":false,"origin":{"title":"United States","instanceSlug":"us","tags":[],"parents":[]},"birth":"","death":"","type":{"title":"All-Female Group","artists":[],"artistCount":0,"score":0,"artistAdjustedAverage":0,"slug":"fff"},"songs":[{"title":"I Miss You","instanceSlug":489,"tags":[],"parents":[],"genre":"pop","debut":"1985-10","playlists":["feb13","breakup"],"ranks":{},"scores":[0.097,0.306,0.463,0.521,0.546,0.563,0.554,0.546,0.529,0.509,0.485,0.444,0.402,0.36000000000000004,0.2760000000000001,0.15000000000000013,0],"ascent":[0.097,0.306,0.463,0.521,0.546,0.563],"descent-weeks":12.836589698046184,"ascent-weeks":6.650088809946714,"peak":0.563,"messages":[],"unscored":false,"score":7.314000000000001,"duration":5,"genres":["pop"],"role":true,"scoreFactor":1,"totalScore":7.314000000000001,"rank":1},{"title":"Man-Sized Love","instanceSlug":283,"tags":[],"genre":"dance","debut":"1986-08","playlists":[],"scores":[0.137,0.521,0.633,0.694,0.676,0.6580000000000001,0.6220000000000003,0.5680000000000006,0.496000000000001,0.40600000000000147,0.29800000000000204,0.1720000000000027,0.028000000000003467,0],"ascent":[0.137,0.521,0.633,0.694],"descent-weeks":9.981268011527401,"ascent-weeks":4.290345821325649,"peak":0.694,"messages":[],"ranks":{},"unscored":false,"score":6.6030000000000095,"duration":4,"genres":["dance"],"role":true,"scoreFactor":1,"totalScore":6.6030000000000095,"rank":2},{"title":"I'd Still Say Yes\n","instanceSlug":"xr16","tags":[],"parents":[],"debut":1987,"playlists":["ballad"],"scores":[0.06598375312412476,0.2030776914068183,0.301193056620186,0.3409478984765868,0.33869552436382544,0.31621087087990923,0.2804605085557297,0.23605975052257092,0.1847485791349194,0.13213155898292103,0.08683325564508472,0.05540771863219488,0.037322633991217026,0.025642385465293193,0.017464780240631188,0.012401993777415035,0.00847955684400092,0.005640842655814561,0.003514996331278461,0.0020604294654008285,0.0010981486048028386,0.0005138044865102334,0.00013287517462162206,0.000022917314953645,0.00000564962175710012,0],"ascent":[0.06598375312412476,0.2030776914068183,0.301193056620186,0.3409478984765868],"descent-weeks":9.176460781048073,"ascent-weeks":4.008834210589608,"peak":0.3409478984765868,"messages":[],"ranks":{},"unscored":false,"score":2.996999078795155,"duration":4,"role":true,"scoreFactor":1,"totalScore":2.996999078795155,"rank":3}],"score":16.913999078795165,"songCount":3,"songAdjustedAverage":9.765301921215471,"rank":312,"ranks":{"origin:us":{"rank":36,"total":154}}}