{"title":"Leif Garrett","instanceSlug":"leif-garrett","tags":[],"parents":[],"genres":[],"members":[],"xref":[],"complete":false,"origin":"","birth":"","death":"","type":{"title":"Solo Male","artists":[],"artistCount":0,"score":0,"artistAdjustedAverage":0,"slug":"m"},"songs":[{"title":"I Was Made for Dancing","instanceSlug":1558,"tags":["dance","dancing","i","made"],"parents":[],"genre":"pop","debut":1979,"playlists":[],"ranks":{},"scores":[0.1,0.21,0.312951,0.35561236147633757,0.357477963561,0.3554898496959574,0.34952550810082983,0.3395849387756172,0.32566814172031944,0.30777511693493664,0.2859058644194687,0.26006038417391575,0.23023867619827773,0.19644074049255467,0.1586665770567465,0.11691618589085323,0.07118956699487493,0.0214867203688116],"ascent":[0.1,0.21,0.312951,0.35561236147633757,0.357477963561],"descent-weeks":13.409235266172923,"messages":[],"score":4.3549895958605,"debutScore":0.1,"peakScore":0.357477963561,"duration":5,"genres":["pop"],"role":true,"scoreFactor":1,"rank":1}],"score":4.3549895958605,"songCount":1,"songAdjustedAverage":4.3549895958605,"rank":910}