{"title":"Life of Dylan","instanceSlug":"life-of-dylan","tags":[],"genres":[],"members":[],"xref":[],"complete":false,"active":true,"origin":"","birth":"","death":"","songs":[{"title":"Overload","instanceSlug":2816,"tags":[],"genre":"pop","debut":2015,"playlists":[],"scores":[0.1535,0.24625,0.34875,0.34275,0.335895,0.322185,0.30162,0.2742,0.239925,0.198795,0.15081,0.09597,0.034275,0],"ascent":[0.1535,0.24625,0.34875],"descent-weeks":2.1450093830645156,"ascent-weeks":3.2193548387096773,"peak":0.34875,"messages":[],"ranks":{},"unscored":false,"score":1.2472146815624998,"duration":2,"genres":["pop"],"role":true,"scoreFactor":1,"totalScore":1.2472146815624998,"rank":1}],"songCount":1,"songAdjustedAverage":1.2472146815624998,"collaborators":[],"rank":1115}