{"title":"Linear","instanceSlug":"linear","tags":[],"parents":[],"genres":[],"members":[],"xref":[],"complete":false,"origin":"","birth":"","death":"","type":{"title":"Group (deprecated)","artists":[],"artistCount":0,"score":0,"artistAdjustedAverage":0,"slug":"g"},"songs":[{"title":"Sending All My Love","instanceSlug":1343,"tags":["my-love","send-love"],"genre":"pop","debut":1990,"playlists":[],"scores":[0.11200821741159168,0.2583089452886115,0.3629502216570068,0.40561236147633756,0.4074779635603355,0.4010252787810335,0.38166722444312745,0.3494038005466175,0.3042350070915035,0.2461608440777855,0.17518131150546346,0.09129640937453744],"ascent":[0.11200821741159168,0.2583089452886115,0.3629502216570068,0.40561236147633756,0.4074779635603355],"descent-weeks":7.946608886477515,"messages":[],"ranks":{},"score":3.495327585213952,"debutScore":0.11200821741159168,"peakScore":0.4074779635603355,"duration":3,"genres":["pop"],"role":true,"scoreFactor":1,"rank":1}],"score":3.495327585213952,"songCount":1,"songAdjustedAverage":3.495327585213952,"rank":1001}