{"title":"Lisa Stansfield","instanceSlug":"lisa-stansfield","tags":[],"parents":[],"genres":[{"instanceSlug":"dance","title":"Dance","parents":[]}],"members":[],"xref":[],"complete":true,"origin":{"title":"Manchester","instanceSlug":"manchester","tags":[],"parents":["england"]},"birth":"","death":"","type":{"title":"Solo Female","artists":[],"artistCount":0,"score":0,"artistAdjustedAverage":0,"slug":"f"},"songs":[{"title":"This Is the Right Time","instanceSlug":100,"tags":["this-is"],"genre":"pop","debut":"1990-09","note":"Project 8 weeks at #1.","ascent":[0.665,1],"descent-weeks":18,"messages":[],"ranks":{},"score":13.15574074074074,"debutScore":0.665,"peakScore":1,"scores":[0.665,1,0.9969135802469136,0.9876543209876543,0.9722222222222222,0.9506172839506173,0.9228395061728395,0.8888888888888888,0.8487654320987654,0.8024691358024691,0.75,0.691358024691358,0.6265432098765431,0.5555555555555556,0.4783950617283951,0.3950617283950617,0.30555555555555547,0.2098765432098766,0.10802469135802473],"duration":5,"genres":["pop"],"playlists":[],"role":true,"scoreFactor":1,"rank":1},{"title":"All Around the World","instanceSlug":1935,"tags":["#1","#1-r&b"],"parents":[],"genre":"pop","debut":"1990-02","playlists":[],"ranks":{},"scores":[0.123,0.5085,0.7185,0.753,0.7460038283003108,0.725015313201243,0.6900344547027968,0.6410612528049721,0.578095707507769,0.5011378188111872,0.41018758671522704,0.3052450112198884,0.18631009232517123,0.053382830031075676],"ascent":[0.123,0.5085,0.7185,0.753],"descent-weeks":10.37450199203187,"messages":[],"score":6.939473895619642,"debutScore":0.123,"peakScore":0.753,"duration":4,"genres":["pop"],"role":true,"scoreFactor":1,"rank":2},{"title":"You Can't Deny It","instanceSlug":2955,"tags":["#1","#1-r&b"],"parents":[],"genre":"pop","debut":"1990-07","playlists":[],"ranks":{},"scores":[0.075,0.249,0.437,0.529,0.5214191306328527,0.4986765225314109,0.46077217569567447,0.4077060901256435,0.33947826582131796,0.2560887027826978,0.15753740100978322,0.043824360502573975],"ascent":[0.075,0.249,0.437,0.529],"descent-weeks":8.353497164461249,"messages":[],"score":3.9755026491019545,"debutScore":0.075,"peakScore":0.529,"duration":3,"genres":["pop"],"role":true,"scoreFactor":1,"rank":3}],"score":24.070717285462337,"songCount":3,"songAdjustedAverage":13.89723510434906,"rank":120,"ranks":{"genre:dance":{"rank":11,"total":27},"origin:manchester":{"rank":4,"total":5}}}