{"title":"Lisa Stansfield","instanceSlug":"lisa-stansfield","tags":[],"parents":[],"genres":[{"instanceSlug":"dance","title":"Dance","parents":[]}],"members":[],"xref":[],"complete":true,"origin":{"title":"Manchester","instanceSlug":"manchester","tags":[],"parents":["england"]},"birth":"","death":"","type":{"title":"Solo Female","artists":[],"artistCount":0,"score":0,"artistAdjustedAverage":0,"slug":"f"},"songs":[{"title":"This Is the Right Time","instanceSlug":100,"tags":["this-is"],"genre":"pop","debut":"1990-09","note":"Project 8 weeks at #1.","ascent":[0.665,1],"descent-weeks":18,"ascent-weeks":2.4975,"peak":1,"messages":[],"ranks":{},"unscored":false,"score":13.665,"duration":5,"genres":["pop"],"playlists":[],"role":true,"scoreFactor":1,"totalScore":13.665,"rank":1},{"title":"All Around the World","instanceSlug":1935,"tags":["#1","#1-r&b"],"parents":[],"genre":"pop","debut":"1990-02","playlists":[],"ranks":{},"scores":[0.123,0.5085,0.7185,0.753,0.735,0.717,0.6809999999999999,0.6269999999999999,0.5549999999999998,0.46499999999999975,0.35699999999999965,0.23099999999999954,0.08699999999999941,0],"ascent":[0.123,0.5085,0.7185,0.753],"descent-weeks":10.37450199203187,"ascent-weeks":4.1892430278884465,"peak":0.753,"messages":[],"unscored":false,"score":7.310999999999999,"duration":4,"genres":["pop"],"role":true,"scoreFactor":1,"totalScore":7.310999999999999,"rank":2},{"title":"You Can't Deny It","instanceSlug":2955,"tags":["#1","#1-r&b"],"parents":[],"genre":"pop","debut":"1990-07","playlists":[],"ranks":{},"scores":[0.075,0.249,0.437,0.529,0.517,0.5,0.456,0.41200000000000003,0.32400000000000007,0.19200000000000012,0.01600000000000018,0],"ascent":[0.075,0.249,0.437,0.529],"descent-weeks":8.353497164461249,"ascent-weeks":3.6578449905482042,"peak":0.529,"messages":[],"unscored":false,"score":4.236000000000001,"duration":3,"genres":["pop"],"role":true,"scoreFactor":1,"totalScore":4.236000000000001,"rank":3}],"score":25.212,"songCount":3,"songAdjustedAverage":14.556154986808846,"rank":124,"ranks":{"genre:dance":{"rank":11,"total":27},"origin:manchester":{"rank":4,"total":5}}}