{"title":"Lisa Keith","instanceSlug":"lisa-keith","tags":[],"parents":[],"genres":[],"members":[],"xref":[],"complete":false,"origin":"","birth":"","death":"","type":{"title":"Solo Female","artists":[],"artistCount":0,"score":0,"artistAdjustedAverage":0,"slug":"f"},"songs":[{"title":"Better Than You","instanceSlug":2326,"tags":[],"parents":[],"genre":"pop","debut":"1993-11","playlists":[],"ranks":{},"scores":[0.145,0.332,0.477,0.645,0.786,0.7719910431417096,0.7299641725668384,0.6599193882753864,0.5618566902673536,0.43577607854274003,0.2816775531015455,0.09956111394377024],"ascent":[0.145,0.332,0.477,0.645,0.786],"descent-weeks":7.4904580152671745,"messages":[],"score":5.925746039839343,"debutScore":0.145,"peakScore":0.786,"duration":3,"genres":["pop"],"role":true,"scoreFactor":1,"rank":1},{"title":"Diamonds","instanceSlug":1011,"tags":["#1","#1-r&b"],"genre":"jazz","debut":"1987-05","playlists":[],"scores":[0.231,0.694,0.689658462527718,0.6766338501108722,0.6549261627494625,0.6245354004434889,0.5854615631929515,0.5377046509978501,0.4812646638581849,0.41614160177395576,0.34233546474516274,0.25984625277180595,0.16867396585388522,0.06881860399140065],"ascent":[0.231,0.694],"descent-weeks":12.643227665706053,"messages":[],"ranks":{},"score":1.2862001286033475,"debutScore":0.231,"peakScore":0.694,"duration":4,"genres":["jazz"],"role":"feature","scoreFactor":0.2,"rank":2},{"title":"Making Love In the Rain","instanceSlug":2110,"tags":[],"genre":"jazz","debut":"1987-09","playlists":[],"scores":[0.097,0.431,0.694,0.6843026236514518,0.655210494605807,0.6067236128630661,0.5388419784232286,0.4515655912862947,0.3448944514522645,0.2188285589211377,0.07336791369291458],"ascent":[0.097,0.431,0.694],"descent-weeks":8.459654178674363,"messages":[],"ranks":{},"score":0.47957352248961654,"debutScore":0.097,"peakScore":0.694,"duration":3,"genres":["jazz"],"role":"backup","scoreFactor":0.1,"rank":3}],"score":7.6915196909323065,"songCount":3,"songAdjustedAverage":4.440700964037075,"rank":899}