{"title":"Lisa Keith","instanceSlug":"lisa-keith","tags":[],"parents":[],"genres":[],"members":[],"xref":[],"complete":false,"origin":"","birth":"","death":"","type":{"title":"Solo Female","artists":[],"artistCount":0,"score":0,"artistAdjustedAverage":0,"slug":"f"},"songs":[{"title":"Better Than You","instanceSlug":2326,"tags":[],"parents":[],"genre":"pop","debut":"1993-11","playlists":[],"ranks":{},"scores":[0.145,0.332,0.477,0.645,0.786,0.744,0.691,0.6379999999999999,0.5319999999999998,0.37299999999999967,0.16099999999999948,0],"ascent":[0.145,0.332,0.477,0.645,0.786],"descent-weeks":7.4904580152671745,"ascent-weeks":4.551526717557251,"peak":0.786,"messages":[],"unscored":false,"score":6.309999999999999,"duration":3,"genres":["pop"],"role":true,"scoreFactor":1,"totalScore":6.309999999999999,"rank":1},{"title":"Diamonds","instanceSlug":1011,"tags":["#1","#1-r&b"],"genre":"jazz","debut":"1987-05","playlists":[],"scores":[0.231,0.694,0.68,0.668,0.65464,0.62792,0.58784,0.5344,0.4676,0.38744,0.29392,0.18704000000000004,0.06680000000000005,0],"ascent":[0.231,0.694],"descent-weeks":12.643227665706053,"ascent-weeks":1.9992795389048992,"peak":0.694,"messages":[],"ranks":{},"unscored":false,"score":1.35492,"duration":4,"genres":["jazz"],"role":"feature","scoreFactor":0.2,"totalScore":6.7745999999999995,"rank":2},{"title":"Making Love In the Rain","instanceSlug":2110,"tags":[],"genre":"jazz","debut":"1987-09","playlists":[],"scores":[0.097,0.431,0.694,0.668,0.6420000000000001,0.5900000000000003,0.5120000000000006,0.4080000000000009,0.27800000000000136,0.12200000000000188,0],"ascent":[0.097,0.431,0.694],"descent-weeks":8.459654178674363,"ascent-weeks":2.6412103746397695,"peak":0.694,"messages":[],"ranks":{},"unscored":false,"score":0.5136000000000005,"duration":3,"genres":["jazz"],"role":"backup","scoreFactor":0.1,"totalScore":5.136000000000005,"rank":3}],"score":8.178519999999999,"songCount":3,"songAdjustedAverage":4.721870723572738,"rank":901}