{"title":"Lita Ford","instanceSlug":"lita-ford","tags":[],"parents":[],"genres":[{"instanceSlug":"rock","title":"Rock","parents":[]}],"members":[],"xref":[],"complete":true,"origin":{"title":"Los Angeles","instanceSlug":"los-angeles","tags":[],"parents":["california"]},"birth":1958,"death":"","type":{"title":"Solo Female","artists":[],"artistCount":0,"score":0,"artistAdjustedAverage":0,"slug":"f"},"songs":[{"title":"Shot of Poison","instanceSlug":1507,"tags":["poison"],"parents":[],"genre":"rock","debut":"1991-12","playlists":[],"ranks":{},"scores":[0.065,0.232,0.328,0.391,0.431,0.463,0.46036297747834815,0.45245190991339257,0.4392667973051333,0.42080763965357026,0.39707443695870354,0.36806718922053305,0.3337858964390589,0.29423055861428105,0.2494011757461995,0.1992977478348141,0.1439202748801251,0.08326875688213235,0.017343193840835925],"ascent":[0.065,0.232,0.328,0.391,0.431,0.463],"descent-weeks":13.250539956803454,"messages":[],"score":5.769278554767129,"debutScore":0.065,"peakScore":0.463,"duration":5,"genres":["rock"],"role":true,"scoreFactor":1,"rank":1},{"title":"Close My Eyes Forever","instanceSlug":2759,"tags":[],"parents":[],"genre":"hard-rock","debut":"1989-05","playlists":["summer"],"ranks":{},"scores":[0.065,0.232,0.328,0.391,0.431,0.463,0.46036297747834815,0.45245190991339257,0.4392667973051333,0.42080763965357026,0.39707443695870354,0.36806718922053305,0.3337858964390589,0.29423055861428105,0.2494011757461995,0.1992977478348141,0.1439202748801251,0.08326875688213235,0.017343193840835925],"ascent":[0.065,0.232,0.328,0.391,0.431,0.463],"descent-weeks":13.250539956803454,"messages":[],"score":5.769278554767129,"debutScore":0.065,"peakScore":0.463,"duration":5,"genres":["hard-rock"],"role":true,"scoreFactor":1,"rank":2},{"title":"Kiss Me Deadly","instanceSlug":788,"tags":[],"parents":[],"genre":"rock","debut":"1988-05","playlists":[],"ranks":{},"scores":[0.065,0.232,0.328,0.391,0.431,0.463,0.44771822865562494,0.4018729146224997,0.32546405790062427,0.21849165848999857,0.08095571639062281],"ascent":[0.065,0.232,0.328,0.391,0.431,0.463],"descent-weeks":5.504319654427644,"messages":[],"score":3.3845025760593703,"debutScore":0.065,"peakScore":0.463,"duration":3,"genres":["rock"],"role":true,"scoreFactor":1,"rank":3}],"score":14.923059685593628,"songCount":3,"songAdjustedAverage":8.615832526610333,"rank":348,"ranks":{"genre:rock":{"rank":59,"total":98},"origin:los-angeles":{"rank":17,"total":31}}}