{"title":"Lita Ford","instanceSlug":"lita-ford","tags":[],"parents":[],"genres":[{"instanceSlug":"rock","title":"Rock","parents":[]}],"members":[],"xref":[],"complete":true,"origin":{"title":"Los Angeles","instanceSlug":"los-angeles","tags":[],"parents":["california"]},"birth":1958,"death":"","type":{"title":"Solo Female","artists":[],"artistCount":0,"score":0,"artistAdjustedAverage":0,"slug":"f"},"songs":[{"title":"Shot of Poison","instanceSlug":1507,"tags":["poison"],"parents":[],"genre":"rock","debut":"1991-12","playlists":[],"ranks":{},"scores":[0.065,0.232,0.328,0.391,0.431,0.463,0.419,0.414,0.404,0.389,0.369,0.344,0.314,0.279,0.239,0.194,0.144,0.089,0.029,0],"ascent":[0.065,0.232,0.328,0.391,0.431,0.463],"descent-weeks":4.416846652267817,"ascent-weeks":6.187904967602592,"peak":0.463,"messages":[],"unscored":false,"score":3.273333333333333,"duration":3,"genres":["rock"],"role":true,"scoreFactor":1,"totalScore":3.273333333333333,"rank":1},{"title":"Close My Eyes Forever","instanceSlug":2759,"tags":[],"parents":[],"genre":"hard-rock","debut":"1989-05","playlists":["summer"],"ranks":{},"scores":[0.065,0.232,0.328,0.391,0.431,0.463,0.419,0.414,0.404,0.389,0.369,0.344,0.314,0.279,0.239,0.194,0.144,0.089,0.029,0],"ascent":[0.065,0.232,0.328,0.391,0.431,0.463],"descent-weeks":4.416846652267817,"ascent-weeks":6.187904967602592,"peak":0.463,"messages":[],"unscored":false,"score":3.273333333333333,"duration":3,"genres":["hard-rock"],"role":true,"scoreFactor":1,"totalScore":3.273333333333333,"rank":2},{"title":"Kiss Me Deadly","instanceSlug":788,"tags":[],"parents":[],"genre":"rock","debut":"1988-05","playlists":[],"ranks":{},"scores":[0.065,0.232,0.328,0.391,0.431,0.463,0.419,0.37499999999999994,0.28699999999999987,0.15499999999999975,0],"ascent":[0.065,0.232,0.328,0.391,0.431,0.463],"descent-weeks":1.1036160907127426,"ascent-weeks":6.187904967602592,"peak":0.463,"messages":[],"unscored":false,"score":2.2506494999999997,"duration":2,"genres":["rock"],"role":true,"scoreFactor":1,"totalScore":2.2506494999999997,"rank":3}],"songCount":3,"songAdjustedAverage":5.0791328569712455,"collaborators":[{"slug":"ozzy-osbourne","title":"Ozzy Osbourne","songCount":1,"score":3.273333333333333}],"rank":374,"ranks":{"genre:rock":{"rank":58,"total":98},"origin:los-angeles":{"rank":11,"total":31}}}