{"title":"Lorde","instanceSlug":"lorde","tags":[],"parents":[],"genres":[],"members":[],"xref":[],"complete":false,"active":true,"origin":{"title":"New Zealand","instanceSlug":"new-zealand","tags":[],"parents":[]},"birth":"1990s","death":"","type":{"title":"Solo Female","artists":[],"artistCount":0,"score":0,"artistAdjustedAverage":0,"slug":"f"},"songs":[{"title":"Everybody Wants To Rule the World","instanceSlug":1646,"tags":[],"parents":[],"genre":"pop","debut":2013,"playlists":[],"remake":true,"scores":[0.077,0.26,0.444,0.491,0.386,0.381,0.371,0.356,0.336,0.311,0.281,0.246,0.206,0.161,0.111,0.056,0.0010000000000000009,0],"ascent":[0.077,0.26,0.444,0.491],"descent-weeks":11.285132382892057,"ascent-weeks":3.885947046843177,"peak":0.491,"messages":[],"ranks":{},"unscored":false,"score":4.965999999999999,"duration":4,"genres":["pop"],"role":true,"scoreFactor":1,"totalScore":4.965999999999999,"rank":1},{"title":"Team","instanceSlug":3038,"tags":["#1","#1-rdwt40-hot-adult"],"parents":[],"genre":"pop","debut":2013,"playlists":[],"ranks":{},"scores":[0.077,0.26,0.444,0.491,0.386,0.381,0.371,0.356,0.336,0.311,0.281,0.246,0.206,0.161,0.111,0.056,0.0010000000000000009,0],"ascent":[0.077,0.26,0.444,0.491],"descent-weeks":11.285132382892057,"ascent-weeks":3.885947046843177,"peak":0.491,"messages":[],"unscored":false,"score":4.965999999999999,"duration":4,"genres":["pop"],"role":true,"scoreFactor":1,"totalScore":4.965999999999999,"rank":2},{"title":"Royals","instanceSlug":929,"tags":["#1","#1-rdwt40-hot-adult","royal"],"parents":[],"genre":"pop","debut":2013,"playlists":[],"ranks":{},"scores":[0.077,0.26,0.444,0.491,0.386,0.281,0.07100000000000006,0],"ascent":[0.077,0.26,0.444,0.491],"descent-weeks":3.7545824847250513,"ascent-weeks":3.885947046843177,"peak":0.491,"messages":[],"unscored":false,"score":2.501,"duration":2,"genres":["pop"],"role":true,"scoreFactor":1,"totalScore":2.501,"rank":3}],"score":12.432999999999998,"songCount":3,"songAdjustedAverage":7.178195896834616,"rank":500,"ranks":{"origin:new-zealand":{"rank":1,"total":1}}}