{"title":"Lorde","instanceSlug":"lorde","tags":[],"parents":[],"genres":[],"members":[],"xref":[],"complete":false,"active":true,"origin":{"title":"New Zealand","instanceSlug":"new-zealand","tags":[],"parents":[]},"birth":"1990s","death":"","type":{"title":"Solo Female","artists":[],"artistCount":0,"score":0,"artistAdjustedAverage":0,"slug":"f"},"songs":[{"title":"Everybody Wants To Rule the World","instanceSlug":1646,"tags":[],"parents":[],"genre":"pop","debut":2013,"playlists":[],"remake":true,"scores":[0.077,0.26,0.444,0.491,0.4871446112474673,0.4755784449898691,0.45630150122720553,0.4293137799594765,0.394615281186682,0.3522060049088221,0.3020859511258968,0.24425511983790602,0.1787135110448498,0.10546112474672813,0.024497960943541026],"ascent":[0.077,0.26,0.444,0.491],"descent-weeks":11.285132382892057,"messages":[],"ranks":{},"score":4.722173291218445,"debutScore":0.077,"peakScore":0.491,"duration":4,"genres":["pop"],"role":true,"scoreFactor":1,"rank":1},{"title":"Team","instanceSlug":3038,"tags":["#1","#1-rdwt40-hot-adult"],"parents":[],"genre":"pop","debut":2013,"playlists":[],"ranks":{},"scores":[0.077,0.26,0.444,0.491,0.4871446112474673,0.4755784449898691,0.45630150122720553,0.4293137799594765,0.394615281186682,0.3522060049088221,0.3020859511258968,0.24425511983790602,0.1787135110448498,0.10546112474672813,0.024497960943541026],"ascent":[0.077,0.26,0.444,0.491],"descent-weeks":11.285132382892057,"messages":[],"score":4.722173291218445,"debutScore":0.077,"peakScore":0.491,"duration":4,"genres":["pop"],"role":true,"scoreFactor":1,"rank":2},{"title":"Royals","instanceSlug":929,"tags":["#1","#1-rdwt40-hot-adult","royal"],"parents":[],"genre":"pop","debut":2013,"playlists":[],"ranks":{},"scores":[0.077,0.26,0.444,0.491,0.4561696216167625,0.35167848646705024,0.177526594550863],"ascent":[0.077,0.26,0.444,0.491],"descent-weeks":3.7545824847250513,"messages":[],"score":2.2573747026346758,"debutScore":0.077,"peakScore":0.491,"duration":2,"genres":["pop"],"role":true,"scoreFactor":1,"rank":3}],"score":11.701721285071566,"songCount":3,"songAdjustedAverage":6.755991933918042,"rank":490,"ranks":{"origin:new-zealand":{"rank":1,"total":1}}}