{"title":"Los del Rio","instanceSlug":"los-del-rio","tags":[],"parents":[],"genres":[],"members":[],"xref":[],"complete":false,"origin":"","birth":"","death":"","type":{"title":"All-Male Group","artists":[],"artistCount":0,"score":0,"artistAdjustedAverage":0,"slug":"mmm"},"songs":[{"title":"Macarena","instanceSlug":396,"tags":["#1","#1-hot-100"],"genres":["dance","latin-dance"],"debut":"1996-06","playlists":["summer"],"scores":[0.077,0.521,0.823,0.804,0.777,0.75,0.696,0.6149999999999999,0.5069999999999998,0.37199999999999966,0.20999999999999952,0.020999999999999353,0],"ascent":[0.077,0.521,0.823],"descent-weeks":10.160996354799511,"ascent-weeks":2.589914945321993,"peak":0.823,"messages":[],"ranks":{},"unscored":false,"score":6.995999999999999,"duration":3,"role":true,"scoreFactor":1,"totalScore":6.995999999999999,"rank":1}],"score":6.995999999999999,"songCount":1,"songAdjustedAverage":6.995999999999999,"rank":512}