{"title":"Mac Davis","instanceSlug":"mac-davis","tags":[],"parents":[],"genres":[],"members":[],"xref":[],"complete":true,"origin":{"title":"Texas","instanceSlug":"texas","tags":[],"parents":["us"]},"birth":"","death":"","songs":[{"title":"Baby Don't Get Hooked On Me","instanceSlug":"macdavis01","tags":["#1","#1-adult-contemporary","#1-hot-100"],"genres":["adult-contemporary","pop","country"],"debut":1972,"playlists":[],"scores":[0.12,0.463,0.694,0.701,0.6937363158675184,0.6719452634700737,0.6356268428076659,0.5847810538802949,0.5194078966879607,0.4395073712306636,0.3450794775084032,0.2361242155211797,0.11264158526899301],"ascent":[0.12,0.463,0.694,0.701],"descent-weeks":9.823823109843092,"messages":[],"ranks":{},"score":6.216850022242753,"debutScore":0.12,"peakScore":0.701,"duration":3,"role":true,"scoreFactor":1,"rank":1}],"score":6.216850022242753,"songCount":1,"songAdjustedAverage":6.216850022242753,"rank":561,"ranks":{"origin:texas":{"rank":8,"total":9}}}