{"title":"Manfred Mann","instanceSlug":"manfredd-mann","tags":[],"parents":[],"genres":[{"instanceSlug":"pop","title":"Pop","parents":[]}],"members":[],"xref":[],"complete":true,"origin":{"title":"England","instanceSlug":"england","tags":[],"parents":["uk"]},"birth":"","death":"","type":{"title":"All-Male Group","artists":[],"artistCount":0,"score":0,"artistAdjustedAverage":0,"slug":"mmm"},"songs":[{"title":"Do Wah Diddy Diddy","instanceSlug":2995,"tags":[],"parents":[],"genre":"pop","debut":1964,"playlists":[],"ranks":{},"scores":[0.1,0.21,0.312951,0.35561236147633757,0.357477963561,0.3446276515977258,0.3289181,0.31523776166182677,0.31,0.3038,0.2914,0.2728,0.248,0.217,0.17980000000000002,0.13640000000000002,0.08680000000000003,0.03100000000000004,0],"ascent":[0.1,0.21,0.312951,0.35561236147633757,0.357477963561],"descent-weeks":3.7979818802043264,"ascent-weeks":5.606113360366711,"peak":0.357477963561,"messages":[],"unscored":false,"score":2.2411712104886847,"duration":3,"genres":["pop"],"role":true,"scoreFactor":1,"totalScore":2.2411712104886847,"rank":1},{"title":"Mighty Quinn","instanceSlug":2996,"tags":[],"parents":[],"genre":"pop","debut":1968,"playlists":[],"ranks":{},"scores":[0.1,0.21,0.312951,0.35561236147633757,0.357477963561,0.3446276515977258,0.3289181,0.31523776166182677,0.31,0.3038,0.2914,0.2728,0.248,0.217,0.17980000000000002,0.13640000000000002,0.08680000000000003,0.03100000000000004,0],"ascent":[0.1,0.21,0.312951,0.35561236147633757,0.357477963561],"descent-weeks":3.7979818802043264,"ascent-weeks":5.606113360366711,"peak":0.357477963561,"messages":[],"unscored":false,"score":2.2411712104886847,"duration":3,"genres":["pop"],"role":true,"scoreFactor":1,"totalScore":2.2411712104886847,"rank":2},{"title":"Blinded by the Light","instanceSlug":2997,"tags":["#1","#1-hot-100"],"parents":[],"genre":"rock","debut":1977,"playlists":[],"ranks":{},"scores":[0.1,0.21,0.312951,0.35561236147633757,0.357477963561,0.3446276515977258,0.3289181,0.31523776166182677,0.31,0.3038,0.2914,0.2728,0.248,0.217,0.17980000000000002,0.13640000000000002,0.08680000000000003,0.03100000000000004,0],"ascent":[0.1,0.21,0.312951,0.35561236147633757,0.357477963561],"descent-weeks":3.7979818802043264,"ascent-weeks":5.606113360366711,"peak":0.357477963561,"messages":[],"unscored":false,"score":2.2411712104886847,"duration":3,"genres":["rock"],"role":true,"scoreFactor":1,"totalScore":2.2411712104886847,"rank":3},{"title":"Spirit in the Night","instanceSlug":2998,"tags":[],"parents":[],"genre":"rock","debut":1977,"playlists":[],"ranks":{},"scores":[0.1,0.21,0.312951,0.35561236147633757,0.357477963561,0.3446276515977258,0.3289181,0.31523776166182677,0.31,0.3038,0.2914,0.2728,0.248,0.217,0.17980000000000002,0.13640000000000002,0.08680000000000003,0.03100000000000004,0],"ascent":[0.1,0.21,0.312951,0.35561236147633757,0.357477963561],"descent-weeks":3.7979818802043264,"ascent-weeks":5.606113360366711,"peak":0.357477963561,"messages":[],"unscored":false,"score":2.2411712104886847,"duration":3,"genres":["rock"],"role":true,"scoreFactor":1,"totalScore":2.2411712104886847,"rank":4},{"title":"Runner","instanceSlug":2999,"tags":[],"parents":[],"genre":"rock","debut":"1984-03","playlists":[],"ranks":{},"scores":[0.1,0.21,0.312951,0.35561236147633757,0.357477963561,0.3446276515977258,0.3289181,0.31523776166182677,0.31,0.3038,0.2914,0.2728,0.248,0.217,0.17980000000000002,0.13640000000000002,0.08680000000000003,0.03100000000000004,0],"ascent":[0.1,0.21,0.312951,0.35561236147633757,0.357477963561],"descent-weeks":3.7979818802043264,"ascent-weeks":5.606113360366711,"peak":0.357477963561,"messages":[],"unscored":false,"score":2.2411712104886847,"duration":3,"genres":["rock"],"role":true,"scoreFactor":1,"totalScore":2.2411712104886847,"rank":5}],"songCount":5,"songAdjustedAverage":5.011411175868188,"collaborators":[],"rank":384,"ranks":{"genre:pop":{"rank":82,"total":130},"origin:england":{"rank":23,"total":39}}}