{"title":"Marc Anthony","instanceSlug":"marc-anthony","tags":[],"parents":[],"genres":[{"instanceSlug":"latin","title":"Latin","parents":[]}],"members":[],"xref":[],"complete":true,"origin":{"title":"Bronx","instanceSlug":"bronx","tags":[],"parents":["nyc"]},"birth":"","death":"","type":{"title":"Solo Male","artists":[],"artistCount":0,"score":0,"artistAdjustedAverage":0,"slug":"m"},"songs":[{"title":"You Sang to Me","instanceSlug":2122,"tags":[],"parents":[],"genre":"latin-pop","debut":"2000-04","playlists":[],"ranks":{},"scores":[0.038,0.213,0.391,0.513,0.563,0.546,0.498,0.493,0.483,0.468,0.448,0.423,0.393,0.358,0.318,0.273,0.223,0.168,0.108,0.043,0],"ascent":[0.038,0.213,0.391,0.513,0.563],"descent-weeks":15.468916518650087,"ascent-weeks":4.577264653641208,"peak":0.563,"messages":[],"unscored":false,"score":7.523999999999998,"duration":5,"genres":["latin-pop"],"role":true,"scoreFactor":1,"totalScore":7.523999999999998,"rank":1},{"title":"I Need to Know","instanceSlug":535,"tags":["i","i-need","know","need"],"parents":[],"genre":"latin-pop","debut":"1999-10","playlists":[],"ranks":{},"scores":[0.038,0.213,0.391,0.513,0.563,0.546,0.498,0.44999999999999996,0.35399999999999987,0.20999999999999974,0.017999999999999572,0],"ascent":[0.038,0.213,0.391,0.513,0.563],"descent-weeks":7.03108348134991,"ascent-weeks":4.577264653641208,"peak":0.563,"messages":[],"unscored":false,"score":4.356999999999999,"duration":3,"genres":["latin-pop"],"role":true,"scoreFactor":1,"totalScore":4.356999999999999,"rank":2}],"score":11.880999999999997,"songCount":2,"songAdjustedAverage":8.401135667277368,"rank":406,"ranks":{"genre:latin":{"rank":3,"total":5},"origin:bronx":{"rank":4,"total":4}}}