{"title":"Mark Ronson","instanceSlug":"mark-ronson","tags":[],"genres":[],"members":[],"xref":[],"complete":false,"active":true,"origin":"","birth":"","death":"","type":{"title":"Solo Male","artists":[],"artistCount":0,"score":0,"artistAdjustedAverage":0,"slug":"m"},"songs":[{"title":"Uptown Funk","instanceSlug":2524,"tags":["#1"],"genre":"dance-pop","debut":2015,"playlists":[],"scores":[0.097,0.351,0.633,0.887,0.8683402028395407,0.8123608113581628,0.7190618255558664,0.5884432454326514,0.4205050709885178,0.2152473022234656],"ascent":[0.097,0.351,0.633,0.887],"descent-weeks":6.894588500563694,"messages":[],"ranks":{},"score":5.591958458398204,"debutScore":0.097,"peakScore":0.887,"duration":3,"genres":["dance-pop"],"role":true,"scoreFactor":1,"rank":1}],"score":5.591958458398204,"songCount":1,"songAdjustedAverage":5.591958458398204,"rank":652}