{"title":"Mark Ronson","instanceSlug":"mark-ronson","tags":[],"genres":[],"members":[],"xref":[],"complete":false,"active":true,"origin":"","birth":"","death":"","type":{"title":"Solo Male","artists":[],"artistCount":0,"score":0,"artistAdjustedAverage":0,"slug":"m"},"songs":[{"title":"Uptown Funk","instanceSlug":2524,"tags":["#1"],"genre":"dance-pop","debut":2015,"playlists":[],"scores":[0.097,0.351,0.633,0.887,0.835,0.7829999999999999,0.6789999999999998,0.5229999999999997,0.3149999999999995,0.05499999999999927,0],"ascent":[0.097,0.351,0.633,0.887],"descent-weeks":6.894588500563694,"ascent-weeks":3.328072153325817,"peak":0.887,"messages":[],"ranks":{},"unscored":false,"score":6.044999999999996,"duration":3,"genres":["dance-pop"],"role":true,"scoreFactor":1,"totalScore":6.044999999999996,"rank":1}],"score":6.044999999999996,"songCount":1,"songAdjustedAverage":6.044999999999996,"rank":645}