{"title":"Martika","instanceSlug":"martika","tags":[],"parents":[],"genres":[],"members":[],"xref":[],"complete":false,"origin":"","birth":"","death":"","type":{"title":"Solo Female","artists":[],"artistCount":0,"score":0,"artistAdjustedAverage":0,"slug":"f"},"songs":[{"title":"I Feel The Earth Move","instanceSlug":472,"tags":[],"genres":["pop"],"debut":"1989-10","playlists":["remake"],"scores":[0.1,0.2,0.4,0.5,0.529,0.535,0.531,0.526,0.516,0.501,0.481,0.456,0.426,0.391,0.351,0.306,0.256,0.201,0.141,0.076,0.006,0],"ranks":{},"score":7.429000000000001,"debutScore":0.1,"peakScore":0.535,"duration":6,"role":true,"scoreFactor":1,"rank":1},{"title":"Toy Soldiers","instanceSlug":2028,"tags":[],"parents":[],"genre":"pop","debut":"1989-06","playlists":["summer"],"ranks":{},"scores":[0.0845,0.228,0.401,0.45699999999999996,0.4685,0.4555,0.451,0.4435,0.431,0.4135,0.391,0.36350000000000005,0.33099999999999996,0.2935,0.251,0.20350000000000001,0.151,0.1005,0.0705,0.038,0.003,0],"score":6.030000000000001,"debutScore":0.0845,"peakScore":0.4685,"duration":6,"genres":["pop"],"role":true,"scoreFactor":1,"rank":2},{"title":"I Love You More Than You Know","instanceSlug":2767,"tags":[],"parents":[],"genre":"pop","debut":"1989-03","playlists":[],"ranks":{},"scores":[0.0845,0.228,0.401,0.45699999999999996,0.4685,0.4555,0.451,0.4435,0.431,0.4135,0.391,0.36350000000000005,0.33099999999999996,0.2935,0.251,0.20350000000000001,0.151,0.1005,0.0705,0.038,0.003,0],"score":6.030000000000001,"debutScore":0.0845,"peakScore":0.4685,"duration":6,"genres":["pop"],"role":true,"scoreFactor":1,"rank":3},{"title":"Love Thy Will Be Done","instanceSlug":967,"tags":[],"parents":[],"genre":"pop","debut":"1991-09","playlists":[],"ranks":{},"scores":[0.069,0.256,0.402,0.414,0.408,0.376,0.371,0.361,0.346,0.326,0.301,0.271,0.236,0.196,0.151,0.101,0.046,0],"score":4.631,"debutScore":0.069,"peakScore":0.414,"duration":5,"genres":["pop"],"role":true,"scoreFactor":1,"rank":4}],"score":24.120000000000005,"songCount":4,"songAdjustedAverage":12.060000000000002,"rank":321}