{"title":"Martika","instanceSlug":"martika","tags":[],"parents":[],"genres":[],"members":[],"xref":[],"complete":false,"origin":"","birth":"","death":"","type":{"title":"Solo Female","artists":[],"artistCount":0,"score":0,"artistAdjustedAverage":0,"slug":"f"},"songs":[{"title":"I Love You More Than You Know","instanceSlug":2767,"tags":[],"genre":"pop","debut":"1989-03","playlists":[],"scores":[0.228,0.557,0.6685,0.7555,0.751,0.7435,0.72863,0.69889,0.65428,0.5948,0.52045,0.43123,0.32714,0.20818,0.07435000000000003,0],"ascent":[0.228,0.557,0.6685,0.7555],"descent-weeks":12.881436135009928,"ascent-weeks":4.385837193911318,"peak":0.7555,"messages":[],"ranks":{},"unscored":false,"score":8.69695,"duration":4,"genres":["pop"],"role":true,"scoreFactor":1,"totalScore":8.69695,"rank":1},{"title":"I Feel The Earth Move","instanceSlug":472,"tags":[],"genres":["pop"],"debut":"1989-10","playlists":[],"remake":"472a","scores":[0.1818,0.3333,0.5714,0.6666,0.692,0.697,0.693,0.67914,0.65142,0.60984,0.5544,0.4851,0.40193999999999996,0.30491999999999997,0.19404,0.0693,0],"ascent":[0.1818,0.3333,0.5714,0.6666,0.692,0.697],"descent-weeks":11.492324246771881,"ascent-weeks":6.7620516499282655,"peak":0.697,"messages":[],"ranks":{},"unscored":false,"score":8.4822,"duration":5,"role":true,"scoreFactor":1,"totalScore":8.4822,"rank":2},{"title":"Love... Thy Will Be Done","instanceSlug":967,"tags":[],"genre":"pop","debut":"1991-09","playlists":[],"scores":[0.269,0.456,0.6,0.614,0.608,0.598,0.58604,0.56212,0.5262399999999999,0.47839999999999994,0.4185999999999999,0.3468399999999999,0.2631199999999999,0.16743999999999992,0.05979999999999992,0],"ascent":[0.269,0.456,0.6,0.614],"descent-weeks":12.773452768729644,"ascent-weeks":4.736970684039088,"peak":0.614,"messages":[],"ranks":{},"unscored":false,"score":7.167600000000002,"duration":5,"genres":["pop"],"role":true,"scoreFactor":1,"totalScore":7.167600000000002,"rank":3},{"title":"Toy Soldiers","instanceSlug":"2028","tags":[],"parents":[],"genre":"pop","debut":"1989-06","playlists":["summer","addiction"],"ranks":{},"scores":[0.1,0.228,0.41,0.457,0.4685,0.45913000000000004,0.44039000000000006,0.41228000000000004,0.3748,0.32795,0.27173,0.20614000000000002,0.13118000000000002,0.04685,0],"ascent":[0.1,0.228,0.41,0.457,0.4685],"descent-weeks":10.05,"ascent-weeks":5.326040554962646,"peak":0.4685,"messages":[],"unscored":false,"score":4.80245,"duration":4,"genres":["pop"],"role":true,"scoreFactor":1,"totalScore":4.80245,"rank":4}],"score":29.1492,"songCount":4,"songAdjustedAverage":14.5746,"rank":123}