{"title":"Meghan Trainor","instanceSlug":"meghan-trainor","tags":[{"title":"Major Artists of the 2010s","instanceSlug":"2010s","coverage":{"artist":true},"tags":[],"parents":[]}],"parents":[],"genres":[],"members":[],"xref":[],"complete":false,"active":true,"origin":"","birth":"","death":"","type":{"title":"Solo Female","artists":[],"artistCount":0,"score":0,"artistAdjustedAverage":0,"slug":"f"},"songs":[{"title":"No","instanceSlug":"gQpz","tags":[],"parents":[],"genre":"pop","debut":2016,"playlists":[],"scores":[0.06208480746386911,0.20199400396112047,0.300902954038119,0.3408754613664351,0.3394837408818732,0.31931445187447666,0.2887199390562856,0.25285131262610966,0.2122968751637769,0.17096647466980294,0.13416498053133488,0.1045203708202467,0.08193386461703503,0.06383406992429892,0.04927035313439123,0.037329175928368645,0.02759722688990112,0.01969374864609082,0.013471497936694365,0.00724924722729791,0],"ascent":[0.06208480746386911,0.20199400396112047,0.300902954038119,0.3408754613664351],"descent-weeks":2.029293455530183,"ascent-weeks":3.9861650199092646,"peak":0.3408754613664351,"messages":[],"ranks":{},"unscored":false,"score":1.3670147887640358,"duration":2,"genres":["pop"],"role":true,"scoreFactor":1,"totalScore":1.3670147887640358,"rank":1},{"title":"All About That Bass","instanceSlug":2527,"tags":[],"genre":"pop","debut":2015,"playlists":[],"scores":[0.1535,0.24625,0.34875,0.34275,0.335895,0.322185,0.30162,0.2742,0.239925,0.198795,0.15081,0.09597,0.034275,0],"ascent":[0.1535,0.24625,0.34875],"descent-weeks":2.1450093830645156,"ascent-weeks":3.2193548387096773,"peak":0.34875,"messages":[],"ranks":{},"unscored":false,"score":1.2472146815624998,"duration":2,"genres":["pop"],"role":true,"scoreFactor":1,"totalScore":1.2472146815624998,"rank":2}],"songCount":2,"songAdjustedAverage":1.8485393860456096,"collaborators":[],"rank":1014,"ranks":{"tag:2010s":{"rank":6,"total":12}}}