{"title":"Meghan Trainor","instanceSlug":"meghan-trainor","tags":[{"title":"Major Artists of the 2010s","instanceSlug":"2010s","coverage":{"artist":true},"tags":[],"parents":[]}],"parents":[],"genres":[],"members":[],"xref":[],"complete":false,"active":true,"origin":"","birth":"","death":"","type":{"title":"Solo Female","artists":[],"artistCount":0,"score":0,"artistAdjustedAverage":0,"slug":"f"},"songs":[{"title":"All About That Bass","instanceSlug":2527,"tags":[],"genre":"pop","debut":2015,"playlists":[],"scores":[0.1535,0.24625,0.34875,0.34605566674276134,0.33797266697104533,0.324501000684852,0.3056406678841813,0.2813916685690333,0.25175400273940796,0.21672767039530527,0.17631267153672525,0.13050900616366784,0.07931667427613316,0.022735675874121106],"ascent":[0.1535,0.24625,0.34875],"descent-weeks":11.377096774193548,"messages":[],"ranks":{},"score":3.2214173718372328,"debutScore":0.1535,"peakScore":0.34875,"duration":4,"genres":["pop"],"role":true,"scoreFactor":1,"rank":1},{"title":"No","instanceSlug":"gQpz","tags":[],"parents":[],"genre":"pop","debut":2016,"playlists":[],"scores":[0.06208480746386911,0.20199400396112047,0.300902954038119,0.3408754613664351,0.3379749544839605,0.3292734338365367,0.3147708994241637,0.2944673512468415,0.2683627893045701,0.23645721359734947,0.1987506241251797,0.15524302088806066,0.10593440388599248,0.05082477311897506],"ascent":[0.06208480746386911,0.20199400396112047,0.300902954038119,0.3408754613664351],"descent-weeks":10.84078968937334,"messages":[],"ranks":{},"score":3.197916690741173,"debutScore":0.06208480746386911,"peakScore":0.3408754613664351,"duration":4,"genres":["pop"],"role":true,"scoreFactor":1,"rank":2}],"score":6.419334062578406,"songCount":2,"songAdjustedAverage":4.53915464635098,"rank":881,"ranks":{"tag:2010s":{"rank":10,"total":12}}}