{"title":"Melissa Manchester","instanceSlug":"melissa-manchester","tags":[],"parents":[],"genres":[],"members":[],"xref":[],"complete":false,"origin":"","birth":"","death":"","type":{"title":"Solo Female","artists":[],"artistCount":0,"score":0,"artistAdjustedAverage":0,"slug":"f"},"songs":[{"title":"You Should Hear How She Talks About You","instanceSlug":612,"tags":["you-should"],"genre":"pop","debut":"1982-07","playlists":[],"ascent":[0.45,1],"descent-weeks":4.10787037037037,"ascent-weeks":2.175,"peak":1,"messages":[],"ranks":{},"unscored":false,"score":4.188580246913579,"duration":2,"genres":["pop"],"role":true,"scoreFactor":1,"totalScore":4.188580246913579,"rank":1},{"title":"Don't Cry Out Loud","instanceSlug":1684,"tags":[],"genre":"pop","debut":1979,"playlists":[],"scores":[0.05929986128304713,0.1995263597162372,0.30010719362631805,0.34125675640985936,0.34282688513132636,0.3306658313541177,0.31571660027979787,0.30267417160583854,0.28846616087753874,0.27200724823668465,0.2536844292337843,0.23301819993271647,0.2105822709641454,0.18659143494251637,0.16153782604249298,0.136114039746316,0.11108654702397452,0.08713887309040447,0.06481295613444857,0.044676661919001784,0.02800255554546858,0.01545456302759887,0.0029065705097291623,0],"ascent":[0.05929986128304713,0.1995263597162372,0.30010719362631805,0.34125675640985936,0.34282688513132636],"descent-weeks":3.8137799729553583,"ascent-weeks":5.438679593451197,"peak":0.34282688513132636,"messages":[],"ranks":{},"unscored":false,"score":2.1146612619698013,"duration":3,"genres":["pop"],"role":true,"scoreFactor":1,"totalScore":2.1146612619698013,"rank":2},{"title":"Come In Out of the Rain","instanceSlug":"pkeB","tags":[],"parents":[],"playlists":[],"scores":[0.1,0.2,0.31,0.34125675641,0.342827,0.331,0.31571661,0.31,0.288466161,0.2721,0.2536844292337843,0.2331,0.211,0.18889999999999998,0.14469999999999997,0.07839999999999994,0],"ascent":[0.1,0.2,0.31,0.34125675641,0.342827],"descent-weeks":3.078220065164323,"ascent-weeks":5.662114228503007,"peak":0.342827,"messages":[],"ranks":{},"unscored":false,"score":1.9976150565967263,"duration":3,"role":true,"scoreFactor":1,"totalScore":1.9976150565967263,"rank":3},{"title":"Midnight Blue","instanceSlug":"2Mq2","tags":[],"parents":[],"playlists":[],"scores":[0.06493517521485907,0.20301020464749156,0.3018005417334737,0.3417822727277001,0.34049378148769893,0.32036673911239577,0.28963567847687105,0.2533831990831219,0.21318416564794027,0.17113569966537778,0.13318152129973762,0.10257039188766756,0.07891734133222605,0.06001314087329579,0.04491139597641368,0.03280764065926471,0.023152393925800742,0.015692574550316155,0.010074380853091296,0.004456187155866438,0],"ascent":[0.06493517521485907,0.20301020464749156,0.3018005417334737,0.3417822727277001],"descent-weeks":1.987908359473083,"ascent-weeks":4.000477498651945,"peak":0.3417822727277001,"messages":[],"ranks":{},"unscored":false,"score":1.3644827523735938,"duration":2,"role":true,"scoreFactor":1,"totalScore":1.3644827523735938,"rank":4}],"songCount":4,"songAdjustedAverage":4.83266965892685,"collaborators":[{"slug":"carol-bayer-sager","title":"MISSING 'carol-bayer-sager'","songCount":3,"score":3.1620083238940038}],"rank":403}