{"title":"Mellow Man Ace","instanceSlug":"mellow-man-ace","tags":[],"parents":[],"genres":[],"members":[],"xref":[],"complete":false,"origin":"","birth":"","death":"","type":{"title":"Solo Male","artists":[],"artistCount":0,"score":0,"artistAdjustedAverage":0,"slug":"m"},"songs":[{"title":"Mentirosa","instanceSlug":1398,"tags":[],"genre":"latin-rap","debut":1990,"playlists":[],"sample":true,"scores":[0.04,0.29,0.385,0.447,0.4556,0.445,0.433,0.421,0.39699999999999996,0.36099999999999993,0.3129999999999999,0.25299999999999984,0.18099999999999977,0.0969999999999997,0.0009999999999996123,0],"ascent":[0.04,0.29,0.385,0.447,0.4556],"descent-weeks":11.054433713784015,"ascent-weeks":5.325724319578578,"peak":0.4556,"messages":[],"ranks":{},"unscored":false,"score":4.975199999999997,"duration":4,"genres":["latin-rap"],"role":true,"scoreFactor":1,"totalScore":4.975199999999997,"rank":1}],"score":4.975199999999997,"songCount":1,"songAdjustedAverage":4.975199999999997,"rank":742}