{"title":"Men at Work","instanceSlug":"men-at-work","tags":[],"parents":[],"genres":[],"members":[],"xref":[],"complete":false,"origin":"","birth":"","death":"","songs":[{"title":"Down Under","instanceSlug":371,"tags":["australia","places"],"parents":[],"genre":"pop","debut":1983,"playlists":[],"ranks":{},"scores":[0.0485,0.184,0.3295,0.39449999999999996,0.41000000000000003,0.39949999999999997,0.368,0.358,0.34299999999999997,0.32299999999999995,0.29800000000000004,0.268,0.233,0.193,0.14800000000000002,0.098,0.053,0.0255,0],"ascent":[0.0485,0.184,0.3295,0.39449999999999996,0.41000000000000003],"descent-weeks":12.870731707317074,"ascent-weeks":4.999390243902439,"peak":0.41000000000000003,"messages":[],"unscored":false,"score":4.8845,"duration":5,"genres":["pop"],"role":true,"scoreFactor":1,"totalScore":4.8845,"rank":1},{"title":"It's a Mistake","instanceSlug":748,"tags":[],"parents":[],"genre":"rock","debut":"1983-07","playlists":[],"ranks":{},"scores":[0.0485,0.184,0.3295,0.39449999999999996,0.41000000000000003,0.39949999999999997,0.368,0.358,0.34299999999999997,0.32299999999999995,0.29800000000000004,0.268,0.233,0.193,0.14800000000000002,0.098,0.053,0.0255,0],"ascent":[0.0485,0.184,0.3295,0.39449999999999996,0.41000000000000003],"descent-weeks":12.870731707317074,"ascent-weeks":4.999390243902439,"peak":0.41000000000000003,"messages":[],"unscored":false,"score":4.8845,"duration":5,"genres":["rock"],"role":true,"scoreFactor":1,"totalScore":4.8845,"rank":2},{"title":"Who Can It Be Now","instanceSlug":617,"tags":[],"parents":[],"debut":"1982-08","playlists":[],"ranks":{},"scores":[0.0485,0.184,0.3295,0.395,0.41,0.4,0.368,0.358,0.348,0.32799999999999996,0.29799999999999993,0.2579999999999999,0.20799999999999985,0.1479999999999998,0.07799999999999974,0],"ascent":[0.0485,0.184,0.3295,0.395,0.41],"descent-weeks":11.71463414634146,"ascent-weeks":5.001219512195123,"peak":0.41,"messages":[],"unscored":false,"score":4.568999999999998,"duration":4,"role":true,"scoreFactor":1,"totalScore":4.568999999999998,"rank":3},{"title":"Dr. Heckle & Mr. Jive","instanceSlug":618,"tags":[],"genres":["pop-rock"],"debut":1983,"playlists":[],"scores":[0.055,0.18,0.361,0.381,0.37,0.359,0.33699999999999997,0.30399999999999994,0.2599999999999999,0.20499999999999985,0.1389999999999998,0.06199999999999972,0],"ascent":[0.055,0.18,0.361,0.381],"descent-weeks":9.51574803149606,"ascent-weeks":3.8464566929133857,"peak":0.381,"messages":[],"ranks":{},"unscored":false,"score":3.393999999999999,"duration":4,"role":true,"scoreFactor":1,"totalScore":3.393999999999999,"rank":4},{"title":"Overkill","instanceSlug":1620,"tags":["unique-words"],"parents":[],"genre":"rock","debut":"1983-04","playlists":[],"ranks":{},"scores":[0.042,0.188,0.298,0.408,0.45,0.434,0.381,0.328,0.22200000000000003,0.06300000000000006,0],"ascent":[0.042,0.188,0.298,0.408,0.45],"descent-weeks":6.260000000000001,"ascent-weeks":4.619999999999999,"peak":0.45,"messages":[],"unscored":false,"score":3.264,"duration":3,"genres":["rock"],"role":true,"scoreFactor":1,"totalScore":3.264,"rank":5}],"score":20.995999999999995,"songCount":5,"songAdjustedAverage":9.389696651117115,"rank":336}