{"title":"Men at Work","instanceSlug":"men-at-work","tags":[],"parents":[],"genres":[],"members":[],"xref":[],"complete":false,"origin":"","birth":"","death":"","songs":[{"title":"Down Under","instanceSlug":371,"tags":["australia","places"],"parents":[],"genre":"pop","debut":1983,"playlists":[],"ranks":{},"scores":[0.0485,0.184,0.3295,0.39449999999999996,0.41000000000000003,0.4075249875847178,0.4000999503388711,0.3877248882624599,0.37039980135548417,0.348124689617944,0.32089955304983936,0.28872439165117025,0.2515992054219366,0.20952399436213856,0.162498758471776,0.11052349775084898,0.053598212199357474],"ascent":[0.0485,0.184,0.3295,0.39449999999999996,0.41000000000000003],"descent-weeks":12.870731707317074,"messages":[],"score":4.677741930066545,"debutScore":0.0485,"peakScore":0.41000000000000003,"duration":4,"genres":["pop"],"role":true,"scoreFactor":1,"rank":1},{"title":"It's a Mistake","instanceSlug":748,"tags":[],"parents":[],"genre":"rock","debut":"1983-07","playlists":[],"ranks":{},"scores":[0.0485,0.184,0.3295,0.39449999999999996,0.41000000000000003,0.4075249875847178,0.4000999503388711,0.3877248882624599,0.37039980135548417,0.348124689617944,0.32089955304983936,0.28872439165117025,0.2515992054219366,0.20952399436213856,0.162498758471776,0.11052349775084898,0.053598212199357474],"ascent":[0.0485,0.184,0.3295,0.39449999999999996,0.41000000000000003],"descent-weeks":12.870731707317074,"messages":[],"score":4.677741930066545,"debutScore":0.0485,"peakScore":0.41000000000000003,"duration":4,"genres":["rock"],"role":true,"scoreFactor":1,"rank":2},{"title":"Who Can It Be Now","instanceSlug":617,"tags":[],"parents":[],"debut":"1982-08","playlists":[],"ranks":{},"scores":[0.0485,0.184,0.3295,0.395,0.41,0.4070123728537524,0.3980494914150097,0.3831113556837719,0.36219796566003903,0.335309321343811,0.30244542273508773,0.26360626983386953,0.21879186264015613,0.16800220115394762,0.11123728537524391,0.04849711530404517],"ascent":[0.0485,0.184,0.3295,0.395,0.41],"descent-weeks":11.71463414634146,"messages":[],"score":4.365260663998734,"debutScore":0.0485,"peakScore":0.41,"duration":4,"role":true,"scoreFactor":1,"rank":3},{"title":"Dr. Heckle & Mr. Jive","instanceSlug":618,"tags":[],"genres":["pop-rock"],"debut":1983,"playlists":[],"scores":[0.055,0.18,0.361,0.381,0.3767923548359101,0.3641694193436404,0.3431311935231908,0.31367767737456154,0.27580887089775236,0.2295247740927634,0.17482538695959465,0.11171070949824599,0.04018074170871757],"ascent":[0.055,0.18,0.361,0.381],"descent-weeks":9.51574803149606,"messages":[],"ranks":{},"score":3.2068211282343766,"debutScore":0.055,"peakScore":0.381,"duration":3,"role":true,"scoreFactor":1,"rank":4},{"title":"Overkill","instanceSlug":1620,"tags":["unique-words"],"parents":[],"genre":"rock","debut":"1983-04","playlists":[],"ranks":{},"scores":[0.042,0.188,0.298,0.408,0.45,0.43851677571476694,0.40406710285906766,0.34665098143290224,0.26626841143627067,0.16291939286917298,0.036603925731609054],"ascent":[0.042,0.188,0.298,0.408,0.45],"descent-weeks":6.260000000000001,"messages":[],"score":3.0410265900437894,"debutScore":0.042,"peakScore":0.45,"duration":3,"genres":["rock"],"role":true,"scoreFactor":1,"rank":5}],"score":19.96859224240999,"songCount":5,"songAdjustedAverage":8.930225933800738,"rank":328}