{"title":"Men Without Hats","instanceSlug":"men-without-hats","tags":[],"parents":[],"genres":[],"members":[],"xref":[],"complete":false,"origin":"","birth":"","death":"","songs":[{"title":"The Safety Dance","instanceSlug":619,"tags":[],"parents":[],"genre":"dance","debut":"1983-07","playlists":[],"ranks":{},"scores":[0.075,0.232,0.351,0.431,0.463,0.45,0.419,0.376,0.371,0.361,0.346,0.326,0.301,0.271,0.236,0.196,0.151,0.101,0.046,0],"ascent":[0.075,0.232,0.351,0.431,0.463],"descent-weeks":4.739727141828654,"ascent-weeks":5.028077753779698,"peak":0.463,"messages":[],"unscored":false,"score":3.0149957777777776,"duration":3,"genres":["dance"],"role":true,"scoreFactor":1,"totalScore":3.0149957777777776,"rank":1},{"title":"Pop Goes the World","instanceSlug":620,"tags":["world"],"parents":[],"genre":"pop","debut":"1987-11","playlists":[],"ranks":{},"scores":[0.075,0.232,0.351,0.431,0.463,0.45,0.419,0.376,0.333,0.24700000000000005,0.1180000000000001,0],"ascent":[0.075,0.232,0.351,0.431,0.463],"descent-weeks":1.713993520518359,"ascent-weeks":5.028077753779698,"peak":0.463,"messages":[],"unscored":false,"score":2.081052666666667,"duration":2,"genres":["pop"],"role":true,"scoreFactor":1,"totalScore":2.081052666666667,"rank":2}],"songCount":2,"songAdjustedAverage":3.6034504123218234,"collaborators":[],"rank":565}