{"title":"Michael McDonald","instanceSlug":"michael-mcdonald","tags":[],"parents":[],"genres":[],"members":[],"xref":[],"complete":false,"origin":"","birth":"","death":"","type":{"title":"Solo Male","artists":[],"artistCount":0,"score":0,"artistAdjustedAverage":0,"slug":"m"},"songs":[{"title":"Sweet Freedom","instanceSlug":293,"tags":[],"genre":"pop","debut":"1986-08","playlists":["summer"],"note":"Project 6 weeks at #1.","scores":[0.633,1,0.9985,0.991,0.98,0.9648,0.933,0.9,0.867,0.8009999999999999,0.7019999999999998,0.5699999999999997,0.4049999999999996,0.2069999999999994,0],"ascent":[0.633,1],"descent-weeks":15.478949999999998,"ascent-weeks":2.4495,"peak":1,"messages":[],"ranks":{},"unscored":false,"score":11.952299999999997,"duration":5,"genres":["pop"],"role":true,"scoreFactor":1,"totalScore":11.952299999999997,"rank":1},{"title":"What a Fool Believes","instanceSlug":1694,"tags":[],"parents":[],"genre":"pop","debut":1979,"playlists":["grammy"],"ranks":{},"scores":[0.461,0.724,0.868,0.939,0.95,0.92,0.8900000000000001,0.8300000000000003,0.7400000000000005,0.6200000000000009,0.4700000000000013,0.2900000000000018,0.0800000000000024,0],"ascent":[0.461,0.724,0.868,0.939,0.95],"descent-weeks":9.142105263157909,"ascent-weeks":6.22421052631579,"peak":0.95,"messages":[],"unscored":false,"score":9.732000000000008,"duration":4,"genres":["pop"],"role":"writer","scoreFactor":1,"totalScore":9.732000000000008,"rank":2},{"title":"On My Own","instanceSlug":488,"tags":[],"genre":"pop","debut":"1986-04","playlists":["breakup","feb13","ballad"],"scores":[0.171,0.361,0.656,0.737,0.777,0.744,0.716,0.671,0.6260000000000001,0.5360000000000003,0.40100000000000047,0.22100000000000075,0],"ascent":[0.171,0.361,0.656,0.737,0.777],"descent-weeks":9.057915057915062,"ascent-weeks":5.216216216216217,"peak":0.777,"messages":[],"ranks":{},"unscored":false,"score":7.394000000000003,"duration":4,"genres":["pop"],"role":true,"scoreFactor":1,"totalScore":7.394000000000003,"rank":3},{"title":"I Keep Forgetting","instanceSlug":1254,"tags":[],"parents":[],"genre":"pop","debut":"1982-09","playlists":[],"ranks":{},"scores":[0.16,0.48,0.68,0.7,0.687,0.6732600000000001,0.64578,0.60456,0.5496,0.4809,0.39846,0.30228,0.19235999999999998,0.06869999999999996,0],"ascent":[0.16,0.48,0.68,0.7],"descent-weeks":11.363357142857142,"ascent-weeks":4.328571428571429,"peak":0.7,"messages":[],"unscored":false,"score":7.322899999999999,"duration":4,"genres":["pop"],"role":true,"scoreFactor":1,"totalScore":7.322899999999999,"rank":4},{"title":"Ain't No Mountain High Enough","instanceSlug":"2535a","remake":2535,"tags":[],"genre":"soul","debut":"2000s","playlists":[],"scores":[0.08,0.2,0.31,0.35,0.34,0.33000000000000007,0.31000000000000016,0.2800000000000003,0.2400000000000005,0.19000000000000072,0.130000000000001,0.06000000000000133,0],"ascent":[0.08,0.2,0.31,0.35],"descent-weeks":9.557142857142875,"ascent-weeks":4.028571428571429,"peak":0.35,"messages":[],"ranks":{},"unscored":false,"score":3.170000000000004,"duration":4,"genres":["soul"],"role":true,"scoreFactor":1,"totalScore":3.170000000000004,"rank":5},{"title":"No Looking Back","instanceSlug":991,"tags":[],"parents":[],"genre":"pop","debut":"1985-08","playlists":[],"ranks":{},"scores":[0.077,0.26,0.444,0.456,0.271,0.086,0],"ascent":[0.077,0.26,0.444,0.456],"descent-weeks":2.674342105263158,"ascent-weeks":4.069078947368421,"peak":0.456,"messages":[],"unscored":false,"score":2.05,"duration":2,"genres":["pop"],"role":true,"scoreFactor":1,"totalScore":2.05,"rank":6},{"title":"Yah Mo B There","instanceSlug":2507,"tags":[],"parents":[],"genre":"pop","debut":"1984-01","playlists":[],"ranks":{},"scores":[0.145,0.463,0.752,0.823,0.794,0.7650000000000001,0.7070000000000003,0.6200000000000006,0.5040000000000009,0.3590000000000013,0.18500000000000183,0],"ascent":[0.145,0.463,0.752,0.823],"descent-weeks":8.67010935601459,"ascent-weeks":3.9787363304981773,"peak":0.823,"messages":[],"unscored":false,"score":1.388000000000001,"duration":3,"genres":["pop"],"role":"feature","scoreFactor":0.2,"totalScore":6.940000000000005,"rank":7},{"title":"Heart to Heart","instanceSlug":703,"tags":[],"genre":"rock","debut":"1982-12","playlists":["ballad"],"ranks":{},"scores":[0.097,0.582,1,0.956,0.917,0.88,0.845,0.8099999999999999,0.7399999999999999,0.6349999999999998,0.49499999999999966,0.3199999999999995,0.10999999999999932,0],"ascent":[0.097,0.582,1],"descent-weeks":11.561999999999996,"ascent-weeks":2.5184999999999995,"peak":1,"messages":[],"unscored":false,"score":0.9386999999999998,"duration":4,"genres":["rock"],"role":"backup","scoreFactor":0.1,"totalScore":9.386999999999997,"rank":8},{"title":"Ride Like the Wind","instanceSlug":2306,"tags":[],"parents":[],"genre":"pop","debut":"1980-03","playlists":[],"ranks":{},"scores":[0.097,0.232,0.402,0.521,0.602,0.668,0.694,0.701,0.672,0.592,0.5119999999999999,0.35199999999999976,0.11199999999999954,0],"ascent":[0.097,0.232,0.402,0.521,0.602,0.668,0.694,0.701],"descent-weeks":6.293152639087017,"ascent-weeks":8.381597717546363,"peak":0.701,"messages":[],"unscored":false,"score":0.6858,"duration":4,"genres":["pop"],"role":"backup","scoreFactor":0.1,"totalScore":6.857999999999999,"rank":9},{"title":"Peg","instanceSlug":2973,"tags":[],"genre":"soft-rock","debut":"1978-01","playlists":[],"scores":[0.18,0.52,0.73,0.75,0.72,0.69,0.6299999999999999,0.5399999999999998,0.4199999999999997,0.2699999999999996,0.08999999999999941,0],"ascent":[0.18,0.52,0.73,0.75],"descent-weeks":8.219999999999999,"ascent-weeks":4.359999999999999,"peak":0.75,"messages":[],"ranks":{},"unscored":false,"score":0.629,"duration":3,"genres":["soft-rock"],"role":"backup","scoreFactor":0.1,"totalScore":6.289999999999999,"rank":10},{"title":"This Is It","instanceSlug":99,"tags":[],"genre":"pop","debut":"1979-12","ranks":{},"scores":[0.162,0.5,0.7,0.72,0.687,0.6540000000000001,0.5880000000000003,0.48900000000000055,0.35700000000000087,0.19200000000000128,0],"ascent":[0.162,0.5,0.7,0.72],"descent-weeks":7.6812500000000075,"ascent-weeks":4.3374999999999995,"peak":0.72,"messages":[],"unscored":false,"score":0.5769000000000004,"duration":3,"genres":["pop"],"playlists":[],"role":"backup","scoreFactor":0.1,"totalScore":5.769000000000004,"rank":11}],"score":45.839600000000004,"songCount":11,"songAdjustedAverage":13.821159430906855,"rank":139}