{"title":"Michael W. Smith","instanceSlug":"michael-w-smith","tags":[],"parents":[],"genres":[{"instanceSlug":"contemporary-christian","title":"Contemporary Christian","parents":[]}],"members":[],"xref":[],"complete":true,"origin":{"title":"West Virginia","instanceSlug":"west-virginia","tags":[],"parents":["us"]},"birth":1957,"death":"","type":{"title":"Solo Male","artists":[],"artistCount":0,"score":0,"artistAdjustedAverage":0,"slug":"m"},"songs":[{"title":"Place in this World","instanceSlug":2929,"tags":[],"parents":[],"genre":"pop","debut":"1991-06","playlists":["ballad"],"ranks":{},"scores":[0.086,0.267,0.463,0.546,0.582,0.5792080976333106,0.5708323905332428,0.5568728786997962,0.5373295621329711,0.5122024408327673,0.48149151479918495,0.44519678403222396,0.4033182485318843,0.35585590829816616,0.3028097633310694,0.24417981363059393,0.17996605919673983,0.11016850002950722,0.034787136128895974],"ascent":[0.086,0.267,0.463,0.546,0.582],"descent-weeks":14.438144329896911,"messages":[],"score":7.258219097810355,"debutScore":0.086,"peakScore":0.582,"duration":5,"genres":["pop"],"role":true,"scoreFactor":1,"rank":1},{"title":"I Will Be Here for You","instanceSlug":883,"tags":["i-will"],"genre":"pop","debut":"1992-11","playlists":["ballad"],"ranks":{},"scores":[0.086,0.267,0.463,0.546,0.582,0.561272820178958,0.49909128071583225,0.3954553816106225,0.2503651228633289,0.06382050447395143],"ascent":[0.086,0.267,0.463,0.546,0.582],"descent-weeks":5.29896907216495,"messages":[],"score":3.7140051098426925,"debutScore":0.086,"peakScore":0.582,"duration":3,"genres":["pop"],"role":true,"scoreFactor":1,"rank":2}],"score":10.972224207653047,"songCount":2,"songAdjustedAverage":7.758534141930663,"rank":421,"ranks":{"genre:contemporary-christian":{"rank":1,"total":1},"origin:west-virginia":{"rank":1,"total":1}}}