{"title":"Michel'le","instanceSlug":"michel-le","tags":[],"parents":[],"genres":[],"members":[],"xref":[],"complete":false,"origin":"","birth":"","death":"","type":{"title":"Solo Female","artists":[],"artistCount":0,"score":0,"artistAdjustedAverage":0,"slug":"f"},"songs":[{"title":"No More Lies","instanceSlug":1942,"tags":[],"parents":[],"genre":"pop","debut":"1990-02","playlists":[],"ranks":{},"scores":[0.145,0.491,0.645,0.737,0.7268705789510345,0.6964823158041378,0.64583521055931,0.5749292632165512,0.4837644737758614,0.3723408422372403,0.24065836860068832,0.08871705286620511],"ascent":[0.145,0.491,0.645,0.737],"descent-weeks":8.52985074626866,"messages":[],"score":5.847598106011028,"debutScore":0.145,"peakScore":0.737,"duration":3,"genres":["pop"],"role":true,"scoreFactor":1,"rank":1},{"title":"Something in My Heart","instanceSlug":1943,"tags":[],"parents":[],"genre":"pop","debut":"1991-03","playlists":[],"ranks":{},"scores":[0.097,0.267,0.351,0.463,0.4576220788837393,0.441488315534957,0.4145987099536531,0.37695326213982777,0.3285519720934809,0.26939483981461254,0.19948186530322257,0.11881304855931106,0.027388389582878005],"ascent":[0.097,0.267,0.351,0.463],"descent-weeks":9.278617710583152,"messages":[],"score":3.8122924818656823,"debutScore":0.097,"peakScore":0.463,"duration":3,"genres":["pop"],"role":true,"scoreFactor":1,"rank":2}],"score":9.65989058787671,"songCount":2,"songAdjustedAverage":6.830574140207726,"rank":491}