{"title":"Michel'le","instanceSlug":"michel-le","tags":[],"parents":[],"genres":[],"members":[],"xref":[],"complete":false,"origin":"","birth":"","death":"","type":{"title":"Solo Female","artists":[],"artistCount":0,"score":0,"artistAdjustedAverage":0,"slug":"f"},"songs":[{"title":"No More Lies","instanceSlug":1942,"tags":[],"parents":[],"genre":"pop","debut":"1990-02","playlists":[],"ranks":{},"scores":[0.145,0.491,0.645,0.737,0.716,0.678,0.6400000000000001,0.5640000000000003,0.4500000000000005,0.2980000000000008,0.1080000000000012,0],"ascent":[0.145,0.491,0.645,0.737],"descent-weeks":2.9423246268656733,"ascent-weeks":4.10719131614654,"peak":0.737,"messages":[],"unscored":false,"score":3.4636621666666674,"duration":2,"genres":["pop"],"role":true,"scoreFactor":1,"totalScore":3.4636621666666674,"rank":1},{"title":"Something in My Heart","instanceSlug":1943,"tags":[],"parents":[],"genre":"pop","debut":"1991-03","playlists":[],"ranks":{},"scores":[0.097,0.267,0.351,0.463,0.456,0.437,0.408,0.37,0.332,0.25600000000000006,0.14200000000000013,0],"ascent":[0.097,0.267,0.351,0.463],"descent-weeks":2.083565154787616,"ascent-weeks":3.8164146868250537,"peak":0.463,"messages":[],"unscored":false,"score":1.8211271111111105,"duration":2,"genres":["pop"],"role":true,"scoreFactor":1,"totalScore":1.8211271111111105,"rank":2}],"songCount":2,"songAdjustedAverage":3.736910335458623,"collaborators":[],"rank":543}