{"title":"Midnight Star","instanceSlug":"midnight-star","tags":[],"parents":[],"genres":[{"instanceSlug":"urban","title":"Urban / R&B","parents":[]}],"members":[],"xref":[],"complete":true,"origin":{"title":"Louisville, KY","instanceSlug":"louisville-ky","tags":[],"parents":["kentucky"]},"birth":"","death":"","type":{"title":"All-Male Group","artists":[],"artistCount":0,"score":0,"artistAdjustedAverage":0,"slug":"mmm"},"songs":[{"title":"Electricity","instanceSlug":"2027","tags":[],"parents":[],"genre":"dance","debut":"1980s","playlists":[],"ranks":{},"scores":[0.1935,0.4175,0.5785,0.762,0.786,0.7155,0.6915,0.6675,0.6194999999999999,0.5474999999999999,0.4514999999999998,0.3314999999999997,0.18749999999999956,0.019499999999999407,0],"ascent":[0.1935,0.4175,0.5785,0.762,0.786],"descent-weeks":9.57538167938931,"ascent-weeks":5.224236641221373,"peak":0.786,"messages":[],"unscored":false,"score":7.754999999999998,"duration":4,"genres":["dance"],"role":true,"scoreFactor":1,"totalScore":7.754999999999998,"rank":1},{"title":"Freakazoid","instanceSlug":752,"tags":[],"parents":[],"genre":"dance","debut":"1980s","playlists":[],"ranks":{},"scores":[0.267,0.484,0.694,0.912,0.939,0.823,0.707,0.475,0.127,0],"ascent":[0.267,0.484,0.694,0.912,0.939],"descent-weeks":4.905750798722044,"ascent-weeks":5.26517571884984,"peak":0.939,"messages":[],"unscored":false,"score":6.366999999999999,"duration":3,"genres":["dance"],"role":true,"scoreFactor":1,"totalScore":6.366999999999999,"rank":2},{"title":"Operator","instanceSlug":1757,"tags":[],"parents":[],"genre":"dance","debut":"1985-01","playlists":[],"ranks":{},"scores":[0.12,0.351,0.463,0.612,0.633,0.608,0.565,0.5219999999999999,0.43599999999999983,0.3069999999999997,0.13499999999999956,0],"ascent":[0.12,0.351,0.463,0.612,0.633],"descent-weeks":7.597156398104264,"ascent-weeks":5.163507109004739,"peak":0.633,"messages":[],"unscored":false,"score":5.384999999999999,"duration":3,"genres":["dance"],"role":true,"scoreFactor":1,"totalScore":5.384999999999999,"rank":3}],"score":19.506999999999994,"songCount":3,"songAdjustedAverage":11.262371701082028,"rank":226,"ranks":{"genre:urban":{"rank":43,"total":96},"origin:louisville-ky":{"rank":1,"total":1}}}