{"title":"Midnight Star","instanceSlug":"midnight-star","tags":[],"parents":[],"genres":[{"instanceSlug":"urban","title":"Urban / R&B","parents":[]}],"members":[],"xref":[],"complete":true,"origin":{"title":"Louisville, KY","instanceSlug":"louisville-ky","tags":[],"parents":["kentucky"]},"birth":"","death":"","type":{"title":"All-Male Group","artists":[],"artistCount":0,"score":0,"artistAdjustedAverage":0,"slug":"mmm"},"songs":[{"title":"Electricity","instanceSlug":"2027","tags":[],"parents":[],"genre":"dance","debut":"1980s","playlists":[],"ranks":{},"scores":[0.1935,0.4175,0.5785,0.762,0.786,0.7774274434695309,0.7517097738781231,0.708846991225777,0.6488390955124924,0.5716860867382694,0.4773879649031079,0.36594473000700806,0.23735638204996967,0.09162292103199297],"ascent":[0.1935,0.4175,0.5785,0.762,0.786],"descent-weeks":9.57538167938931,"messages":[],"score":7.368321388816272,"debutScore":0.1935,"peakScore":0.786,"duration":4,"genres":["dance"],"role":true,"scoreFactor":1,"rank":1},{"title":"Freakazoid","instanceSlug":752,"tags":[],"parents":[],"genre":"dance","debut":"1980s","playlists":[],"ranks":{},"scores":[0.267,0.484,0.694,0.912,0.939,0.8999829324249571,0.7829317296998284,0.5878463918246141,0.31472691879931375],"ascent":[0.267,0.484,0.694,0.912,0.939],"descent-weeks":4.905750798722044,"messages":[],"score":5.881487972748713,"debutScore":0.267,"peakScore":0.939,"duration":3,"genres":["dance"],"role":true,"scoreFactor":1,"rank":2},{"title":"Operator","instanceSlug":1757,"tags":[],"parents":[],"genre":"dance","debut":"1985-01","playlists":[],"ranks":{},"scores":[0.12,0.351,0.463,0.612,0.633,0.6220326532168902,0.5891306128675607,0.5342938789520117,0.457522451470243,0.3588163304222548,0.2381755158080469,0.09560000762761942],"ascent":[0.12,0.351,0.463,0.612,0.633],"descent-weeks":7.597156398104264,"messages":[],"score":5.074571450364627,"debutScore":0.12,"peakScore":0.633,"duration":3,"genres":["dance"],"role":true,"scoreFactor":1,"rank":3}],"score":18.32438081192961,"songCount":3,"songAdjustedAverage":10.579586194500775,"rank":233,"ranks":{"genre:urban":{"rank":42,"total":95},"origin:louisville-ky":{"rank":1,"total":1}}}