{"title":"Mike Sammes","instanceSlug":"mike-sammes","tags":[],"parents":[],"genres":[],"members":[],"xref":[],"complete":false,"origin":"","birth":"","death":"","type":{"title":"Solo Male","artists":[],"artistCount":0,"score":0,"artistAdjustedAverage":0,"slug":"m"},"songs":[{"title":"Let Me Be There","instanceSlug":802,"tags":[],"parents":[],"genre":"pop","debut":1973,"playlists":[],"scores":[0.04,0.22,0.4,0.44,0.48,0.52,0.51,0.4998,0.47940000000000005,0.44880000000000003,0.40800000000000003,0.35700000000000004,0.29580000000000006,0.22440000000000004,0.14280000000000004,0.05100000000000003,0],"ascent":[0.04,0.22,0.4,0.44,0.48,0.52],"descent-weeks":3.8089213141025646,"ascent-weeks":6.057692307692308,"peak":0.52,"messages":[],"ranks":{},"unscored":false,"score":0.34204260555555566,"duration":3,"genres":["pop"],"role":"backup","scoreFactor":0.1,"totalScore":3.420426055555556,"rank":1},{"title":"If You Love Me (Let Me Know)","instanceSlug":2788,"tags":["if-you","love-me"],"genre":"pop","debut":1974,"playlists":[],"ranks":{},"scores":[0.075,0.25,0.45,0.51,0.56,0.55,0.539,0.517,0.484,0.44,0.385,0.319,0.242,0.154,0.05500000000000001,0],"ascent":[0.075,0.25,0.45,0.51,0.56],"descent-weeks":3.8470312499999983,"ascent-weeks":4.941964285714286,"peak":0.56,"messages":[],"unscored":false,"score":0.32812249999999993,"duration":3,"genres":["pop"],"role":"backup","scoreFactor":0.1,"totalScore":3.281224999999999,"rank":2}],"songCount":2,"songAdjustedAverage":0.4738782906529317,"collaborators":[{"slug":"olivia-newton-john","title":"Olivia Newton-John","songCount":2,"score":0.4738782906529317}],"rank":1208}