{"title":"Monica","instanceSlug":"monica","tags":[{"title":"Major Artists of the 1990s","instanceSlug":"1990s","coverage":{"artist":true},"tags":[],"parents":[]},{"title":"Child Artist","note":"Artist performed on a hit song before turning 18.","instanceSlug":"child","tags":[],"parents":[],"coverage":{}}],"parents":[],"genres":[],"members":[],"xref":[],"complete":false,"origin":"","birth":"","death":"","type":{"title":"Solo Female","artists":[],"artistCount":0,"score":0,"artistAdjustedAverage":0,"slug":"f"},"songs":[{"title":"For You I Will","instanceSlug":"r3Ng","debut":"1990s","tags":[],"playlists":[],"scores":[0.07986501687289088,0.20548495655231297,0.30420606455820026,0.36394635144350973,0.3808975834292291,0.38054013632833844,0.3694331117514479,0.35666035442751765,0.34250713206913885,0.3272868045570181,0.3083296990841694,0.2858290918832039,0.260835303388495,0.23358433347896476,0.2047890364197686,0.17399598884703807,0.14160681158730914,0.1081099799155066,0.07635385132862428,0.046253106063908624,0.023170549741009957,0.01020730295696096,0],"ascent":[0.07986501687289088,0.20548495655231297,0.30420606455820026,0.36394635144350973,0.3808975834292291],"descent-weeks":15.871944398958746,"ascent-weeks":5.254955784344356,"peak":0.3808975834292291,"messages":[],"ranks":{},"unscored":false,"score":5.364790150113792,"duration":5,"role":true,"scoreFactor":1,"totalScore":5.364790150113792,"rank":1},{"title":"One of Them Days","instanceSlug":340,"tags":[],"playlists":[],"scores":[0.17938857911941,0.32245381,0.43525231,0.47,0.48,0.465,0.45000000000000007,0.42000000000000015,0.3750000000000003,0.31500000000000045,0.24000000000000066,0.1500000000000009,0.045000000000001206,0],"ascent":[0.17938857911941,0.32245381,0.43525231,0.47,0.48],"descent-weeks":9.18750000000001,"ascent-weeks":5.897170934748156,"peak":0.48,"messages":[],"ranks":{},"unscored":false,"score":4.827094699119413,"duration":4,"role":true,"scoreFactor":1,"totalScore":4.827094699119413,"rank":2}],"score":10.191884849233205,"songCount":2,"songAdjustedAverage":7.206750889965232,"rank":499,"ranks":{"tag:1990s":{"rank":62,"total":78},"tag:child":{"rank":8,"total":12}}}