{"title":"Naked Eyes","instanceSlug":"naked-eyes","tags":[],"parents":[],"genres":[],"members":[],"xref":[],"complete":false,"origin":{"title":"United Kingdom","instanceSlug":"uk","tags":[],"parents":[]},"birth":"","death":"","type":{"title":"All-Male Group","artists":[],"artistCount":0,"score":0,"artistAdjustedAverage":0,"slug":"mmm"},"songs":[{"title":"Promises Promises","instanceSlug":659,"tags":[],"genre":"pop","debut":"1983-08","playlists":[],"ranks":{},"scores":[0.232,0.722,0.912,0.8999024152606584,0.8636096610426333,0.803121737345925,0.7184386441705333,0.6095603815164581,0.47648694938369973,0.319218347772258,0.1377545766821329],"ascent":[0.232,0.722,0.912],"descent-weeks":8.682565789473681,"messages":[],"score":6.694092713174299,"debutScore":0.232,"peakScore":0.912,"duration":3,"genres":["pop"],"role":true,"scoreFactor":1,"rank":1},{"title":"Always Something There to Remind Me","instanceSlug":660,"tags":[],"parents":[],"genre":"pop","debut":"1983-04","playlists":[],"ranks":{},"scores":[0.055,0.235,0.414,0.45,0.47,0.498,0.513,0.5051231710775047,0.4814926843100189,0.4421085396975426,0.3869707372400757,0.3160792769376182,0.22943415879017026,0.12703538279773177,0.008882948960302764],"ascent":[0.055,0.235,0.414,0.45,0.47,0.498,0.513],"descent-weeks":8.070175438596493,"messages":[],"score":5.132126899810965,"debutScore":0.055,"peakScore":0.513,"duration":4,"genres":["pop"],"role":true,"scoreFactor":1,"rank":2},{"title":"Promises Promises (remix)","instanceSlug":"59nZ","tags":[],"remix":true,"debut":1983,"playlists":[],"scores":[0.059,0.1995,0.3,0.341,0.343,0.33816007786960517,0.3236403114784206,0.29944070082644625,0.26556124591368224,0.2220019467401285,0.168762803305785,0.10584381561065184,0.03324498365472888],"ascent":[0.059,0.1995,0.3,0.341,0.343],"descent-weeks":8.418367346938773,"messages":[],"ranks":{},"score":2.999155885399449,"debutScore":0.059,"peakScore":0.343,"duration":3,"role":true,"scoreFactor":1,"rank":3}],"score":14.825375498384712,"songCount":3,"songAdjustedAverage":8.559434534829697,"rank":348,"ranks":{"origin:uk":{"rank":22,"total":55}}}