{"title":"Neal Schon","instanceSlug":"neal-schon","tags":[],"parents":[],"genres":[],"members":[],"xref":[],"complete":false,"active":false,"origin":"","birth":"","death":"","songs":[{"title":"When I See You Smile","instanceSlug":1422,"tags":["when-i"],"genre":"pop","debut":"1989-10","playlists":[],"scores":[0.271,0.367,0.451,0.531,0.563,0.5586868694709927,0.5457474778839709,0.5241818252389346,0.49398991153588373,0.4551717367748183,0.4077273009557384,0.35165660407864396,0.286959646143535,0.21363642715041145,0.13168694709927342,0.04111120599012089],"ascent":[0.271,0.367,0.451,0.531,0.563],"descent-weeks":11.425044404973358,"messages":[],"ranks":{},"score":1.5483889880805808,"debutScore":0.271,"peakScore":0.563,"duration":4,"genres":["pop"],"role":"member","scoreFactor":0.25,"rank":1},{"title":"Straight to Your Heart","instanceSlug":1012,"tags":[],"genre":"pop","debut":"1991-10","playlists":[],"scores":[0.134,0.161,0.2,0.2355,0.244,0.2391560563044719,0.22462422521788766,0.20040450674024726,0.16649690087155072,0.12290140761179794,0.06961802696098908,0.006646758919124001],"ascent":[0.134,0.161,0.2,0.2355,0.244],"descent-weeks":7.097336065573774,"messages":[],"ranks":{},"score":0.5010869706565172,"debutScore":0.134,"peakScore":0.244,"duration":3,"genres":["pop"],"role":"member","scoreFactor":0.25,"rank":2},{"title":"Possession","instanceSlug":"possession-1990","tags":[],"parents":[],"debut":"1990-07","playlists":[],"ranks":{},"scores":[0.134,0.161,0.2,0.2355,0.244,0.2391560563044719,0.22462422521788766,0.20040450674024726,0.16649690087155072,0.12290140761179794,0.06961802696098908,0.006646758919124001],"ascent":[0.134,0.161,0.2,0.2355,0.244],"descent-weeks":7.097336065573774,"messages":[],"score":0.5010869706565172,"debutScore":0.134,"peakScore":0.244,"duration":3,"role":"member","scoreFactor":0.25,"rank":3},{"title":"Price of Love","instanceSlug":"price-of-love","tags":[],"parents":[],"debut":"1990-02","playlists":[],"ranks":{},"scores":[0.134,0.161,0.2,0.2355,0.244,0.2391560563044719,0.22462422521788766,0.20040450674024726,0.16649690087155072,0.12290140761179794,0.06961802696098908,0.006646758919124001],"ascent":[0.134,0.161,0.2,0.2355,0.244],"descent-weeks":7.097336065573774,"messages":[],"score":0.5010869706565172,"debutScore":0.134,"peakScore":0.244,"duration":3,"role":"member","scoreFactor":0.25,"rank":4}],"score":3.0516499000501325,"songCount":4,"songAdjustedAverage":1.5258249500250662,"rank":1153}