{"title":"Nenah Cherry","instanceSlug":"nenah-cherry","tags":[],"parents":[],"genres":[],"members":[],"xref":[],"complete":false,"origin":"","birth":"","death":"","type":{"title":"Solo Female","artists":[],"artistCount":0,"score":0,"artistAdjustedAverage":0,"slug":"f"},"songs":[{"title":"Kisses on the Wind","instanceSlug":517,"tags":[],"genres":["pop"],"debut":"1989-09","playlists":[],"scores":[0.113,0.381,0.546,0.65,0.71,0.73,0.705,0.6799999999999999,0.6299999999999999,0.5549999999999998,0.45499999999999974,0.3299999999999996,0.1799999999999995,0.004999999999999338,0],"ascent":[0.113,0.381,0.546,0.65,0.71,0.73],"descent-weeks":8.773972602739722,"ascent-weeks":6.431506849315069,"peak":0.73,"messages":[],"ranks":{},"unscored":false,"score":7.399999999999998,"duration":4,"role":true,"scoreFactor":1,"totalScore":7.399999999999998,"rank":1},{"title":"Buffalo Stance","instanceSlug":518,"tags":[],"parents":[],"genre":"pop","debut":"1989-04","playlists":["summer"],"ranks":{},"scores":[0.171,0.912,0.899,0.856,0.813,0.7269999999999999,0.5979999999999998,0.4259999999999996,0.2109999999999994,0],"ascent":[0.171,0.912],"descent-weeks":8.950657894736839,"ascent-weeks":1.7812499999999998,"peak":0.912,"messages":[],"unscored":false,"score":6.524999999999998,"duration":3,"genres":["pop"],"role":true,"scoreFactor":1,"totalScore":6.524999999999998,"rank":2}],"score":13.924999999999995,"songCount":2,"songAdjustedAverage":9.84646192802267,"rank":304}