{"title":"Nenah Cherry","instanceSlug":"nenah-cherry","tags":[],"parents":[],"genres":[],"members":[],"xref":[],"complete":false,"origin":"","birth":"","death":"","type":{"title":"Solo Female","artists":[],"artistCount":0,"score":0,"artistAdjustedAverage":0,"slug":"f"},"songs":[{"title":"Kisses on the Wind","instanceSlug":517,"tags":[],"genres":["pop"],"debut":"1989-09","playlists":[],"scores":[0.113,0.381,0.546,0.65,0.71,0.73,0.7205173370969816,0.6920693483879263,0.6446560338728342,0.5782773935517052,0.49293342742453944,0.38862413549133673,0.2653495177520973,0.12310957420682091],"ascent":[0.113,0.381,0.546,0.65,0.71,0.73],"descent-weeks":8.773972602739722,"messages":[],"ranks":{},"score":7.035536767784242,"debutScore":0.113,"peakScore":0.73,"duration":4,"role":true,"scoreFactor":1,"rank":1},{"title":"Buffalo Stance","instanceSlug":518,"tags":[],"parents":[],"genre":"pop","debut":"1989-04","playlists":["summer"],"ranks":{},"scores":[0.171,0.912,0.9006162612082027,0.8664650448328105,0.8095463508738234,0.7298601793312416,0.6274065302050649,0.5021854034952935,0.35419679920192726,0.1834407173249663],"ascent":[0.171,0.912],"descent-weeks":8.950657894736839,"messages":[],"score":6.056717286473331,"debutScore":0.171,"peakScore":0.912,"duration":3,"genres":["pop"],"role":true,"scoreFactor":1,"rank":2}],"score":13.092254054257573,"songCount":2,"songAdjustedAverage":9.2576216227826,"rank":304}