{"title":"New Order","instanceSlug":"new-order","tags":[],"parents":[],"genres":[{"instanceSlug":"electro-pop","title":"Electro-Pop, Techno-Pop, Synth-Pop","parents":["pop"]}],"members":[],"xref":[],"complete":true,"origin":{"title":"Manchester","instanceSlug":"manchester","tags":[],"parents":["england"]},"birth":"","death":"","type":{"title":"All-Male Group","artists":[],"artistCount":0,"score":0,"artistAdjustedAverage":0,"slug":"mmm"},"songs":[{"title":"Bizarre Love Triangle","instanceSlug":1026,"tags":[],"parents":[],"genre":"pop","debut":1987,"playlists":[],"ranks":{},"scores":[0.075,0.306,0.537,0.645,0.708,0.737,0.737,0.694,0.656,0.602,0.5479999999999999,0.43999999999999984,0.2779999999999997,0.0619999999999995,0],"ascent":[0.075,0.306,0.537,0.645,0.708,0.737],"descent-weeks":4.172382180009043,"ascent-weeks":6.122116689280869,"peak":0.737,"messages":[],"unscored":false,"score":5.058030444444443,"duration":3,"genres":["pop"],"role":true,"scoreFactor":1,"totalScore":5.058030444444443,"rank":1},{"title":"Regret","instanceSlug":2779,"tags":["#1","#1-modern-rock"],"parents":[],"genre":"pop","debut":"1993-06","playlists":["summer"],"ranks":{},"scores":[0.1,0.27749999999999997,0.47551,0.561,0.6225,0.6174999999999999,0.587,0.563,0.539,0.51,0.481,0.42299999999999993,0.33599999999999985,0.21999999999999975,0.07499999999999962,0],"ascent":[0.1,0.27749999999999997,0.47551,0.561,0.6225],"descent-weeks":4.668042401606424,"ascent-weeks":4.907253012048192,"peak":0.6225,"messages":[],"unscored":false,"score":3.9737475966666658,"duration":3,"genres":["pop"],"role":true,"scoreFactor":1,"totalScore":3.9737475966666658,"rank":2},{"title":"True Faith","instanceSlug":1458,"tags":[],"parents":[],"genre":"pop","debut":"1987-12","playlists":[],"ranks":{},"scores":[0.086,0.249,0.414,0.477,0.537,0.498,0.437,0.376,0.254,0.07100000000000001,0],"ascent":[0.086,0.249,0.414,0.477,0.537],"descent-weeks":1.3272700186219744,"ascent-weeks":4.9245810055865915,"peak":0.537,"messages":[],"unscored":false,"score":2.2381626666666667,"duration":2,"genres":["pop"],"role":true,"scoreFactor":1,"totalScore":2.2381626666666667,"rank":3}],"songCount":3,"songAdjustedAverage":6.50670330138662,"collaborators":[],"rank":226,"ranks":{"genre:electro-pop":{"rank":1,"total":11},"origin:manchester":{"rank":5,"total":5}}}