{"title":"Nicolette Larson","instanceSlug":"nicolette-larson","tags":[],"parents":[],"genres":[],"members":[],"xref":[],"complete":false,"origin":"","birth":"","death":"","type":{"title":"Solo Female","artists":[],"artistCount":0,"score":0,"artistAdjustedAverage":0,"slug":"f"},"songs":[{"title":"Lotta Love","instanceSlug":1553,"tags":[],"parents":[],"genre":"pop","debut":1979,"playlists":[],"ranks":{},"scores":[0.1,0.21,0.312951,0.35561236147633757,0.357477963561,0.3446276515977258,0.3289181,0.31523776166182677,0.31,0.28331,0.2643212411,0.2428924261,0.22,0.1971075739,0.1513227217,0.08264544339999999,0],"ascent":[0.1,0.21,0.312951,0.35561236147633757,0.357477963561],"descent-weeks":12.998818943249075,"ascent-weeks":5.606113360366711,"peak":0.357477963561,"messages":[],"unscored":false,"score":4.43390220805789,"duration":5,"genres":["pop"],"role":true,"scoreFactor":1,"totalScore":4.43390220805789,"rank":1}],"score":4.43390220805789,"songCount":1,"songAdjustedAverage":4.43390220805789,"rank":937}