{"title":"Nicolette Larson","instanceSlug":"nicolette-larson","tags":[],"parents":[],"genres":[],"members":[],"xref":[],"complete":false,"origin":"","birth":"","death":"","type":{"title":"Solo Female","artists":[],"artistCount":0,"score":0,"artistAdjustedAverage":0,"slug":"f"},"songs":[{"title":"Lotta Love","instanceSlug":1553,"tags":[],"parents":[],"genre":"pop","debut":1979,"playlists":[],"ranks":{},"scores":[0.1,0.21,0.312951,0.35561236147633757,0.357477963561,0.35536232494247333,0.34901540908689344,0.3384372159942602,0.32362774566457375,0.30458699809783396,0.2813149732940409,0.2538116712531946,0.222077091975295,0.1861112354603421,0.14591410170833594,0.10148569071927649,0.05282600249316368],"ascent":[0.1,0.21,0.312951,0.35561236147633757,0.357477963561],"descent-weeks":12.998818943249075,"messages":[],"score":4.250611785727021,"debutScore":0.1,"peakScore":0.357477963561,"duration":4,"genres":["pop"],"role":true,"scoreFactor":1,"rank":1}],"score":4.250611785727021,"songCount":1,"songAdjustedAverage":4.250611785727021,"rank":926}