{"title":"Night Ranger","instanceSlug":"night-ranger","tags":[],"parents":[],"genres":[{"instanceSlug":"rock","title":"Rock","parents":[]}],"members":[],"xref":[],"complete":true,"origin":{"title":"San Francisco","instanceSlug":"san-francisco","tags":[],"parents":["california"]},"birth":"","death":"","type":{"title":"Solo Female","artists":[],"artistCount":0,"score":0,"artistAdjustedAverage":0,"slug":"f"},"songs":[{"title":"Don't Tell Me You Love Me","instanceSlug":2802,"tags":[],"parents":[],"genre":"rock","debut":"1983-03","playlists":[],"ranks":{},"scores":[0.06200821741159169,0.20830894528861146,0.3129502216570068,0.35561236147633757,0.3574779635603355,0.3446276515977258,0.32891805429767385,0.31523776166182677,0.30042162719800025,0.2833026661554992,0.2643212410031802,0.24289242606706696,0.21959493334585015,0.19466120793610409,0.1685894531254616,0.14210166436832847,0.11600004299049087,0.09098520352380506,0.06767556150528035,0.04664449376949029,0.029256418423981474,0.01618867931401627,0.0031209402040510634,0],"ascent":[0.06200821741159169,0.20830894528861146,0.3129502216570068,0.35561236147633757,0.3574779635603355],"descent-weeks":14.820569447990732,"ascent-weeks":5.439598415309378,"peak":0.3574779635603355,"messages":[],"unscored":false,"score":4.828375699442051,"duration":5,"genres":["rock"],"role":true,"scoreFactor":1,"totalScore":4.828375699442051,"rank":1},{"title":"When You Close Your Eyes","instanceSlug":2803,"tags":[],"genre":"rock","debut":"1984-08","playlists":[],"scores":[0.062,0.2083,0.3129502216570068,0.35561236147633757,0.3574779635603355,0.3446276515977258,0.32891805429767385,0.31523776166182677,0.3,0.2847622383381732,0.25428671501451966,0.20857343002903933,0.14762238338173223,0.07143357507259834,0],"ascent":[0.062,0.2083,0.3129502216570068,0.35561236147633757,0.3574779635603355],"descent-weeks":10.964059491652874,"ascent-weeks":5.4395263995407745,"peak":0.3574779635603355,"messages":[],"ranks":{},"unscored":false,"score":3.9092803196473045,"duration":4,"genres":["rock"],"role":true,"scoreFactor":1,"totalScore":3.9092803196473045,"rank":2}],"score":8.737656019089355,"songCount":2,"songAdjustedAverage":6.178455822773536,"rank":630,"ranks":{"genre:rock":{"rank":75,"total":98},"origin:san-francisco":{"rank":4,"total":5}}}