{"title":"Nilsson","instanceSlug":"nilsson","tags":[],"parents":[],"genres":[],"members":[],"xref":[],"complete":false,"origin":"","birth":"","death":"","songs":[{"title":"No No Song","instanceSlug":2966,"tags":[],"genre":"pop","debut":1975,"playlists":[],"ranks":{},"scores":[0.036,0.216,0.356,0.437,0.463,0.45,0.419,0.38799999999999996,0.3259999999999999,0.23299999999999982,0.10899999999999971,0],"ascent":[0.036,0.216,0.356,0.437,0.463],"descent-weeks":7.736501079913603,"ascent-weeks":4.885529157667387,"peak":0.463,"messages":[],"unscored":false,"score":0.3895999999999999,"duration":3,"genres":["pop"],"role":"backup","scoreFactor":0.1,"totalScore":3.8959999999999986,"rank":1},{"title":"You're Sixteen","instanceSlug":2964,"tags":["#1","#1-hot-100"],"genre":"pop","debut":1974,"playlists":["numbers"],"scores":[0.15,0.294,0.328,0.319,0.263,0.20700000000000002,0.09500000000000003,0],"ascent":[0.15,0.294,0.328],"descent-weeks":5.542682926829268,"ascent-weeks":3.5304878048780486,"peak":0.328,"messages":[],"ranks":{},"unscored":false,"score":0.19840000000000002,"duration":3,"genres":["pop"],"role":"backup","scoreFactor":0.1,"totalScore":1.984,"rank":2}],"score":0.5879999999999999,"songCount":2,"songAdjustedAverage":0.4157787873376898,"rank":1247}