{"title":"Nilsson","instanceSlug":"nilsson","tags":[],"parents":[],"genres":[],"members":[],"xref":[],"complete":false,"origin":"","birth":"","death":"","songs":[{"title":"No No Song","instanceSlug":2966,"tags":[],"genre":"pop","debut":1975,"playlists":[],"ranks":{},"scores":[0.036,0.216,0.356,0.437,0.463,0.45,0.419,0.38799999999999996,0.3259999999999999,0.23299999999999982,0.10899999999999971,0],"ascent":[0.036,0.216,0.356,0.437,0.463],"descent-weeks":1.6745226781857436,"ascent-weeks":4.885529157667387,"peak":0.463,"messages":[],"unscored":false,"score":0.20248693333333329,"duration":2,"genres":["pop"],"role":"backup","scoreFactor":0.1,"totalScore":2.0248693333333327,"rank":1},{"title":"You're Sixteen","instanceSlug":2964,"tags":["#1","#1-hot-100"],"genre":"pop","debut":1974,"playlists":["numbers"],"scores":[0.15,0.294,0.328,0.319,0.263,0.20700000000000002,0.09500000000000003,0],"ascent":[0.15,0.294,0.328],"descent-weeks":0.6109268292682926,"ascent-weeks":3.5304878048780486,"peak":0.328,"messages":[],"ranks":{},"unscored":false,"score":0.09055893333333333,"duration":1,"genres":["pop"],"role":"backup","scoreFactor":0.1,"totalScore":0.9055893333333332,"rank":2}],"songCount":2,"songAdjustedAverage":0.20721471951868878,"collaborators":[{"slug":"ringo-starr","title":"Ringo Starr","songCount":2,"score":0.20721471951868878},{"slug":"paul-mccartney","title":"Paul McCartney","songCount":1,"score":0.09055893333333333}],"rank":1253}