{"title":"Nilsson","instanceSlug":"nilsson","tags":[],"parents":[],"genres":[],"members":[],"xref":[],"complete":false,"origin":"","birth":"","death":"","songs":[{"title":"No No Song","instanceSlug":2966,"tags":[],"genre":"pop","debut":1975,"playlists":[],"ranks":{},"scores":[0.036,0.216,0.356,0.437,0.463,0.4552644390916678,0.4320577563666711,0.39337995182500995,0.3392310254666844,0.26961097729169436,0.18451980730003983,0.08395751549172098],"ascent":[0.036,0.216,0.356,0.437,0.463],"descent-weeks":7.736501079913603,"messages":[],"score":0.36660214728334894,"debutScore":0.036,"peakScore":0.463,"duration":3,"genres":["pop"],"role":"backup","scoreFactor":0.1,"rank":1},{"title":"You're Sixteen","instanceSlug":2964,"tags":["#1","#1-hot-100"],"genre":"pop","debut":1974,"playlists":["numbers"],"scores":[0.15,0.294,0.328,0.31732338030282675,0.2852935212113071,0.23191042272544085,0.15717408484522816,0.06108450757066899],"ascent":[0.15,0.294,0.328],"descent-weeks":5.542682926829268,"messages":[],"ranks":{},"score":0.1824785916655472,"debutScore":0.15,"peakScore":0.328,"duration":2,"genres":["pop"],"role":"backup","scoreFactor":0.1,"rank":2}],"score":0.5490807389488961,"songCount":2,"songAdjustedAverage":0.38825871392968486,"rank":1241}