{"title":"Nirvana","instanceSlug":"nirvana","tags":[{"title":"Major Artists of the 1990s","instanceSlug":"1990s","coverage":{"artist":true},"tags":[],"parents":[]},{"title":"Rock & Roll Hall of Fame Members","instanceSlug":"hof","coverage":{"artist":true},"tags":[],"parents":[]}],"parents":[],"genres":[],"members":[],"xref":[],"complete":false,"origin":"","birth":"","death":"","type":{"title":"All-Male Group","artists":[],"artistCount":0,"score":0,"artistAdjustedAverage":0,"slug":"mmm"},"songs":[{"title":"Smells Like Teen Spirit","instanceSlug":1271,"tags":[],"genre":"grunge","debut":1991,"playlists":[],"scores":[0.143,0.389,0.54,0.64,0.67,0.69,0.6830335234843032,0.6621340939372131,0.6273017113587295,0.5785363757488524,0.5158380871075819,0.43920684543491806,0.3486426507308607,0.2441455029954099,0.12571540222856567],"ascent":[0.143,0.389,0.54,0.64,0.67,0.69],"descent-weeks":9.952173913043506,"messages":[],"ranks":{},"score":7.296554193026434,"debutScore":0.143,"peakScore":0.69,"duration":4,"genres":["grunge"],"role":true,"scoreFactor":1,"rank":1},{"title":"About a Girl","instanceSlug":1270,"tags":[],"parents":[],"genre":"grunge","debut":"1994-11","playlists":[],"ranks":{},"scores":[0.06598375312412476,0.2030776914068183,0.301193056620186,0.3409478984765868,0.3368989934275724,0.32475227828052916,0.3045077530354571,0.2761654176923562,0.23972527225122647,0.19518731671206788,0.1425515510748806,0.08181797533966438,0.012986589506419328],"ascent":[0.06598375312412476,0.2030776914068183,0.301193056620186,0.3409478984765868],"descent-weeks":9.176460781048073,"messages":[],"score":2.825795546947889,"debutScore":0.06598375312412476,"peakScore":0.3409478984765868,"duration":3,"genres":["grunge"],"role":true,"scoreFactor":1,"rank":2},{"title":"Smells Like Nirvana","instanceSlug":1272,"tags":[],"parents":[],"genre":"parody","debut":1992,"playlists":[],"parody":true,"scores":[0.1,0.325875,0.527375,0.642625,0.6330697661734899,0.6044040646939596,0.5566278955614091,0.48974125877583835,0.40374415433724736,0.2986365822456363,0.17441854250100491,0.031090035103353415],"ascent":[0.1,0.325875,0.527375,0.642625],"descent-weeks":8.20083641314919,"messages":[],"ranks":{},"score":1.196901824847985,"debutScore":0.1,"peakScore":0.642625,"duration":3,"genres":["parody"],"role":"parody","scoreFactor":0.25,"rank":3}],"score":11.31925156482231,"songCount":3,"songAdjustedAverage":6.535172937975253,"rank":521,"ranks":{"tag:1990s":{"rank":60,"total":78},"tag:hof":{"rank":67,"total":164}}}