{"title":"Oak Ridge Boys","instanceSlug":"oak-ridge-boys","tags":[],"parents":[],"genres":[{"instanceSlug":"country","title":"Country","parents":[]}],"members":[],"xref":[],"complete":true,"origin":{"title":"Tennessee","instanceSlug":"tennessee","tags":[],"parents":["us"]},"birth":"","death":"","type":{"title":"All-Male Group","artists":[],"artistCount":0,"score":0,"artistAdjustedAverage":0,"slug":"mmm"},"songs":[{"title":"Bobby Sue","instanceSlug":261,"tags":["#1","#1-country"],"parents":[],"genre":"country","debut":"1982-03","ranks":{},"scores":[0.1018,0.2734,0.375,0.4408,0.4372,0.4176,0.409,0.398,0.382,0.36100000000000004,0.33499999999999996,0.304,0.26799999999999996,0.227,0.181,0.13,0.08399999999999999,0.0394,0.0108,0],"ascent":[0.1018,0.2734,0.375,0.4408],"descent-weeks":4.697669358741678,"ascent-weeks":4.052858439201452,"peak":0.4408,"messages":[],"unscored":false,"score":2.571488435555554,"duration":3,"genres":["country"],"playlists":[],"role":true,"scoreFactor":1,"totalScore":2.571488435555554,"rank":1},{"title":"Elvira","instanceSlug":262,"tags":["#1","#1-country"],"parents":[],"genre":"country","debut":"1981-06","ranks":{},"scores":[0.1018,0.2734,0.375,0.4408,0.4372,0.4176,0.409,0.398,0.382,0.36100000000000004,0.33499999999999996,0.304,0.26799999999999996,0.227,0.181,0.13,0.08399999999999999,0.0394,0.0108,0],"ascent":[0.1018,0.2734,0.375,0.4408],"descent-weeks":4.697669358741678,"ascent-weeks":4.052858439201452,"peak":0.4408,"messages":[],"unscored":false,"score":2.571488435555554,"duration":3,"genres":["country"],"playlists":[],"role":true,"scoreFactor":1,"totalScore":2.571488435555554,"rank":2},{"title":"Slip Slidin' Away","instanceSlug":2876,"tags":[],"parents":[],"genre":"pop","debut":"1977-11","playlists":[],"ranks":{},"scores":[0.1018,0.2734,0.375,0.4408,0.4372,0.4176,0.409,0.398,0.382,0.36100000000000004,0.33499999999999996,0.304,0.26799999999999996,0.227,0.181,0.13,0.08399999999999999,0.0394,0.0108,0],"ascent":[0.1018,0.2734,0.375,0.4408],"descent-weeks":4.697669358741678,"ascent-weeks":4.052858439201452,"peak":0.4408,"messages":[],"unscored":false,"score":0.2571488435555554,"duration":3,"genres":["pop"],"role":"backup","scoreFactor":0.1,"totalScore":2.571488435555554,"rank":3}],"songCount":3,"songAdjustedAverage":3.117764035020618,"collaborators":[{"slug":"paul-simon","title":"Paul Simon","songCount":1,"score":0.2571488435555554}],"rank":665,"ranks":{"genre:country":{"rank":19,"total":31},"origin:tennessee":{"rank":3,"total":4}}}