{"title":"OAR","instanceSlug":"oar","tags":[],"parents":[],"genres":[],"members":[],"xref":[],"complete":false,"origin":"","birth":"","death":"","type":{"title":"All-Male Group","artists":[],"artistCount":0,"score":0,"artistAdjustedAverage":0,"slug":"mmm"},"songs":[{"title":"Shattered (Turn the Car Around)","instanceSlug":2620,"tags":[],"parents":[],"genre":"pop-rock","debut":21,"playlists":[],"ranks":{},"scores":[0.1,0.21,0.312951,0.35561236147633757,0.357477963561,0.3446276515977258,0.329,0.31337234840227424,0.2821170452068227,0.23523409041364535,0.17272348402274224,0.09458522603411335,0.0008193164477586778,0],"ascent":[0.1,0.21,0.312951,0.35561236147633757,0.357477963561],"descent-weeks":8.937433951740468,"ascent-weeks":5.606113360366711,"peak":0.357477963561,"messages":[],"unscored":false,"score":3.4659984507234194,"duration":4,"genres":["pop-rock"],"role":true,"scoreFactor":1,"totalScore":3.4659984507234194,"rank":1}],"score":3.4659984507234194,"songCount":1,"songAdjustedAverage":3.4659984507234194,"rank":1034}