{"title":"Oasis","instanceSlug":"oasis","tags":[{"title":"Major Artists of the 1990s","instanceSlug":"1990s","coverage":{"artist":true},"tags":[],"parents":[]}],"parents":[],"genres":[],"members":[],"xref":[],"complete":false,"origin":{"title":"United Kingdom","instanceSlug":"uk","tags":[],"parents":[]},"birth":"","death":"","type":{"title":"All-Male Group","artists":[],"artistCount":0,"score":0,"artistAdjustedAverage":0,"slug":"mmm"},"songs":[{"title":"Champagne Supernova","instanceSlug":2622,"tags":["#1","#1-modern-rock"],"parents":[],"genre":"rock","debut":"1996-04","playlists":["summer","ballad"],"ranks":{},"scores":[0.3,0.7,0.75,0.8,0.82,0.81,0.7938000000000001,0.7614000000000001,0.7128000000000001,0.6480000000000001,0.5670000000000002,0.46980000000000016,0.35640000000000016,0.22680000000000014,0.08100000000000013,0],"ascent":[0.3,0.7,0.75,0.8,0.82],"descent-weeks":11.427439024390246,"ascent-weeks":6.164634146341464,"peak":0.82,"messages":[],"unscored":false,"score":9.617,"duration":5,"genres":["rock"],"role":true,"scoreFactor":1,"totalScore":9.617,"rank":1},{"title":"Wonderwall","instanceSlug":2621,"tags":["#1","#1-modern-rock"],"parents":[],"genre":"rock","debut":"1996-02","playlists":[],"ranks":{},"scores":[0.036,0.171,0.306,0.431,0.498,0.47,0.419,0.368,0.266,0.11300000000000004,0],"ascent":[0.036,0.171,0.306,0.431,0.498],"descent-weeks":6.427710843373494,"ascent-weeks":4.343373493975903,"peak":0.498,"messages":[],"unscored":false,"score":3.575999999999999,"duration":3,"genres":["rock"],"role":true,"scoreFactor":1,"totalScore":3.575999999999999,"rank":2}],"score":13.193,"songCount":2,"songAdjustedAverage":9.32885976419412,"rank":338,"ranks":{"origin:uk":{"rank":25,"total":55},"tag:1990s":{"rank":58,"total":78}}}