{"title":"Ohio Players","instanceSlug":"ohio-players","tags":[],"parents":[],"genres":[{"instanceSlug":"urban","title":"Urban / R&B","parents":[]}],"members":[],"xref":[],"complete":true,"origin":{"title":"Ohio","instanceSlug":"ohio","tags":[],"parents":["us"]},"birth":"","death":"","type":{"title":"All-Male Group","artists":[],"artistCount":0,"score":0,"artistAdjustedAverage":0,"slug":"mmm"},"songs":[{"title":"Love Rollercoaster","instanceSlug":1902,"tags":["#1","#1-hot-100","#1-r&b","remade"],"parents":[],"genre":"urban","debut":1976,"playlists":[],"ranks":{},"scores":[0.12,0.622,0.786,0.7752181531039419,0.7428726124157677,0.6889633779354775,0.6134904496630711,0.5164538275985486,0.3978535117419101,0.2576895020931554,0.0959617986522844],"ascent":[0.12,0.622,0.786],"descent-weeks":8.538167938931302,"messages":[],"score":5.616503233204157,"debutScore":0.12,"peakScore":0.786,"duration":3,"genres":["urban"],"role":true,"scoreFactor":1,"rank":1},{"title":"Fire","instanceSlug":480,"tags":["#1","#1-hot-100","#1-r&b"],"parents":[],"genre":"funk","debut":1975,"playlists":[],"ranks":{},"scores":[0.12,0.622,0.786,0.7724097179983281,0.7316388719933125,0.663687461984953,0.5685554879732496,0.4462429499582024,0.2967498479398116,0.12007618191807688],"ascent":[0.12,0.622,0.786],"descent-weeks":7.604961832061066,"messages":[],"score":5.127360519765935,"debutScore":0.12,"peakScore":0.786,"duration":3,"genres":["funk"],"role":true,"scoreFactor":1,"rank":2},{"title":"Skin Tight","instanceSlug":2630,"tags":[],"parents":[],"genre":"urban","debut":1974,"playlists":[],"ranks":{},"scores":[0.06208480746386911,0.20199400396112047,0.300902954038119,0.3408754613664351,0.3379749544839605,0.3292734338365367,0.3147708994241637,0.2944673512468415,0.2683627893045701,0.23645721359734947,0.1987506241251797,0.15524302088806066,0.10593440388599248,0.05082477311897506],"ascent":[0.06208480746386911,0.20199400396112047,0.300902954038119,0.3408754613664351],"descent-weeks":10.84078968937334,"messages":[],"score":3.197916690741173,"debutScore":0.06208480746386911,"peakScore":0.3408754613664351,"duration":4,"genres":["urban"],"role":true,"scoreFactor":1,"rank":3}],"score":13.941780443711266,"songCount":3,"songAdjustedAverage":8.04929069215936,"rank":388,"ranks":{"genre:urban":{"rank":52,"total":95},"origin:ohio":{"rank":3,"total":4}}}