{"title":"Ohio Players","instanceSlug":"ohio-players","tags":[],"parents":[],"genres":[{"instanceSlug":"urban","title":"Urban / R&B","parents":[]}],"members":[],"xref":[],"complete":true,"origin":{"title":"Ohio","instanceSlug":"ohio","tags":[],"parents":["us"]},"birth":"","death":"","type":{"title":"All-Male Group","artists":[],"artistCount":0,"score":0,"artistAdjustedAverage":0,"slug":"mmm"},"songs":[{"title":"Love Rollercoaster","instanceSlug":1902,"tags":["#1","#1-hot-100","#1-r&b","remade"],"parents":[],"genre":"urban","debut":1976,"playlists":[],"ranks":{},"scores":[0.12,0.622,0.786,0.749,0.694,0.645,0.596,0.498,0.351,0.155,0],"messages":[],"score":5.216,"debutScore":0.12,"peakScore":0.786,"duration":3,"genres":["urban"],"role":true,"scoreFactor":1,"rank":1},{"title":"Fire","instanceSlug":480,"tags":["#1","#1-hot-100","#1-r&b"],"parents":[],"genre":"funk","debut":1975,"playlists":[],"ranks":{},"scores":[0.12,0.622,0.786,0.749,0.712,0.638,0.527,0.379,0.194,0],"messages":[],"score":4.726999999999999,"debutScore":0.12,"peakScore":0.786,"duration":3,"genres":["funk"],"role":true,"scoreFactor":1,"rank":2},{"title":"Skin Tight","instanceSlug":2630,"tags":[],"parents":[],"genre":"urban","debut":1974,"playlists":[],"ranks":{},"scores":[0.06208480746386911,0.20199400396112047,0.300902954038119,0.3408754613664351,0.3394837408818732,0.31931445187447666,0.2887199390562856,0.25285131262610966,0.2122968751637769,0.17096647466980294,0.13416498053133488,0.1045203708202467,0.08193386461703503,0.06383406992429892,0.04927035313439123,0.037329175928368645,0.02759722688990112,0.01969374864609082,0.013471497936694365,0.007,0],"messages":[],"score":3.028305309530231,"debutScore":0.06208480746386911,"peakScore":0.3408754613664351,"duration":5,"genres":["urban"],"role":true,"scoreFactor":1,"rank":3}],"score":12.97130530953023,"songCount":3,"songAdjustedAverage":7.488986612198101,"rank":411,"ranks":{"genre:urban":{"rank":51,"total":92},"origin:ohio":{"rank":4,"total":4}}}