{"title":"Ohio Players","instanceSlug":"ohio-players","tags":[],"parents":[],"genres":[{"instanceSlug":"urban","title":"Urban / R&B","parents":[]}],"members":[],"xref":[],"complete":true,"origin":{"title":"Ohio","instanceSlug":"ohio","tags":[],"parents":["us"]},"birth":"","death":"","type":{"title":"All-Male Group","artists":[],"artistCount":0,"score":0,"artistAdjustedAverage":0,"slug":"mmm"},"songs":[{"title":"Love Rollercoaster","instanceSlug":1902,"tags":["#1","#1-hot-100","#1-r&b","remade"],"parents":[],"genre":"urban","debut":1976,"playlists":[],"ranks":{},"scores":[0.12,0.622,0.786,0.749,0.694,0.645,0.5960000000000001,0.4980000000000002,0.3510000000000004,0.1550000000000007,0],"ascent":[0.12,0.622,0.786],"descent-weeks":8.538167938931302,"ascent-weeks":2.916030534351145,"peak":0.786,"messages":[],"unscored":false,"score":6.002000000000002,"duration":3,"genres":["urban"],"role":true,"scoreFactor":1,"totalScore":6.002000000000002,"rank":1},{"title":"Fire","instanceSlug":480,"tags":["#1","#1-hot-100","#1-r&b"],"parents":[],"genre":"funk","debut":1975,"playlists":[],"ranks":{},"scores":[0.12,0.622,0.786,0.749,0.712,0.6379999999999999,0.5269999999999998,0.37899999999999967,0.1939999999999995,0],"ascent":[0.12,0.622,0.786],"descent-weeks":7.604961832061066,"ascent-weeks":2.916030534351145,"peak":0.786,"messages":[],"unscored":false,"score":5.512999999999998,"duration":3,"genres":["funk"],"role":true,"scoreFactor":1,"totalScore":5.512999999999998,"rank":2},{"title":"Skin Tight","instanceSlug":2630,"tags":[],"parents":[],"genre":"urban","debut":1974,"playlists":[],"ranks":{},"scores":[0.06208480746386911,0.20199400396112047,0.300902954038119,0.3408754613664351,0.3394837408818732,0.31931445187447666,0.2887199390562856,0.25285131262610966,0.2122968751637769,0.17096647466980294,0.13416498053133488,0.1045203708202467,0.08193386461703503,0.06383406992429892,0.04927035313439123,0.037329175928368645,0.02759722688990112,0.01969374864609082,0.013471497936694365,0.00724924722729791,0],"ascent":[0.06208480746386911,0.20199400396112047,0.300902954038119,0.3408754613664351],"descent-weeks":10.84078968937334,"ascent-weeks":3.9861650199092646,"peak":0.3408754613664351,"messages":[],"unscored":false,"score":3.3694300181239636,"duration":4,"genres":["urban"],"role":true,"scoreFactor":1,"totalScore":3.3694300181239636,"rank":3}],"score":14.884430018123965,"songCount":3,"songAdjustedAverage":8.593529677698017,"rank":387,"ranks":{"genre:urban":{"rank":53,"total":96},"origin:ohio":{"rank":3,"total":4}}}