{"title":"Oingo Boingo","instanceSlug":"oingo-boingo","tags":[],"parents":[],"genres":[],"members":[],"xref":[],"complete":false,"origin":"","birth":"","death":"","type":{"title":"All-Male Group","artists":[],"artistCount":0,"score":0,"artistAdjustedAverage":0,"slug":"mmm"},"songs":[{"title":"Dead Man's Party","instanceSlug":10,"tags":[],"playlists":["halloween","death"],"genre":"pop","debut":"1980s","scores":[0.622,1,0.9878815870118534,0.9515263480474134,0.8909342831066801,0.8061053921896536,0.6970396752963337,0.5637371324267204,0.40619776358081405,0.2244215687586144,0.018408547960121147],"ascent":[0.622,1],"descent-weeks":9.083999999999996,"messages":[],"ranks":{},"score":7.168252298378203,"debutScore":0.622,"peakScore":1,"duration":3,"genres":["pop"],"role":true,"scoreFactor":1,"rank":1},{"title":"Weird Science","instanceSlug":"weird-science","tags":[],"debut":1985,"playlists":[],"scores":[0.2,0.45,0.464,0.471,0.46671750621020264,0.4538700248408106,0.432457555891824,0.4024800993632427,0.36393765525506666,0.31683022356729607,0.26115780429993074,0.1969203974529708,0.12411800302641615,0.04275062102026688],"ascent":[0.2,0.45,0.464,0.471],"descent-weeks":10.487261146496815,"messages":[],"ranks":{},"score":4.646239890928026,"debutScore":0.2,"peakScore":0.471,"duration":4,"role":true,"scoreFactor":1,"rank":2}],"score":11.814492189306229,"songCount":2,"songAdjustedAverage":8.354107543333933,"rank":368}