{"title":"Oingo Boingo","instanceSlug":"oingo-boingo","tags":[],"parents":[],"genres":[],"members":[],"xref":[],"complete":false,"origin":"","birth":"","death":"","type":{"title":"All-Male Group","artists":[],"artistCount":0,"score":0,"artistAdjustedAverage":0,"slug":"mmm"},"songs":[{"title":"Dead Man's Party","instanceSlug":10,"tags":[],"playlists":["halloween","death"],"genre":"pop","debut":"1980s","scores":[0.622,1,0.968,0.9359999999999999,0.8719999999999999,0.7759999999999998,0.6479999999999997,0.48799999999999955,0.2959999999999994,0.07199999999999918,0],"ascent":[0.622,1],"descent-weeks":9.083999999999996,"ascent-weeks":2.433,"peak":1,"messages":[],"ranks":{},"unscored":false,"score":7.677999999999997,"duration":3,"genres":["pop"],"role":true,"scoreFactor":1,"totalScore":7.677999999999997,"rank":1},{"title":"Weird Science","instanceSlug":"weird-science","tags":[],"debut":1985,"playlists":[],"scores":[0.2,0.45,0.464,0.471,0.465,0.452,0.431,0.404,0.365,0.32599999999999996,0.2479999999999999,0.13099999999999978,0],"ascent":[0.2,0.45,0.464,0.471],"descent-weeks":10.487261146496815,"ascent-weeks":5.047770700636943,"peak":0.471,"messages":[],"ranks":{},"unscored":false,"score":4.877999999999999,"duration":4,"role":true,"scoreFactor":1,"totalScore":4.877999999999999,"rank":2}],"score":12.555999999999997,"songCount":2,"songAdjustedAverage":8.878432744578289,"rank":368}