{"title":"Oingo Boingo","instanceSlug":"oingo-boingo","tags":[],"parents":[],"genres":[],"members":[],"xref":[],"complete":false,"origin":"","birth":"","death":"","type":{"title":"All-Male Group","artists":[],"artistCount":0,"score":0,"artistAdjustedAverage":0,"slug":"mmm"},"songs":[{"title":"Dead Man's Party","instanceSlug":10,"tags":[],"playlists":["halloween","death"],"genre":"pop","debut":"1980s","scores":[0.622,1,0.968,0.9359999999999999,0.8719999999999999,0.7759999999999998,0.6479999999999997,0.48799999999999955,0.2959999999999994,0.07199999999999918,0],"ascent":[0.622,1],"descent-weeks":3.874830666666664,"ascent-weeks":2.433,"peak":1,"messages":[],"ranks":{},"unscored":false,"score":4.205220444444443,"duration":2,"genres":["pop"],"role":true,"scoreFactor":1,"totalScore":4.205220444444443,"rank":1},{"title":"Weird Science","instanceSlug":"weird-science","tags":[],"debut":1985,"playlists":[],"scores":[0.2,0.45,0.464,0.471,0.465,0.452,0.431,0.404,0.365,0.32599999999999996,0.2479999999999999,0.13099999999999978,0],"ascent":[0.2,0.45,0.464,0.471],"descent-weeks":2.8420477707006366,"ascent-weeks":5.047770700636943,"peak":0.471,"messages":[],"ranks":{},"unscored":false,"score":2.4774029999999994,"duration":2,"role":true,"scoreFactor":1,"totalScore":2.4774029999999994,"rank":2}],"songCount":2,"songAdjustedAverage":4.725328353682868,"collaborators":[],"rank":415}