{"title":"Oleta Adams","instanceSlug":"oleta-adams","tags":[],"parents":[],"genres":[],"members":[],"xref":[],"complete":false,"origin":"","birth":"","death":"","songs":[{"title":"Get Here","instanceSlug":2076,"tags":[],"parents":[],"genre":"adult-contemporary","debut":"1991-02","playlists":[],"ranks":{},"scores":[0.0676328502415459,0.16513761467889906,0.19819819819819817,0.2378854625550661,0.2014388489208633,0.17684594348222427,0.16849816849816848,0.15157116451016636,0.12558575445173384,0.0897803247373448,0.043052837573385516,0],"ascent":[0.0676328502415459,0.16513761467889906,0.19819819819819817,0.2378854625550661],"descent-weeks":7.532985571485341,"ascent-weeks":4.2174968479981105,"peak":0.2378854625550661,"messages":[],"unscored":false,"score":1.863512630402662,"duration":3,"genres":["adult-contemporary"],"role":true,"scoreFactor":1,"totalScore":1.863512630402662,"rank":1},{"title":"Woman in Chains","instanceSlug":2421,"tags":[],"genre":"pop","debut":"1990-02","playlists":[],"scores":[0.035,0.09,0.11,0.135,0.112,0.097,0.082,0.052000000000000005,0.007000000000000006,0],"ascent":[0.035,0.09,0.11,0.135],"descent-weeks":5.388888888888888,"ascent-weeks":4.111111111111111,"peak":0.135,"messages":[],"ranks":{},"unscored":false,"score":0.0855,"duration":3,"genres":["pop"],"role":"backup","scoreFactor":0.1,"totalScore":0.855,"rank":2}],"score":1.9490126304026618,"songCount":2,"songAdjustedAverage":1.3781600475759523,"rank":1175}