{"title":"Oleta Adams","instanceSlug":"oleta-adams","tags":[],"parents":[],"genres":[],"members":[],"xref":[],"complete":false,"origin":"","birth":"","death":"","songs":[{"title":"Get Here","instanceSlug":2076,"tags":[],"parents":[],"genre":"adult-contemporary","debut":"1991-02","playlists":[],"ranks":{},"scores":[0.0676328502415459,0.16513761467889906,0.19819819819819817,0.2378854625550661,0.23369334327373395,0.22111698542973748,0.2001563890230767,0.17081155405375162,0.1330824805217622,0.08696916842710851,0.032471617769790476],"ascent":[0.0676328502415459,0.16513761467889906,0.19819819819819817,0.2378854625550661],"descent-weeks":7.532985571485341,"messages":[],"score":1.7471556641726704,"debutScore":0.0676328502415459,"peakScore":0.2378854625550661,"duration":3,"genres":["adult-contemporary"],"role":true,"scoreFactor":1,"rank":1},{"title":"Woman in Chains","instanceSlug":2421,"tags":[],"genre":"pop","debut":"1990-02","playlists":[],"scores":[0.035,0.09,0.11,0.135,0.1303512594324583,0.11640503772983314,0.09316133489212457,0.06062015091933256,0.018781485811457107],"ascent":[0.035,0.09,0.11,0.135],"descent-weeks":5.388888888888888,"messages":[],"ranks":{},"score":0.07893192687852058,"debutScore":0.035,"peakScore":0.135,"duration":2,"genres":["pop"],"role":"backup","scoreFactor":0.1,"rank":2}],"score":1.826087591051191,"songCount":2,"songAdjustedAverage":1.291238918672904,"rank":1167}