{"title":"Partners in Kryme","instanceSlug":"partners-in-kryme","tags":[],"parents":[],"genres":[],"members":[],"xref":[],"complete":false,"origin":"","birth":"","death":"","songs":[{"title":"Turtle Power","instanceSlug":1139,"tags":[],"genre":"pop","debut":1990,"playlists":[],"scores":[0.21,0.512951,0.7556,0.82,0.8446,0.82,0.7953999999999999,0.7461999999999998,0.6723999999999996,0.5739999999999993,0.45099999999999896,0.30339999999999856,0.1311999999999981,0],"ascent":[0.21,0.512951,0.7556,0.82,0.8446],"descent-weeks":4.467119337378631,"ascent-weeks":5.58220044991712,"peak":0.8446,"messages":[],"ranks":{},"unscored":false,"score":5.6584369948999935,"duration":3,"genres":["pop"],"role":true,"scoreFactor":1,"totalScore":5.6584369948999935,"rank":1}],"songCount":1,"songAdjustedAverage":5.6584369948999935,"collaborators":[],"rank":299}