{"title":"Pat Benatar","instanceSlug":"pat-benatar","tags":[],"parents":[],"genres":[],"members":[],"xref":[],"complete":false,"origin":"","birth":"","death":"","type":{"title":"Solo Female","artists":[],"artistCount":0,"score":0,"artistAdjustedAverage":0,"slug":"f"},"songs":[{"title":"We Belong","instanceSlug":1779,"tags":[],"parents":[],"genre":"pop","debut":"1985-01","playlists":[],"ranks":{},"scores":[0.054,0.20366666666666666,0.35766666666666663,0.37433333333333335,0.338,0.32433333333333336,0.3006666666666667,0.28733333333333333,0.26899999999999996,0.24566666666666667,0.21733333333333335,0.18400000000000002,0.14566666666666664,0.10233333333333333,0.06033333333333333,0.027,0],"ascent":[0.054,0.20366666666666666,0.35766666666666663,0.37433333333333335],"descent-weeks":2.4749905016325315,"ascent-weeks":3.9657168299198577,"peak":0.37433333333333335,"messages":[],"unscored":false,"score":1.607314296296296,"duration":2,"genres":["pop"],"role":true,"scoreFactor":1,"totalScore":1.607314296296296,"rank":1},{"title":"Love is a Battlefield","instanceSlug":755,"tags":["battle","love","love-is","war"],"parents":[],"genre":"rock","debut":1984,"playlists":[],"ranks":{},"scores":[0.054,0.20366666666666666,0.35766666666666663,0.37433333333333335,0.338,0.32433333333333336,0.3006666666666667,0.28733333333333333,0.26899999999999996,0.24566666666666667,0.21733333333333335,0.18400000000000002,0.14566666666666664,0.10233333333333333,0.06033333333333333,0.027,0],"ascent":[0.054,0.20366666666666666,0.35766666666666663,0.37433333333333335],"descent-weeks":2.4749905016325315,"ascent-weeks":3.9657168299198577,"peak":0.37433333333333335,"messages":[],"unscored":false,"score":1.607314296296296,"duration":2,"genres":["rock"],"role":true,"scoreFactor":1,"totalScore":1.607314296296296,"rank":2},{"title":"Invincible","instanceSlug":756,"tags":[],"parents":[],"genre":"rock","debut":1985,"playlists":[],"ranks":{},"scores":[0.097,0.278,0.463,0.484,0.376,0.268,0.052000000000000046,0],"ascent":[0.097,0.278,0.463,0.484],"descent-weeks":0.5083264462809919,"ascent-weeks":4.097107438016529,"peak":0.484,"messages":[],"unscored":false,"score":1.4860200000000001,"duration":2,"genres":["rock"],"role":true,"scoreFactor":1,"totalScore":1.4860200000000001,"rank":3},{"title":"Shadows of the Night","instanceSlug":1253,"tags":[],"genre":"rock","debut":"1982-10","playlists":[],"ascent":[0.12,0.219,0.328,0.332],"descent-weeks":0.6916470883534137,"ascent-weeks":4.51355421686747,"peak":0.332,"messages":[],"ranks":{},"unscored":false,"score":1.1520845555555557,"duration":2,"genres":["rock"],"role":true,"scoreFactor":1,"totalScore":1.1520845555555557,"rank":4},{"title":"Hit Me With Your Best Shot","instanceSlug":999,"tags":[],"parents":[],"genre":"rock","debut":"1980-10","playlists":[],"ranks":{},"scores":[0.038,0.213,0.391,0.311,0.23099999999999998,0.07099999999999995,0],"ascent":[0.038,0.213,0.391],"descent-weeks":0.3522131287297527,"ascent-weeks":2.462915601023018,"peak":0.391,"messages":[],"unscored":false,"score":0.7338102222222223,"duration":1,"genres":["rock"],"role":true,"scoreFactor":1,"totalScore":0.7338102222222223,"rank":5}],"songCount":5,"songAdjustedAverage":2.945591742579744,"collaborators":[],"rank":697}