{"title":"Pat Benatar","instanceSlug":"pat-benatar","tags":[],"parents":[],"genres":[],"members":[],"xref":[],"complete":false,"origin":"","birth":"","death":"","type":{"title":"Solo Female","artists":[],"artistCount":0,"score":0,"artistAdjustedAverage":0,"slug":"f"},"songs":[{"title":"We Belong","instanceSlug":1779,"tags":[],"parents":[],"genre":"pop","debut":"1985-01","playlists":[],"ranks":{},"scores":[0.054,0.20366666666666666,0.35766666666666663,0.37433333333333335,0.37151485160906705,0.3630594064362681,0.34896699781493656,0.32923762574507237,0.3038712902266756,0.27286799125974615,0.23622772884428406,0.1939505029802894,0.14603631366776215,0.09248516090670225,0.03329704469710971],"ascent":[0.054,0.20366666666666666,0.35766666666666663,0.37433333333333335],"descent-weeks":11.524487978628672,"messages":[],"score":3.6811815808545796,"debutScore":0.054,"peakScore":0.37433333333333335,"duration":4,"genres":["pop"],"role":true,"scoreFactor":1,"rank":1},{"title":"Love is a Battlefield","instanceSlug":755,"tags":["battle","love","love-is","war"],"parents":[],"genre":"rock","debut":1984,"playlists":[],"ranks":{},"scores":[0.054,0.20366666666666666,0.35766666666666663,0.37433333333333335,0.37151485160906705,0.3630594064362681,0.34896699781493656,0.32923762574507237,0.3038712902266756,0.27286799125974615,0.23622772884428406,0.1939505029802894,0.14603631366776215,0.09248516090670225,0.03329704469710971],"ascent":[0.054,0.20366666666666666,0.35766666666666663,0.37433333333333335],"descent-weeks":11.524487978628672,"messages":[],"score":3.6811815808545796,"debutScore":0.054,"peakScore":0.37433333333333335,"duration":4,"genres":["rock"],"role":true,"scoreFactor":1,"rank":2},{"title":"Invincible","instanceSlug":756,"tags":[],"parents":[],"genre":"rock","debut":1985,"playlists":[],"ranks":{},"scores":[0.097,0.278,0.463,0.484,0.44780991924415076,0.3392396769766032,0.1582892731973572],"ascent":[0.097,0.278,0.463,0.484],"descent-weeks":3.6570247933884303,"messages":[],"score":2.267338869418111,"debutScore":0.097,"peakScore":0.484,"duration":2,"genres":["rock"],"role":true,"scoreFactor":1,"rank":3},{"title":"Shadows of the Night","instanceSlug":1253,"tags":[],"genre":"rock","debut":"1982-10","playlists":[],"ascent":[0.12,0.219,0.328,0.332],"descent-weeks":5.575301204819278,"messages":[],"ranks":{},"score":2.0715592047868765,"debutScore":0.12,"peakScore":0.332,"scores":[0.12,0.219,0.328,0.332,0.3213192582688523,0.2892770330754092,0.23587332441967068,0.16110813230163676,0.06498145672130741],"duration":2,"genres":["rock"],"role":true,"scoreFactor":1,"rank":4},{"title":"Hit Me With Your Best Shot","instanceSlug":999,"tags":[],"parents":[],"genre":"rock","debut":"1980-10","playlists":[],"ranks":{},"scores":[0.038,0.213,0.391,0.36464394965512015,0.28557579862048044,0.15379554689608096],"ascent":[0.038,0.213,0.391],"descent-weeks":3.851662404092071,"messages":[],"score":1.4460152951716818,"debutScore":0.038,"peakScore":0.391,"duration":2,"genres":["rock"],"role":true,"scoreFactor":1,"rank":5}],"score":13.147276531085828,"songCount":5,"songAdjustedAverage":5.879640808499107,"rank":621}