{"title":"Paul Young","instanceSlug":"paul-young","tags":[],"genres":[{"instanceSlug":"pop","title":"Pop","parents":[]}],"xref":[],"complete":false,"origin":{"title":"United Kingdom","instanceSlug":"uk","tags":[],"parents":[]},"birth":"","death":"","type":{"title":"Solo Male","artists":[],"artistCount":0,"score":0,"artistAdjustedAverage":0,"slug":"m"},"note":"Not to be confused with Paul Young of Mike + the Mechanics.","songs":[{"title":"I'm Gonna Tear Your Playhouse Down","instanceSlug":934,"tags":[],"parents":[],"genre":"rock","debut":"1985-08","playlists":[],"ranks":{},"scores":[0.0505,0.21050000000000002,0.31799999999999995,0.3345,0.32973547462977354,0.3154418985190942,0.2916192716679619,0.2582675940763768,0.21538686574433866,0.16297708667184765,0.10103825685890373,0.029570376305506938],"ascent":[0.0505,0.21050000000000002,0.31799999999999995,0.3345],"descent-weeks":8.378923766816143,"messages":[],"score":2.6175368244738033,"debutScore":0.0505,"peakScore":0.3345,"duration":3,"genres":["rock"],"role":true,"scoreFactor":1,"rank":1},{"title":"Every Time You Go Away","instanceSlug":1645,"tags":[],"genre":"pop","debut":1985,"playlists":[],"scores":[0.0505,0.21,0.318,0.3345,0.319397774093746,0.2740910963749838,0.1985799668437135,0.09286438549993516],"ascent":[0.0505,0.21,0.318,0.3345],"descent-weeks":4.706278026905829,"messages":[],"ranks":{},"score":1.7979332228123786,"debutScore":0.0505,"peakScore":0.3345,"duration":2,"genres":["pop"],"role":true,"scoreFactor":1,"rank":2},{"title":"Oh Girl","instanceSlug":204,"tags":["girl","oh"],"parents":[],"genre":"pop","debut":"1990-08","ranks":{},"scores":[0.171,0.286,0.2709800347222222,0.22592013888888887,0.1508203125,0.045680555555555516],"ascent":[0.171,0.286],"descent-weeks":4.363636363636363,"messages":[],"score":1.1504010416666666,"debutScore":0.171,"peakScore":0.286,"duration":2,"genres":["pop"],"playlists":[],"role":true,"scoreFactor":1,"rank":3},{"title":"Do They Know It's Christmas","instanceSlug":2841,"tags":[],"parents":[],"genre":"pop","debut":"1984-12","playlists":["xmas"],"ranks":{},"scores":[0.1,0.25,0.35,0.42,0.39674740484429066,0.3269896193771626,0.21072664359861587,0.0479584775086505],"ascent":[0.1,0.25,0.35,0.42],"descent-weeks":4.25,"messages":[],"score":0.5256055363321799,"debutScore":0.1,"peakScore":0.42,"duration":2,"genres":["pop"],"role":"member","scoreFactor":0.25,"rank":4}],"score":6.091476625285028,"songCount":4,"songAdjustedAverage":3.045738312642514,"rank":1062,"ranks":{"genre:pop":{"rank":103,"total":129},"origin:uk":{"rank":42,"total":55}}}