{"title":"Peabo Bryson","instanceSlug":"peabo-bryson","tags":[],"parents":[],"genres":[],"members":[],"xref":[],"complete":false,"origin":"","birth":"","death":"","type":{"title":"Solo Male","artists":[],"artistCount":0,"score":0,"artistAdjustedAverage":0,"slug":"m"},"songs":[{"title":"If Ever You're In My Arms Again","instanceSlug":439,"tags":[],"genre":"soul","debut":1983,"playlists":[],"scores":[0.038,0.216,0.397,0.437,0.391,0.386,0.37828,0.36284,0.33968,0.30879999999999996,0.27019999999999994,0.22387999999999994,0.16983999999999994,0.10807999999999994,0.03859999999999994,0],"ascent":[0.038,0.216,0.397,0.437],"descent-weeks":11.719221967963385,"ascent-weeks":3.7345537757437075,"peak":0.437,"messages":[],"ranks":{},"unscored":false,"score":4.502199999999999,"duration":4,"genres":["soul"],"role":true,"scoreFactor":1,"totalScore":4.502199999999999,"rank":1},{"title":"Beauty and the Beast","instanceSlug":1650,"tags":[],"source":"beauty-beast-1992","genre":"pop","debut":1992,"playlists":["ballad"],"ranks":{},"scores":[0.1,0.1995263597162372,0.31,0.34125675641,0.34282688513132636,0.331,0.31571661,0.3,0.28428338999999997,0.25285016999999993,0.20570033999999987,0.1428338999999998,0.06425084999999969,0],"ascent":[0.1,0.1995263597162372,0.31,0.34125675641,0.34282688513132636],"descent-weeks":9.79851162026043,"ascent-weeks":5.660043263943645,"peak":0.34282688513132636,"messages":[],"unscored":false,"score":3.533072146388889,"duration":4,"genres":["pop"],"sources":["beauty-beast-1992"],"role":true,"scoreFactor":1,"totalScore":3.533072146388889,"rank":2},{"title":"Tonight I Celebrate My Love","instanceSlug":353,"tags":[],"parents":[],"genre":"soul","debut":"1983-09","playlists":[],"ranks":{},"scores":[0.038,0.216,0.397,0.437,0.391,0.34500000000000003,0.25300000000000006,0.1150000000000001,0],"ascent":[0.038,0.216,0.397,0.437],"descent-weeks":5.289473684210527,"ascent-weeks":3.7345537757437075,"peak":0.437,"messages":[],"unscored":false,"score":2.6290000000000004,"duration":3,"genres":["soul"],"role":true,"scoreFactor":1,"totalScore":2.6290000000000004,"rank":3},{"title":"By the Time This Night is Over","instanceSlug":2335,"tags":["#1","#1-adult-contemporary"],"genre":"adult-contemporary","debut":"1993-07","playlists":["summer"],"scores":[0.038,0.216,0.397,0.437,0.391,0.386,0.37828,0.36284,0.33968,0.30879999999999996,0.27019999999999994,0.22387999999999994,0.16983999999999994,0.10807999999999994,0.03859999999999994,0],"ascent":[0.038,0.216,0.397,0.437],"descent-weeks":11.719221967963385,"ascent-weeks":3.7345537757437075,"peak":0.437,"messages":[],"ranks":{},"unscored":false,"score":0.9004399999999999,"duration":4,"genres":["adult-contemporary"],"role":"feature","scoreFactor":0.2,"totalScore":4.502199999999999,"rank":4}],"score":11.564712146388889,"songCount":4,"songAdjustedAverage":5.782356073194444,"rank":678}