{"title":"Peabo Bryson","instanceSlug":"peabo-bryson","tags":[],"parents":[],"genres":[],"members":[],"xref":[],"complete":false,"origin":"","birth":"","death":"","type":{"title":"Solo Male","artists":[],"artistCount":0,"score":0,"artistAdjustedAverage":0,"slug":"m"},"songs":[{"title":"If Ever You're In My Arms Again","instanceSlug":439,"tags":[],"genre":"soul","debut":1983,"playlists":[],"scores":[0.038,0.216,0.397,0.437,0.43381811941420506,0.42427247765682014,0.4083630747278453,0.38608991062728043,0.3574529853551257,0.32245229891138094,0.28108785129604635,0.23335964250912178,0.17926767255060722,0.11881194142050279,0.0519924491188083],"ascent":[0.038,0.216,0.397,0.437],"descent-weeks":11.719221967963385,"messages":[],"ranks":{},"score":4.284968423587744,"debutScore":0.038,"peakScore":0.437,"duration":4,"genres":["soul"],"role":true,"scoreFactor":1,"rank":1},{"title":"Beauty and the Beast","instanceSlug":1650,"tags":[],"source":"beauty-beast-1992","genre":"pop","debut":1992,"playlists":["ballad"],"ranks":{},"scores":[0.1,0.1995263597162372,0.31,0.34125675641,0.34282688513132636,0.3392561745643002,0.32854404286322164,0.31069049002809074,0.28569551605890753,0.25355912095567185,0.2142813047183839,0.16786206734704356,0.11430140884165085,0.05359932920220578],"ascent":[0.1,0.1995263597162372,0.31,0.34125675641,0.34282688513132636],"descent-weeks":9.79851162026043,"messages":[],"score":3.3613994558370397,"debutScore":0.1,"peakScore":0.34282688513132636,"duration":4,"genres":["pop"],"sources":["beauty-beast-1992"],"role":true,"scoreFactor":1,"rank":2},{"title":"Tonight I Celebrate My Love","instanceSlug":353,"tags":[],"parents":[],"genre":"soul","debut":"1983-09","playlists":[],"ranks":{},"scores":[0.038,0.216,0.397,0.437,0.421380881661345,0.3745235266453801,0.29642793495210523,0.18709410658152031,0.04652204153362557],"ascent":[0.038,0.216,0.397,0.437],"descent-weeks":5.289473684210527,"messages":[],"score":2.4139484913739757,"debutScore":0.038,"peakScore":0.437,"duration":2,"genres":["soul"],"role":true,"scoreFactor":1,"rank":3},{"title":"By the Time This Night is Over","instanceSlug":2335,"tags":["#1","#1-adult-contemporary"],"genre":"adult-contemporary","debut":"1993-07","playlists":["summer"],"scores":[0.038,0.216,0.397,0.437,0.43381811941420506,0.42427247765682014,0.4083630747278453,0.38608991062728043,0.3574529853551257,0.32245229891138094,0.28108785129604635,0.23335964250912178,0.17926767255060722,0.11881194142050279,0.0519924491188083],"ascent":[0.038,0.216,0.397,0.437],"descent-weeks":11.719221967963385,"messages":[],"ranks":{},"score":0.8569936847175488,"debutScore":0.038,"peakScore":0.437,"duration":4,"genres":["adult-contemporary"],"role":"feature","scoreFactor":0.2,"rank":4}],"score":10.917310055516309,"songCount":4,"songAdjustedAverage":5.458655027758154,"rank":664}