{"title":"Peaches & Herb","instanceSlug":"peaches-herb","tags":[],"genres":[{"instanceSlug":"soul","title":"Soul","parents":["urban"]},{"instanceSlug":"urban","title":"Urban / R&B","parents":[]}],"members":[],"xref":[],"complete":false,"origin":"","birth":"","death":"","type":{"title":"Mixed Duo, Female Lead","artists":[],"artistCount":0,"score":0,"artistAdjustedAverage":0,"slug":"fm"},"songs":[{"title":"Shake Your Groove Thing","instanceSlug":1668,"tags":[],"parents":[],"genre":"soul","debut":1979,"playlists":[],"ranks":{},"scores":[0.1,0.21,0.312951,0.35561236147633757,0.357477963561,0.3446276515977258,0.3289181,0.31523776166182677,0.31,0.3038,0.2914,0.2728,0.248,0.217,0.17980000000000002,0.13640000000000002,0.08680000000000003,0.03100000000000004,0],"ascent":[0.1,0.21,0.312951,0.35561236147633757,0.357477963561],"descent-weeks":3.7979818802043264,"ascent-weeks":5.606113360366711,"peak":0.357477963561,"messages":[],"unscored":false,"score":2.2411712104886847,"duration":3,"genres":["soul"],"role":true,"scoreFactor":1,"totalScore":2.2411712104886847,"rank":1},{"title":"Reunited","instanceSlug":1691,"tags":[],"parents":[],"genre":"soul","debut":1979,"playlists":[],"ranks":{},"scores":[0.1,0.21,0.312951,0.35561236147633757,0.357477963561,0.3446276515977258,0.3289181,0.31523776166182677,0.31,0.3038,0.2914,0.2728,0.248,0.217,0.17980000000000002,0.13640000000000002,0.08680000000000003,0.03100000000000004,0],"ascent":[0.1,0.21,0.312951,0.35561236147633757,0.357477963561],"descent-weeks":3.7979818802043264,"ascent-weeks":5.606113360366711,"peak":0.357477963561,"messages":[],"unscored":false,"score":2.2411712104886847,"duration":3,"genres":["soul"],"role":true,"scoreFactor":1,"totalScore":2.2411712104886847,"rank":2}],"songCount":2,"songAdjustedAverage":3.169494721473224,"collaborators":[],"rank":650,"ranks":{"genre:urban":{"rank":61,"total":96},"genre:soul":{"rank":36,"total":50}}}