{"title":"Peaches & Herb","instanceSlug":"peaches-herb","tags":[],"genres":[{"instanceSlug":"soul","title":"Soul","parents":["urban"]},{"instanceSlug":"urban","title":"Urban / R&B","parents":[]}],"members":[],"xref":[],"complete":false,"origin":"","birth":"","death":"","type":{"title":"Mixed Duo, Female Lead","artists":[],"artistCount":0,"score":0,"artistAdjustedAverage":0,"slug":"fm"},"songs":[{"title":"Shake Your Groove Thing","instanceSlug":1668,"tags":[],"parents":[],"genre":"soul","debut":1979,"playlists":[],"ranks":{},"scores":[0.1,0.21,0.312951,0.35561236147633757,0.357477963561,0.3446276515977258,0.3289181,0.31523776166182677,0.31,0.3038,0.2914,0.2728,0.248,0.217,0.17980000000000002,0.13640000000000002,0.08680000000000003,0.03100000000000004,0],"ascent":[0.1,0.21,0.312951,0.35561236147633757,0.357477963561],"descent-weeks":14.364220283901819,"ascent-weeks":5.606113360366711,"peak":0.357477963561,"messages":[],"unscored":false,"score":4.759302801857891,"duration":5,"genres":["soul"],"role":true,"scoreFactor":1,"totalScore":4.759302801857891,"rank":1},{"title":"Reunited","instanceSlug":1691,"tags":[],"parents":[],"genre":"soul","debut":1979,"playlists":[],"ranks":{},"scores":[0.1,0.21,0.312951,0.35561236147633757,0.357477963561,0.3446276515977258,0.3289181,0.31523776166182677,0.31,0.3038,0.2914,0.2728,0.248,0.217,0.17980000000000002,0.13640000000000002,0.08680000000000003,0.03100000000000004,0],"ascent":[0.1,0.21,0.312951,0.35561236147633757,0.357477963561],"descent-weeks":14.364220283901819,"ascent-weeks":5.606113360366711,"peak":0.357477963561,"messages":[],"unscored":false,"score":4.759302801857891,"duration":5,"genres":["soul"],"role":true,"scoreFactor":1,"totalScore":4.759302801857891,"rank":2}],"score":9.518605603715782,"songCount":2,"songAdjustedAverage":6.7306705698277005,"rank":552,"ranks":{"genre:urban":{"rank":64,"total":96},"genre:soul":{"rank":37,"total":50}}}