{"title":"Pharrell Williams","instanceSlug":"pharrell-williams","tags":[{"title":"Major Artists of the 2000s","instanceSlug":"2000s","coverage":{"artist":true},"tags":[],"parents":[]},{"title":"Major Artists of the 2010s","instanceSlug":"2010s","coverage":{"artist":true},"tags":[],"parents":[]}],"genres":[],"xref":[],"complete":false,"active":true,"origin":"","birth":"","death":"","type":{"title":"Solo Male","artists":[],"artistCount":0,"score":0,"artistAdjustedAverage":0,"slug":"m"},"songs":[{"title":"Happy","instanceSlug":1388,"tags":["#1","#1-rdwt40-hot-adult"],"parents":[],"genre":"pop","debut":2014,"playlists":[],"ranks":{},"scores":[0.075,0.2,0.402,0.612,0.694,0.681,0.668,0.65,0.632,0.587,0.582,0.572,0.557,0.537,0.512,0.482,0.447,0.407,0.362,0.312,0.257,0.197,0.132,0.062,0],"score":10.618999999999996,"debutScore":0.075,"peakScore":0.694,"duration":7,"genres":["pop"],"role":true,"scoreFactor":1,"rank":1},{"title":"Blurred Lines","instanceSlug":3012,"tags":["#1","#1-rdwt40-hot-adult"],"genre":"pop","debut":2013,"playlists":["adultery","cheating"],"ranks":{},"scores":[0.07,0.27549999999999997,0.46950000000000003,0.597,0.653,0.6365000000000001,0.6275,0.6134999999999999,0.597,0.5645,0.5495,0.5295,0.5045000000000001,0.47450000000000003,0.4395,0.39949999999999997,0.35450000000000004,0.3045,0.2495,0.1895,0.1285,0.0985,0.066,0.031,0],"score":2.3557500000000005,"debutScore":0.07,"peakScore":0.653,"duration":7,"genres":["pop"],"role":"feature","scoreFactor":0.25,"rank":2},{"title":"Get Lucky","instanceSlug":1788,"tags":["#1","#1-rdwt40-hot-adult"],"parents":[],"genre":"pop","debut":2013,"playlists":[],"ranks":{},"scores":[0.065,0.351,0.537,0.582,0.612,0.592,0.587,0.577,0.562,0.542,0.517,0.487,0.452,0.412,0.367,0.317,0.262,0.202,0.137,0.067,0],"score":2.0567500000000005,"debutScore":0.065,"peakScore":0.612,"duration":6,"genres":["pop"],"role":"feature","scoreFactor":0.25,"rank":3}],"score":15.031499999999998,"songCount":3,"songAdjustedAverage":8.67844057132386,"rank":509,"ranks":{"tag:2000s":{"rank":16,"total":34},"tag:2010s":{"rank":6,"total":12}}}