{"title":"Pharrell Williams","instanceSlug":"pharrell-williams","tags":[{"title":"Major Artists of the 2000s","instanceSlug":"2000s","coverage":{"artist":true},"tags":[],"parents":[]},{"title":"Major Artists of the 2010s","instanceSlug":"2010s","coverage":{"artist":true},"tags":[],"parents":[]}],"genres":[],"xref":[],"complete":false,"active":true,"origin":"","birth":"","death":"","type":{"title":"Solo Male","artists":[],"artistCount":0,"score":0,"artistAdjustedAverage":0,"slug":"m"},"songs":[{"title":"Happy","instanceSlug":1388,"tags":["#1","#1-rdwt40-hot-adult"],"parents":[],"genre":"pop","debut":2014,"playlists":[],"ranks":{},"scores":[0.075,0.2,0.402,0.612,0.694,0.681,0.668,0.65,0.632,0.587,0.5419999999999999,0.45199999999999985,0.3169999999999997,0.13699999999999957,0],"ascent":[0.075,0.2,0.402,0.612,0.694],"descent-weeks":4.726042267050911,"ascent-weeks":4.286023054755043,"peak":0.694,"messages":[],"unscored":false,"score":4.169582222222221,"duration":3,"genres":["pop"],"role":true,"scoreFactor":1,"totalScore":4.169582222222221,"rank":1},{"title":"Get Lucky","instanceSlug":1788,"tags":["#1","#1-rdwt40-hot-adult"],"parents":[],"genre":"pop","debut":2013,"playlists":[],"ranks":{},"scores":[0.065,0.351,0.537,0.582,0.612,0.592,0.572,0.5319999999999999,0.47199999999999986,0.3919999999999998,0.2919999999999997,0.1719999999999996,0.03199999999999947,0],"ascent":[0.065,0.351,0.537,0.582,0.612],"descent-weeks":2.904332788671023,"ascent-weeks":5.262254901960785,"peak":0.612,"messages":[],"unscored":false,"score":0.6663935555555556,"duration":2,"genres":["pop"],"role":"feature","scoreFactor":0.2,"totalScore":3.3319677777777774,"rank":2},{"title":"Blurred Lines","instanceSlug":3012,"tags":["#1","#1-rdwt40-hot-adult"],"genre":"pop","debut":2013,"playlists":["adultery","cheating"],"sample":2539,"scores":[0.06592007962463009,0.20345639091641685,0.30206241279169266,0.3420220895447736,0.33974921456656404,0.31719507004601416,0.28142733686111887,0.2371328741977257,0.18605653364816144,0.13376352928929622,0.08887957861419904,0.05779769166533028,0.03976620925032311,0.027967017966615118,0.019474607912516085,0.014091822089318922,0.00870903626612176,0],"ascent":[0.06592007962463009,0.20345639091641685,0.30206241279169266,0.3420220895447736],"descent-weeks":1.5344500251135444,"ascent-weeks":4.006149021368691,"peak":0.3420220895447736,"messages":[],"ranks":{},"unscored":false,"score":0.25266763509435125,"duration":2,"genres":["pop"],"role":"feature","scoreFactor":0.2,"totalScore":1.2633381754717563,"rank":3}],"songCount":3,"songAdjustedAverage":2.937929644231739,"collaborators":[{"slug":"daft-punk","title":"Daft Punk","songCount":1,"score":0.6663935555555556},{"slug":"nile-rodgers","title":"Nile Rodgers","songCount":1,"score":0.6663935555555556},{"slug":"robin-thicke","title":"Robin Thicke","songCount":1,"score":0.25266763509435125},{"slug":"t-i","title":"T.I.","songCount":1,"score":0.25266763509435125},{"slug":"marvin-gaye","title":"Marvin Gaye","songCount":1,"score":0.25266763509435125}],"rank":699,"ranks":{"tag:2000s":{"rank":23,"total":34},"tag:2010s":{"rank":9,"total":12}}}