{"title":"Pretty Poison","instanceSlug":"pretty-poison","tags":[],"parents":[],"genres":[],"members":[],"xref":[],"complete":false,"origin":"","birth":"","death":"","type":{"title":"Mixed Group, Female Lead","artists":[],"artistCount":0,"score":0,"artistAdjustedAverage":0,"slug":"fmm"},"songs":[{"title":"Catch Me I'm Falling","instanceSlug":785,"tags":[],"parents":[],"genre":"dance","debut":"1987-10","playlists":[],"ranks":{},"scores":[0.095,0.282,0.491,0.708,0.722,0.7171238323765072,0.7024953295060293,0.6781144913885659,0.6439813180241172,0.6000958094126831,0.5464579655542637,0.48306778644885895,0.40992527209646884,0.32703042249709346,0.23438323765073266,0.13198371755738647,0.01983186221705493],"ascent":[0.095,0.282,0.491,0.708,0.722],"descent-weeks":12.168282548476451,"messages":[],"score":7.792491044729762,"debutScore":0.095,"peakScore":0.722,"duration":4,"genres":["dance"],"role":true,"scoreFactor":1,"rank":1},{"title":"Nighttime","instanceSlug":784,"tags":["night"],"parents":[],"genre":"dance","debut":"1988-05","playlists":[],"ranks":{},"scores":[0.097,0.267,0.24202501151379885,0.1671000460551954,0.04222510362418957],"ascent":[0.097,0.267],"descent-weeks":3.2696629213483144,"messages":[],"score":0.8153501611931838,"debutScore":0.097,"peakScore":0.267,"duration":1,"genres":["dance"],"role":true,"scoreFactor":1,"rank":2}],"score":8.607841205922947,"songCount":2,"songAdjustedAverage":6.086662888085104,"rank":585}