{"title":"Psychedelic Furs","instanceSlug":"psychedelic-furs","tags":[],"parents":[],"genres":[],"members":[],"xref":[],"complete":false,"origin":"","birth":"","death":"","type":{"title":"All-Male Group","artists":[],"artistCount":0,"score":0,"artistAdjustedAverage":0,"slug":"mmm"},"songs":[{"title":"Heartbreak Beat","instanceSlug":1660,"tags":[],"parents":[],"genre":"pop","debut":1987,"playlists":[],"ranks":{},"scores":[0.129,0.302,0.437,0.592,0.65,0.616,0.611,0.601,0.58898,0.56494,0.52888,0.4808,0.4207,0.34858,0.26444,0.16827999999999999,0.06009999999999997,0],"ascent":[0.129,0.302,0.437,0.592,0.65],"descent-weeks":6.065446242307695,"ascent-weeks":4.869230769230769,"peak":0.65,"messages":[],"unscored":false,"score":4.738360038333335,"duration":3,"genres":["pop"],"role":true,"scoreFactor":1,"totalScore":4.738360038333335,"rank":1},{"title":"Love My Way","instanceSlug":1606,"tags":["love","my","way"],"parents":[],"genre":"pop","debut":"1983-04","playlists":[],"ranks":{},"scores":[0.129,0.302,0.437,0.592,0.65,0.616,0.582,0.5139999999999999,0.4119999999999998,0.2759999999999997,0.10599999999999954,0],"ascent":[0.129,0.302,0.437,0.592,0.65],"descent-weeks":2.130704615384614,"ascent-weeks":4.869230769230769,"peak":0.65,"messages":[],"unscored":false,"score":3.033305333333333,"duration":2,"genres":["pop"],"role":true,"scoreFactor":1,"totalScore":3.033305333333333,"rank":2}],"songCount":2,"songAdjustedAverage":5.4953972854181705,"collaborators":[],"rank":324}