{"title":"Pussycat Dolls","instanceSlug":"pussycat-dolls","tags":[],"parents":[],"genres":[{"instanceSlug":"pop","title":"Pop","parents":[]}],"members":[],"xref":[],"complete":false,"origin":"","birth":"","death":"","type":{"title":"All-Female Group","artists":[],"artistCount":0,"score":0,"artistAdjustedAverage":0,"slug":"fff"},"songs":[{"title":"Don't Cha","instanceSlug":2427,"tags":[],"parents":[],"genre":"dance-pop","debut":2005,"playlists":[],"ranks":{},"scores":[0.06200821741159169,0.20830894528861146,0.3129502216570068,0.35561236147633757,0.3574779635603355,0.3558504691948907,0.3509679860985563,0.34283051427133227,0.33143805371321866,0.31679060442421547,0.29888816640432264,0.27773073965354017,0.25331832417186817,0.22565091995930653,0.19472852701585525,0.1605511453415144,0.12311877493628393,0.08243141580016386,0.03848906793315418],"ascent":[0.06200821741159169,0.20830894528861146,0.3129502216570068,0.35561236147633757,0.3574779635603355],"descent-weeks":14.820569447990732,"messages":[],"score":4.649142418312106,"debutScore":0.06200821741159169,"peakScore":0.3574779635603355,"duration":5,"genres":["dance-pop"],"role":true,"scoreFactor":1,"rank":1},{"title":"Stickwitu","instanceSlug":2428,"tags":[],"parents":[],"genre":"pop","debut":21,"playlists":[],"ranks":{},"scores":[0.1,0.21,0.312951,0.35561236147633757,0.357477963561,0.35432850441156005,0.34488012696324016,0.3291328312160404,0.3070866171699607,0.27874148482500116,0.24409743418116173,0.20315446523844233,0.15591257799684302,0.10237177245636385,0.04253204861700477],"ascent":[0.1,0.21,0.312951,0.35561236147633757,0.357477963561],"descent-weeks":10.653851715200744,"messages":[],"score":3.698279188112956,"debutScore":0.1,"peakScore":0.357477963561,"duration":4,"genres":["pop"],"role":true,"scoreFactor":1,"rank":2}],"score":8.347421606425062,"songCount":2,"songAdjustedAverage":5.902518423326265,"rank":620,"ranks":{"genre:pop":{"rank":97,"total":129}}}