{"title":"Pussycat Dolls","instanceSlug":"pussycat-dolls","tags":[],"parents":[],"genres":[{"instanceSlug":"pop","title":"Pop","parents":[]}],"members":[],"xref":[],"complete":false,"origin":"","birth":"","death":"","type":{"title":"All-Female Group","artists":[],"artistCount":0,"score":0,"artistAdjustedAverage":0,"slug":"fff"},"songs":[{"title":"Don't Cha","instanceSlug":2427,"tags":[],"parents":[],"genre":"dance-pop","debut":2005,"playlists":[],"ranks":{},"scores":[0.06200821741159169,0.20830894528861146,0.3129502216570068,0.35561236147633757,0.3574779635603355,0.3446276515977258,0.32891805429767385,0.31523776166182677,0.30042162719800025,0.2833026661554992,0.2643212410031802,0.24289242606706696,0.21959493334585015,0.19466120793610409,0.1685894531254616,0.14210166436832847,0.11600004299049087,0.09098520352380506,0.06767556150528035,0.04664449376949029,0.029256418423981474,0.01618867931401627,0.0031209402040510634,0],"ascent":[0.06200821741159169,0.20830894528861146,0.3129502216570068,0.35561236147633757,0.3574779635603355],"descent-weeks":3.97551540969843,"ascent-weeks":5.439598415309378,"peak":0.3574779635603355,"messages":[],"unscored":false,"score":2.2437971445683678,"duration":3,"genres":["dance-pop"],"role":true,"scoreFactor":1,"totalScore":2.2437971445683678,"rank":1},{"title":"Stickwitu","instanceSlug":2428,"tags":[],"parents":[],"genre":"pop","debut":21,"playlists":[],"ranks":{},"scores":[0.1,0.21,0.312951,0.35561236147633757,0.357477963561,0.3446276515977258,0.3289181,0.31523776166182677,0.31,0.28331,0.25662,0.20324000000000003,0.12317000000000006,0.01641000000000009,0],"ascent":[0.1,0.21,0.312951,0.35561236147633757,0.357477963561],"descent-weeks":2.2935687744203963,"ascent-weeks":5.606113360366711,"peak":0.357477963561,"messages":[],"unscored":false,"score":1.8826415215486054,"duration":2,"genres":["pop"],"role":true,"scoreFactor":1,"totalScore":1.8826415215486054,"rank":2}],"songCount":2,"songAdjustedAverage":2.9178327629616834,"collaborators":[],"rank":705,"ranks":{"genre:pop":{"rank":102,"total":130}}}