{"title":"Quad City DJs","instanceSlug":"quad-city-djs","tags":[],"parents":[],"genres":[{"instanceSlug":"dance","title":"Dance","parents":[]}],"members":[],"xref":[],"complete":true,"origin":{"title":"Florida","instanceSlug":"florida","tags":[],"parents":["us"]},"birth":"","death":"","type":{"title":"All-Male Group","artists":[],"artistCount":0,"score":0,"artistAdjustedAverage":0,"slug":"mmm"},"songs":[{"title":"C'Mon N' Ride It (The Train)","instanceSlug":599,"tags":[],"parents":[],"genre":"dance","debut":"1996-06","playlists":["summer"],"ranks":{},"scores":[0.145,0.351,0.554,0.752,0.722,0.612,0.546,0.4800000000000001,0.3480000000000002,0.15000000000000036,0],"ascent":[0.145,0.351,0.554,0.752],"descent-weeks":7.200797872340425,"ascent-weeks":3.5944148936170217,"peak":0.752,"messages":[],"unscored":false,"score":5.412,"duration":3,"genres":["dance"],"role":true,"scoreFactor":1,"totalScore":5.412,"rank":1},{"title":"Space Jam","instanceSlug":2429,"tags":[],"parents":[],"genre":"pop","debut":"1997-01","playlists":[],"ranks":{},"scores":[0.06592007962463009,0.20345639091641685,0.30206241279169266,0.3420220895447736,0.33974921456656404,0.31719507004601416,0.28142733686111887,0.2371328741977257,0.18605653364816144,0.13376352928929622,0.08887957861419904,0.05779769166533028,0.03976620925032311,0.027967017966615118,0.019474607912516085,0.014091822089318922,0.00870903626612176,0],"ascent":[0.06592007962463009,0.20345639091641685,0.30206241279169266,0.3420220895447736],"descent-weeks":9.183760388277284,"ascent-weeks":4.006149021368691,"peak":0.3420220895447736,"messages":[],"unscored":false,"score":3.0074935847955913,"duration":4,"genres":["pop"],"role":true,"scoreFactor":1,"totalScore":3.0074935847955913,"rank":2}],"score":8.41949358479559,"songCount":2,"songAdjustedAverage":5.953481007965596,"rank":657,"ranks":{"genre:dance":{"rank":22,"total":27},"origin:florida":{"rank":3,"total":4}}}