{"title":"Quiet Riot","instanceSlug":"quiet-riot","tags":[],"parents":[],"genres":[],"members":[],"xref":[],"complete":false,"origin":"","birth":"","death":"","type":{"title":"All-Male Group","artists":[],"artistCount":0,"score":0,"artistAdjustedAverage":0,"slug":"mmm"},"songs":[{"title":"Bang Your Head (Metal Health)","instanceSlug":2442,"tags":[],"parents":[],"genre":"metal","debut":"1984-02","playlists":[],"ranks":{},"scores":[0.06200821741159169,0.20830894528861146,0.3129502216570068,0.35561236147633757,0.3574779635603355,0.3446276515977258,0.32891805429767385,0.31523776166182677,0.30042162719800025,0.2833026661554992,0.2643212410031802,0.24289242606706696,0.21959493334585015,0.19466120793610409,0.1685894531254616,0.14210166436832847,0.11600004299049087,0.09098520352380506,0.06767556150528035,0.04664449376949029,0.029256418423981474,0.01618867931401627,0.0031209402040510634,0],"ascent":[0.06200821741159169,0.20830894528861146,0.3129502216570068,0.35561236147633757,0.3574779635603355],"descent-weeks":14.820569447990732,"ascent-weeks":5.439598415309378,"peak":0.3574779635603355,"messages":[],"unscored":false,"score":4.828375699442051,"duration":5,"genres":["metal"],"role":true,"scoreFactor":1,"totalScore":4.828375699442051,"rank":1},{"title":"Come On Feel the Noise","instanceSlug":2441,"tags":[],"parents":[],"genre":"hard-rock","debut":"1983-11","playlists":[],"ranks":{},"scores":[0.1,0.21,0.312951,0.35561236147633757,0.357477963561,0.3446276515977258,0.3289181,0.31523776166182677,0.31,0.3038,0.2914,0.2728,0.248,0.217,0.17980000000000002,0.13640000000000002,0.08680000000000003,0.03100000000000004,0],"ascent":[0.1,0.21,0.312951,0.35561236147633757,0.357477963561],"descent-weeks":14.364220283901819,"ascent-weeks":5.606113360366711,"peak":0.357477963561,"messages":[],"unscored":false,"score":4.759302801857891,"duration":5,"genres":["hard-rock"],"role":true,"scoreFactor":1,"totalScore":4.759302801857891,"rank":2}],"score":9.587678501299942,"songCount":2,"songAdjustedAverage":6.7795124841056635,"rank":541}