{"title":"Ray Parker Jr.","instanceSlug":"ray-parker-jr","tags":[],"parents":[],"genres":[],"members":[],"xref":[{"title":"Raydio","instanceSlug":"raydio","tags":[],"parents":[],"genres":[],"members":["ray-parker-jr"],"xref":[],"complete":false,"origin":"","birth":"","death":"","type":"mmm"}],"complete":false,"origin":{"title":"United States","instanceSlug":"us","tags":[],"parents":[]},"birth":"","death":"","songs":[{"title":"Jamie","instanceSlug":1769,"tags":[],"parents":[],"genre":"urban","debut":"1985-01","playlists":[],"ranks":{},"scores":[0.077,0.249,0.319,0.37,0.419,0.4144650660014696,0.40086026400587826,0.3781855940132261,0.34644105602351305,0.30562665003673917,0.2557423760529044,0.19678823407200882,0.1287642240940523,0.05167034611903497],"ascent":[0.077,0.249,0.319,0.37,0.419],"descent-weeks":9.61217183770883,"messages":[],"score":3.912543810418826,"debutScore":0.077,"peakScore":0.419,"duration":4,"genres":["urban"],"role":true,"scoreFactor":1,"rank":1},{"title":"The Other Woman","instanceSlug":1770,"tags":["cheating"],"parents":[],"genres":["pop","urban"],"debut":1982,"playlists":["feb13"],"ranks":{},"scores":[0.077,0.249,0.319,0.37,0.419,0.4144650660014696,0.40086026400587826,0.3781855940132261,0.34644105602351305,0.30562665003673917,0.2557423760529044,0.19678823407200882,0.1287642240940523,0.05167034611903497],"ascent":[0.077,0.249,0.319,0.37,0.419],"descent-weeks":9.61217183770883,"messages":[],"score":3.912543810418826,"debutScore":0.077,"peakScore":0.419,"duration":4,"role":true,"scoreFactor":1,"rank":2},{"title":"Ghostbusters","instanceSlug":443,"tags":[],"parents":[],"genre":"pop","debut":1984,"playlists":[],"ranks":{},"scores":[0.077,0.249,0.319,0.37,0.419,0.38020514005112516,0.26382056020450084,0.06984626046012687],"ascent":[0.077,0.249,0.319,0.37,0.419],"descent-weeks":3.286396181384248,"messages":[],"score":2.147871960715753,"debutScore":0.077,"peakScore":0.419,"duration":2,"genres":["pop"],"role":true,"scoreFactor":1,"rank":3}],"score":9.972959581553406,"songCount":3,"songAdjustedAverage":5.7578908990271165,"rank":633,"ranks":{"origin:us":{"rank":58,"total":154}}}