{"title":"Rembrandts","instanceSlug":"rembrandts","tags":[],"genres":[{"instanceSlug":"pop-rock","title":"Pop-Rock","parents":["pop"]}],"members":[],"xref":[],"complete":true,"origin":{"title":"Los Angeles","instanceSlug":"los-angeles","tags":[],"parents":["california"]},"birth":"","death":"","type":{"title":"Male Duo","artists":[],"artistCount":0,"score":0,"artistAdjustedAverage":0,"slug":"mm"},"songs":[{"title":"That's Just the Way It Is, Baby","instanceSlug":1056,"tags":[],"genre":"pop","debut":"1991-04","playlists":[],"ranks":{},"scores":[0.12,0.768,0.939,0.902,0.8650000000000001,0.7910000000000003,0.6800000000000005,0.5320000000000008,0.3470000000000012,0.12500000000000167,0],"ascent":[0.12,0.768,0.939],"descent-weeks":8.276357827476046,"ascent-weeks":2.9185303514377,"peak":0.939,"messages":[],"unscored":false,"score":7.0080000000000044,"duration":3,"genres":["pop"],"role":true,"scoreFactor":1,"totalScore":7.0080000000000044,"rank":1},{"title":"This House is Not a Home","instanceSlug":2689,"tags":[],"parents":[],"genre":"pop","debut":"1995-10","playlists":[],"ranks":{},"scores":[0.12,0.513,0.633,0.609,0.585,0.555,0.518,0.47,0.42199999999999993,0.32599999999999985,0.18199999999999972,0],"ascent":[0.12,0.513,0.633],"descent-weeks":10.189573459715637,"ascent-weeks":3,"peak":0.633,"messages":[],"unscored":false,"score":5.565999999999999,"duration":4,"genres":["pop"],"role":true,"scoreFactor":1,"totalScore":5.565999999999999,"rank":2},{"title":"I'll Be There for You","instanceSlug":2688,"tags":[],"genre":"pop","debut":"1995-10","source":"friends","playlists":["tv-theme"],"scores":[0.12,0.2,0.249,0.267,0.26,0.249,0.2,0.15100000000000002,0.05300000000000005,0],"ascent":[0.12,0.2,0.249,0.267],"descent-weeks":6.629213483146067,"ascent-weeks":4.6966292134831455,"peak":0.267,"messages":[],"ranks":{},"unscored":false,"score":2.0159999999999996,"duration":3,"genres":["pop"],"sources":["friends"],"role":true,"scoreFactor":1,"totalScore":2.0159999999999996,"rank":3}],"score":14.590000000000003,"songCount":3,"songAdjustedAverage":8.423540427476642,"rank":404,"ranks":{"genre:pop-rock":{"rank":14,"total":25},"origin:los-angeles":{"rank":18,"total":31}}}