{"title":"Rembrandts","instanceSlug":"rembrandts","tags":[],"genres":[{"instanceSlug":"pop-rock","title":"Pop-Rock","parents":["pop"]}],"members":[],"xref":[],"complete":true,"origin":{"title":"Los Angeles","instanceSlug":"los-angeles","tags":[],"parents":["california"]},"birth":"","death":"","type":{"title":"Male Duo","artists":[],"artistCount":0,"score":0,"artistAdjustedAverage":0,"slug":"mm"},"songs":[{"title":"That's Just the Way It Is, Baby","instanceSlug":1056,"tags":[],"genre":"pop","debut":"1991-04","playlists":[],"ranks":{},"scores":[0.12,0.768,0.939,0.902,0.8650000000000001,0.7910000000000003,0.6800000000000005,0.5320000000000008,0.3470000000000012,0.12500000000000167,0],"ascent":[0.12,0.768,0.939],"descent-weeks":3.222261980830676,"ascent-weeks":2.9185303514377,"peak":0.939,"messages":[],"unscored":false,"score":3.8441360000000024,"duration":2,"genres":["pop"],"role":true,"scoreFactor":1,"totalScore":3.8441360000000024,"rank":1},{"title":"This House is Not a Home","instanceSlug":2689,"tags":[],"parents":[],"genre":"pop","debut":"1995-10","playlists":[],"ranks":{},"scores":[0.12,0.513,0.633,0.609,0.585,0.555,0.518,0.47,0.42199999999999993,0.32599999999999985,0.18199999999999972,0],"ascent":[0.12,0.513,0.633],"descent-weeks":3.150842548709846,"ascent-weeks":3,"peak":0.633,"messages":[],"unscored":false,"score":2.595655555555555,"duration":2,"genres":["pop"],"role":true,"scoreFactor":1,"totalScore":2.595655555555555,"rank":2},{"title":"I'll Be There for You","instanceSlug":2688,"tags":[],"genre":"pop","debut":"1995-10","source":"friends","playlists":["tv-theme"],"scores":[0.12,0.2,0.249,0.267,0.26,0.249,0.2,0.15100000000000002,0.05300000000000005,0],"ascent":[0.12,0.2,0.249,0.267],"descent-weeks":0.7424719101123594,"ascent-weeks":4.6966292134831455,"peak":0.267,"messages":[],"ranks":{},"unscored":false,"score":0.9681599999999998,"duration":2,"genres":["pop"],"sources":["friends"],"role":true,"scoreFactor":1,"totalScore":0.9681599999999998,"rank":3}],"songCount":3,"songAdjustedAverage":4.276982824743708,"collaborators":[],"rank":470,"ranks":{"genre:pop-rock":{"rank":20,"total":25},"origin:los-angeles":{"rank":20,"total":31}}}