{"title":"Rembrandts","instanceSlug":"rembrandts","tags":[],"genres":[{"instanceSlug":"pop-rock","title":"Pop-Rock","parents":["pop"]}],"members":[],"xref":[],"complete":true,"origin":{"title":"Los Angeles","instanceSlug":"los-angeles","tags":[],"parents":["california"]},"birth":"","death":"","type":{"title":"Male Duo","artists":[],"artistCount":0,"score":0,"artistAdjustedAverage":0,"slug":"mm"},"songs":[{"title":"That's Just the Way It Is, Baby","instanceSlug":1056,"tags":[],"genre":"pop","debut":"1991-04","playlists":[],"ranks":{},"scores":[0.12,0.768,0.939,0.9252915903472075,0.8841663613888304,0.8156243131248684,0.7196654455553216,0.59628975868019,0.4454972524994737,0.2672879270131724,0.061661782221286515],"ascent":[0.12,0.768,0.939],"descent-weeks":8.276357827476046,"messages":[],"score":6.542484430830351,"debutScore":0.12,"peakScore":0.939,"duration":3,"genres":["pop"],"role":true,"scoreFactor":1,"rank":1},{"title":"This House is Not a Home","instanceSlug":2689,"tags":[],"parents":[],"genre":"pop","debut":"1995-10","playlists":[],"ranks":{},"scores":[0.12,0.513,0.633,0.6269033438615468,0.6086133754461871,0.578130094753921,0.5354535017847485,0.48058359653866944,0.413520379015684,0.3342638492157921,0.24281400713899381,0.13917085278528907,0.023334386154677825],"ascent":[0.12,0.513,0.633],"descent-weeks":10.189573459715637,"messages":[],"score":5.2487873866955095,"debutScore":0.12,"peakScore":0.633,"duration":3,"genres":["pop"],"role":true,"scoreFactor":1,"rank":2},{"title":"I'll Be There for You","instanceSlug":2688,"tags":[],"genre":"pop","debut":"1995-10","source":"friends","playlists":["tv-theme"],"scores":[0.12,0.2,0.249,0.267,0.26092442688882506,0.2426977075553002,0.21231984199942547,0.1697908302212008,0.11511067222062626,0.04827936799770179],"ascent":[0.12,0.2,0.249,0.267],"descent-weeks":6.629213483146067,"messages":[],"ranks":{},"score":1.8851228468830796,"debutScore":0.12,"peakScore":0.267,"duration":3,"genres":["pop"],"sources":["friends"],"role":true,"scoreFactor":1,"rank":3}],"score":13.67639466440894,"songCount":3,"songAdjustedAverage":7.896070141040064,"rank":411,"ranks":{"genre:pop-rock":{"rank":14,"total":25},"origin:los-angeles":{"rank":19,"total":31}}}