{"title":"Restless Heart","instanceSlug":"restless-heart","tags":[],"parents":[],"genres":[{"instanceSlug":"country","title":"Country","parents":[]}],"members":[],"xref":[],"complete":true,"origin":{"title":"Nashville","instanceSlug":"nashville","tags":[],"parents":["tennessee"]},"birth":"","death":"","type":{"title":"All-Male Group","artists":[],"artistCount":0,"score":0,"artistAdjustedAverage":0,"slug":"mmm"},"songs":[{"title":"I'll Still Be Loving You","instanceSlug":2693,"tags":["#1","#1-country"],"parents":[],"genre":"country","debut":"1987-06","playlists":[],"ranks":{},"scores":[0.145,0.633,0.843,0.819,0.814,0.79772,0.76516,0.71632,0.6512,0.5698,0.47212,0.35816,0.22791999999999998,0.0814,0],"ascent":[0.145,0.633,0.843],"descent-weeks":12.661565836298934,"ascent-weeks":2.884341637010676,"peak":0.843,"messages":[],"unscored":false,"score":8.7368,"duration":4,"genres":["country"],"role":true,"scoreFactor":1,"totalScore":8.7368,"rank":1},{"title":"When She Cries","instanceSlug":2694,"tags":[],"parents":[],"genre":"country","debut":"1993-12","playlists":[],"ranks":{},"scores":[0.145,0.633,0.843,0.819,0.7949999999999999,0.7469999999999999,0.6749999999999998,0.5789999999999997,0.45899999999999963,0.3149999999999995,0.14699999999999935,0],"ascent":[0.145,0.633,0.843],"descent-weeks":9.571174377224196,"ascent-weeks":2.884341637010676,"peak":0.843,"messages":[],"unscored":false,"score":6.999999999999997,"duration":3,"genres":["country"],"role":true,"scoreFactor":1,"totalScore":6.999999999999997,"rank":2}],"score":15.736799999999999,"songCount":2,"songAdjustedAverage":11.12759799417646,"rank":238,"ranks":{"genre:country":{"rank":12,"total":31},"origin:nashville":{"rank":1,"total":1}}}