{"title":"Reunion","instanceSlug":"reunion","tags":[],"parents":[],"genres":[],"members":[],"xref":[],"complete":false,"origin":"","birth":"","death":"","type":{"title":"All-Male Group","artists":[],"artistCount":0,"score":0,"artistAdjustedAverage":0,"slug":"mmm"},"songs":[{"title":"Life is a Rock (But the Radio Rolled Me)","instanceSlug":2695,"tags":[],"genres":["pop"],"debut":1974,"playlists":["novelty"],"scores":[0.232,0.463,0.554,0.61,0.65,0.67,0.66,0.6468,0.6204000000000001,0.5808000000000001,0.5280000000000001,0.46200000000000013,0.38280000000000014,0.2904000000000001,0.18480000000000008,0.06600000000000006,0],"ascent":[0.232,0.463,0.554,0.61,0.65,0.67],"descent-weeks":5.2383,"ascent-weeks":7.117164179104477,"peak":0.67,"messages":[],"ranks":{},"unscored":false,"score":5.518774,"duration":3,"role":true,"scoreFactor":1,"totalScore":5.518774,"rank":1}],"songCount":1,"songAdjustedAverage":5.518774,"collaborators":[],"rank":319}