{"title":"Rita Coolidge","instanceSlug":"rita-coolidge","tags":[],"parents":[],"genres":[],"members":[],"xref":[],"complete":false,"origin":"","birth":"","death":"","type":{"title":"Solo Female","artists":[],"artistCount":0,"score":0,"artistAdjustedAverage":0,"slug":"f"},"songs":[{"title":"You","instanceSlug":380,"tags":[],"genres":["pop"],"debut":1978,"playlists":[],"scores":[0.2525,0.62651,0.656751,0.721,0.721,0.71975,0.693,0.6662499999999999,0.6127499999999998,0.5324999999999996,0.42549999999999943,0.2917499999999992,0.13124999999999887,0],"ascent":[0.2525,0.62651,0.656751,0.721],"descent-weeks":11.47312760055478,"ascent-weeks":4.695064493758669,"peak":0.721,"messages":[],"ranks":{},"unscored":false,"score":7.7715109999999985,"duration":4,"role":true,"scoreFactor":1,"totalScore":7.7715109999999985,"rank":1},{"title":"All-Time High","instanceSlug":815,"tags":[],"parents":[],"genre":"pop","debut":1983,"playlists":["james-bond"],"ascent":[0.02,0.197,0.376,0.51],"descent-weeks":4.9,"ascent-weeks":3.2441176470588236,"peak":0.51,"messages":[],"ranks":{},"unscored":false,"score":2.7689999999999997,"duration":2,"genres":["pop"],"role":true,"scoreFactor":1,"totalScore":2.7689999999999997,"rank":2},{"title":"Love The One You're With","instanceSlug":"YEZw","tags":[],"debut":1971,"playlists":[],"scores":[0.055,0.4,0.59,0.72,0.75,0.77,0.71,0.6499999999999999,0.5299999999999998,0.34999999999999964,0.10999999999999943,0],"ascent":[0.055,0.4,0.59,0.72,0.75,0.77],"descent-weeks":6.077922077922076,"ascent-weeks":6.399350649350648,"peak":0.77,"messages":[],"ranks":{},"unscored":false,"score":0.6404999999999998,"duration":3,"role":"backup","scoreFactor":0.1,"totalScore":6.404999999999998,"rank":3}],"score":11.181010999999998,"songCount":3,"songAdjustedAverage":6.455359710662166,"rank":596}