{"title":"Rita Coolidge","instanceSlug":"rita-coolidge","tags":[],"parents":[],"genres":[],"members":[],"xref":[],"complete":false,"origin":"","birth":"","death":"","type":{"title":"Solo Female","artists":[],"artistCount":0,"score":0,"artistAdjustedAverage":0,"slug":"f"},"songs":[{"title":"You","instanceSlug":380,"tags":[],"genres":["pop"],"debut":1978,"playlists":[],"scores":[0.2525,0.6265000000000001,0.6567500000000001,0.72075,0.72075,0.71975,0.6932499999999999,0.677,0.65575,0.6295,0.59825,0.5619999999999999,0.52075,0.47450000000000003,0.42325,0.367,0.30574999999999997,0.2395,0.1805,0.1205,0.056749999999999995,0.013,0],"ranks":{},"score":10.214249999999998,"debutScore":0.2525,"peakScore":0.72075,"duration":6,"role":true,"scoreFactor":1,"rank":1},{"title":"All-Time High","instanceSlug":815,"tags":[],"parents":[],"genre":"pop","debut":1983,"playlists":["james-bond"],"ranks":{},"scores":[0.02,0.197,0.376,0.328,0.26,0.255,0.245,0.23,0.21,0.185,0.155,0.12,0.08,0.035,0],"score":2.696,"debutScore":0.02,"peakScore":0.376,"duration":4,"genres":["pop"],"role":true,"scoreFactor":1,"rank":2},{"title":"Love The One You're With","instanceSlug":"YEZw","tags":[],"debut":1971,"playlists":[],"scores":[0.171,1,0.959,0.954,0.944,0.929,0.909,0.884,0.854,0.819,0.779,0.734,0.684,0.629,0.569,0.504,0.434,0.359,0.279,0.194,0.104,0.009,0],"ranks":{},"score":1.3700999999999999,"debutScore":0.171,"peakScore":1,"duration":6,"role":"backup","scoreFactor":0.1,"rank":3}],"score":14.280349999999999,"songCount":3,"songAdjustedAverage":8.244763916622071,"rank":575}