{"title":"Rob Thomas","instanceSlug":"rob-thomas","tags":[],"parents":[],"genres":[],"members":[],"xref":[],"complete":false,"origin":{"title":"United States","instanceSlug":"us","tags":[],"parents":[]},"birth":"","death":"","type":{"title":"Solo Male","artists":[],"artistCount":0,"score":0,"artistAdjustedAverage":0,"slug":"m"},"songs":[{"title":"Bent","instanceSlug":814,"tags":["bend"],"parents":[],"genre":"rock","debut":2000,"playlists":[],"ranks":{},"scores":[0.145,0.402,0.573,0.786,0.887,0.823,0.777,0.772,0.762,0.747,0.727,0.702,0.672,0.637,0.597,0.552,0.502,0.447,0.387,0.322,0.252,0.177,0.097,0.012,0],"score":12.757,"debutScore":0.145,"peakScore":0.887,"duration":7,"genres":["rock"],"role":true,"scoreFactor":1,"rank":1},{"title":"Unwell","instanceSlug":62,"tags":["un","well"],"parents":[],"genre":"rock","debut":2002,"ranks":{},"scores":[0.11099999999999999,0.42600000000000005,0.5645,0.702,0.7565,0.7195,0.6905,0.6759999999999999,0.6535,0.6245,0.612,0.5945,0.5720000000000001,0.5445,0.512,0.47450000000000003,0.432,0.3845,0.332,0.2745,0.212,0.1445,0.07200000000000001,0.006,0],"score":11.091000000000001,"debutScore":0.11099999999999999,"peakScore":0.7565,"duration":7,"genres":["rock"],"role":true,"scoreFactor":1,"rank":2},{"title":"Smooth","instanceSlug":399,"tags":["#1","#1-hot-100"],"genre":"pop","debut":"1999-09","playlists":[],"scores":[0.077,0.45,0.556,0.618,0.626,0.616,0.604,0.58,0.545,0.502,0.497,0.487,0.472,0.452,0.427,0.397,0.362,0.322,0.277,0.227,0.172,0.112,0.047,0],"ranks":{},"score":9.424999999999999,"debutScore":0.077,"peakScore":0.626,"duration":6,"genres":["pop"],"role":true,"scoreFactor":1,"rank":3}],"score":33.272999999999996,"songCount":3,"songAdjustedAverage":19.210175506746417,"rank":131,"ranks":{"origin:us":{"rank":18,"total":146}}}