{"title":"Rob Thomas","instanceSlug":"rob-thomas","tags":[],"parents":[],"genres":[],"members":[],"xref":[],"complete":false,"origin":{"title":"United States","instanceSlug":"us","tags":[],"parents":[]},"birth":"","death":"","type":{"title":"Solo Male","artists":[],"artistCount":0,"score":0,"artistAdjustedAverage":0,"slug":"m"},"songs":[{"title":"Bent","instanceSlug":814,"tags":["bend"],"parents":[],"genre":"rock","debut":2000,"playlists":[],"ranks":{},"scores":[0.145,0.402,0.573,0.786,0.887,0.8733224106902434,0.8322896427609737,0.763901696212191,0.668158571043895,0.5450602672560859,0.39460678484876377,0.2167981238219283,0.011634284175579983],"ascent":[0.145,0.402,0.573,0.786,0.887],"descent-weeks":8.052987598647128,"messages":[],"score":7.098771780809661,"debutScore":0.145,"peakScore":0.887,"duration":3,"genres":["rock"],"role":true,"scoreFactor":1,"rank":1},{"title":"Smooth","instanceSlug":399,"tags":["#1","#1-hot-100"],"genre":"pop","debut":"1999-09","playlists":[],"scores":[0.077,0.45,0.556,0.618,0.626,0.6208941442091512,0.6055765768366049,0.5800472978823611,0.5443063073464197,0.4983536052287809,0.4421891915294444,0.3758130662484106,0.299225229385679,0.21242568094124997,0.11541442091512356,0.008191449307299462],"ascent":[0.077,0.45,0.556,0.618,0.626],"descent-weeks":11.072683706070285,"messages":[],"ranks":{},"score":6.629436969830525,"debutScore":0.077,"peakScore":0.626,"duration":4,"genres":["pop"],"role":true,"scoreFactor":1,"rank":2},{"title":"Unwell","instanceSlug":62,"tags":[],"searchTerms":["well","unwell"],"genre":"rock","debut":2002,"ranks":{},"scores":[0.11,0.426,0.5645,0.702,0.7565,0.7430226214828926,0.7025904859315703,0.6352035933460332,0.5408619437262813,0.41956553707231464,0.27131437338413295,0.09610845266173665],"ascent":[0.11,0.426,0.5645,0.702,0.7565],"descent-weeks":7.492068737607408,"messages":[],"score":5.9676670076049625,"debutScore":0.11,"peakScore":0.7565,"duration":3,"genres":["rock"],"playlists":[],"role":true,"scoreFactor":1,"rank":3}],"score":19.695875758245148,"songCount":3,"songAdjustedAverage":11.371419170948261,"rank":197,"ranks":{"origin:us":{"rank":29,"total":154}}}