{"title":"Rob Thomas","instanceSlug":"rob-thomas","tags":[],"parents":[],"genres":[],"members":[],"xref":[],"complete":false,"origin":{"title":"United States","instanceSlug":"us","tags":[],"parents":[]},"birth":"","death":"","type":{"title":"Solo Male","artists":[],"artistCount":0,"score":0,"artistAdjustedAverage":0,"slug":"m"},"songs":[{"title":"Bent","instanceSlug":814,"tags":["bend"],"parents":[],"genre":"rock","debut":2000,"playlists":[],"ranks":{},"scores":[0.145,0.402,0.573,0.786,0.887,0.823,0.777,0.7310000000000001,0.6390000000000002,0.5010000000000004,0.3170000000000007,0.08700000000000108,0],"ascent":[0.145,0.402,0.573,0.786,0.887],"descent-weeks":3.3800178504321705,"ascent-weeks":4.723224351747464,"peak":0.887,"messages":[],"unscored":false,"score":4.791717222222223,"duration":2,"genres":["rock"],"role":true,"scoreFactor":1,"totalScore":4.791717222222223,"rank":1},{"title":"Smooth","instanceSlug":399,"tags":["#1","#1-hot-100"],"genre":"pop","debut":"1999-09","playlists":[],"scores":[0.077,0.45,0.556,0.618,0.626,0.616,0.604,0.58,0.545,0.502,0.45899999999999996,0.3729999999999999,0.24399999999999977,0.07199999999999962,0],"ascent":[0.077,0.45,0.556,0.618,0.626],"descent-weeks":4.2740559105431295,"ascent-weeks":5.575878594249201,"peak":0.626,"messages":[],"ranks":{},"unscored":false,"score":4.110705999999999,"duration":3,"genres":["pop"],"role":true,"scoreFactor":1,"totalScore":4.110705999999999,"rank":2},{"title":"Unwell","instanceSlug":62,"tags":[],"searchTerms":["well","unwell"],"genre":"rock","debut":2002,"ranks":{},"scores":[0.11,0.426,0.5645,0.702,0.7565,0.7195,0.6825000000000001,0.6085000000000003,0.4975000000000005,0.3495000000000008,0.1645000000000012,0],"ascent":[0.11,0.426,0.5645,0.702,0.7565],"descent-weeks":2.6378325346992764,"ascent-weeks":5.074025115664244,"peak":0.7565,"messages":[],"unscored":false,"score":3.889346875000002,"duration":2,"genres":["rock"],"playlists":[],"role":true,"scoreFactor":1,"totalScore":3.889346875000002,"rank":3}],"songCount":3,"songAdjustedAverage":7.385331909043056,"collaborators":[{"slug":"santana","title":"Santana","songCount":1,"score":4.110705999999999},{"slug":"carlos-santana","title":"Carlos Santana","songCount":1,"score":4.110705999999999}],"rank":175,"ranks":{"origin:us":{"rank":125,"total":154}}}