{"title":"Robert Palmer","instanceSlug":"robert-palmer","tags":[],"parents":[],"genres":[],"members":[],"xref":[],"complete":false,"origin":"","birth":"","death":"","type":{"title":"Solo Male","artists":[],"artistCount":0,"score":0,"artistAdjustedAverage":0,"slug":"m"},"songs":[{"title":"Early in the Morning","instanceSlug":1294,"tags":["early","morning","remake","this-in-that"],"parents":[],"genre":"pop","debut":"1988-11","playlists":[],"ranks":{},"scores":[0.10333333333333333,0.34166666666666673,0.4703333333333333,0.47600000000000003,0.47933333333333333,0.4770463840488114,0.4701855361952456,0.45875078977263584,0.4427421447809823,0.42215960122028484,0.39700315909054346,0.36727281839175824,0.3329685791239291,0.29409044128705614,0.2506384048811393,0.20261246990617846,0.1500126363621739,0.09283890424912535,0.031091273567032875],"ascent":[0.10333333333333333,0.34166666666666673,0.4703333333333333,0.47600000000000003,0.47933333333333333],"descent-weeks":14.47739916550765,"messages":[],"score":6.260079809543565,"debutScore":0.10333333333333333,"peakScore":0.47933333333333333,"duration":5,"genres":["pop"],"role":true,"scoreFactor":1,"rank":1},{"title":"You're Amazing","instanceSlug":1257,"tags":[],"genre":"pop","debut":1990,"playlists":[],"scores":[0.15,0.31,0.45,0.52,0.55,0.5457435245801319,0.5329740983205272,0.5116917212211862,0.4818963932821088,0.44358811450329505,0.3967668848847449,0.3414327044264583,0.27758557312843524,0.2052254909906758,0.12435245801317997,0.03496647419594777],"ascent":[0.15,0.31,0.45,0.52,0.55],"descent-weeks":11.367272727272729,"messages":[],"ranks":{},"score":5.876223437546692,"debutScore":0.15,"peakScore":0.55,"duration":4,"genres":["pop"],"role":true,"scoreFactor":1,"rank":2},{"title":"I Didn't Mean to Turn You On","instanceSlug":277,"tags":[],"parents":[],"genre":"pop","debut":"1986-09","playlists":[],"ranks":{},"scores":[0.122,0.506,0.694,0.737,0.7165138818187532,0.6550555272750129,0.5526249363687791,0.4092221091000518,0.22484704546883083],"ascent":[0.122,0.506,0.694,0.737],"descent-weeks":5.997964721845319,"messages":[],"score":4.617263500031428,"debutScore":0.122,"peakScore":0.737,"duration":3,"genres":["pop"],"role":true,"scoreFactor":1,"rank":3},{"title":"Simply Irresistible","instanceSlug":813,"tags":[],"parents":[],"genre":"rock","debut":1988,"playlists":[],"ranks":{},"scores":[0.038,0.209,0.267,0.2348547701287006,0.13841908051480234],"ascent":[0.038,0.209,0.267],"descent-weeks":2.882022471910113,"messages":[],"score":0.887273850643503,"debutScore":0.038,"peakScore":0.267,"duration":2,"genres":["rock"],"role":true,"scoreFactor":1,"rank":4}],"score":17.640840597765187,"songCount":4,"songAdjustedAverage":8.820420298882594,"rank":334}