{"title":"Robert Palmer","instanceSlug":"robert-palmer","tags":[],"parents":[],"genres":[],"members":[],"xref":[],"complete":false,"origin":"","birth":"","death":"","type":{"title":"Solo Male","artists":[],"artistCount":0,"score":0,"artistAdjustedAverage":0,"slug":"m"},"songs":[{"title":"I Didn't Mean to Turn You On","instanceSlug":277,"tags":[],"parents":[],"genre":"pop","debut":"1986-09","playlists":[],"ranks":{},"scores":[0.122,0.506,0.694,0.737,0.722,0.622,0.617,0.607,0.592,0.572,0.547,0.517,0.482,0.442,0.397,0.347,0.292,0.232,0.167,0.097,0.022,0],"score":9.332999999999998,"debutScore":0.122,"peakScore":0.737,"duration":6,"genres":["pop"],"role":true,"scoreFactor":1,"rank":1},{"title":"You're Amazing","instanceSlug":1257,"tags":[],"genre":"pop","debut":1990,"playlists":[],"scores":[0.15,0.31,0.45,0.52,0.55,0.54,0.535,0.525,0.51,0.49,0.465,0.435,0.4,0.36,0.315,0.265,0.21,0.15,0.085,0.015,0],"ranks":{},"score":7.28,"debutScore":0.15,"peakScore":0.55,"duration":6,"genres":["pop"],"role":true,"scoreFactor":1,"rank":2},{"title":"Early in the Morning","instanceSlug":1294,"tags":["early","morning","remake","this-in-that"],"parents":[],"genre":"pop","debut":"1988-11","playlists":[],"ranks":{},"scores":[0.10333333333333333,0.34166666666666673,0.4703333333333333,0.47600000000000003,0.47933333333333333,0.4393333333333333,0.43100000000000005,0.4176666666666667,0.3993333333333333,0.37599999999999995,0.3476666666666666,0.3173333333333333,0.294,0.26733333333333337,0.2373333333333333,0.204,0.16733333333333333,0.12733333333333333,0.084,0.037333333333333336,0.007333333333333333,0],"score":6.0249999999999995,"debutScore":0.10333333333333333,"peakScore":0.47933333333333333,"duration":6,"genres":["pop"],"role":true,"scoreFactor":1,"rank":3},{"title":"Simply Irresistible","instanceSlug":813,"tags":[],"parents":[],"genre":"rock","debut":1988,"playlists":[],"ranks":{},"scores":[0.038,0.209,0.267,0.171,0.166,0.156,0.141,0.121,0.096,0.066,0.031,0],"score":1.4620000000000002,"debutScore":0.038,"peakScore":0.267,"duration":3,"genres":["rock"],"role":true,"scoreFactor":1,"rank":4}],"score":24.099999999999998,"songCount":4,"songAdjustedAverage":12.049999999999999,"rank":353}