{"title":"Robert Palmer","instanceSlug":"robert-palmer","tags":[],"parents":[],"genres":[],"members":[],"xref":[],"complete":false,"origin":"","birth":"","death":"","type":{"title":"Solo Male","artists":[],"artistCount":0,"score":0,"artistAdjustedAverage":0,"slug":"m"},"songs":[{"title":"Early in the Morning","instanceSlug":1294,"tags":["early","morning","remake","this-in-that"],"parents":[],"genre":"pop","debut":"1988-11","playlists":[],"ranks":{},"scores":[0.10333333333333333,0.34166666666666673,0.4703333333333333,0.47600000000000003,0.47933333333333333,0.4393333333333333,0.43100000000000005,0.4176666666666667,0.3993333333333333,0.37599999999999995,0.3476666666666666,0.3173333333333333,0.294,0.26733333333333337,0.2373333333333333,0.204,0.16733333333333333,0.12733333333333333,0.084,0.037333333333333336,0],"messages":[],"score":6.017666666666666,"debutScore":0.10333333333333333,"peakScore":0.47933333333333333,"duration":5,"genres":["pop"],"role":true,"scoreFactor":1,"rank":1},{"title":"You're Amazing","instanceSlug":1257,"tags":[],"genre":"pop","debut":1990,"playlists":[],"scores":[0.15,0.31,0.45,0.52,0.55,0.54,0.513,0.459,0.378,0.27,0.135,0],"messages":[],"ranks":{},"score":4.275,"debutScore":0.15,"peakScore":0.55,"duration":3,"genres":["pop"],"role":true,"scoreFactor":1,"rank":2},{"title":"I Didn't Mean to Turn You On","instanceSlug":277,"tags":[],"parents":[],"genre":"pop","debut":"1986-09","playlists":[],"ranks":{},"scores":[0.122,0.506,0.694,0.737,0.722,0.622,0.522,0.322,0.022,0],"messages":[],"score":4.269,"debutScore":0.122,"peakScore":0.737,"duration":3,"genres":["pop"],"role":true,"scoreFactor":1,"rank":3},{"title":"Simply Irresistible","instanceSlug":813,"tags":[],"parents":[],"genre":"rock","debut":1988,"playlists":[],"ranks":{},"scores":[0.038,0.209,0.267,0.171,0.075,0],"messages":[],"score":0.76,"debutScore":0.038,"peakScore":0.267,"duration":2,"genres":["rock"],"role":true,"scoreFactor":1,"rank":4}],"score":15.321666666666665,"songCount":4,"songAdjustedAverage":7.660833333333333,"rank":336}