{"title":"Roberta Flack","instanceSlug":"roberta-flack","tags":[],"parents":[],"genres":[{"instanceSlug":"urban","title":"Urban / R&B","parents":[]}],"members":[],"xref":[],"complete":true,"origin":{"title":"North Carolina","instanceSlug":"north-carolina","tags":[],"parents":["us"]},"birth":1939,"death":"","type":{"title":"Solo Female","artists":[],"artistCount":0,"score":0,"artistAdjustedAverage":0,"slug":"f"},"songs":[{"title":"The Closer I Get to You","instanceSlug":1850,"tags":["#1","#1-r&b","#2-hot-100"],"parents":[],"genre":"adult-contemporary","debut":"1978-04","playlists":[],"ranks":{},"scores":[0.0775,0.3465,0.4895,0.517,0.502,0.491,0.46900000000000003,0.439,0.4265,0.40900000000000003,0.38649999999999995,0.359,0.3265,0.289,0.2465,0.199,0.1465,0.121,0.0935,0.0635,0.031,0],"ascent":[0.0775,0.3465,0.4895,0.517],"descent-weeks":6.175155222437134,"ascent-weeks":4.150386847195357,"peak":0.517,"messages":[],"unscored":false,"score":3.558870166666665,"duration":3,"genres":["adult-contemporary"],"role":true,"scoreFactor":1,"totalScore":3.558870166666665,"rank":1},{"title":"The First Time Ever I Saw Your Face","instanceSlug":2739,"tags":["#1","#1-adult-contemporary","#1-hot-100"],"parents":[],"genre":"adult-contemporary","debut":1972,"playlists":[],"ranks":{},"scores":[0.0775,0.3465,0.4895,0.517,0.502,0.491,0.46900000000000003,0.439,0.4265,0.40900000000000003,0.38649999999999995,0.359,0.3265,0.289,0.2465,0.199,0.1465,0.121,0.0935,0.0635,0.031,0],"ascent":[0.0775,0.3465,0.4895,0.517],"descent-weeks":6.175155222437134,"ascent-weeks":4.150386847195357,"peak":0.517,"messages":[],"unscored":false,"score":3.558870166666665,"duration":3,"genres":["adult-contemporary"],"role":true,"scoreFactor":1,"totalScore":3.558870166666665,"rank":2},{"title":"Where Is the Love","instanceSlug":2740,"tags":["#1","#1-adult-contemporary","#1-r&b"],"parents":[],"genre":"adult-contemporary","debut":1972,"playlists":[],"ranks":{},"scores":[0.0775,0.3465,0.4895,0.517,0.502,0.491,0.46900000000000003,0.439,0.4265,0.40900000000000003,0.38649999999999995,0.359,0.3265,0.289,0.2465,0.199,0.1465,0.121,0.0935,0.0635,0.031,0],"ascent":[0.0775,0.3465,0.4895,0.517],"descent-weeks":6.175155222437134,"ascent-weeks":4.150386847195357,"peak":0.517,"messages":[],"unscored":false,"score":3.558870166666665,"duration":3,"genres":["adult-contemporary"],"role":true,"scoreFactor":1,"totalScore":3.558870166666665,"rank":3},{"title":"Killing Me Softly With His Song","instanceSlug":2741,"tags":["#1","#1-hot-100"],"parents":[],"genre":"adult-contemporary","debut":1973,"playlists":[],"ranks":{},"scores":[0.0775,0.3465,0.4895,0.517,0.502,0.491,0.46900000000000003,0.439,0.4265,0.40900000000000003,0.38649999999999995,0.359,0.3265,0.289,0.2465,0.199,0.1465,0.121,0.0935,0.0635,0.031,0],"ascent":[0.0775,0.3465,0.4895,0.517],"descent-weeks":6.175155222437134,"ascent-weeks":4.150386847195357,"peak":0.517,"messages":[],"unscored":false,"score":3.558870166666665,"duration":3,"genres":["adult-contemporary"],"role":true,"scoreFactor":1,"totalScore":3.558870166666665,"rank":4},{"title":"Feel Like Making Love","instanceSlug":2742,"tags":["#1","#1-adult-contemporary","#1-hot-100","#1-r&b"],"parents":[],"genre":"adult-contemporary","debut":1974,"playlists":[],"ranks":{},"scores":[0.0775,0.3465,0.4895,0.517,0.502,0.491,0.46900000000000003,0.439,0.4265,0.40900000000000003,0.38649999999999995,0.359,0.3265,0.289,0.2465,0.199,0.1465,0.121,0.0935,0.0635,0.031,0],"ascent":[0.0775,0.3465,0.4895,0.517],"descent-weeks":6.175155222437134,"ascent-weeks":4.150386847195357,"peak":0.517,"messages":[],"unscored":false,"score":3.558870166666665,"duration":3,"genres":["adult-contemporary"],"role":true,"scoreFactor":1,"totalScore":3.558870166666665,"rank":5},{"title":"Set the Night to Music","instanceSlug":958,"tags":["music","night"],"parents":[],"genre":"pop","debut":"1991-10","playlists":[],"ranks":{},"scores":[0.117,0.477,0.582,0.597,0.613,0.596,0.562,0.517,0.472,0.3819999999999999,0.24699999999999978,0.06699999999999962,0],"ascent":[0.117,0.477,0.582,0.597,0.613],"descent-weeks":2.7446916802610115,"ascent-weeks":5.838499184339315,"peak":0.613,"messages":[],"unscored":false,"score":3.5076639999999992,"duration":2,"genres":["pop"],"role":true,"scoreFactor":1,"totalScore":3.5076639999999992,"rank":6},{"title":"Tonight I Celebrate My Love","instanceSlug":353,"tags":[],"parents":[],"genre":"soul","debut":"1983-09","playlists":[],"ranks":{},"scores":[0.038,0.216,0.397,0.437,0.391,0.34500000000000003,0.25300000000000006,0.1150000000000001,0],"ascent":[0.038,0.216,0.397,0.437],"descent-weeks":0.77255701754386,"ascent-weeks":3.7345537757437075,"peak":0.437,"messages":[],"unscored":false,"score":1.3130716111111111,"duration":2,"genres":["soul"],"role":true,"scoreFactor":1,"totalScore":1.3130716111111111,"rank":7}],"songCount":7,"songAdjustedAverage":8.54769923003256,"collaborators":[{"slug":"donny-hathaway","title":"Donny Hathaway","songCount":2,"score":5.033002456424994},{"slug":"maxie-priest","title":"Maxi Priest","songCount":1,"score":3.5076639999999992},{"slug":"peabo-bryson","title":"Peabo Bryson","songCount":1,"score":1.3130716111111111}],"rank":112,"ranks":{"genre:urban":{"rank":74,"total":96},"origin:north-carolina":{"rank":2,"total":3}}}