{"title":"Robert Palmer","instanceSlug":"robert-palmer","tags":[],"parents":[],"genres":[],"members":[],"xref":[],"complete":false,"origin":"","birth":"","death":"","type":{"title":"Solo Male","artists":[],"artistCount":0,"score":0,"artistAdjustedAverage":0,"slug":"m"},"songs":[{"title":"Early in the Morning","instanceSlug":1294,"tags":["early","morning","remake","this-in-that"],"parents":[],"genre":"pop","debut":"1988-11","playlists":[],"ranks":{},"scores":[0.10333333333333333,0.34166666666666673,0.4703333333333333,0.47600000000000003,0.47933333333333333,0.4393333333333333,0.43100000000000005,0.4176666666666667,0.3993333333333333,0.37599999999999995,0.3476666666666666,0.3173333333333333,0.294,0.26733333333333337,0.2373333333333333,0.204,0.16733333333333333,0.12733333333333333,0.084,0.037333333333333336,0],"ascent":[0.10333333333333333,0.34166666666666673,0.4703333333333333,0.47600000000000003,0.47933333333333333],"descent-weeks":5.225536798794622,"ascent-weeks":5.8539638386648125,"peak":0.47933333333333333,"messages":[],"unscored":false,"score":3.540515981481482,"duration":3,"genres":["pop"],"role":true,"scoreFactor":1,"totalScore":3.540515981481482,"rank":1},{"title":"You're Amazing","instanceSlug":1257,"tags":[],"genre":"pop","debut":1990,"playlists":[],"scores":[0.15,0.31,0.45,0.52,0.55,0.54,0.5292,0.5076,0.47520000000000007,0.43200000000000005,0.37800000000000006,0.31320000000000003,0.23760000000000003,0.1512,0.05399999999999998,0],"ascent":[0.15,0.31,0.45,0.52,0.55],"descent-weeks":3.882555151515153,"ascent-weeks":5.3999999999999995,"peak":0.55,"messages":[],"ranks":{},"unscored":false,"score":3.403603555555556,"duration":3,"genres":["pop"],"role":true,"scoreFactor":1,"totalScore":3.403603555555556,"rank":2},{"title":"I Didn't Mean to Turn You On","instanceSlug":277,"tags":[],"parents":[],"genre":"pop","debut":"1986-09","playlists":[],"ranks":{},"scores":[0.122,0.506,0.694,0.737,0.722,0.622,0.522,0.32200000000000006,0.02200000000000013,0],"ascent":[0.122,0.506,0.694,0.737],"descent-weeks":1.668100633197648,"ascent-weeks":4.190637720488467,"peak":0.737,"messages":[],"unscored":false,"score":2.8785934444444443,"duration":2,"genres":["pop"],"role":true,"scoreFactor":1,"totalScore":2.8785934444444443,"rank":3},{"title":"Simply Irresistible","instanceSlug":813,"tags":[],"parents":[],"genre":"rock","debut":1988,"playlists":[],"ranks":{},"scores":[0.038,0.209,0.267,0.171,0.07500000000000001,0],"ascent":[0.038,0.209,0.267],"descent-weeks":0.16443539325842702,"ascent-weeks":2.887640449438202,"peak":0.267,"messages":[],"unscored":false,"score":0.5432694999999998,"duration":1,"genres":["rock"],"role":true,"scoreFactor":1,"totalScore":0.5432694999999998,"rank":4}],"songCount":4,"songAdjustedAverage":5.182991240740741,"collaborators":[],"rank":359}