{"title":"Robin Thicke","instanceSlug":"robin-thicke","tags":[],"parents":[],"genres":[],"members":[],"xref":[],"complete":false,"origin":"","birth":"","death":"","type":{"title":"Solo Male","artists":[],"artistCount":0,"score":0,"artistAdjustedAverage":0,"slug":"m"},"songs":[{"title":"Blurred Lines","instanceSlug":3012,"tags":["#1","#1-rdwt40-hot-adult"],"genre":"pop","debut":2013,"playlists":["adultery","cheating"],"ranks":{},"scores":[0.07,0.27549999999999997,0.46950000000000003,0.597,0.653,0.6365000000000001,0.6275,0.6134999999999999,0.597,0.5645,0.5495,0.5295,0.5045000000000001,0.47450000000000003,0.4395,0.39949999999999997,0.35450000000000004,0.3045,0.2495,0.1895,0.1285,0.0985,0.066,0.031,0],"score":9.423000000000002,"debutScore":0.07,"peakScore":0.653,"duration":7,"genres":["pop"],"role":true,"scoreFactor":1,"rank":1},{"title":"Word Crimes","instanceSlug":571,"tags":[],"genre":"parody","debut":2014,"playlists":[],"parody":true,"scores":[0.122,0.356,0.592,0.843,0.864,0.737,0.732,0.722,0.707,0.687,0.662,0.632,0.597,0.557,0.512,0.462,0.407,0.347,0.282,0.212,0.137,0.057,0],"ranks":{},"score":2.8065,"debutScore":0.122,"peakScore":0.864,"duration":6,"genres":["parody"],"role":"parody","scoreFactor":0.25,"rank":2}],"score":12.229500000000002,"songCount":2,"songAdjustedAverage":8.647562380520883,"rank":556}