{"title":"Robin Thicke","instanceSlug":"robin-thicke","tags":[],"parents":[],"genres":[],"members":[],"xref":[],"complete":false,"origin":"","birth":"","death":"","type":{"title":"Solo Male","artists":[],"artistCount":0,"score":0,"artistAdjustedAverage":0,"slug":"m"},"songs":[{"title":"Blurred Lines","instanceSlug":3012,"tags":["#1","#1-rdwt40-hot-adult"],"genre":"pop","debut":2013,"playlists":["adultery","cheating"],"sample":2539,"scores":[0.06592007962463009,0.20345639091641685,0.30206241279169266,0.3420220895447736,0.33974921456656404,0.31719507004601416,0.28142733686111887,0.2371328741977257,0.18605653364816144,0.13376352928929622,0.08887957861419904,0.05779769166533028,0.03976620925032311,0.027967017966615118,0.019474607912516085,0.014091822089318922,0.009,0],"messages":[],"ranks":{},"score":2.665762458984696,"debutScore":0.06592007962463009,"peakScore":0.3420220895447736,"duration":4,"genres":["pop"],"role":true,"scoreFactor":1,"rank":1},{"title":"Word Crimes","instanceSlug":571,"tags":[],"genre":"parody","debut":2014,"playlists":[],"parody":true,"scores":[0.122,0.356,0.592,0.843,0.864,0.737,0.61,0.356,0],"messages":[],"ranks":{},"score":1.1199999999999999,"debutScore":0.122,"peakScore":0.864,"duration":2,"genres":["parody"],"role":"parody","scoreFactor":0.25,"rank":2}],"score":3.7857624589846957,"songCount":2,"songAdjustedAverage":2.676938306709537,"rank":1064}