{"title":"Robin Thicke","instanceSlug":"robin-thicke","tags":[],"parents":[],"genres":[],"members":[],"xref":[],"complete":false,"origin":"","birth":"","death":"","type":{"title":"Solo Male","artists":[],"artistCount":0,"score":0,"artistAdjustedAverage":0,"slug":"m"},"songs":[{"title":"Blurred Lines","instanceSlug":3012,"tags":["#1","#1-rdwt40-hot-adult"],"genre":"pop","debut":2013,"playlists":["adultery","cheating"],"sample":2539,"scores":[0.06592007962463009,0.20345639091641685,0.30206241279169266,0.3420220895447736,0.33796688217284926,0.32580126005707616,0.3055252231974544,0.2771387715939839,0.24064190524666476,0.1960346241554969,0.14331692832048032,0.08248881774161505,0.013550292418901062],"ascent":[0.06592007962463009,0.20345639091641685,0.30206241279169266,0.3420220895447736],"descent-weeks":9.183760388277284,"messages":[],"ranks":{},"score":2.8359256777820354,"debutScore":0.06592007962463009,"peakScore":0.3420220895447736,"duration":3,"genres":["pop"],"role":true,"scoreFactor":1,"rank":1},{"title":"Word Crimes","instanceSlug":571,"tags":[],"genre":"parody","debut":2014,"playlists":[],"parody":true,"scores":[0.122,0.356,0.592,0.843,0.864,0.8204982255831977,0.6899929023327908,0.4724840302487794,0.16797160933116345],"ascent":[0.122,0.356,0.592,0.843,0.864],"descent-weeks":4.456597222222221,"messages":[],"ranks":{},"score":1.2319866918739828,"debutScore":0.122,"peakScore":0.864,"duration":2,"genres":["parody"],"role":"parody","scoreFactor":0.25,"rank":2}],"score":4.067912369656018,"songCount":2,"songAdjustedAverage":2.876448421856408,"rank":1069}