{"title":"Ronnie Milsap","instanceSlug":"ronnie-milsap","tags":[],"parents":[],"genres":[{"instanceSlug":"country","title":"Country","parents":[]}],"members":[],"xref":[],"complete":true,"origin":{"title":"North Carolina","instanceSlug":"north-carolina","tags":[],"parents":["us"]},"birth":1943,"death":"","type":{"title":"Solo Male","artists":[],"artistCount":0,"score":0,"artistAdjustedAverage":0,"slug":"m"},"songs":[{"title":"Any Day Now","instanceSlug":2810,"tags":["#1","#1-adult-contemporary","#1-country"],"genre":"country","debut":"1982-06","playlists":[],"ascent":[0.41,0.66475,0.81],"descent-weeks":15,"ascent-weeks":3.490277777777777,"peak":0.81,"messages":[],"ranks":{},"unscored":false,"score":9.98475,"duration":5,"genres":["country"],"role":true,"scoreFactor":1,"totalScore":9.98475,"rank":1},{"title":"Smoky Mountain Rain","instanceSlug":1792,"tags":["#1","#1-country"],"genre":"country","debut":"1981-02","playlists":[],"scores":[0.41,0.67,0.73,0.74,0.73,0.7154,0.6862,0.6424000000000001,0.5840000000000001,0.5110000000000001,0.4234000000000001,0.3212000000000001,0.20440000000000008,0.07300000000000009,0],"ascent":[0.41,0.67,0.73,0.74],"descent-weeks":11.414189189189191,"ascent-weeks":5.168918918918918,"peak":0.74,"messages":[],"ranks":{},"unscored":false,"score":8.181000000000001,"duration":4,"genres":["country"],"role":true,"scoreFactor":1,"totalScore":8.181000000000001,"rank":2},{"title":"Stranger in My House","instanceSlug":71,"tags":[],"playlists":["feb13","cheating"],"genre":"country","debut":"1983-04","ranks":{},"scores":[0.11,0.498,0.647,0.631,0.617,0.601,0.564,0.5269999999999999,0.45299999999999985,0.34199999999999975,0.19399999999999962,0.008999999999999453,0],"ascent":[0.11,0.498,0.647],"descent-weeks":10.629829984544045,"ascent-weeks":2.909582689335394,"peak":0.647,"messages":[],"unscored":false,"score":5.839999999999999,"duration":4,"genres":["country"],"role":true,"scoreFactor":1,"totalScore":5.839999999999999,"rank":3},{"title":"I Wouldn't Have Missed It for the World","instanceSlug":1529,"tags":["#1","#1-country"],"parents":[],"genre":"country","debut":"1981-12","playlists":[],"ranks":{},"scores":[0.075,0.232,0.463,0.602,0.668,0.656,0.592,0.5279999999999999,0.3999999999999998,0.20799999999999963,0],"ascent":[0.075,0.232,0.463,0.602,0.668],"descent-weeks":6.853293413173652,"ascent-weeks":4.580838323353293,"peak":0.668,"messages":[],"unscored":false,"score":5.092,"duration":3,"genres":["country"],"role":true,"scoreFactor":1,"totalScore":5.092,"rank":4},{"title":"No Gettin' Over Me","instanceSlug":905,"tags":["#1","#1-country"],"parents":[],"genre":"country","debut":"1981-10","playlists":[],"ranks":{},"scores":[0.055,0.239,0.419,0.444,0.386,0.328,0.21200000000000002,0.038000000000000034,0],"ascent":[0.055,0.239,0.419,0.444],"descent-weeks":4.756756756756758,"ascent-weeks":3.9087837837837838,"peak":0.444,"messages":[],"unscored":false,"score":2.5650000000000004,"duration":2,"genres":["country"],"role":true,"scoreFactor":1,"totalScore":2.5650000000000004,"rank":5}],"score":31.662750000000003,"songCount":5,"songAdjustedAverage":14.160012270916294,"rank":133,"ranks":{"genre:country":{"rank":6,"total":31},"origin:north-carolina":{"rank":2,"total":3}}}