{"title":"Roxette","instanceSlug":"roxette","type":{"title":"Mixed Group, Female Lead","artists":[],"artistCount":0,"score":0,"artistAdjustedAverage":0,"slug":"fmm"},"tags":[],"parents":[],"genres":[],"members":[],"xref":[],"complete":false,"origin":{"title":"Sweden","instanceSlug":"sweden","tags":[],"parents":["europe"]},"birth":"","death":"","songs":[{"title":"Listen to Your Heart","instanceSlug":162,"tags":["remade"],"genres":["pop"],"debut":"1989-09","scores":[0.185,0.37,0.41,0.45,0.47,0.46,0.45000000000000007,0.43000000000000016,0.4000000000000003,0.3600000000000005,0.3100000000000007,0.250000000000001,0.18000000000000133,0.1000000000000017,0.010000000000002118,0],"ascent":[0.185,0.37,0.41,0.45,0.47],"descent-weeks":3.216861702127672,"ascent-weeks":6.01595744680851,"peak":0.47,"messages":[],"ranks":{},"unscored":false,"score":2.892950000000004,"duration":3,"playlists":[],"role":true,"scoreFactor":1,"totalScore":2.892950000000004,"rank":1},{"title":"The Look","instanceSlug":123,"tags":[],"genre":"pop","debut":"1989-03","scores":[0.06493517521485907,0.20301020464749156,0.3018005417334737,0.3417822727277001,0.34049378148769893,0.32036673911239577,0.28963567847687105,0.2533831990831219,0.21318416564794027,0.17113569966537778,0.13318152129973762,0.10257039188766756,0.07891734133222605,0.06001314087329579,0.04491139597641368,0.03280764065926471,0.023152393925800742,0.015692574550316155,0.010074380853091296,0.004456187155866438,0],"ascent":[0.06493517521485907,0.20301020464749156,0.3018005417334737,0.3417822727277001],"descent-weeks":1.987908359473083,"ascent-weeks":4.000477498651945,"peak":0.3417822727277001,"messages":[],"ranks":{},"unscored":false,"score":1.3644827523735938,"duration":2,"genres":["pop"],"playlists":[],"role":true,"scoreFactor":1,"totalScore":1.3644827523735938,"rank":2},{"title":"Joyride","instanceSlug":1209,"tags":[],"parents":[],"genre":"pop","debut":"1991-04","playlists":[],"ranks":{},"scores":[0.055,0.171,0.351,0.376,0.361,0.346,0.267,0.18800000000000006,0.030000000000000138,0],"ascent":[0.055,0.171,0.351,0.376],"descent-weeks":0.8760921985815606,"ascent-weeks":3.8018617021276597,"peak":0.376,"messages":[],"unscored":false,"score":1.1726071111111112,"duration":2,"genres":["pop"],"role":true,"scoreFactor":1,"totalScore":1.1726071111111112,"rank":3},{"title":"Dressed for Success","instanceSlug":1976,"tags":[],"parents":[],"genre":"pop","debut":"1989-07","playlists":["summer"],"ranks":{},"scores":[0.1,0.25166666666666665,0.31383333333333335,0.31,0.31,0.28916666666666674,0.2635,0.246,0.22351,0.196,0.16849000000000003,0.11347000000000007,0.030940000000000134,0],"ascent":[0.1,0.25166666666666665,0.31383333333333335],"descent-weeks":2.0489057124535317,"ascent-weeks":3.180828465215082,"peak":0.31383333333333335,"messages":[],"unscored":false,"score":1.0941766062833334,"duration":2,"genres":["pop"],"role":true,"scoreFactor":1,"totalScore":1.0941766062833334,"rank":4},{"title":"It Must Have Been Love","instanceSlug":816,"tags":[],"parents":[],"genre":"pop","debut":"1990-05","playlists":["summer"],"ranks":{},"scores":[0.038,0.209,0.298,0.26,0.22200000000000003,0.14600000000000007,0.03200000000000014,0],"ascent":[0.038,0.209,0.298],"descent-weeks":0.4026493288590605,"ascent-weeks":2.7432885906040267,"peak":0.298,"messages":[],"unscored":false,"score":0.624993,"duration":1,"genres":["pop"],"role":true,"scoreFactor":1,"totalScore":0.624993,"rank":5},{"title":"Dangerous","instanceSlug":1333,"tags":["danger"],"parents":[],"genre":"pop","debut":"1990-01","playlists":[],"ranks":{},"scores":[0.075,0.351,0.302,0.253,0.15500000000000003,0.008000000000000063,0],"ascent":[0.075,0.351],"descent-weeks":0.37942901234567905,"ascent-weeks":1.8205128205128207,"peak":0.351,"messages":[],"unscored":false,"score":0.514786388888889,"duration":1,"genres":["pop"],"role":true,"scoreFactor":1,"totalScore":0.514786388888889,"rank":6},{"title":"Fading Like a Flower","instanceSlug":1163,"tags":["analogy","fade","flower"],"parents":[],"genre":"pop","debut":"1991-07","playlists":[],"ranks":{},"scores":[0.12,0.232,0.171,0.11000000000000001,0],"ascent":[0.12,0.232],"descent-weeks":0.15939116379310345,"ascent-weeks":2.2758620689655173,"peak":0.232,"messages":[],"unscored":false,"score":0.3766525,"duration":1,"genres":["pop"],"role":true,"scoreFactor":1,"totalScore":0.3766525,"rank":7}],"songCount":7,"songAdjustedAverage":3.039079419532275,"collaborators":[],"rank":680,"ranks":{"origin:sweden":{"rank":3,"total":3}}}