{"title":"Rupert Holmes","instanceSlug":"rupert-holmes","type":{"title":"Solo Male","artists":[],"artistCount":0,"score":0,"artistAdjustedAverage":0,"slug":"m"},"tags":[],"genres":[],"xref":[],"complete":false,"origin":"","birth":"","death":"","songs":[{"title":"Him","instanceSlug":73,"tags":[],"playlists":["feb13","cheating"],"ranks":{},"genre":"pop","scores":[0.097,0.402,0.463,0.513,0.546,0.5364131023432387,0.5076524093729546,0.45971792108914794,0.39260963749181854,0.30632755858096644,0.20087168435659158,0.07624201481869411],"ascent":[0.097,0.402,0.463,0.513,0.546],"descent-weeks":7.546703296703296,"messages":[],"score":4.500834328053412,"debutScore":0.097,"peakScore":0.546,"duration":3,"genres":["pop"],"role":true,"scoreFactor":1,"rank":1},{"title":"Escape (The Pina Colada Song)","instanceSlug":817,"tags":["escape"],"parents":[],"genre":"pop","debut":1980,"playlists":[],"ascent":[0.055,0.229,0.323,0.4,0.45],"descent-weeks":9,"messages":[],"ranks":{},"score":3.9236666666666666,"debutScore":0.055,"peakScore":0.45,"scores":[0.055,0.229,0.323,0.4,0.45,0.4444444444444444,0.4277777777777778,0.39999999999999997,0.3611111111111111,0.3111111111111111,0.25,0.17777777777777778,0.09444444444444447],"duration":3,"genres":["pop"],"role":true,"scoreFactor":1,"rank":2}],"score":8.424500994720079,"songCount":2,"songAdjustedAverage":5.957021781479383,"rank":611}