{"title":"Rhythm Syndicate","instanceSlug":"rythm-syndicate","tags":[],"parents":[],"genres":[{"instanceSlug":"urban","title":"Urban / R&B","parents":[]}],"members":[],"xref":[],"complete":true,"origin":{"title":"Connecticut","instanceSlug":"connecticut","tags":[],"parents":["us"]},"birth":"","death":"","type":{"title":"All-Male Group","artists":[],"artistCount":0,"score":0,"artistAdjustedAverage":0,"slug":"mmm"},"songs":[{"title":"PASSION","instanceSlug":2697,"tags":[],"parents":[],"genre":"pop","debut":"1991-07","playlists":[],"ranks":{},"scores":[0.086,0.232,0.306,0.402,0.386,0.37,0.365,0.355,0.34,0.32,0.295,0.265,0.23,0.19,0.145,0.095,0.04,0],"ascent":[0.086,0.232,0.306,0.402],"descent-weeks":14.171641791044774,"ascent-weeks":3.828358208955224,"peak":0.402,"messages":[],"unscored":false,"score":4.823999999999999,"duration":5,"genres":["pop"],"role":true,"scoreFactor":1,"totalScore":4.823999999999999,"rank":1},{"title":"Hey Donna","instanceSlug":1014,"tags":[],"parents":[],"genre":"pop","debut":"1991-10","playlists":[],"ranks":{},"scores":[0.086,0.232,0.306,0.402,0.386,0.37,0.354,0.32199999999999995,0.2739999999999999,0.20999999999999985,0.12999999999999978,0.0339999999999997,0],"ascent":[0.086,0.232,0.306,0.402],"descent-weeks":9.261194029850744,"ascent-weeks":3.828358208955224,"peak":0.402,"messages":[],"unscored":false,"score":3.5079999999999996,"duration":4,"genres":["pop"],"role":true,"scoreFactor":1,"totalScore":3.5079999999999996,"rank":2}],"score":8.331999999999999,"songCount":2,"songAdjustedAverage":5.891613700846313,"rank":663,"ranks":{"genre:urban":{"rank":70,"total":96},"origin:connecticut":{"rank":3,"total":3}}}