{"title":"Sade","instanceSlug":"sade","tags":[],"parents":[],"genres":[],"members":[],"xref":[],"complete":false,"origin":"","birth":"","death":"","songs":[{"title":"The Sweetest Taboo","instanceSlug":1744,"tags":[],"parents":[],"genre":"adult-contemporary","debut":"1986-01","playlists":[],"ascent":[0.145,0.332,0.398,0.456,0.476],"descent-weeks":7,"ascent-weeks":5.694327731092437,"peak":0.476,"messages":[],"ranks":{},"unscored":false,"score":4.028333333333332,"duration":3,"genres":["adult-contemporary"],"role":true,"scoreFactor":1,"totalScore":4.028333333333332,"rank":1},{"title":"No Ordinary Love","instanceSlug":1182,"tags":[],"parents":[],"genre":"soul","debut":1992,"playlists":[],"ranks":{},"scores":[0.027,0.145,0.232,0.298,0.356,0.376,0.337,0.267,0.262,0.252,0.237,0.217,0.192,0.162,0.127,0.087,0.042,0],"ascent":[0.027,0.145,0.232,0.298,0.356,0.376],"descent-weeks":10.204787234042556,"ascent-weeks":5.720744680851063,"peak":0.376,"messages":[],"unscored":false,"score":3.992,"duration":4,"genres":["soul"],"role":true,"scoreFactor":1,"totalScore":3.992,"rank":2},{"title":"Smooth Operator","instanceSlug":400,"tags":[],"parents":[],"genre":"pop","debut":1985,"playlists":[],"ranks":{},"scores":[0.027,0.145,0.232,0.298,0.356,0.376,0.337,0.267,0.262,0.252,0.237,0.217,0.192,0.162,0.127,0.087,0.042,0],"ascent":[0.027,0.145,0.232,0.298,0.356,0.376],"descent-weeks":10.204787234042556,"ascent-weeks":5.720744680851063,"peak":0.376,"messages":[],"unscored":false,"score":3.992,"duration":4,"genres":["pop"],"role":true,"scoreFactor":1,"totalScore":3.992,"rank":3}],"score":12.012333333333334,"songCount":3,"songAdjustedAverage":6.935323883595515,"rank":520}