{"title":"Sam Smith","instanceSlug":"sam-smith","tags":[],"genres":[],"xref":[],"complete":false,"active":true,"origin":{"title":"United Kingdom","instanceSlug":"uk","tags":[],"parents":[]},"birth":"","death":"","type":{"title":"Solo Male","artists":[],"artistCount":0,"score":0,"artistAdjustedAverage":0,"slug":"m"},"songs":[{"title":"Stay With Me","instanceSlug":1965,"tags":["#1","#1-rdwt40-hot-adult"],"parents":[],"genre":"pop","debut":2014,"playlists":[],"ranks":{},"scores":[0.14514743773260808,0.37575236457437666,0.5984015984015985,0.5907735136209983,0.5847860538827259,0.5723270440251572,0.554001554001554,0.5302218821729151,0.5015015015015016,0.4684287812041116,0.43163922691481743,0.39178844815588026,0.349527665317139,0.30548302872062666,0.26023944549464395,0.21432908318154217,0.16822429906542055,0.122334455667789,0.07700592353257943,0.03252452245740836,0],"ascent":[0.14514743773260808,0.37575236457437666,0.5984015984015985],"descent-weeks":16.928943819730534,"ascent-weeks":2.805727968554153,"peak":0.5984015984015985,"messages":[],"unscored":false,"score":7.8728394280269915,"duration":5,"genres":["pop"],"role":true,"scoreFactor":1,"totalScore":7.8728394280269915,"rank":1},{"title":"I'm Not the Only One","instanceSlug":2763,"tags":[],"genre":"pop","debut":2015,"playlists":["cheating","feb13"],"scores":[0.2535,0.54625,0.74875,0.74275,0.7278950000000001,0.6981850000000001,0.6536200000000001,0.5942000000000001,0.5199250000000001,0.43079500000000004,0.32681000000000004,0.20797000000000002,0.07427499999999998,0],"ascent":[0.2535,0.54625,0.74875],"descent-weeks":11.469465776293823,"ascent-weeks":3.102170283806344,"peak":0.74875,"messages":[],"ranks":{},"unscored":false,"score":7.273675000000001,"duration":4,"genres":["pop"],"role":true,"scoreFactor":1,"totalScore":7.273675000000001,"rank":2}],"score":15.146514428026993,"songCount":2,"songAdjustedAverage":10.710203063397767,"rank":266,"ranks":{"origin:uk":{"rank":24,"total":55}}}