{"title":"Sam Smith","instanceSlug":"sam-smith","tags":[],"genres":[],"xref":[],"complete":false,"active":true,"origin":{"title":"United Kingdom","instanceSlug":"uk","tags":[],"parents":[]},"birth":"","death":"","type":{"title":"Solo Male","artists":[],"artistCount":0,"score":0,"artistAdjustedAverage":0,"slug":"m"},"songs":[{"title":"I'm Not the Only One","instanceSlug":2763,"tags":[],"genre":"pop","debut":2015,"playlists":["cheating","feb13"],"scores":[0.2535,0.54625,0.74875,0.74275,0.738,0.728,0.713,0.693,0.668,0.638,0.603,0.563,0.518,0.468,0.413,0.353,0.288,0.218,0.143,0.063,0],"ranks":{},"score":10.099250000000001,"debutScore":0.2535,"peakScore":0.74875,"duration":6,"genres":["pop"],"role":true,"scoreFactor":1,"rank":1},{"title":"Stay With Me","instanceSlug":1965,"tags":["#1","#1-rdwt40-hot-adult"],"parents":[],"genre":"pop","debut":2014,"playlists":[],"ranks":{},"scores":[0.14514743773260808,0.37575236457437666,0.5984015984015985,0.5907735136209983,0.5847860538827259,0.5723270440251572,0.554001554001554,0.5302218821729151,0.5015015015015016,0.4684287812041116,0.43163922691481743,0.39178844815588026,0.349527665317139,0.30548302872062666,0.26023944549464395,0.21432908318154217,0.16822429906542055,0.122334455667789,0.07700592353257943,0.03252452245740836,0],"score":7.274437829625394,"debutScore":0.14514743773260808,"peakScore":0.5984015984015985,"duration":6,"genres":["pop"],"role":true,"scoreFactor":1,"rank":2}],"score":17.373687829625396,"songCount":2,"songAdjustedAverage":12.285052478546309,"rank":352,"ranks":{"origin:uk":{"rank":24,"total":51}}}