{"title":"Sammy Hagar","instanceSlug":"sammy-hagar","tags":[],"parents":[],"genres":[],"members":[],"xref":[],"complete":false,"origin":"","birth":"","death":"","type":{"title":"Solo Male","artists":[],"artistCount":0,"score":0,"artistAdjustedAverage":0,"slug":"m"},"songs":[{"title":"I Can't Drive 55","instanceSlug":1498,"tags":["can't","drive","i","numbers"],"parents":[],"genre":"rock","debut":1984,"playlists":[],"ranks":{},"scores":[0.164751,0.361,0.481,0.58875,0.61,0.58425,0.5585000000000001,0.5070000000000002,0.4297500000000004,0.32675000000000065,0.19800000000000095,0.043500000000001315,0],"ascent":[0.164751,0.361,0.481,0.58875,0.61],"descent-weeks":2.431407916017764,"ascent-weeks":5.423363114754098,"peak":0.61,"messages":[],"unscored":false,"score":3.19427355251389,"duration":2,"genres":["rock"],"role":true,"scoreFactor":1,"totalScore":3.19427355251389,"rank":1},{"title":"Standing On Top of the World","instanceSlug":1518,"tags":["on-top","standing","this-of-that","top","world"],"parents":[],"genre":"rock","debut":"1991-12","playlists":[],"ranks":{},"scores":[0.08976978613267948,0.2198841110094541,0.3164390324173112,0.4171833480956599,0.4383315354189141,0.4126787921596327,0.3900955690703736,0.3840830449826989,0.37339055793991427,0.3582342954159592,0.3389121338912134,0.3157894736842105,0.2892828364222401,0.25984251968503946,0.22793553338449735,0.19402985074626866,0.15858073859522084,0.12201963534361851,0.09200109200109201,0.07009095773140717,0.04973100642960241,0.02880658436213992,0.017811704834605598,0.006816825307071277,0],"ascent":[0.08976978613267948,0.2198841110094541,0.3164390324173112,0.4171833480956599,0.4383315354189141],"descent-weeks":5.174241962224618,"ascent-weeks":5.070161601508014,"peak":0.4383315354189141,"messages":[],"unscored":false,"score":2.993630095694613,"duration":3,"genres":["rock"],"role":true,"scoreFactor":1,"totalScore":2.993630095694613,"rank":2},{"title":"Your Love is Driving Me Crazy","instanceSlug":1964,"tags":[],"parents":[],"genre":"rock","debut":"1983-02","playlists":[],"ranks":{},"scores":[0.11,0.311,0.521,0.752,0.729,0.684,0.6390000000000001,0.5490000000000003,0.4140000000000005,0.23400000000000076,0.009000000000001118,0],"ascent":[0.11,0.311,0.521,0.752],"descent-weeks":2.5346897163120596,"ascent-weeks":3.3789893617021276,"peak":0.752,"messages":[],"unscored":false,"score":2.9647244444444456,"duration":2,"genres":["rock"],"role":true,"scoreFactor":1,"totalScore":2.9647244444444456,"rank":3},{"title":"Dreams","instanceSlug":2922,"tags":[],"parents":[],"genre":"rock","debut":"1986-06","playlists":[],"ranks":{},"scores":[0.164751,0.361,0.481,0.58875,0.61,0.58425,0.5585000000000001,0.5070000000000002,0.4297500000000004,0.32675000000000065,0.19800000000000095,0.043500000000001315,0],"ascent":[0.164751,0.361,0.481,0.58875,0.61],"descent-weeks":2.431407916017764,"ascent-weeks":5.423363114754098,"peak":0.61,"messages":[],"unscored":false,"score":2.3957051643854177,"duration":2,"genres":["rock"],"role":"lead","scoreFactor":0.75,"totalScore":3.19427355251389,"rank":4},{"title":"Can't Stop Lovin' You","instanceSlug":1490,"tags":["can't-stop","can't-stop-loving-you","loving-you"],"genre":"hard-rock","debut":"1995-04","playlists":[],"scores":[0.145,0.582,0.786,0.853,0.883,0.89,0.847,0.8039999999999999,0.7179999999999999,0.5889999999999997,0.4169999999999996,0.2019999999999994,0],"ascent":[0.145,0.582,0.786,0.853,0.883,0.89],"descent-weeks":3.599532022471908,"ascent-weeks":6.975842696629212,"peak":0.89,"messages":[],"ranks":{},"unscored":false,"score":1.5686805833333326,"duration":3,"genres":["hard-rock"],"role":"member","scoreFactor":0.25,"totalScore":6.27472233333333,"rank":5},{"title":"Finish What You Started","instanceSlug":1302,"tags":[],"parents":[],"genre":"hard-rock","debut":"1988-11","playlists":[],"ranks":{},"scores":[0.164751,0.361,0.481,0.58875,0.61,0.58425,0.5585000000000001,0.5070000000000002,0.4297500000000004,0.32675000000000065,0.19800000000000095,0.043500000000001315,0],"ascent":[0.164751,0.361,0.481,0.58875,0.61],"descent-weeks":2.431407916017764,"ascent-weeks":5.423363114754098,"peak":0.61,"messages":[],"unscored":false,"score":0.7985683881284725,"duration":2,"genres":["hard-rock"],"role":"member","scoreFactor":0.25,"totalScore":3.19427355251389,"rank":6},{"title":"Why Can't This Be Love","instanceSlug":2921,"tags":["#1","#1-mainstream-rock"],"genre":"hard-rock","debut":"1986-04","playlists":[],"ranks":{},"scores":[0.164751,0.361,0.481,0.58875,0.61,0.58425,0.5585000000000001,0.5070000000000002,0.4297500000000004,0.32675000000000065,0.19800000000000095,0.043500000000001315,0],"ascent":[0.164751,0.361,0.481,0.58875,0.61],"descent-weeks":2.431407916017764,"ascent-weeks":5.423363114754098,"peak":0.61,"messages":[],"unscored":false,"score":0.7985683881284725,"duration":2,"genres":["hard-rock"],"role":"member","scoreFactor":0.25,"totalScore":3.19427355251389,"rank":7},{"title":"Love Walks In","instanceSlug":647,"tags":[],"parents":[],"genre":"rock","debut":"1986-09","playlists":[],"ranks":{},"scores":[0.055,0.2,0.306,0.397,0.463,0.437,0.405,0.37300000000000005,0.3090000000000001,0.2130000000000002,0.0850000000000003,0],"ascent":[0.055,0.2,0.306,0.397,0.463],"descent-weeks":1.5241558675305982,"ascent-weeks":4.603671706263499,"peak":0.463,"messages":[],"unscored":false,"score":0.47286402777777775,"duration":2,"genres":["rock"],"role":"member","scoreFactor":0.25,"totalScore":1.891456111111111,"rank":8},{"title":"When It's Love","instanceSlug":553,"tags":[],"parents":[],"genre":"rock","debut":"1988-08","playlists":[],"ascent":[0.031,0.163,0.256,0.356,0.386],"descent-weeks":1.13758,"ascent-weeks":4.632124352331607,"peak":0.386,"messages":[],"ranks":{},"unscored":false,"score":0.3711843133333333,"duration":2,"genres":["rock"],"role":"member","scoreFactor":0.25,"totalScore":1.4847372533333332,"rank":9}],"songCount":9,"songAdjustedAverage":5.186066319246585,"collaborators":[{"slug":"van-halen","title":"Van Halen","songCount":6,"score":2.615063355116817}],"rank":357}