{"title":"Sammy Hagar","instanceSlug":"sammy-hagar","tags":[],"parents":[],"genres":[],"members":[],"xref":[],"complete":false,"origin":"","birth":"","death":"","type":{"title":"Solo Male","artists":[],"artistCount":0,"score":0,"artistAdjustedAverage":0,"slug":"m"},"songs":[{"title":"Standing On Top of the World","instanceSlug":1518,"tags":["on-top","standing","this-of-that","top","world"],"parents":[],"genre":"rock","debut":"1991-12","playlists":[],"ranks":{},"scores":[0.08976978613267948,0.2198841110094541,0.3164390324173112,0.4171833480956599,0.4383315354189141,0.43650627993829666,0.43103051349644417,0.4219042360933568,0.4091274477290344,0.39270014840347706,0.3726223381166848,0.34889401686865756,0.3215151846593953,0.29048584148889817,0.25580598735716603,0.21747562226419892,0.17549474620999683,0.12986335919455985,0.08058146121788785,0.027649052279980928],"ascent":[0.08976978613267948,0.2198841110094541,0.3164390324173112,0.4171833480956599,0.4383315354189141],"descent-weeks":15.496710782209156,"messages":[],"score":5.793264048392053,"debutScore":0.08976978613267948,"peakScore":0.4383315354189141,"duration":5,"genres":["rock"],"role":true,"scoreFactor":1,"rank":1},{"title":"Your Love is Driving Me Crazy","instanceSlug":1964,"tags":[],"parents":[],"genre":"rock","debut":"1983-02","playlists":[],"ranks":{},"scores":[0.11,0.311,0.521,0.752,0.7402460927758189,0.7049843711032754,0.6462148349823698,0.5639374844131015,0.4581523193954713,0.32885933992947874,0.17605854601512377],"ascent":[0.11,0.311,0.521,0.752],"descent-weeks":7.998670212765964,"messages":[],"score":5.312452988614639,"debutScore":0.11,"peakScore":0.752,"duration":3,"genres":["rock"],"role":true,"scoreFactor":1,"rank":2},{"title":"I Can't Drive 55","instanceSlug":1498,"tags":["can't","drive","i","numbers"],"parents":[],"genre":"rock","debut":1984,"playlists":[],"ranks":{},"scores":[0.164751,0.361,0.481,0.58875,0.61,0.6004945763023748,0.5719783052094994,0.5244511867213737,0.4579132208379978,0.3723644075593715,0.26780474688549505,0.1442342388163683,0.0016528833519912356],"ascent":[0.164751,0.361,0.481,0.58875,0.61],"descent-weeks":8.010860655737714,"messages":[],"score":5.1463945656844725,"debutScore":0.164751,"peakScore":0.61,"duration":3,"genres":["rock"],"role":true,"scoreFactor":1,"rank":3},{"title":"Dreams","instanceSlug":2922,"tags":[],"parents":[],"genre":"rock","debut":"1986-06","playlists":[],"ranks":{},"scores":[0.164751,0.361,0.481,0.58875,0.61,0.6004945763023748,0.5719783052094994,0.5244511867213737,0.4579132208379978,0.3723644075593715,0.26780474688549505,0.1442342388163683,0.0016528833519912356],"ascent":[0.164751,0.361,0.481,0.58875,0.61],"descent-weeks":8.010860655737714,"messages":[],"score":3.8597959242633544,"debutScore":0.164751,"peakScore":0.61,"duration":3,"genres":["rock"],"role":"lead","scoreFactor":0.75,"rank":4},{"title":"Can't Stop Lovin' You","instanceSlug":1490,"tags":["can't-stop","can't-stop-loving-you","loving-you"],"genre":"hard-rock","debut":"1995-04","playlists":[],"scores":[0.145,0.582,0.786,0.853,0.883,0.89,0.8742979774443447,0.8271919097773783,0.7486817969991012,0.6387676391095132,0.4974494361086145,0.3247271879964048,0.12060089477288445],"ascent":[0.145,0.582,0.786,0.853,0.883,0.89],"descent-weeks":7.528651685393257,"messages":[],"ranks":{},"score":2.04267921055206,"debutScore":0.145,"peakScore":0.89,"duration":3,"genres":["hard-rock"],"role":"member","scoreFactor":0.25,"rank":5},{"title":"Finish What You Started","instanceSlug":1302,"tags":[],"parents":[],"genre":"hard-rock","debut":"1988-11","playlists":[],"ranks":{},"scores":[0.164751,0.361,0.481,0.58875,0.61,0.6004945763023748,0.5719783052094994,0.5244511867213737,0.4579132208379978,0.3723644075593715,0.26780474688549505,0.1442342388163683,0.0016528833519912356],"ascent":[0.164751,0.361,0.481,0.58875,0.61],"descent-weeks":8.010860655737714,"messages":[],"score":1.2865986414211181,"debutScore":0.164751,"peakScore":0.61,"duration":3,"genres":["hard-rock"],"role":"member","scoreFactor":0.25,"rank":6},{"title":"Why Can't This Be Love","instanceSlug":2921,"tags":["#1","#1-mainstream-rock"],"genre":"hard-rock","debut":"1986-04","playlists":[],"ranks":{},"scores":[0.164751,0.361,0.481,0.58875,0.61,0.6004945763023748,0.5719783052094994,0.5244511867213737,0.4579132208379978,0.3723644075593715,0.26780474688549505,0.1442342388163683,0.0016528833519912356],"ascent":[0.164751,0.361,0.481,0.58875,0.61],"descent-weeks":8.010860655737714,"messages":[],"score":1.2865986414211181,"debutScore":0.164751,"peakScore":0.61,"duration":3,"genres":["hard-rock"],"role":"member","scoreFactor":0.25,"rank":7},{"title":"Love Walks In","instanceSlug":647,"tags":[],"parents":[],"genre":"rock","debut":"1986-09","playlists":[],"ranks":{},"scores":[0.055,0.2,0.306,0.397,0.463,0.45455133585615554,0.4292053434246221,0.3869620227053997,0.3278213736984883,0.25178339640388797,0.15884809082159856,0.04901545695162035],"ascent":[0.055,0.2,0.306,0.397,0.463],"descent-weeks":7.402807775377973,"messages":[],"score":0.8697967549654432,"debutScore":0.055,"peakScore":0.463,"duration":3,"genres":["rock"],"role":"member","scoreFactor":0.25,"rank":8},{"title":"When It's Love","instanceSlug":553,"tags":[],"parents":[],"genre":"rock","debut":"1988-08","playlists":[],"ascent":[0.031,0.163,0.256,0.356,0.386],"descent-weeks":6.9,"messages":[],"ranks":{},"score":0.6925534551564797,"debutScore":0.031,"peakScore":0.386,"scores":[0.031,0.163,0.256,0.356,0.386,0.37789245956731776,0.35356983826927113,0.3130321361058601,0.25627935307708466,0.18331148918294476,0.09412854442344046],"duration":3,"genres":["rock"],"role":"member","scoreFactor":0.25,"rank":9}],"score":26.290134230470738,"songCount":9,"songAdjustedAverage":8.76337807682358,"rank":340}