{"title":"Scorpions","instanceSlug":"scorpions","tags":[],"parents":[],"genres":[],"members":[],"xref":[],"complete":false,"origin":"","birth":"","death":"","type":{"title":"All-Male Group","artists":[],"artistCount":0,"score":0,"artistAdjustedAverage":0,"slug":"mmm"},"songs":[{"title":"Wind of Change","instanceSlug":947,"tags":[],"parents":[],"genre":"rock","debut":"1991-08","playlists":["summer"],"ranks":{},"scores":[0.122,0.315,0.513,0.708,0.6879099511361569,0.6276398045446278,0.5271895602254125,0.38655921817851124,0.20574877840392386],"ascent":[0.122,0.315,0.513,0.708],"descent-weeks":5.936440677966102,"messages":[],"score":4.093047312488633,"debutScore":0.122,"peakScore":0.708,"duration":3,"genres":["rock"],"role":true,"scoreFactor":1,"rank":1},{"title":"Send Me an Angel","instanceSlug":1505,"tags":["angel","me","send","send-me-an-angel"],"parents":[],"genre":"rock","debut":"1991-12","playlists":[],"ranks":{},"scores":[0.122,0.315,0.513,0.708,0.6790950928879714,0.5923803715518859,0.44785583599174345,0.24552148620754394],"ascent":[0.122,0.315,0.513,0.708],"descent-weeks":4.949152542372883,"messages":[],"score":3.622852786639145,"debutScore":0.122,"peakScore":0.708,"duration":2,"genres":["rock"],"role":true,"scoreFactor":1,"rank":2}],"score":7.7159000991277775,"songCount":2,"songAdjustedAverage":5.4559652830512055,"rank":666}