{"title":"Seal","instanceSlug":"seal","tags":[],"parents":[],"genres":[],"members":[],"xref":[],"complete":false,"origin":"","birth":"","death":"","type":{"title":"Solo Male","artists":[],"artistCount":0,"score":0,"artistAdjustedAverage":0,"slug":"m"},"songs":[{"title":"Don't Cry","instanceSlug":1919,"tags":[],"parents":[],"genre":"pop","debut":"1996-02","playlists":[],"ranks":{},"scores":[0.097,0.351,0.537,0.694,0.662,0.6300000000000001,0.5660000000000003,0.47000000000000053,0.34200000000000086,0.18200000000000127,0],"ascent":[0.097,0.351,0.537,0.694],"descent-weeks":7.664265129683004,"ascent-weeks":3.6289625360230544,"peak":0.694,"messages":[],"unscored":false,"score":5.225000000000002,"duration":3,"genres":["pop"],"role":true,"scoreFactor":1,"totalScore":5.225000000000002,"rank":1},{"title":"Fly Like an Eagle","instanceSlug":1898,"tags":[],"genre":"urban","sources":["space-jam"],"debut":"1997-02","playlists":[],"remake":1899,"peak":0.622,"ascent-weeks":4,"descent-weeks":8.5,"messages":[],"ranks":{},"unscored":false,"score":5.183333333333333,"duration":3,"genres":["urban"],"role":true,"scoreFactor":1,"totalScore":5.183333333333333,"rank":2},{"title":"Crazy","instanceSlug":49,"tags":[],"genres":["pop"],"ranks":{},"scores":[0.145,0.402,0.633,0.622,0.582,0.5419999999999999,0.46199999999999986,0.34199999999999975,0.1819999999999996,0],"ascent":[0.145,0.402,0.633],"descent-weeks":7.973933649289096,"ascent-weeks":2.7962085308056874,"peak":0.633,"messages":[],"unscored":false,"score":4.544999999999998,"duration":3,"playlists":[],"role":true,"scoreFactor":1,"totalScore":4.544999999999998,"rank":3},{"title":"Kiss from a Rose","instanceSlug":58,"tags":[],"debut":"1995","parents":[],"scores":[0.121,0.11599999999999999,0.106,0.091,0.071,0.04599999999999999,0.01599999999999999,0],"ascent":[0.121],"descent-weeks":7.028925619834711,"ascent-weeks":1.5,"peak":0.121,"messages":[],"ranks":{},"unscored":false,"score":0.688,"duration":2,"playlists":[],"role":true,"scoreFactor":1,"totalScore":0.688,"rank":4}],"score":15.641333333333334,"songCount":4,"songAdjustedAverage":7.820666666666667,"rank":454}