{"title":"Seal","instanceSlug":"seal","tags":[],"parents":[],"genres":[],"members":[],"xref":[],"complete":false,"origin":"","birth":"","death":"","type":{"title":"Solo Male","artists":[],"artistCount":0,"score":0,"artistAdjustedAverage":0,"slug":"m"},"songs":[{"title":"Kiss from a Rose","instanceSlug":58,"tags":["1990s","1995","flower","kiss","rose"],"parents":[],"ranks":{},"scores":[0.121,0.3765,0.585,0.6579999999999999,0.622,0.617,0.607,0.5920000000000001,0.5720000000000001,0.5469999999999999,0.517,0.482,0.442,0.397,0.347,0.29200000000000004,0.232,0.16699999999999998,0.097,0.031,0],"messages":[],"score":8.301499999999999,"debutScore":0.121,"peakScore":0.6579999999999999,"duration":5,"playlists":[],"role":true,"scoreFactor":1,"rank":1},{"title":"Fly Like an Eagle","instanceSlug":1898,"tags":[],"genre":"soul","debut":"1997-02","playlists":[],"remake":true,"scores":[0.108,0.249,0.463,0.573,0.612,0.622,0.6,0.578,0.534,0.468,0.38,0.27,0.138,0],"messages":[],"ranks":{},"score":5.594999999999999,"debutScore":0.108,"peakScore":0.622,"duration":4,"genres":["soul"],"role":true,"scoreFactor":1,"rank":2},{"title":"Don't Cry","instanceSlug":1919,"tags":[],"parents":[],"genre":"pop","debut":"1996-02","playlists":[],"ranks":{},"scores":[0.097,0.351,0.537,0.694,0.662,0.63,0.566,0.47,0.342,0.182,0],"messages":[],"score":4.531,"debutScore":0.097,"peakScore":0.694,"duration":3,"genres":["pop"],"role":true,"scoreFactor":1,"rank":3},{"title":"Crazy","instanceSlug":49,"tags":[],"genres":["pop"],"ranks":{},"scores":[0.145,0.402,0.633,0.622,0.582,0.542,0.462,0.342,0.182,0],"messages":[],"score":3.9120000000000004,"debutScore":0.145,"peakScore":0.633,"duration":3,"playlists":[],"role":true,"scoreFactor":1,"rank":4}],"score":22.339499999999997,"songCount":4,"songAdjustedAverage":11.169749999999999,"rank":202}