{"title":"Seal","instanceSlug":"seal","tags":[],"parents":[],"genres":[],"members":[],"xref":[],"complete":false,"origin":"","birth":"","death":"","type":{"title":"Solo Male","artists":[],"artistCount":0,"score":0,"artistAdjustedAverage":0,"slug":"m"},"songs":[{"title":"Don't Cry","instanceSlug":1919,"tags":[],"parents":[],"genre":"pop","debut":"1996-02","playlists":[],"ranks":{},"scores":[0.097,0.351,0.537,0.694,0.662,0.657,0.647,0.632,0.612,0.587,0.557,0.522,0.482,0.437,0.387,0.332,0.272,0.207,0.137,0.062,0],"score":8.871000000000002,"debutScore":0.097,"peakScore":0.694,"duration":6,"genres":["pop"],"role":true,"scoreFactor":1,"rank":1},{"title":"Fly Like an Eagle","instanceSlug":1898,"tags":[],"parents":[],"genre":"soul","debut":"1997-02","playlists":["remake"],"ranks":{},"scores":[0.121,0.3765,0.585,0.6579999999999999,0.622,0.617,0.607,0.5920000000000001,0.5720000000000001,0.5469999999999999,0.517,0.482,0.442,0.397,0.347,0.29200000000000004,0.232,0.16699999999999998,0.097,0.031,0],"score":8.301499999999999,"debutScore":0.121,"peakScore":0.6579999999999999,"duration":6,"genres":["soul"],"role":true,"scoreFactor":1,"rank":2},{"title":"Kiss from a Rose","instanceSlug":58,"tags":["1990s","1995","flower","kiss","rose"],"parents":[],"ranks":{},"scores":[0.121,0.3765,0.585,0.6579999999999999,0.622,0.617,0.607,0.5920000000000001,0.5720000000000001,0.5469999999999999,0.517,0.482,0.442,0.397,0.347,0.29200000000000004,0.232,0.16699999999999998,0.097,0.031,0],"score":8.301499999999999,"debutScore":0.121,"peakScore":0.6579999999999999,"duration":6,"role":true,"scoreFactor":1,"rank":3},{"title":"Crazy","instanceSlug":49,"tags":[],"genres":["pop"],"ranks":{},"scores":[0.145,0.402,0.633,0.622,0.582,0.577,0.567,0.552,0.532,0.507,0.477,0.442,0.402,0.357,0.307,0.252,0.192,0.127,0.057,0],"score":7.732000000000001,"debutScore":0.145,"peakScore":0.633,"duration":5,"role":true,"scoreFactor":1,"rank":4}],"score":33.205999999999996,"songCount":4,"songAdjustedAverage":16.602999999999998,"rank":175}