{"title":"Seal","instanceSlug":"seal","tags":[],"parents":[],"genres":[],"members":[],"xref":[],"complete":false,"origin":"","birth":"","death":"","type":{"title":"Solo Male","artists":[],"artistCount":0,"score":0,"artistAdjustedAverage":0,"slug":"m"},"songs":[{"title":"Fly Like an Eagle","instanceSlug":1898,"tags":[],"genre":"soul","debut":"1997-02","playlists":[],"remake":true,"scores":[0.108,0.249,0.463,0.573,0.612,0.622,0.6137014973157839,0.5888059892631359,0.5473134758420558,0.4892239570525436,0.41453743289459943,0.32325390336822324,0.21537336847341493,0.09089582821017454],"ascent":[0.108,0.249,0.463,0.573,0.612,0.622],"descent-weeks":8.65755627009646,"messages":[],"ranks":{},"score":5.9101054524199315,"debutScore":0.108,"peakScore":0.622,"duration":4,"genres":["soul"],"role":true,"scoreFactor":1,"rank":1},{"title":"Don't Cry","instanceSlug":1919,"tags":[],"parents":[],"genre":"pop","debut":"1996-02","playlists":[],"ranks":{},"scores":[0.097,0.351,0.537,0.694,0.6821854161004682,0.6467416644018731,0.5876687449042145,0.5049666576074925,0.3986354025117071,0.26867497961685816,0.11508538892294577],"ascent":[0.097,0.351,0.537,0.694],"descent-weeks":7.664265129683004,"messages":[],"score":4.88295825406556,"debutScore":0.097,"peakScore":0.694,"duration":3,"genres":["pop"],"role":true,"scoreFactor":1,"rank":2},{"title":"Crazy","instanceSlug":49,"tags":[],"genres":["pop"],"ranks":{},"scores":[0.145,0.402,0.633,0.6230446054900437,0.5931784219601748,0.5434014494103931,0.47371368784069895,0.3841151372510921,0.27460579764157267,0.1451856690121405],"ascent":[0.145,0.402,0.633],"descent-weeks":7.973933649289096,"messages":[],"score":4.2172447686061165,"debutScore":0.145,"peakScore":0.633,"duration":3,"playlists":[],"role":true,"scoreFactor":1,"rank":3},{"title":"Kiss from a Rose","instanceSlug":58,"tags":[],"debut":"1995","parents":[],"scores":[0.121,0.11855089460465383,0.11120357841861532,0.09895805144188449,0.08181431367446129,0.05977236511634578,0.03283220576753793,0.0009938356280377277],"ascent":[0.121],"descent-weeks":7.028925619834711,"messages":[],"ranks":{},"score":0.6251252446515364,"debutScore":0.121,"peakScore":0.121,"duration":2,"playlists":[],"role":true,"scoreFactor":1,"rank":4}],"score":15.635433719743144,"songCount":4,"songAdjustedAverage":7.817716859871572,"rank":418}