{"title":"Seduction","instanceSlug":"seduction","tags":[],"parents":[],"genres":[],"members":[],"xref":[],"complete":false,"origin":"","birth":"","death":"","type":{"title":"All-Female Group","artists":[],"artistCount":0,"score":0,"artistAdjustedAverage":0,"slug":"fff"},"songs":[{"title":"Two to Make It Right","instanceSlug":1342,"tags":["make","right","two"],"parents":[],"genre":"dance","debut":1990,"playlists":[],"ranks":{},"scores":[0.086,0.216,0.376,0.491,0.563,0.546,0.498,0.493,0.483,0.468,0.448,0.423,0.393,0.358,0.318,0.273,0.223,0.168,0.108,0.043,0],"ascent":[0.086,0.216,0.376,0.491,0.563],"descent-weeks":15.468916518650087,"ascent-weeks":4.614564831261101,"peak":0.563,"messages":[],"unscored":false,"score":7.5379999999999985,"duration":5,"genres":["dance"],"role":true,"scoreFactor":1,"totalScore":7.5379999999999985,"rank":1},{"title":"My One and Only True Love","instanceSlug":497,"tags":[],"genres":["pop"],"debut":"1989-09","playlists":[],"ranks":{},"scores":[0.086,0.216,0.376,0.491,0.563,0.546,0.498,0.493,0.483,0.468,0.448,0.423,0.393,0.358,0.318,0.273,0.223,0.168,0.108,0.043,0],"ascent":[0.086,0.216,0.376,0.491,0.563],"descent-weeks":15.468916518650087,"ascent-weeks":4.614564831261101,"peak":0.563,"messages":[],"unscored":false,"score":7.5379999999999985,"duration":5,"role":true,"scoreFactor":1,"totalScore":7.5379999999999985,"rank":2},{"title":"It Takes Two","instanceSlug":1951,"tags":[],"parents":[],"genre":"dance","debut":"1990-02","playlists":[],"ranks":{},"scores":[0.086,0.216,0.376,0.491,0.563,0.546,0.498,0.44999999999999996,0.35399999999999987,0.20999999999999974,0.017999999999999572,0],"ascent":[0.086,0.216,0.376,0.491,0.563],"descent-weeks":7.03108348134991,"ascent-weeks":4.614564831261101,"peak":0.563,"messages":[],"unscored":false,"score":4.3709999999999996,"duration":3,"genres":["dance"],"role":true,"scoreFactor":1,"totalScore":4.3709999999999996,"rank":3}],"score":19.446999999999996,"songCount":3,"songAdjustedAverage":11.22773068493065,"rank":230}