{"title":"Seduction","instanceSlug":"seduction","tags":[],"parents":[],"genres":[],"members":[],"xref":[],"complete":false,"origin":"","birth":"","death":"","type":{"title":"All-Female Group","artists":[],"artistCount":0,"score":0,"artistAdjustedAverage":0,"slug":"fff"},"songs":[{"title":"Two to Make It Right","instanceSlug":1342,"tags":["make","right","two"],"parents":[],"genre":"dance","debut":1990,"playlists":[],"ranks":{},"scores":[0.086,0.216,0.376,0.491,0.563,0.546,0.498,0.493,0.483,0.468,0.448,0.423,0.393,0.358,0.318,0.273,0.223,0.168,0.108,0.043,0],"ascent":[0.086,0.216,0.376,0.491,0.563],"descent-weeks":6.4780384843102405,"ascent-weeks":4.614564831261101,"peak":0.563,"messages":[],"unscored":false,"score":4.163423777777776,"duration":3,"genres":["dance"],"role":true,"scoreFactor":1,"totalScore":4.163423777777776,"rank":1},{"title":"My One and Only True Love","instanceSlug":497,"tags":[],"genres":["pop"],"debut":"1989-09","playlists":[],"ranks":{},"scores":[0.086,0.216,0.376,0.491,0.563,0.546,0.498,0.493,0.483,0.468,0.448,0.423,0.393,0.358,0.318,0.273,0.223,0.168,0.108,0.043,0],"ascent":[0.086,0.216,0.376,0.491,0.563],"descent-weeks":6.4780384843102405,"ascent-weeks":4.614564831261101,"peak":0.563,"messages":[],"unscored":false,"score":4.163423777777776,"duration":3,"role":true,"scoreFactor":1,"totalScore":4.163423777777776,"rank":2},{"title":"It Takes Two","instanceSlug":1951,"tags":[],"parents":[],"genre":"dance","debut":"1990-02","playlists":[],"ranks":{},"scores":[0.086,0.216,0.376,0.491,0.563,0.546,0.498,0.44999999999999996,0.35399999999999987,0.20999999999999974,0.017999999999999572,0],"ascent":[0.086,0.216,0.376,0.491,0.563],"descent-weeks":1.7073814387211363,"ascent-weeks":4.614564831261101,"peak":0.563,"messages":[],"unscored":false,"score":2.3728371666666663,"duration":2,"genres":["dance"],"role":true,"scoreFactor":1,"totalScore":2.3728371666666663,"rank":3}],"songCount":3,"songAdjustedAverage":6.177465854619125,"collaborators":[],"rank":252}