{"title":"Selena","instanceSlug":"selena","tags":[{"title":"Spanish Speaker","instanceSlug":"spanish","tags":[],"parents":[],"coverage":{}}],"genres":[{"instanceSlug":"latin","title":"Latin","parents":[]}],"xref":[],"complete":true,"origin":{"title":"Texas","instanceSlug":"texas","tags":[],"parents":["us"]},"birth":1971,"death":1995,"type":{"title":"Solo Female","artists":[],"artistCount":0,"score":0,"artistAdjustedAverage":0,"slug":"f"},"songs":[{"title":"Dreaming of You","instanceSlug":1370,"tags":[],"genre":"adult-contemporary","debut":"1995-11","playlists":[],"scores":[0.297,0.406,0.563,0.646,0.712,0.692,0.658,0.6240000000000001,0.5560000000000003,0.4540000000000005,0.31800000000000084,0.14800000000000124,0],"ascent":[0.297,0.406,0.563,0.646,0.712],"descent-weeks":3.305633426966295,"ascent-weeks":5.528089887640449,"peak":0.712,"messages":[],"ranks":{},"unscored":false,"score":4.193074,"duration":3,"genres":["adult-contemporary"],"role":true,"scoreFactor":1,"totalScore":4.193074,"rank":1},{"title":"If I Could Fall in Love","instanceSlug":348,"tags":[],"parents":[],"genre":"pop","debut":"1995-08","playlists":["ballad"],"ranks":{},"scores":[0.097,0.306,0.463,0.546,0.612,0.592,0.572,0.5319999999999999,0.47199999999999986,0.3919999999999998,0.2919999999999997,0.1719999999999996,0.03199999999999947,0],"ascent":[0.097,0.306,0.463,0.546,0.612],"descent-weeks":2.8428997821350754,"ascent-weeks":4.96078431372549,"peak":0.612,"messages":[],"unscored":false,"score":3.183903111111111,"duration":2,"genres":["pop"],"role":true,"scoreFactor":1,"totalScore":3.183903111111111,"rank":2}],"songCount":2,"songAdjustedAverage":5.2163105399246135,"collaborators":[],"rank":354,"ranks":{"genre:latin":{"rank":4,"total":5},"origin:texas":{"rank":5,"total":9},"tag:spanish":{"rank":10,"total":10}}}