{"title":"Sergio Mendez","instanceSlug":"sergio-mendez","tags":[],"parents":[],"genres":[],"members":[],"xref":[],"complete":false,"origin":"","birth":"","death":"","songs":[{"title":"Alibis","instanceSlug":962,"tags":[],"parents":[],"genre":"pop","debut":1984,"playlists":[],"ranks":{},"scores":[0.17684594348222427,0.4639016897081413,0.6719787516600265,0.8385598141695703,0.819362455726092,0.7357774968394437,0.632946001367054,0.5301145058946644,0.324451514949885,0.015957028532715967,0],"ascent":[0.17684594348222427,0.4639016897081413,0.6719787516600265,0.8385598141695703],"descent-weeks":6.971182171433073,"ascent-weeks":3.8481802299643784,"peak":0.8385598141695703,"messages":[],"unscored":false,"score":6.048455016499388,"duration":3,"genres":["pop"],"role":true,"scoreFactor":1,"totalScore":6.048455016499388,"rank":1}],"score":6.048455016499388,"songCount":1,"songAdjustedAverage":6.048455016499388,"rank":643}