{"title":"Shai","instanceSlug":"shai","tags":[],"genres":[{"instanceSlug":"soul","title":"Soul","parents":["urban"]},{"instanceSlug":"urban","title":"Urban / R&B","parents":[]}],"members":[],"xref":[],"complete":true,"origin":{"title":"Washington, DC","instanceSlug":"dc","tags":[],"parents":["us"]},"birth":"","death":"","type":{"title":"All-Male Group","artists":[],"artistCount":0,"score":0,"artistAdjustedAverage":0,"slug":"mmm"},"songs":[{"title":"Baby I'm Yours","instanceSlug":714,"tags":[],"genres":["soul","urban"],"debut":"1993-07","playlists":[],"scores":[0.1,0.463,0.633,0.786,0.708,0.703,0.693,0.67914,0.65142,0.60984,0.5544,0.4851,0.40193999999999996,0.30491999999999997,0.19404,0.0693,0],"ascent":[0.1,0.463,0.633,0.786],"descent-weeks":6.397799640585243,"ascent-weeks":3.7824427480916034,"peak":0.786,"messages":[],"ranks":{},"unscored":false,"score":5.334447011666667,"duration":3,"role":true,"scoreFactor":1,"totalScore":5.334447011666667,"rank":1},{"title":"Comforter","instanceSlug":"comforter","tags":[],"parents":[],"genre":"soul","debut":"1993-03","playlists":[],"ranks":{},"scores":[0.05,0.263,0.533,0.708,0.693,0.6779999999999999,0.6479999999999999,0.6029999999999999,0.5429999999999998,0.46799999999999975,0.37799999999999967,0.2729999999999996,0.15299999999999947,0.01799999999999935,0],"ascent":[0.05,0.263,0.533,0.708],"descent-weeks":4.081905720338979,"ascent-weeks":3.2923728813559325,"peak":0.708,"messages":[],"unscored":false,"score":3.480659499999998,"duration":2,"genres":["soul"],"role":true,"scoreFactor":1,"totalScore":3.480659499999998,"rank":2},{"title":"If I Ever Fall in Love","instanceSlug":1059,"tags":["#1","#1-r&b"],"genres":["soul","urban"],"debut":"1992-11","playlists":[],"scores":[0.197,0.463,0.633,0.786,0.708,0.6299999999999999,0.47399999999999975,0.23999999999999955,0],"ascent":[0.197,0.463,0.633,0.786],"descent-weeks":1.4794790076335869,"ascent-weeks":3.967557251908397,"peak":0.786,"messages":[],"ranks":{},"unscored":false,"score":2.854247,"duration":2,"role":true,"scoreFactor":1,"totalScore":2.854247,"rank":3}],"songCount":3,"songAdjustedAverage":6.737304391229653,"collaborators":[],"rank":212,"ranks":{"genre:urban":{"rank":77,"total":96},"genre:soul":{"rank":39,"total":50},"origin:dc":{"rank":3,"total":5}}}