{"title":"Sheila E","instanceSlug":"sheila-e","tags":[],"parents":[],"genres":[],"members":[],"xref":[],"complete":false,"origin":"","birth":"","death":"","type":{"title":"Solo Female","artists":[],"artistCount":0,"score":0,"artistAdjustedAverage":0,"slug":"f"},"songs":[{"title":"The Glamorous Life","instanceSlug":440,"tags":["sax"],"genre":"dance","debut":"1984-08","playlists":[],"ascent":[0.145,0.351,0.584,0.786],"descent-weeks":12.22900763358778,"ascent-weeks":3.561068702290077,"peak":0.786,"messages":[],"ranks":{},"unscored":false,"score":8.273999999999997,"duration":4,"genres":["dance"],"role":true,"scoreFactor":1,"totalScore":8.273999999999997,"rank":1},{"title":"A Love Bizarre","instanceSlug":1740,"tags":[],"genre":"dance","debut":"1986-01","playlists":[],"ascent":[0.267,0.477,0.537],"descent-weeks":8.480446927374297,"ascent-weeks":3.5782122905027935,"peak":0.537,"messages":[],"ranks":{},"unscored":false,"score":4.316999999999998,"duration":3,"genres":["dance"],"role":true,"scoreFactor":1,"totalScore":4.316999999999998,"rank":2},{"title":"Every Time I Close My Eyes","instanceSlug":1869,"tags":[],"genre":"pop","debut":"1997-02","playlists":["ballad"],"scores":[0.15,0.31,0.44,0.47,0.48,0.458,0.43600000000000005,0.3920000000000001,0.32600000000000023,0.23800000000000038,0.12800000000000056,0],"ascent":[0.15,0.31,0.44,0.47,0.48],"descent-weeks":7.681250000000006,"ascent-weeks":5.78125,"peak":0.48,"messages":[],"ranks":{},"unscored":false,"score":0.43080000000000007,"duration":4,"genres":["pop"],"role":"backup","scoreFactor":0.1,"totalScore":4.308000000000001,"rank":3},{"title":"We are the World","instanceSlug":"watw","tags":["#1","#1-hot-100"],"debut":1985,"playlists":["grammy","charity"],"scores":[0.097,0.381,0.521,0.414,0.302,0.194,0.08600000000000002,0],"ascent":[0.097,0.381,0.521],"descent-weeks":4.367562380038388,"ascent-weeks":2.8761996161228405,"peak":0.521,"messages":[],"ranks":{},"unscored":false,"score":0.2516,"duration":2,"role":"backup","scoreFactor":0.1,"totalScore":2.516,"rank":4}],"score":13.273399999999995,"songCount":4,"songAdjustedAverage":6.636699999999998,"rank":563}