{"title":"Sheila E","instanceSlug":"sheila-e","tags":[],"parents":[],"genres":[],"members":[],"xref":[],"complete":false,"origin":"","birth":"","death":"","type":{"title":"Solo Female","artists":[],"artistCount":0,"score":0,"artistAdjustedAverage":0,"slug":"f"},"songs":[{"title":"The Glamorous Life","instanceSlug":440,"tags":["sax"],"genre":"dance","debut":"1984-08","playlists":[],"ascent":[0.145,0.351,0.584,0.786],"descent-weeks":12.22900763358778,"messages":[],"ranks":{},"score":7.881719905361741,"debutScore":0.145,"peakScore":0.786,"scores":[0.145,0.351,0.584,0.786,0.7807441844697873,0.7649767378791492,0.7386976602280856,0.7019069515165967,0.6546046117446824,0.5967906409123426,0.5284650390195774,0.44962780606638675,0.3602789420527707,0.26041844697872935,0.15004632084426245,0.029162563649370286],"duration":4,"genres":["dance"],"role":true,"scoreFactor":1,"rank":1},{"title":"A Love Bizarre","instanceSlug":1740,"tags":[],"genre":"dance","debut":"1986-01","playlists":[],"ascent":[0.267,0.477,0.537],"descent-weeks":8.480446927374297,"messages":[],"ranks":{},"score":4.053764783077378,"debutScore":0.267,"peakScore":0.537,"scores":[0.267,0.477,0.537,0.5295331607013597,0.5071326428054388,0.46979844631223733,0.4175305712217552,0.3503290175339924,0.2681937852489491,0.17112487436662518,0.05912228488702061],"duration":3,"genres":["dance"],"role":true,"scoreFactor":1,"rank":2},{"title":"Every Time I Close My Eyes","instanceSlug":1869,"tags":[],"genre":"pop","debut":"1997-02","playlists":["ballad"],"scores":[0.15,0.31,0.44,0.47,0.48,0.47186462761537856,0.44745851046151425,0.4067816485384071,0.3498340418460571,0.2766156903844642,0.18712659415362842,0.0813667531535498],"ascent":[0.15,0.31,0.44,0.47,0.48],"descent-weeks":7.681250000000006,"messages":[],"ranks":{},"score":0.40710478661530003,"debutScore":0.15,"peakScore":0.48,"duration":3,"genres":["pop"],"role":"backup","scoreFactor":0.1,"rank":3},{"title":"We are the World","instanceSlug":"watw","tags":["#1","#1-hot-100"],"debut":1985,"playlists":["grammy","charity"],"scores":[0.097,0.381,0.521,0.4936876235207505,0.41175049408300207,0.27518861168675474,0.08400197633200827],"ascent":[0.097,0.381,0.521],"descent-weeks":4.367562380038388,"messages":[],"ranks":{},"score":0.22636287056225157,"debutScore":0.097,"peakScore":0.521,"duration":2,"role":"backup","scoreFactor":0.1,"rank":4}],"score":12.568952345616669,"songCount":4,"songAdjustedAverage":6.2844761728083345,"rank":553}