{"title":"Sheppard","instanceSlug":"sheppard","tags":[],"type":{"title":"Mixed Group, Male Lead","artists":[],"artistCount":0,"score":0,"artistAdjustedAverage":0,"slug":"mmf"},"genres":[],"members":[],"xref":[],"complete":false,"active":true,"origin":{"title":"Australia","instanceSlug":"australia","tags":[],"parents":[]},"birth":"","death":"","songs":[{"title":"Geronimo","instanceSlug":2529,"tags":[],"parents":[],"genre":"pop","debut":2015,"playlists":[],"ranks":{},"scores":[0.171,0.3,0.5,0.7,0.78,0.82,0.81,0.7938000000000001,0.7614000000000001,0.7128000000000001,0.6480000000000001,0.5670000000000002,0.46980000000000016,0.35640000000000016,0.22680000000000014,0.08100000000000013,0],"ascent":[0.171,0.3,0.5,0.7,0.78,0.82],"descent-weeks":11.427439024390246,"ascent-weeks":5.9835365853658535,"peak":0.82,"messages":[],"unscored":false,"score":9.518,"duration":5,"genres":["pop"],"role":true,"scoreFactor":1,"totalScore":9.518,"rank":1}],"score":9.518,"songCount":1,"songAdjustedAverage":9.518,"rank":330,"ranks":{"origin:australia":{"rank":4,"total":5}}}