{"title":"Shocking Blue","instanceSlug":"shocking-blue","tags":[],"parents":[],"genres":[],"members":[],"xref":[],"complete":false,"origin":"","birth":"","death":"","type":{"title":"All-Male Group","artists":[],"artistCount":0,"score":0,"artistAdjustedAverage":0,"slug":"mmm"},"songs":[{"title":"Venus","instanceSlug":159,"tags":["1970s","mythology","remade"],"parents":[],"ranks":{},"scores":[0.06200821741159169,0.20830894528861146,0.3129502216570068,0.35561236147633757,0.3574779635603355,0.3446276515977258,0.3317773396351161,0.30607671570989664,0.2675257798220675,0.21612453197162862,0.15187297215858003,0.07477110038292173,0],"ascent":[0.06200821741159169,0.20830894528861146,0.3129502216570068,0.35561236147633757,0.3574779635603355],"descent-weeks":8.602994857718949,"ascent-weeks":5.439598415309378,"peak":0.3574779635603355,"messages":[],"unscored":false,"score":3.346611764232155,"duration":4,"playlists":[],"role":true,"scoreFactor":1,"totalScore":3.346611764232155,"rank":1}],"score":3.346611764232155,"songCount":1,"songAdjustedAverage":3.346611764232155,"rank":1059}