{"title":"Sia","instanceSlug":"sia","tags":[],"parents":[],"genres":[{"instanceSlug":"pop","title":"Pop","parents":[]}],"members":[],"xref":[],"complete":false,"active":true,"origin":"","birth":"","death":"","type":{"title":"Solo Female","artists":[],"artistCount":0,"score":0,"artistAdjustedAverage":0,"slug":"f"},"songs":[{"title":"Wild Ones","instanceSlug":3064,"tags":[],"parents":[],"genre":"pop","debut":2014,"playlists":[],"ranks":{},"scores":[0.075,0.171,0.306,0.402,0.537,0.5345999439252825,0.5273997757011302,0.5153994953275428,0.4985991028045205,0.47699859813206325,0.4505979813101711,0.419397252338844,0.383396411218082,0.34259545794788504,0.29699439252825305,0.24659321495918615,0.1913919252406844,0.1313905233727477,0.06658900935537594],"ascent":[0.075,0.171,0.306,0.402,0.537],"descent-weeks":14.958100558659215,"messages":[],"score":6.572943084161769,"debutScore":0.075,"peakScore":0.537,"duration":5,"genres":["pop"],"role":true,"scoreFactor":1,"rank":1},{"title":"Elastic Heart","instanceSlug":3072,"tags":[],"genre":"pop","debut":"2015-07","playlists":[],"scores":[0.12,0.537,0.864,0.8510619056845892,0.8122476227383567,0.7475571511613026,0.6569904909534271,0.5405476421147298,0.3982286046452108,0.23003337854487035,0.03596196381370828],"ascent":[0.12,0.537,0.864],"descent-weeks":8.171874999999996,"messages":[],"ranks":{},"score":5.793628759656195,"debutScore":0.12,"peakScore":0.864,"duration":3,"genres":["pop"],"role":true,"scoreFactor":1,"rank":2}],"score":12.366571843817963,"songCount":2,"songAdjustedAverage":8.744486810794308,"rank":342,"ranks":{"genre:pop":{"rank":87,"total":129}}}