{"title":"Sia","instanceSlug":"sia","tags":[],"parents":[],"genres":[{"instanceSlug":"pop","title":"Pop","parents":[]}],"members":[],"xref":[],"complete":false,"active":true,"origin":"","birth":"","death":"","type":{"title":"Solo Female","artists":[],"artistCount":0,"score":0,"artistAdjustedAverage":0,"slug":"f"},"songs":[{"title":"Wild Ones","instanceSlug":3064,"tags":[],"parents":[],"genre":"pop","debut":2014,"playlists":[],"ranks":{},"scores":[0.075,0.171,0.306,0.402,0.537,0.513,0.47,0.465,0.455,0.44,0.42,0.395,0.365,0.33,0.29,0.245,0.195,0.14,0.08,0.015,0],"ascent":[0.075,0.171,0.306,0.402,0.537],"descent-weeks":5.689064245810054,"ascent-weeks":4.164804469273744,"peak":0.537,"messages":[],"unscored":false,"score":3.527685,"duration":3,"genres":["pop"],"role":true,"scoreFactor":1,"totalScore":3.527685,"rank":1},{"title":"Elastic Heart","instanceSlug":3072,"tags":[],"genre":"pop","debut":"2015-07","playlists":[],"scores":[0.12,0.537,0.864,0.829,0.7939999999999999,0.7239999999999999,0.6189999999999998,0.47899999999999965,0.3039999999999995,0.0939999999999993,0],"ascent":[0.12,0.537,0.864],"descent-weeks":2.8274687499999978,"ascent-weeks":2.640625,"peak":0.864,"messages":[],"ranks":{},"unscored":false,"score":3.1496219999999986,"duration":2,"genres":["pop"],"role":true,"scoreFactor":1,"totalScore":3.1496219999999986,"rank":2}],"songCount":2,"songAdjustedAverage":4.721569059764401,"collaborators":[{"slug":"flo-rida","title":"Flo Rida","songCount":1,"score":3.527685}],"rank":416,"ranks":{"genre:pop":{"rank":112,"total":130}}}