{"title":"SId Johnson","instanceSlug":"sid-johnson","tags":[null],"parents":[],"genres":[],"members":[],"xref":[],"complete":false,"active":false,"origin":"","birth":"","death":"","songs":[{"title":"Two Occasions","instanceSlug":130,"tags":[],"genre":"soul","debut":"1988-05","scores":[0.3,1,0.9955908989098938,0.9823635956395754,0.9603180901890446,0.9294543825583015,0.8897724727473462,0.8412723607561785,0.7839540465847985,0.7178175302332062,0.6428628117014015,0.5590898909893846,0.4664987680971554,0.3650894430247138,0.25486191577205985,0.1358161863391938,0.007952254726115271],"ascent":[0.3,1],"descent-weeks":15.059999999999999,"messages":[],"ranks":{},"score":10.832714648268366,"debutScore":0.3,"peakScore":1,"duration":4,"genres":["soul"],"playlists":[],"role":"writer","scoreFactor":1,"rank":1},{"title":"We Belong Together","instanceSlug":"aMWp","tags":[],"genre":"pop","debut":2005,"playlists":[],"scores":[0.06,0.21,0.31,0.341,0.3352704276381792,0.31808171055271667,0.2894338487436125,0.24932684221086662,0.19776069095447912,0.13473539497444992,0.060250954270779006],"sample":["130"],"ascent":[0.06,0.21,0.31,0.341],"descent-weeks":7.714647467876064,"messages":[],"ranks":{},"score":0.25058598693450834,"debutScore":0.06,"peakScore":0.341,"duration":3,"genres":["pop"],"role":"sample","scoreFactor":0.1,"rank":2}],"score":11.083300635202875,"songCount":2,"songAdjustedAverage":7.837077037081122,"rank":412,"ranks":{"tag:songwriter":{"rank":4,"total":6}}}