{"title":"SId Johnson","instanceSlug":"sid-johnson","tags":[null],"parents":[],"genres":[],"members":[],"xref":[],"complete":false,"active":false,"origin":"","birth":"","death":"","songs":[{"title":"Two Occasions","instanceSlug":130,"tags":[],"genre":"soul","debut":"1988-05","scores":[0.3,1,0.99,0.97,0.955,0.935,0.91,0.885,0.835,0.7599999999999999,0.6599999999999998,0.5349999999999997,0.38499999999999956,0.2099999999999994,0.009999999999999232,0],"ascent":[0.3,1],"descent-weeks":15.059999999999999,"ascent-weeks":1.9500000000000002,"peak":1,"messages":[],"ranks":{},"unscored":false,"score":11.339999999999998,"duration":4,"genres":["soul"],"playlists":[],"role":"writer","scoreFactor":1,"totalScore":11.339999999999998,"rank":1},{"title":"We Belong Together","instanceSlug":"aMWp","tags":[],"genre":"pop","debut":2005,"playlists":[],"scores":[0.06,0.21,0.31,0.341,0.33869552436382544,0.316211,0.28,0.24378900000000003,0.17136700000000005,0.06273400000000007,0],"sample":["130"],"ascent":[0.06,0.21,0.31,0.341],"descent-weeks":7.714647467876064,"ascent-weeks":4.051319648093841,"peak":0.341,"messages":[],"ranks":{},"unscored":false,"score":0.2674796524363825,"duration":3,"genres":["pop"],"role":"sample","scoreFactor":0.1,"totalScore":2.674796524363825,"rank":2}],"score":11.60747965243638,"songCount":2,"songAdjustedAverage":8.207727574722634,"rank":425,"ranks":{"tag:songwriter":{"rank":4,"total":7}}}