{"title":"Sister Sledge","instanceSlug":"sister-sledge","tags":[],"parents":[],"genres":[],"members":[],"xref":[],"complete":false,"origin":"","birth":"","death":"","songs":[{"title":"He's the Greatest Dancer","instanceSlug":1548,"tags":["dancer","greatest","he's"],"parents":[],"genre":"disco","debut":1979,"playlists":[],"ranks":{},"scores":[0.1411,0.361,0.5131,0.61,0.5949,0.5884,0.5744,0.5571,0.53851,0.51515,0.49178999999999995,0.44506999999999985,0.3749899999999997,0.2815499999999995,0.16474999999999929,0.024589999999999,0],"ascent":[0.1411,0.361,0.5131,0.61],"descent-weeks":14.166885245901629,"ascent-weeks":3.996393442622951,"peak":0.61,"messages":[],"unscored":false,"score":7.386399999999994,"duration":5,"genres":["disco"],"role":true,"scoreFactor":1,"totalScore":7.386399999999994,"rank":1},{"title":"Gettin' Jiggy Wit It","instanceSlug":2931,"tags":["#1","#1-hot-100"],"genre":"rap","debut":"1998-03","playlists":[],"scores":[0.1624527753561,0.6481,0.732164122551,0.7334777898158178,0.6921,0.635378692378454,0.6147481,0.568422428441,0.5511892451,0.52846771111961,0.51,0.49153228888039,0.45459686664117005,0.3991937332823401,0.32532288880390015,0.2329843332058502,0.1221780664881903,0],"ascent":[0.1624527753561,0.6481,0.732164122551,0.7334777898158178],"descent-weeks":14.02822056659525,"ascent-weeks":4.654935812632764,"peak":0.7334777898158178,"messages":[],"ranks":{},"unscored":false,"score":0.9135786831879641,"duration":5,"genres":["rap"],"role":"sample","scoreFactor":0.1,"totalScore":9.13578683187964,"rank":2}],"score":8.299978683187957,"songCount":2,"songAdjustedAverage":5.868971210585995,"rank":666}