{"title":"Sister Sledge","instanceSlug":"sister-sledge","tags":[],"parents":[],"genres":[],"members":[],"xref":[],"complete":false,"origin":"","birth":"","death":"","songs":[{"title":"He's the Greatest Dancer","instanceSlug":1548,"tags":["dancer","greatest","he's"],"parents":[],"genre":"disco","debut":1979,"playlists":[],"ranks":{},"scores":[0.1411,0.361,0.5131,0.61,0.6069606474230278,0.5978425896921112,0.5826458268072502,0.5613703587684448,0.534016185575695,0.5005833072290008,0.46107172372836225,0.41548143507377927,0.36381244126525186,0.30606474230278014,0.24223833818636395,0.1723332289160033,0.09634941449169844,0.014286894913448945],"ascent":[0.1411,0.361,0.5131,0.61],"descent-weeks":14.166885245901629,"messages":[],"score":7.080257134373219,"debutScore":0.1411,"peakScore":0.61,"duration":4,"genres":["disco"],"role":true,"scoreFactor":1,"rank":1},{"title":"Gettin' Jiggy Wit It","instanceSlug":2931,"tags":["#1","#1-hot-100"],"genre":"rap","debut":"1998-03","playlists":[],"scores":[0.1624527753561,0.6481,0.732164122551,0.7334777898158178,0.7297505975499656,0.7185690207524089,0.6999330594231478,0.6738427135621823,0.6402979831695124,0.5992988682451379,0.5508453687890591,0.4949374848012758,0.431575216281788,0.36075856323059585,0.2824875256476993,0.19676210353309828,0.10358229688679288,0.002948105708782914],"ascent":[0.1624527753561,0.6481,0.732164122551,0.7334777898158178],"descent-weeks":14.02822056659525,"messages":[],"ranks":{},"score":0.8761783595304365,"debutScore":0.1624527753561,"peakScore":0.7334777898158178,"duration":4,"genres":["rap"],"role":"sample","scoreFactor":0.1,"rank":2}],"score":7.956435493903656,"songCount":2,"songAdjustedAverage":5.626049491812612,"rank":644}