{"title":"Skid Row","instanceSlug":"skid-row","tags":[],"parents":[],"genres":[],"members":[],"xref":[],"complete":false,"origin":"","birth":"","death":"","type":{"title":"All-Male Group","artists":[],"artistCount":0,"score":0,"artistAdjustedAverage":0,"slug":"mmm"},"songs":[{"title":"I Remember You","instanceSlug":1346,"tags":[],"genre":"metal","debut":"1990-02","playlists":[],"scores":[0.12,0.267,0.346,0.376,0.4,0.39603970198757454,0.3841588079502983,0.3643573178881711,0.3366352318011931,0.3009925496893641,0.2574292715526843,0.2059453973911537,0.14654092720477216,0.07921586099353967,0.00397019875745639],"ascent":[0.12,0.267,0.346,0.376,0.4],"descent-weeks":10.049999999999999,"messages":[],"ranks":{},"score":3.984285265216207,"debutScore":0.12,"peakScore":0.4,"duration":4,"genres":["metal"],"role":true,"scoreFactor":1,"rank":1},{"title":"18 and Life","instanceSlug":1347,"debut":"1989","tags":["life","prison","drugs"],"genres":["metal"],"playlists":[],"ranks":{},"scores":[0.036,0.097,0.145,0.12899942791837077,0.08099771167348313,0.0009948512653370266],"ascent":[0.036,0.097,0.145],"descent-weeks":3.0103448275862075,"messages":[],"score":0.488991990857191,"debutScore":0.036,"peakScore":0.145,"duration":2,"role":true,"scoreFactor":1,"rank":2}],"score":4.473277256073398,"songCount":2,"songAdjustedAverage":3.163084681897052,"rank":1051}