{"title":"Skid Row","instanceSlug":"skid-row","tags":[],"parents":[],"genres":[],"members":[],"xref":[],"complete":false,"origin":"","birth":"","death":"","type":{"title":"All-Male Group","artists":[],"artistCount":0,"score":0,"artistAdjustedAverage":0,"slug":"mmm"},"songs":[{"title":"I Remember You","instanceSlug":1346,"tags":[],"genre":"metal","debut":"1990-02","playlists":[],"scores":[0.12,0.267,0.346,0.376,0.4,0.392,0.376,0.352,0.31999999999999995,0.27999999999999997,0.23199999999999998,0.176,0.11199999999999999,0.03999999999999998,0],"ascent":[0.12,0.267,0.346,0.376,0.4],"descent-weeks":2.3388583333333326,"ascent-weeks":5.658749999999999,"peak":0.4,"messages":[],"ranks":{},"unscored":false,"score":2.132695555555555,"duration":2,"genres":["metal"],"role":true,"scoreFactor":1,"totalScore":2.132695555555555,"rank":1},{"title":"18 and Life","instanceSlug":1347,"debut":"1989","tags":["life","prison","drugs"],"genres":["metal"],"playlists":[],"ranks":{},"scores":[0.036,0.097,0.145,0.097,0.049000000000000016,0],"ascent":[0.036,0.097,0.145],"descent-weeks":0.09516034482758623,"ascent-weeks":2.875862068965518,"peak":0.145,"messages":[],"unscored":false,"score":0.28719883333333335,"duration":1,"role":true,"scoreFactor":1,"totalScore":0.28719883333333335,"rank":2}],"songCount":2,"songAdjustedAverage":1.7111237321386092,"collaborators":[],"rank":1046}