{"title":"Smashmouth","instanceSlug":"smashmouth","tags":[],"parents":[],"genres":[],"members":[],"xref":[],"complete":false,"origin":"","birth":"","death":"","type":{"title":"All-Male Group","artists":[],"artistCount":0,"score":0,"artistAdjustedAverage":0,"slug":"mmm"},"songs":[{"title":"When the Morning Comes","instanceSlug":673,"tags":[],"parents":[],"genre":"pop","debut":"1999-11","playlists":[],"ranks":{},"scores":[0.122,0.315,0.506,0.694,0.737,0.7274310906335324,0.6987243625341293,0.650879815701791,0.5838974501365172,0.49777726583830806,0.39251926280716365,0.26812344104308383,0.12458980054606875],"ascent":[0.122,0.315,0.506,0.694,0.737],"descent-weeks":8.776119402985074,"messages":[],"score":6.317942489240594,"debutScore":0.122,"peakScore":0.737,"duration":3,"genres":["pop"],"role":true,"scoreFactor":1,"rank":1},{"title":"All-Star","instanceSlug":570,"tags":[],"genres":["rock"],"debut":"1999-08","playlists":[],"scores":[0.122,0.315,0.506,0.694,0.737,0.721572889782031,0.6752915591281242,0.5981560080382795,0.4901662365124968,0.35132224455077626,0.18162403215311787],"ascent":[0.122,0.315,0.506,0.694,0.737],"descent-weeks":6.9118046132971465,"messages":[],"ranks":{},"score":5.392132970164826,"debutScore":0.122,"peakScore":0.737,"duration":3,"role":true,"scoreFactor":1,"rank":2}],"score":11.71007545940542,"songCount":2,"songAdjustedAverage":8.280273765551748,"rank":375}