{"title":"Smashmouth","instanceSlug":"smashmouth","tags":[],"parents":[],"genres":[],"members":[],"xref":[],"complete":false,"origin":"","birth":"","death":"","type":{"title":"All-Male Group","artists":[],"artistCount":0,"score":0,"artistAdjustedAverage":0,"slug":"mmm"},"songs":[{"title":"When the Morning Comes","instanceSlug":673,"tags":[],"parents":[],"genre":"pop","debut":"1999-11","playlists":[],"ranks":{},"scores":[0.122,0.315,0.506,0.694,0.737,0.694,0.656,0.622,0.546,0.463,0.38,0.21399999999999997,0],"ascent":[0.122,0.315,0.506,0.694,0.737],"descent-weeks":8.776119402985074,"ascent-weeks":4.831750339213026,"peak":0.737,"messages":[],"unscored":false,"score":6.686,"duration":4,"genres":["pop"],"role":true,"scoreFactor":1,"totalScore":6.686,"rank":1},{"title":"All-Star","instanceSlug":570,"tags":[],"genres":["rock"],"debut":"1999-08","playlists":[],"scores":[0.122,0.315,0.506,0.694,0.737,0.694,0.6509999999999999,0.5649999999999998,0.4359999999999997,0.26399999999999957,0.04899999999999938,0],"ascent":[0.122,0.315,0.506,0.694,0.737],"descent-weeks":6.9118046132971465,"ascent-weeks":4.831750339213026,"peak":0.737,"messages":[],"ranks":{},"unscored":false,"score":5.769999999999998,"duration":3,"role":true,"scoreFactor":1,"totalScore":5.769999999999998,"rank":2}],"score":12.455999999999998,"songCount":2,"songAdjustedAverage":8.807722066459634,"rank":376}