{"title":"Snap!","instanceSlug":"snap","tags":[],"parents":[],"genres":[{"instanceSlug":"techno-dance","title":"Techno-Dance","parents":["dance"]}],"members":[],"xref":[],"complete":true,"origin":{"title":"Pittsburgh","instanceSlug":"pittsburgh","tags":[],"parents":["pennsylvania"]},"birth":"","death":"","type":{"title":"Mixed Duo, Male Lead","artists":[],"artistCount":0,"score":0,"artistAdjustedAverage":0,"slug":"mf"},"songs":[{"title":"The Power","instanceSlug":2936,"tags":[],"parents":[],"genre":"techno-dance","debut":"1990-06","playlists":["summer"],"ranks":{},"scores":[0.055,0.323,0.431,0.47,0.4664355811010783,0.45574232440431345,0.43792022990970525,0.41296929761725376,0.38088952752695904,0.341680919638821,0.2953434739528398,0.24187719046901515,0.1812820691873474,0.11355811010783627,0.03870531323048181],"ascent":[0.055,0.323,0.431,0.47],"descent-weeks":11.482978723404257,"messages":[],"score":4.645404037145651,"debutScore":0.055,"peakScore":0.47,"duration":4,"genres":["techno-dance"],"role":true,"scoreFactor":1,"rank":1},{"title":"Ooops Up","instanceSlug":2937,"tags":[],"parents":[],"genre":"dance","debut":"1990-10","playlists":[],"ranks":{},"scores":[0.055,0.323,0.431,0.47,0.4664355811010783,0.45574232440431345,0.43792022990970525,0.41296929761725376,0.38088952752695904,0.341680919638821,0.2953434739528398,0.24187719046901515,0.1812820691873474,0.11355811010783627,0.03870531323048181],"ascent":[0.055,0.323,0.431,0.47],"descent-weeks":11.482978723404257,"messages":[],"score":4.645404037145651,"debutScore":0.055,"peakScore":0.47,"duration":4,"genres":["dance"],"role":true,"scoreFactor":1,"rank":2},{"title":"Rhythm is a Dancer","instanceSlug":873,"tags":[],"parents":[],"genre":"dance","debut":"1992-10","playlists":[],"ranks":{},"scores":[0.055,0.323,0.431,0.47,0.4562962660482873,0.4151850641931495,0.3466663944345863,0.2507402567725979,0.1274066512071843],"ascent":[0.055,0.323,0.431,0.47],"descent-weeks":5.8563829787234045,"messages":[],"score":2.8752946326558053,"debutScore":0.055,"peakScore":0.47,"duration":3,"genres":["dance"],"role":true,"scoreFactor":1,"rank":3}],"score":12.166102706947107,"songCount":3,"songAdjustedAverage":7.024102672844547,"rank":472,"ranks":{"genre:techno-dance":{"rank":3,"total":5},"origin:pittsburgh":{"rank":2,"total":2}}}