{"title":"Snow","instanceSlug":"snow","tags":[],"parents":[],"genres":[{"instanceSlug":"reggae","title":"Reggae","parents":[]}],"members":[],"xref":[],"complete":true,"origin":{"title":"Toronto","instanceSlug":"toronto","tags":[],"parents":["ontario"]},"birth":1969,"death":"","type":{"title":"Solo Male","artists":[],"artistCount":0,"score":0,"artistAdjustedAverage":0,"slug":"m"},"songs":[{"title":"Informer","instanceSlug":2940,"tags":["#1","#1-hot-100"],"parents":[],"genre":"rap","debut":"1993-02","playlists":[],"ranks":{},"scores":[0.06200821741159169,0.20830894528861146,0.3129502216570068,0.35561236147633757,0.3574779635603355,0.3446276515977258,0.32891805429767385,0.31523776166182677,0.30042162719800025,0.2833026661554992,0.2643212410031802,0.24289242606706696,0.21959493334585015,0.19466120793610409,0.1685894531254616,0.14210166436832847,0.11600004299049087,0.09098520352380506,0.06767556150528035,0.04664449376949029,0.029256418423981474,0.01618867931401627,0.0031209402040510634,0],"ascent":[0.06200821741159169,0.20830894528861146,0.3129502216570068,0.35561236147633757,0.3574779635603355],"descent-weeks":14.820569447990732,"ascent-weeks":5.439598415309378,"peak":0.3574779635603355,"messages":[],"unscored":false,"score":4.828375699442051,"duration":5,"genres":["rap"],"role":true,"scoreFactor":1,"totalScore":4.828375699442051,"rank":1},{"title":"Girl, I've Been Hurt","instanceSlug":2941,"tags":[],"parents":[],"genre":"pop","debut":"1993-06","playlists":["summer"],"ranks":{},"scores":[0.06200821741159169,0.20830894528861146,0.3129502216570068,0.35561236147633757,0.3574779635603355,0.3446276515977258,0.32891805429767385,0.31523776166182677,0.30042162719800025,0.2833026661554992,0.2643212410031802,0.24289242606706696,0.21959493334585015,0.19466120793610409,0.1685894531254616,0.14210166436832847,0.11600004299049087,0.09098520352380506,0.06767556150528035,0.04664449376949029,0.029256418423981474,0.01618867931401627,0.0031209402040510634,0],"ascent":[0.06200821741159169,0.20830894528861146,0.3129502216570068,0.35561236147633757,0.3574779635603355],"descent-weeks":14.820569447990732,"ascent-weeks":5.439598415309378,"peak":0.3574779635603355,"messages":[],"unscored":false,"score":4.828375699442051,"duration":5,"genres":["pop"],"role":true,"scoreFactor":1,"totalScore":4.828375699442051,"rank":2}],"score":9.656751398884102,"songCount":2,"songAdjustedAverage":6.8283543983836275,"rank":534,"ranks":{"genre:reggae":{"rank":2,"total":4},"origin:toronto":{"rank":2,"total":2}}}