{"title":"Snow","instanceSlug":"snow","tags":[],"parents":[],"genres":[{"instanceSlug":"reggae","title":"Reggae","parents":[]}],"members":[],"xref":[],"complete":true,"origin":{"title":"Toronto","instanceSlug":"toronto","tags":[],"parents":["ontario"]},"birth":1969,"death":"","type":{"title":"Solo Male","artists":[],"artistCount":0,"score":0,"artistAdjustedAverage":0,"slug":"m"},"songs":[{"title":"Informer","instanceSlug":2940,"tags":["#1","#1-hot-100"],"parents":[],"genre":"rap","debut":"1993-02","playlists":[],"ranks":{},"scores":[0.06200821741159169,0.20830894528861146,0.3129502216570068,0.35561236147633757,0.3574779635603355,0.3558504691948907,0.3509679860985563,0.34283051427133227,0.33143805371321866,0.31679060442421547,0.29888816640432264,0.27773073965354017,0.25331832417186817,0.22565091995930653,0.19472852701585525,0.1605511453415144,0.12311877493628393,0.08243141580016386,0.03848906793315418],"ascent":[0.06200821741159169,0.20830894528861146,0.3129502216570068,0.35561236147633757,0.3574779635603355],"descent-weeks":14.820569447990732,"messages":[],"score":4.649142418312106,"debutScore":0.06200821741159169,"peakScore":0.3574779635603355,"duration":5,"genres":["rap"],"role":true,"scoreFactor":1,"rank":1},{"title":"Girl, I've Been Hurt","instanceSlug":2941,"tags":[],"parents":[],"genre":"pop","debut":"1993-06","playlists":["summer"],"ranks":{},"scores":[0.06200821741159169,0.20830894528861146,0.3129502216570068,0.35561236147633757,0.3574779635603355,0.3558504691948907,0.3509679860985563,0.34283051427133227,0.33143805371321866,0.31679060442421547,0.29888816640432264,0.27773073965354017,0.25331832417186817,0.22565091995930653,0.19472852701585525,0.1605511453415144,0.12311877493628393,0.08243141580016386,0.03848906793315418],"ascent":[0.06200821741159169,0.20830894528861146,0.3129502216570068,0.35561236147633757,0.3574779635603355],"descent-weeks":14.820569447990732,"messages":[],"score":4.649142418312106,"debutScore":0.06200821741159169,"peakScore":0.3574779635603355,"duration":5,"genres":["pop"],"role":true,"scoreFactor":1,"rank":2}],"score":9.298284836624212,"songCount":2,"songAdjustedAverage":6.574880261381029,"rank":514,"ranks":{"genre:reggae":{"rank":2,"total":4},"origin:toronto":{"rank":2,"total":2}}}