{"title":"Soft Cell","instanceSlug":"soft-cell","tags":[],"parents":[],"genres":[],"members":[],"xref":[],"complete":false,"origin":"","birth":"","death":"","type":{"title":"All-Male Group","artists":[],"artistCount":0,"score":0,"artistAdjustedAverage":0,"slug":"mmm"},"songs":[{"title":"Tainted Love","instanceSlug":2532,"tags":[],"parents":[],"genre":"electro-pop","debut":"1982-06","playlists":[],"ranks":{},"scores":[0.14285714285714285,0.291,0.5384615384615384,0.6261,0.6393442622951,0.6261,0.619433198381,0.61,0.5978,0.5734,0.5368,0.48800000000000004,0.42700000000000005,0.35380000000000006,0.2684000000000001,0.17080000000000006,0.061000000000000054,0],"ascent":[0.14285714285714285,0.291,0.5384615384615384,0.6261,0.6393442622951],"descent-weeks":14.010943273124301,"ascent-weeks":5.250136136939877,"peak":0.6393442622951,"messages":[],"unscored":false,"score":8.20964040428988,"duration":5,"genres":["electro-pop"],"role":true,"scoreFactor":1,"totalScore":8.20964040428988,"rank":1},{"title":"Where Did Our Love Go","instanceSlug":"Q4yP","tags":[],"parents":[],"debut":"1982-06","playlists":[],"remake":"xMyx","scores":[0.11,0.227115289461,0.44846796657381616,0.53611,0.5499936475671,0.53611,0.52931,0.516,0.5026900000000001,0.4760700000000002,0.4361400000000004,0.3829000000000007,0.316350000000001,0.23649000000000142,0.1433200000000019,0.036840000000002426,0],"ascent":[0.11,0.227115289461,0.44846796657381616,0.53611,0.5499936475671],"descent-weeks":12.71527498960334,"ascent-weeks":5.104659604382706,"peak":0.5499936475671,"messages":[],"ranks":{},"unscored":false,"score":6.533900551169024,"duration":5,"role":true,"scoreFactor":1,"totalScore":6.533900551169024,"rank":2},{"title":"SOS","instanceSlug":2710,"tags":["#1","#1-hot-100"],"sample":true,"genre":"dance-pop","debut":2006,"playlists":[],"scores":[0.23,0.43,0.68,0.75,0.76,0.73,0.7,0.6399999999999999,0.5499999999999998,0.4299999999999997,0.2799999999999996,0.09999999999999942,0],"ascent":[0.23,0.43,0.68,0.75,0.76],"descent-weeks":8.26973684210526,"ascent-weeks":5.624999999999999,"peak":0.76,"messages":[],"ranks":{},"unscored":false,"score":0.7039999999999997,"duration":4,"genres":["dance-pop"],"role":"sample","scoreFactor":0.1,"totalScore":7.039999999999997,"rank":3}],"score":15.447540955458905,"songCount":3,"songAdjustedAverage":8.918641928951969,"rank":362}