{"title":"Soft Cell","instanceSlug":"soft-cell","tags":[],"parents":[],"genres":[],"members":[],"xref":[],"complete":false,"origin":"","birth":"","death":"","type":{"title":"All-Male Group","artists":[],"artistCount":0,"score":0,"artistAdjustedAverage":0,"slug":"mmm"},"songs":[{"title":"Tainted Love","instanceSlug":2532,"tags":[],"parents":[],"genre":"electro-pop","debut":"1982-06","playlists":[],"ranks":{},"scores":[0.14285714285714285,0.291,0.5384615384615384,0.6261,0.6393442622951,0.6360873953038355,0.6263167943300422,0.6100324593737197,0.5872343904348684,0.5579225875134881,0.5220970506095789,0.4797577797231407,0.43090477485417356,0.3755380360026775,0.3136575631686525,0.24526335635209848,0.1703554155530155,0.08893374077140363,0.0009983320072627848],"ascent":[0.14285714285714285,0.291,0.5384615384615384,0.6261,0.6393442622951],"descent-weeks":14.010943273124301,"messages":[],"score":7.882862619611738,"debutScore":0.14285714285714285,"peakScore":0.6393442622951,"duration":5,"genres":["electro-pop"],"role":true,"scoreFactor":1,"rank":1},{"title":"Where Did Our Love Go","instanceSlug":"Q4yP","tags":[],"parents":[],"debut":"1982-06","playlists":[],"remake":"xMyx","scores":[0.11,0.227115289461,0.44846796657381616,0.53611,0.5499936475671,0.5465918680685233,0.5363865295727935,0.5193776320799104,0.4955651755898741,0.4649491601026845,0.4275295856183417,0.38330645213684567,0.33227975965819634,0.27444950818239383,0.209815697709438,0.13837832823932897,0.06013739977206676],"ascent":[0.11,0.227115289461,0.44846796657381616,0.53611,0.5499936475671],"descent-weeks":12.71527498960334,"messages":[],"ranks":{},"score":6.260454000332314,"debutScore":0.11,"peakScore":0.5499936475671,"duration":4,"role":true,"scoreFactor":1,"rank":2},{"title":"SOS","instanceSlug":2710,"tags":["#1","#1-hot-100"],"sample":true,"genre":"dance-pop","debut":2006,"playlists":[],"scores":[0.23,0.43,0.68,0.75,0.76,0.7488870281871005,0.7155481127484021,0.6599832536839046,0.5821924509936084,0.4821757046775129,0.3599330147356187,0.21546438116792552,0.04876980397443324],"ascent":[0.23,0.43,0.68,0.75,0.76],"descent-weeks":8.26973684210526,"messages":[],"ranks":{},"score":0.6662953750168505,"debutScore":0.23,"peakScore":0.76,"duration":3,"genres":["dance-pop"],"role":"sample","scoreFactor":0.1,"rank":3}],"score":14.809611994960903,"songCount":3,"songAdjustedAverage":8.550333471884588,"rank":352}