{"title":"Sophie B. Hawkins","instanceSlug":"sophie-b-hawkins","tags":[],"parents":[],"genres":[],"members":[],"xref":[],"complete":false,"origin":"","birth":"","death":"","type":{"title":"Solo Female","artists":[],"artistCount":0,"score":0,"artistAdjustedAverage":0,"slug":"f"},"songs":[{"title":"As I Lay Me","instanceSlug":1425,"tags":["as","i","lay","me"],"parents":[],"genre":"adult-contemporary","debut":"1995-09","playlists":[],"ranks":{},"scores":[0.055,0.2,0.351,0.463,0.537,0.513,0.484,0.456,0.425,0.391,0.351,0.346,0.336,0.321,0.301,0.276,0.246,0.211,0.171,0.126,0.076,0.021,0],"ascent":[0.055,0.2,0.351,0.463,0.537],"descent-weeks":15.608938547486035,"ascent-weeks":4.486033519553072,"peak":0.537,"messages":[],"unscored":false,"score":7.194000000000001,"duration":5,"genres":["adult-contemporary"],"role":true,"scoreFactor":1,"totalScore":7.194000000000001,"rank":1},{"title":"Damn, I Wish I Was Your Lover","instanceSlug":1072,"tags":["damn","i","","lover","wish","your"],"parents":[],"genre":"pop","debut":"1991-11","playlists":[],"ranks":{},"scores":[0.055,0.2,0.351,0.463,0.537,0.513,0.484,0.456,0.425,0.391,0.351,0.31099999999999994,0.23099999999999987,0.11099999999999977,0],"ascent":[0.055,0.2,0.351,0.463,0.537],"descent-weeks":10.642458100558658,"ascent-weeks":4.486033519553072,"peak":0.537,"messages":[],"unscored":false,"score":5.415999999999999,"duration":4,"genres":["pop"],"role":true,"scoreFactor":1,"totalScore":5.415999999999999,"rank":2}],"score":12.61,"songCount":2,"songAdjustedAverage":8.916616510762363,"rank":363}