{"title":"Sophie B. Hawkins","instanceSlug":"sophie-b-hawkins","tags":[],"parents":[],"genres":[],"members":[],"xref":[],"complete":false,"origin":"","birth":"","death":"","type":{"title":"Solo Female","artists":[],"artistCount":0,"score":0,"artistAdjustedAverage":0,"slug":"f"},"songs":[{"title":"As I Lay Me","instanceSlug":1425,"tags":["as","i","lay","me"],"parents":[],"genre":"adult-contemporary","debut":"1995-09","playlists":[],"ranks":{},"scores":[0.055,0.2,0.351,0.463,0.537,0.5347959190339868,0.5281836761359473,0.5171632713058815,0.5017347045437893,0.48189797584967076,0.4576530852235259,0.42900003266535464,0.3959388181751571,0.35846944175293316,0.3165919033986829,0.2703062031124063,0.2196123408941034,0.16451031674377412,0.10500013066141844,0.04108178264703646],"ascent":[0.055,0.2,0.351,0.463,0.537],"descent-weeks":15.608938547486035,"messages":[],"score":6.927939602143668,"debutScore":0.055,"peakScore":0.537,"duration":5,"genres":["adult-contemporary"],"role":true,"scoreFactor":1,"rank":1},{"title":"Damn, I Wish I Was Your Lover","instanceSlug":1072,"tags":["damn","i","","lover","wish","your"],"parents":[],"genre":"pop","debut":"1991-11","playlists":[],"ranks":{},"scores":[0.055,0.2,0.351,0.463,0.537,0.5322587769442205,0.5180351077768822,0.494328992497985,0.4611404311075289,0.41846942360551387,0.36631596999194,0.3046800702668072,0.23356172443011544,0.15296093248186485,0.06287769442205546],"ascent":[0.055,0.2,0.351,0.463,0.537],"descent-weeks":10.642458100558658,"messages":[],"score":5.150629123524914,"debutScore":0.055,"peakScore":0.537,"duration":4,"genres":["pop"],"role":true,"scoreFactor":1,"rank":2}],"score":12.078568725668582,"songCount":2,"songAdjustedAverage":8.540837852948009,"rank":353}