{"title":"Soul II Soul","instanceSlug":"soul-ii-soul","tags":[],"parents":[],"genres":[{"instanceSlug":"urban","title":"Urban / R&B","parents":[]}],"members":[],"xref":[],"complete":true,"origin":{"title":"London","instanceSlug":"london","tags":[],"parents":["england"]},"birth":"","death":"","type":{"title":"Mixed Duo, Female Lead","artists":[],"artistCount":0,"score":0,"artistAdjustedAverage":0,"slug":"fm"},"songs":[{"title":"Back to Life","instanceSlug":171,"tags":["#1","#1-r&b"],"parents":[],"genre":"urban","debut":"1989-10","ranks":{},"scores":[0.086,0.306,0.537,0.633,0.607,0.563,0.5189999999999999,0.4309999999999998,0.2989999999999997,0.12299999999999955,0],"ascent":[0.086,0.306,0.537,0.633],"descent-weeks":7.523696682464452,"ascent-weeks":3.701421800947867,"peak":0.633,"messages":[],"unscored":false,"score":4.736999999999999,"duration":3,"genres":["urban"],"playlists":[],"role":true,"scoreFactor":1,"totalScore":4.736999999999999,"rank":1},{"title":"Keep On Moving","instanceSlug":522,"tags":["#1","#1-r&b"],"parents":[],"genre":"urban","debut":"1989-08","playlists":[],"ranks":{},"scores":[0.036,0.2,0.306,0.391,0.437,0.463,0.427,0.39099999999999996,0.3189999999999999,0.2109999999999998,0.06699999999999967,0],"ascent":[0.036,0.2,0.306,0.391,0.437,0.463],"descent-weeks":6.084233261339091,"ascent-weeks":5.938444924406048,"peak":0.463,"messages":[],"unscored":false,"score":3.7109999999999994,"duration":3,"genres":["urban"],"role":true,"scoreFactor":1,"totalScore":3.7109999999999994,"rank":2}],"score":8.447999999999999,"songCount":2,"songAdjustedAverage":5.973638087463952,"rank":655,"ranks":{"genre:urban":{"rank":69,"total":96},"origin:london":{"rank":16,"total":18}}}