{"title":"Soul II Soul","instanceSlug":"soul-ii-soul","tags":[],"parents":[],"genres":[{"instanceSlug":"urban","title":"Urban / R&B","parents":[]}],"members":[],"xref":[],"complete":true,"origin":{"title":"London","instanceSlug":"london","tags":[],"parents":["england"]},"birth":"","death":"","type":{"title":"Mixed Duo, Female Lead","artists":[],"artistCount":0,"score":0,"artistAdjustedAverage":0,"slug":"fm"},"songs":[{"title":"Back to Life","instanceSlug":171,"tags":["#1","#1-r&b"],"parents":[],"genre":"urban","debut":"1989-10","ranks":{},"scores":[0.086,0.306,0.537,0.633,0.607,0.563,0.5189999999999999,0.4309999999999998,0.2989999999999997,0.12299999999999955,0],"ascent":[0.086,0.306,0.537,0.633],"descent-weeks":1.9799861769352278,"ascent-weeks":3.701421800947867,"peak":0.633,"messages":[],"unscored":false,"score":2.3975541666666658,"duration":2,"genres":["urban"],"playlists":[],"role":true,"scoreFactor":1,"totalScore":2.3975541666666658,"rank":1},{"title":"Keep On Moving","instanceSlug":522,"tags":["#1","#1-r&b"],"parents":[],"genre":"urban","debut":"1989-08","playlists":[],"ranks":{},"scores":[0.036,0.2,0.306,0.391,0.437,0.463,0.427,0.39099999999999996,0.3189999999999999,0.2109999999999998,0.06699999999999967,0],"ascent":[0.036,0.2,0.306,0.391,0.437,0.463],"descent-weeks":1.2543660907127425,"ascent-weeks":5.938444924406048,"peak":0.463,"messages":[],"unscored":false,"score":2.2201809999999997,"duration":2,"genres":["urban"],"role":true,"scoreFactor":1,"totalScore":2.2201809999999997,"rank":2}],"songCount":2,"songAdjustedAverage":3.2652318500735915,"collaborators":[],"rank":628,"ranks":{"genre:urban":{"rank":81,"total":96},"origin:london":{"rank":14,"total":18}}}