{"title":"Spin Doctors","instanceSlug":"spin-doctors","tags":[],"parents":[],"genres":[{"instanceSlug":"rock","title":"Rock","parents":[]}],"members":[],"xref":[],"complete":true,"origin":{"title":"New York","instanceSlug":"new-york","tags":[],"parents":["us"]},"birth":"","death":"","type":{"title":"All-Male Group","artists":[],"artistCount":0,"score":0,"artistAdjustedAverage":0,"slug":"mmm"},"songs":[{"title":"Jimmy Olsen Blues","instanceSlug":1195,"tags":["blues","superman"],"parents":[],"genre":"rock","debut":"1993-11","playlists":[],"scores":[0.3,0.513,0.683,0.722,0.75,0.77,0.76,0.7448,0.7144,0.6688000000000001,0.6080000000000001,0.5320000000000001,0.44080000000000014,0.33440000000000014,0.21280000000000013,0.07600000000000012,0],"ascent":[0.3,0.513,0.683,0.722,0.75,0.77],"descent-weeks":11.419480519480523,"ascent-weeks":7.281818181818182,"peak":0.77,"messages":[],"ranks":{},"unscored":false,"score":9.600000000000001,"duration":5,"genres":["rock"],"role":true,"scoreFactor":1,"totalScore":9.600000000000001,"rank":1},{"title":"Two Princes","instanceSlug":2659,"tags":[],"genre":"rock","debut":"1993-03","playlists":[],"scores":[0.1,0.3075,0.4875,0.5855,0.637,0.6385,0.631,0.604,0.577,0.5229999999999999,0.44199999999999984,0.33399999999999974,0.19899999999999962,0.03699999999999948,0],"ascent":[0.1,0.3075,0.4875,0.5855,0.637,0.6385],"descent-weeks":9.362960062646824,"ascent-weeks":6.474549725920126,"peak":0.6385,"messages":[],"ranks":{},"unscored":false,"score":6.7414999999999985,"duration":4,"genres":["rock"],"role":true,"scoreFactor":1,"totalScore":6.7414999999999985,"rank":2},{"title":"Little Miss Can't Be Wrong","instanceSlug":1061,"tags":[],"genre":"rock","debut":"1992-11","playlists":[],"scores":[0.2,0.4,0.5,0.6,0.65,0.63,0.61,0.57,0.5099999999999999,0.4299999999999998,0.32999999999999974,0.20999999999999963,0.06999999999999951,0],"ascent":[0.2,0.4,0.5,0.6,0.65],"descent-weeks":9.25384615384615,"ascent-weeks":5.423076923076923,"peak":0.65,"messages":[],"ranks":{},"unscored":false,"score":6.3599999999999985,"duration":4,"genres":["rock"],"role":true,"scoreFactor":1,"totalScore":6.3599999999999985,"rank":3}],"score":22.7015,"songCount":3,"songAdjustedAverage":13.106717136008289,"rank":160,"ranks":{"genre:rock":{"rank":45,"total":98},"origin:new-york":{"rank":3,"total":11}}}