{"title":"Spin Doctors","instanceSlug":"spin-doctors","tags":[],"parents":[],"genres":[{"instanceSlug":"rock","title":"Rock","parents":[]}],"members":[],"xref":[],"complete":true,"origin":{"title":"New York","instanceSlug":"new-york","tags":[],"parents":["us"]},"birth":"","death":"","type":{"title":"All-Male Group","artists":[],"artistCount":0,"score":0,"artistAdjustedAverage":0,"slug":"mmm"},"songs":[{"title":"Jimmy Olsen Blues","instanceSlug":1195,"tags":["blues","superman"],"parents":[],"genre":"rock","debut":"1993-11","playlists":[],"scores":[0.3,0.513,0.683,0.722,0.75,0.77,0.7640952973911289,0.7463811895645153,0.7168576765201593,0.675524758258061,0.6223824347782203,0.5574307060806372,0.4806695721653118,0.39209903303224397,0.29171908868143376,0.17952973911288123,0.05553098432658624],"ascent":[0.3,0.513,0.683,0.722,0.75,0.77],"descent-weeks":11.419480519480523,"messages":[],"ranks":{},"score":9.220220479911179,"debutScore":0.3,"peakScore":0.77,"duration":4,"genres":["rock"],"role":true,"scoreFactor":1,"rank":1},{"title":"Two Princes","instanceSlug":2659,"tags":[],"genre":"rock","debut":"1993-03","playlists":[],"scores":[0.1,0.3075,0.4875,0.5855,0.637,0.6385,0.6312165933261022,0.6093663733044091,0.5729493399349205,0.5219654932176364,0.45641483315255693,0.37629735973968204,0.2816130729790118,0.17236197287054597,0.048544059414284725],"ascent":[0.1,0.3075,0.4875,0.5855,0.637,0.6385],"descent-weeks":9.362960062646824,"messages":[],"ranks":{},"score":6.42672909793915,"debutScore":0.1,"peakScore":0.6385,"duration":4,"genres":["rock"],"role":true,"scoreFactor":1,"rank":2},{"title":"Little Miss Can't Be Wrong","instanceSlug":1061,"tags":[],"genre":"rock","debut":"1992-11","playlists":[],"scores":[0.2,0.4,0.5,0.6,0.65,0.6424095275803288,0.619638110321315,0.5816857482229587,0.52855244128526,0.4602381895082187,0.376742992891835,0.2780668514361087,0.16420976514104005,0.03517173400662869],"ascent":[0.2,0.4,0.5,0.6,0.65],"descent-weeks":9.25384615384615,"messages":[],"ranks":{},"score":6.036715360393694,"debutScore":0.2,"peakScore":0.65,"duration":4,"genres":["rock"],"role":true,"scoreFactor":1,"rank":3}],"score":21.68366493824402,"songCount":3,"songAdjustedAverage":12.519069789112837,"rank":156,"ranks":{"genre:rock":{"rank":44,"total":98},"origin:new-york":{"rank":3,"total":11}}}