{"title":"Spinners","instanceSlug":"spinners","tags":[],"genres":[{"instanceSlug":"urban","title":"Urban / R&B","parents":[]}],"members":[],"xref":[],"complete":true,"origin":{"title":"Detroit","instanceSlug":"detroit","tags":[],"parents":["michigan"]},"birth":"","death":"","type":{"title":"All-Male Group","artists":[],"artistCount":0,"score":0,"artistAdjustedAverage":0,"slug":"mmm"},"songs":[{"title":"Then Came You","instanceSlug":2663,"tags":["#1","#1-hot-100"],"parents":[],"genre":"urban","debut":1974,"playlists":[],"ranks":{},"scores":[0.23,0.46,0.55,0.605,0.645,0.665,0.66,0.645,0.63,0.6,0.5549999999999999,0.4949999999999999,0.4199999999999998,0.32999999999999974,0.22499999999999964,0.10499999999999954,0],"ascent":[0.23,0.46,0.55,0.605,0.645,0.665],"descent-weeks":5.667299498746865,"ascent-weeks":7.116541353383458,"peak":0.665,"messages":[],"unscored":false,"score":5.667502777777777,"duration":3,"genres":["urban"],"role":true,"scoreFactor":1,"totalScore":5.667502777777777,"rank":1},{"title":"The Rubberband Man","instanceSlug":2664,"tags":["#1","#1-r&b"],"genres":["urban","pop","funk"],"debut":1976,"playlists":[],"scores":[0.145,0.463,0.887,0.829,0.824,0.8075199999999999,0.7745599999999999,0.7251199999999999,0.6591999999999999,0.5767999999999999,0.4779199999999999,0.36255999999999994,0.23071999999999995,0.08239999999999997,0],"ascent":[0.145,0.463,0.887],"descent-weeks":5.936705208568205,"ascent-weeks":2.528184892897407,"peak":0.887,"messages":[],"ranks":{},"unscored":false,"score":5.005571679999999,"duration":2,"role":true,"scoreFactor":1,"totalScore":5.005571679999999,"rank":2},{"title":"I'll Be Around","instanceSlug":2660,"tags":["#1","#1-r&b"],"parents":[],"genre":"soul","debut":1972,"playlists":[],"ranks":{},"scores":[0.145,0.463,0.829,0.81,0.7910000000000001,0.7530000000000003,0.6960000000000006,0.620000000000001,0.5250000000000015,0.41100000000000203,0.2780000000000027,0.12600000000000344,0],"ascent":[0.145,0.463,0.829],"descent-weeks":4.270663852030574,"ascent-weeks":2.600120627261761,"peak":0.829,"messages":[],"unscored":false,"score":3.7972535555555638,"duration":2,"genres":["soul"],"role":true,"scoreFactor":1,"totalScore":3.7972535555555638,"rank":3},{"title":"Could It Be I'm Falling in Love","instanceSlug":2661,"tags":["#1","#1-r&b"],"parents":[],"genre":"soul","debut":1973,"playlists":[],"ranks":{},"scores":[0.145,0.463,0.829,0.81,0.7910000000000001,0.7530000000000003,0.6960000000000006,0.620000000000001,0.5250000000000015,0.41100000000000203,0.2780000000000027,0.12600000000000344,0],"ascent":[0.145,0.463,0.829],"descent-weeks":4.270663852030574,"ascent-weeks":2.600120627261761,"peak":0.829,"messages":[],"unscored":false,"score":3.7972535555555638,"duration":2,"genres":["soul"],"role":true,"scoreFactor":1,"totalScore":3.7972535555555638,"rank":4},{"title":"One of a Kind (Love Affair)","instanceSlug":2662,"tags":["#1","#1-r&b"],"parents":[],"genre":"urban","debut":1973,"playlists":[],"ranks":{},"scores":[0.145,0.463,0.829,0.81,0.7910000000000001,0.7530000000000003,0.6960000000000006,0.620000000000001,0.5250000000000015,0.41100000000000203,0.2780000000000027,0.12600000000000344,0],"ascent":[0.145,0.463,0.829],"descent-weeks":4.270663852030574,"ascent-weeks":2.600120627261761,"peak":0.829,"messages":[],"unscored":false,"score":3.7972535555555638,"duration":2,"genres":["urban"],"role":true,"scoreFactor":1,"totalScore":3.7972535555555638,"rank":5},{"title":"Working My Way Back to You","instanceSlug":2665,"tags":[],"parents":[],"genre":"urban","debut":"1980-02","playlists":[],"ranks":{},"scores":[0.145,0.463,0.887,0.829,0.7709999999999999,0.6549999999999998,0.48099999999999965,0.24899999999999944,0],"ascent":[0.145,0.463,0.887],"descent-weeks":1.952369785794813,"ascent-weeks":2.528184892897407,"peak":0.887,"messages":[],"unscored":false,"score":2.649501333333333,"duration":2,"genres":["urban"],"role":true,"scoreFactor":1,"totalScore":2.649501333333333,"rank":6},{"title":"Cupid / I've Loved You For a Long Time","instanceSlug":1666,"tags":[],"genre":"soul","debut":"1980-06","playlists":["medley"],"remake":true,"scores":[0.145,0.463,0.5,0.439,0.378,0.256,0.07300000000000001,0],"ascent":[0.145,0.463,0.5],"descent-weeks":0.7555140000000001,"ascent-weeks":3.3240000000000003,"peak":0.5,"messages":[],"ranks":{},"unscored":false,"score":1.359838,"duration":1,"genres":["soul"],"role":true,"scoreFactor":1,"totalScore":1.359838,"rank":7},{"title":"Mama Can't Buy You Love","instanceSlug":1664,"tags":["#1","#1-adult-contemporary"],"genre":"soul","debut":"1979-07","descent-weeks":2.5065440538194426,"ascent-weeks":6.111328124999999,"peak":0.768,"messages":[],"ranks":{},"unscored":false,"score":0.4412350555555555,"duration":2,"genres":["soul"],"playlists":[],"role":"backup","scoreFactor":0.1,"totalScore":4.412350555555554,"rank":8}],"songCount":8,"songAdjustedAverage":9.374612936408154,"collaborators":[{"slug":"dionne-warwick","title":"Dionne Warwick","songCount":1,"score":5.667502777777777},{"slug":"linda-creed","title":"Linda Creed","songCount":1,"score":5.005571679999999},{"slug":"thom-bell","title":"Thom Bell","songCount":1,"score":5.005571679999999},{"slug":"mfsb","title":"MFSB (Mother Father Sister Brother)","songCount":1,"score":5.005571679999999},{"slug":"elton-john","title":"Elton John","songCount":1,"score":0.4412350555555555},{"slug":"leroy-bell","title":"MISSING 'leroy-bell'","songCount":1,"score":0.4412350555555555},{"slug":"casey-james","title":"MISSING 'casey-james'","songCount":1,"score":0.4412350555555555}],"rank":93,"ranks":{"genre:urban":{"rank":82,"total":96},"origin:detroit":{"rank":5,"total":6}}}