{"title":"Staple Singers","instanceSlug":"staple-singers","tags":[{"title":"Rock & Roll Hall of Fame Members","instanceSlug":"hof","coverage":{"artist":true},"tags":[],"parents":[]}],"parents":[],"genres":[{"instanceSlug":"soul","title":"Soul","parents":["urban"]}],"members":[],"xref":[],"complete":false,"origin":{"title":"United States","instanceSlug":"us","tags":[],"parents":[]},"birth":"","death":"","songs":[{"title":"I'll Take You There","instanceSlug":2957,"tags":["#1","#1-r&b","remade"],"parents":[],"genre":"urban","debut":1972,"playlists":[],"ranks":{},"scores":[0.06200821741159169,0.20830894528861146,0.3129502216570068,0.35561236147633757,0.3574779635603355,0.3558504691948907,0.3509679860985563,0.34283051427133227,0.33143805371321866,0.31679060442421547,0.29888816640432264,0.27773073965354017,0.25331832417186817,0.22565091995930653,0.19472852701585525,0.1605511453415144,0.12311877493628393,0.08243141580016386,0.03848906793315418],"ascent":[0.06200821741159169,0.20830894528861146,0.3129502216570068,0.35561236147633757,0.3574779635603355],"descent-weeks":14.820569447990732,"messages":[],"score":4.649142418312106,"debutScore":0.06200821741159169,"peakScore":0.3574779635603355,"duration":5,"genres":["urban"],"role":true,"scoreFactor":1,"rank":1},{"title":"Respect Yourself","instanceSlug":2956,"tags":["remade"],"parents":[],"genre":"urban","debut":1971,"playlists":[],"ranks":{},"scores":[0.062,0.2083,0.31295,0.3556,0.3574,0.3525850936075685,0.33814037443027417,0.31406584246811686,0.2803614977210967,0.23702734018921362,0.1840633698724676,0.12146958677085863,0.04924599088438684],"ascent":[0.062,0.2083,0.31295,0.3556,0.3574],"descent-weeks":8.615556799104649,"messages":[],"score":3.1732090959439834,"debutScore":0.062,"peakScore":0.3574,"duration":3,"genres":["urban"],"role":true,"scoreFactor":1,"rank":2}],"score":7.8223515142560895,"songCount":2,"songAdjustedAverage":5.531237800555339,"rank":656,"ranks":{"genre:soul":{"rank":38,"total":49},"origin:us":{"rank":69,"total":154},"tag:hof":{"rank":76,"total":164}}}