{"title":"Stephanie Mills","instanceSlug":"stephanie-mills","tags":[],"parents":[],"genres":[],"members":[],"xref":[],"complete":false,"origin":"","birth":"","death":"","type":{"title":"Solo Female","artists":[],"artistCount":0,"score":0,"artistAdjustedAverage":0,"slug":"f"},"songs":[{"title":"Never Knew Love Like This Before","instanceSlug":113,"tags":[],"genre":"soul","debut":1981,"scores":[0.235,0.42,0.482,0.545,0.557,0.569,0.5611473147399428,0.5375892589597715,0.4983258326594858,0.44335703583908603,0.37268286849857185,0.2863033306379435,0.18421842225720098,0.06642814335634417],"ascent":[0.235,0.42,0.482,0.545,0.557,0.569],"descent-weeks":8.512302284710033,"messages":[],"ranks":{},"score":5.758052206948347,"debutScore":0.235,"peakScore":0.569,"duration":4,"genres":["soul"],"playlists":[],"role":true,"scoreFactor":1,"rank":1}],"score":5.758052206948347,"songCount":1,"songAdjustedAverage":5.758052206948347,"rank":627}