{"title":"Steve Forbert","instanceSlug":"steve-forbert","tags":[null,null,null],"genres":[],"xref":[],"complete":{"performer":true,"writer":false},"origin":{"title":"Mississippi","instanceSlug":"mississippi","tags":[],"parents":["us"]},"birth":"1954-12","death":"","songs":[{"title":"Romeo's Tune","instanceSlug":"bV6b","debut":"1980-01","tags":[],"playlists":["romeo-juliet"],"scores":[0.1,0.21,0.312951,0.35561236147633757,0.357477963561,0.3446276515977258,0.3289181,0.31523776166182677,0.31,0.3038,0.2914,0.2728,0.248,0.217,0.17980000000000002,0.13640000000000002,0.08680000000000003,0.03100000000000004,0],"ascent":[0.1,0.21,0.312951,0.35561236147633757,0.357477963561],"descent-weeks":14.364220283901819,"ascent-weeks":5.606113360366711,"peak":0.357477963561,"messages":[],"ranks":{},"unscored":false,"score":4.759302801857891,"duration":5,"role":true,"scoreFactor":1,"totalScore":4.759302801857891,"rank":1}],"score":4.759302801857891,"songCount":1,"songAdjustedAverage":4.759302801857891,"rank":886,"ranks":{"origin:mississippi":{"rank":5,"total":5},"tag:singer":{"rank":10,"total":11},"tag:guitarist":{"rank":6,"total":8},"tag:songwriter":{"rank":7,"total":7}}}