{"title":"Steve Forbert","instanceSlug":"steve-forbert","tags":[null,null,null],"genres":[],"xref":[],"complete":{"performer":true,"writer":false},"origin":{"title":"Mississippi","instanceSlug":"mississippi","tags":[],"parents":["us"]},"birth":"1954-12","death":"","songs":[{"title":"Romeo's Tune","instanceSlug":"bV6b","debut":"1980-01","tags":[],"playlists":["romeo-juliet"],"scores":[0.06200821741159169,0.20830894528861146,0.3129502216570068,0.35561236147633757,0.3574779635603355,0.3446276515977258,0.32891805429767385,0.31523776166182677,0.30042162719800025,0.2833026661554992,0.2643212410031802,0.24289242606706696,0.21959493334585015,0.19466120793610409,0.1685894531254616,0.14210166436832847,0.11600004299049087,0.09098520352380506,0.06767556150528035,0.04664449376949029,0.029256418423981474,0.01618867931401627,0.007745342825954284,0.0033393274080207288,0.0012554906244683004,0.0004411896605915778,0.00019993983443486086,0.00012351325096891143,0.00006041753523827709,0.000031876850547138604,0.000018525042770318343,0.000004339137653134009,0],"ranks":{},"score":4.4809967578483105,"debutScore":0.06200821741159169,"peakScore":0.3574779635603355,"duration":9,"role":true,"scoreFactor":1,"rank":1}],"score":4.4809967578483105,"songCount":1,"songAdjustedAverage":4.4809967578483105,"rank":861,"ranks":{"origin:mississippi":{"rank":5,"total":5},"tag:singer":{"rank":9,"total":10},"tag:guitarist":{"rank":7,"total":8},"tag:songwriter":{"rank":4,"total":4}}}