{"title":"Steve Perry","instanceSlug":"steve-perry","tags":[],"parents":[],"genres":[{"instanceSlug":"rock","title":"Rock","parents":[]}],"members":[],"xref":[],"complete":true,"origin":{"title":"California","instanceSlug":"california","tags":[],"parents":["us"]},"birth":"","death":"","type":{"title":"Solo Male","artists":[],"artistCount":0,"score":0,"artistAdjustedAverage":0,"slug":"m"},"songs":[{"title":"Foolish Heart","instanceSlug":1764,"tags":[],"parents":[],"genre":"pop","debut":"1985-01","playlists":[],"ranks":{},"scores":[0.12,0.402,0.529,0.622,0.668,0.633,0.602,0.546,0.4900000000000001,0.3780000000000002,0.2100000000000004,0],"ascent":[0.12,0.402,0.529,0.622,0.668],"descent-weeks":7.91991017964072,"ascent-weeks":5.256736526946108,"peak":0.668,"messages":[],"unscored":false,"score":5.868000000000001,"duration":4,"genres":["pop"],"role":true,"scoreFactor":1,"totalScore":5.868000000000001,"rank":1},{"title":"Oh Sherry","instanceSlug":666,"tags":["#1","#1-mainstream-rock"],"parents":[],"genre":"rock","debut":1984,"playlists":["women"],"ranks":{},"scores":[0.145,0.346,0.546,0.722,0.708,0.668,0.6280000000000001,0.5480000000000003,0.4280000000000005,0.2680000000000008,0.06800000000000117,0],"ascent":[0.145,0.346,0.546,0.722],"descent-weeks":8.389196675900282,"ascent-weeks":3.6544321329639886,"peak":0.722,"messages":[],"unscored":false,"score":5.7970000000000015,"duration":3,"genres":["rock"],"role":true,"scoreFactor":1,"totalScore":5.7970000000000015,"rank":2},{"title":"You Better Wait","instanceSlug":469,"tags":[],"parents":[],"genre":"rock","debut":"1994-08","playlists":[],"ranks":{},"scores":[0.077,0.26,0.341,0.444,0.456,0.376,0.296,0.13599999999999995,0],"ascent":[0.077,0.26,0.341,0.444,0.456],"descent-weeks":4.157894736842104,"ascent-weeks":5.190789473684211,"peak":0.456,"messages":[],"unscored":false,"score":2.8419999999999996,"duration":3,"genres":["rock"],"role":true,"scoreFactor":1,"totalScore":2.8419999999999996,"rank":3},{"title":"Don't Fight It","instanceSlug":"2030","tags":[],"parents":[],"genre":"rock","debut":"1982-10","playlists":[],"ranks":{},"scores":[0.1155,0.312,0.4391,0.5395,0.5429999999999999,0.51,0.491,0.4675,0.45375,0.4351,0.41125,0.3825,0.35375,0.29625,0.21000000000000002,0.09500000000000003,0],"ascent":[0.1155,0.312,0.4391,0.5395,0.5429999999999999],"descent-weeks":12.84281767955801,"ascent-weeks":5.384254143646409,"peak":0.5429999999999999,"messages":[],"unscored":false,"score":1.3196399999999997,"duration":5,"genres":["rock"],"role":"feature","scoreFactor":0.2,"totalScore":6.5981999999999985,"rank":4},{"title":"We are the World","instanceSlug":"watw","tags":["#1","#1-hot-100"],"debut":1985,"playlists":["grammy","charity"],"scores":[0.097,0.381,0.521,0.414,0.302,0.194,0.08600000000000002,0],"ascent":[0.097,0.381,0.521],"descent-weeks":4.367562380038388,"ascent-weeks":2.8761996161228405,"peak":0.521,"messages":[],"ranks":{},"unscored":false,"score":0.629,"duration":2,"role":"member","scoreFactor":0.25,"totalScore":2.516,"rank":5}],"score":16.455640000000002,"songCount":5,"songAdjustedAverage":7.359185930652929,"rank":487,"ranks":{"genre:rock":{"rank":56,"total":98},"origin:california":{"rank":4,"total":17}}}