{"title":"Stevie B","instanceSlug":"stevie-b","tags":[],"roles":[{"title":"Singer","instanceSlug":"singer"}],"genres":[],"members":[],"xref":[],"complete":false,"origin":"","birth":"","death":"","type":{"title":"Solo Male","artists":[],"artistCount":0,"score":0,"artistAdjustedAverage":0,"slug":"m"},"songs":[{"title":"I Wanna Be The One","instanceSlug":308,"tags":["i-want","the-one","want"],"parents":[],"genre":"dance","debut":1990,"playlists":[],"ranks":{},"scores":[0.232,0.45,0.668,0.887,0.968,0.864,0.768,0.681,0.582,0.484,0.386,0.28800000000000003,0.09200000000000008,0],"ascent":[0.232,0.45,0.668,0.887,0.968],"descent-weeks":3.661323519283746,"ascent-weeks":4.966425619834711,"peak":0.968,"messages":[],"unscored":false,"score":5.5677741111111105,"duration":2,"genres":["dance"],"role":true,"scoreFactor":1,"totalScore":5.5677741111111105,"rank":1},{"title":"Party Your Body","instanceSlug":2530,"tags":[],"genre":"dance","debut":1988,"playlists":[],"ranks":{},"scores":[0.267,0.351,0.463,0.431,0.39899999999999997,0.3349999999999999,0.23899999999999982,0.11099999999999971,0],"ascent":[0.267,0.351,0.463],"descent-weeks":1.0890392368610504,"ascent-weeks":3.5021598272138226,"peak":0.463,"messages":[],"unscored":false,"score":1.4171501111111107,"duration":2,"genres":["dance"],"role":true,"scoreFactor":1,"totalScore":1.4171501111111107,"rank":2},{"title":"Love and Emotion","instanceSlug":202,"tags":[],"parents":[],"genre":"pop","debut":"1990-08","ranks":{},"scores":[0.038,0.209,0.206,0.051,0],"ascent":[0.038,0.209],"descent-weeks":0.13247926634768736,"ascent-weeks":1.7727272727272727,"peak":0.209,"messages":[],"unscored":false,"score":0.2654587777777777,"duration":1,"genres":["pop"],"playlists":[],"role":true,"scoreFactor":1,"totalScore":0.2654587777777777,"rank":3}],"songCount":3,"songAdjustedAverage":4.186010576777886,"collaborators":[],"rank":484}