{"title":"Stevie B","instanceSlug":"stevie-b","tags":[],"roles":[{"title":"Singer","instanceSlug":"singer"}],"genres":[],"members":[],"xref":[],"complete":false,"origin":"","birth":"","death":"","type":{"title":"Solo Male","artists":[],"artistCount":0,"score":0,"artistAdjustedAverage":0,"slug":"m"},"songs":[{"title":"I Wanna Be The One","instanceSlug":308,"tags":["i-want","the-one","want"],"parents":[],"genre":"dance","debut":1990,"playlists":[],"ranks":{},"scores":[0.232,0.45,0.668,0.887,0.968,0.9525797303431952,0.906318921372781,0.8292175730887573,0.7212756854911242,0.5824932585798814,0.41287029235502914,0.2124067868165677],"ascent":[0.232,0.45,0.668,0.887,0.968],"descent-weeks":7.923037190082644,"messages":[],"score":7.822162248047336,"debutScore":0.232,"peakScore":0.968,"duration":3,"genres":["dance"],"role":true,"scoreFactor":1,"rank":1},{"title":"Party Your Body","instanceSlug":2530,"tags":[],"genre":"dance","debut":1988,"playlists":[],"ranks":{},"scores":[0.267,0.351,0.463,0.4517252250886024,0.4179009003544097,0.36152702579742174,0.2826036014176387,0.1811306272150604,0.05710810318968691],"ascent":[0.267,0.351,0.463],"descent-weeks":6.408207343412525,"messages":[],"score":2.83299548306282,"debutScore":0.267,"peakScore":0.463,"duration":2,"genres":["dance"],"role":true,"scoreFactor":1,"rank":2},{"title":"Love and Emotion","instanceSlug":202,"tags":[],"parents":[],"genre":"pop","debut":"1990-08","ranks":{},"scores":[0.038,0.209,0.19031536980071673,0.13426147920286696,0.04083832820645064],"ascent":[0.038,0.209],"descent-weeks":3.3444976076555024,"messages":[],"score":0.6124151772100344,"debutScore":0.038,"peakScore":0.209,"duration":1,"genres":["pop"],"playlists":[],"role":true,"scoreFactor":1,"rank":3}],"score":11.26757290832019,"songCount":3,"songAdjustedAverage":6.5053362517323965,"rank":531}