{"title":"Stone Temple Pilots","instanceSlug":"stone-temple-pilots","tags":[],"parents":[],"genres":[],"members":[],"xref":[],"complete":false,"origin":"","birth":"","death":"","type":{"title":"All-Male Group","artists":[],"artistCount":0,"score":0,"artistAdjustedAverage":0,"slug":"mmm"},"songs":[{"title":"Plush","instanceSlug":40,"tags":[],"genre":"rock","debut":"1993-09","scores":[0.12,0.537,0.939,0.925,0.915,0.885,0.855,0.7949999999999999,0.7049999999999998,0.5849999999999997,0.4349999999999996,0.25499999999999945,0.04499999999999926,0],"ascent":[0.12,0.537,0.939],"descent-weeks":11.723642172523958,"ascent-weeks":2.5495207667731634,"peak":0.939,"messages":[],"ranks":{},"unscored":false,"score":8.934999999999997,"duration":4,"genres":["rock"],"playlists":[],"role":true,"scoreFactor":1,"totalScore":8.934999999999997,"rank":1},{"title":"Interstate Love Song","instanceSlug":1276,"tags":[],"parents":[],"genre":"alternative-rock","debut":"1994-10","playlists":[],"ranks":{},"scores":[0.106,0.351,0.537,0.6,0.633,0.612,0.591,0.5489999999999999,0.4859999999999999,0.4019999999999998,0.2969999999999997,0.1709999999999996,0.023999999999999466,0],"ascent":[0.106,0.351,0.537,0.6,0.633],"descent-weeks":8.921800947867295,"ascent-weeks":5.277251184834123,"peak":0.633,"messages":[],"unscored":false,"score":5.991999999999998,"duration":4,"genres":["alternative-rock"],"role":true,"scoreFactor":1,"totalScore":5.991999999999998,"rank":2}],"score":14.926999999999996,"songCount":2,"songAdjustedAverage":10.554982922771591,"rank":274}