{"title":"Stray Cats","instanceSlug":"stray-cats","tags":[],"parents":[],"genres":[],"members":[],"xref":[],"complete":false,"origin":"","birth":"","death":"","type":{"title":"All-Male Group","artists":[],"artistCount":0,"score":0,"artistAdjustedAverage":0,"slug":"mmm"},"songs":[{"title":"Don't Let It End","instanceSlug":2720,"tags":[],"parents":[],"genre":"rock","debut":"1983-05","playlists":[],"ranks":{},"scores":[0.075,0.171,0.26,0.311,0.328,0.323,0.311,0.267,0.262,0.252,0.237,0.217,0.192,0.162,0.127,0.087,0.042,0],"ascent":[0.075,0.171,0.26,0.311,0.328],"descent-weeks":12.836890243902438,"ascent-weeks":5.236280487804878,"peak":0.328,"messages":[],"unscored":false,"score":3.9519999999999995,"duration":5,"genres":["rock"],"role":true,"scoreFactor":1,"totalScore":3.9519999999999995,"rank":1},{"title":"Rock This Town","instanceSlug":106,"tags":["rock","this","town"],"parents":[],"genre":"rockabilly","debut":"1982-10","ranks":{},"scores":[0.075,0.171,0.26,0.311,0.328,0.323,0.311,0.267,0.22300000000000003,0.13500000000000006,0.0030000000000001137,0],"ascent":[0.075,0.171,0.26,0.311,0.328],"descent-weeks":7.271341463414636,"ascent-weeks":5.236280487804878,"peak":0.328,"messages":[],"unscored":false,"score":2.7350000000000003,"duration":3,"genres":["rockabilly"],"playlists":[],"role":true,"scoreFactor":1,"totalScore":2.7350000000000003,"rank":2}],"score":6.686999999999999,"songCount":2,"songAdjustedAverage":4.728423045794442,"rank":899}