{"title":"Stray Cats","instanceSlug":"stray-cats","tags":[],"parents":[],"genres":[],"members":[],"xref":[],"complete":false,"origin":"","birth":"","death":"","type":{"title":"All-Male Group","artists":[],"artistCount":0,"score":0,"artistAdjustedAverage":0,"slug":"mmm"},"songs":[{"title":"Don't Let It End","instanceSlug":2720,"tags":[],"parents":[],"genre":"rock","debut":"1983-05","playlists":[],"ranks":{},"scores":[0.075,0.171,0.26,0.311,0.328,0.3260095366392857,0.320038146557143,0.31008582975357174,0.2961525862285719,0.2782384159821436,0.25634331901428675,0.23046729532500143,0.2006103449142876,0.16677246778214522,0.12895366392857432,0.08715393335357492,0.04137327605714705],"ascent":[0.075,0.171,0.26,0.311,0.328],"descent-weeks":12.836890243902438,"messages":[],"score":3.7871988155357337,"debutScore":0.075,"peakScore":0.328,"duration":4,"genres":["rock"],"role":true,"scoreFactor":1,"rank":1},{"title":"Rock This Town","instanceSlug":106,"tags":["rock","this","town"],"parents":[],"genre":"rockabilly","debut":"1982-10","ranks":{},"scores":[0.075,0.171,0.26,0.311,0.328,0.32179638604309785,0.30318554417239124,0.27216747438788025,0.22874217668956492,0.1729096510774452,0.10466989755152101,0.02402291611179249],"ascent":[0.075,0.171,0.26,0.311,0.328],"descent-weeks":7.271341463414636,"messages":[],"score":2.5724940460336927,"debutScore":0.075,"peakScore":0.328,"duration":3,"genres":["rockabilly"],"playlists":[],"role":true,"scoreFactor":1,"rank":2}],"score":6.359692861569426,"songCount":2,"songAdjustedAverage":4.49698194867942,"rank":893}