{"title":"Sugarloaf","instanceSlug":"sugarloaf","tags":[],"parents":[],"genres":[{"instanceSlug":"rock","title":"Rock","parents":[]}],"members":[],"xref":[],"complete":true,"origin":{"title":"Denver","instanceSlug":"denver","tags":[],"parents":["colorado"]},"birth":"","death":"","type":{"title":"All-Male Group","artists":[],"artistCount":0,"score":0,"artistAdjustedAverage":0,"slug":"mmm"},"songs":[{"title":"Don't Call Us, We'll Call You","instanceSlug":2725,"tags":[],"parents":[],"genre":"rock","debut":1975,"playlists":[],"ranks":{},"scores":[0.06200821741159169,0.20830894528861146,0.3129502216570068,0.35561236147633757,0.3574779635603355,0.3446276515977258,0.32891805429767385,0.31523776166182677,0.30042162719800025,0.2833026661554992,0.2643212410031802,0.24289242606706696,0.21959493334585015,0.19466120793610409,0.1685894531254616,0.14210166436832847,0.11600004299049087,0.09098520352380506,0.06767556150528035,0.04664449376949029,0.029256418423981474,0.01618867931401627,0.0031209402040510634,0],"ascent":[0.06200821741159169,0.20830894528861146,0.3129502216570068,0.35561236147633757,0.3574779635603355],"descent-weeks":3.97551540969843,"ascent-weeks":5.439598415309378,"peak":0.3574779635603355,"messages":[],"unscored":false,"score":2.2437971445683678,"duration":3,"genres":["rock"],"role":true,"scoreFactor":1,"totalScore":2.2437971445683678,"rank":1},{"title":"Green-Eyed Lady","instanceSlug":2724,"tags":[],"parents":[],"genre":"pop","debut":1970,"playlists":[],"ranks":{},"scores":[0.1,0.21,0.312951,0.35561236147633757,0.357477963561,0.3446276515977258,0.3289181,0.31523776166182677,0.31,0.3038,0.2914,0.2728,0.248,0.217,0.17980000000000002,0.13640000000000002,0.08680000000000003,0.03100000000000004,0],"ascent":[0.1,0.21,0.312951,0.35561236147633757,0.357477963561],"descent-weeks":3.7979818802043264,"ascent-weeks":5.606113360366711,"peak":0.357477963561,"messages":[],"unscored":false,"score":2.2411712104886847,"duration":3,"genres":["pop"],"role":true,"scoreFactor":1,"totalScore":2.2411712104886847,"rank":2}],"songCount":2,"songAdjustedAverage":3.171351537267917,"collaborators":[{"slug":"jerry-corbetta","title":"Jerry Corbetta","songCount":1,"score":2.2437971445683678}],"rank":645,"ranks":{"genre:rock":{"rank":92,"total":98},"origin:denver":{"rank":1,"total":1}}}