{"title":"Suzanne Vega","instanceSlug":"suzanne-vega","tags":[],"parents":[],"genres":[],"members":[],"xref":[],"complete":false,"origin":"","birth":"","death":"","type":{"title":"Solo Female","artists":[],"artistCount":0,"score":0,"artistAdjustedAverage":0,"slug":"f"},"songs":[{"title":"Luka","instanceSlug":220,"tags":[],"playlists":["summer","commentary"],"genre":"pop","debut":"1987-07","ranks":{},"scores":[0.055,0.306,0.463,0.484,0.477,0.466,0.453,0.422,0.39099999999999996,0.3289999999999999,0.23599999999999982,0.11199999999999971,0],"ascent":[0.055,0.306,0.463,0.484],"descent-weeks":10.444214876033055,"ascent-weeks":4.053719008264463,"peak":0.484,"messages":[],"unscored":false,"score":4.677999999999998,"duration":4,"genres":["pop"],"role":true,"scoreFactor":1,"totalScore":4.677999999999998,"rank":1},{"title":"Tom's Diner","instanceSlug":1138,"tags":[],"genre":"pop","debut":1990,"playlists":[],"scores":[0.062,0.2,0.3129502216570068,0.35561236147633757,0.3574779635603355,0.3446276515977258,0.329,0.31523776166182677,0.3,0.2847622383381732,0.25428671501451966,0.20857343002903933,0.14762238338173223,0.07143357507259834,0],"ascent":[0.062,0.2,0.3129502216570068,0.35561236147633757,0.3574779635603355],"descent-weeks":10.964403340969529,"ascent-weeks":5.40469907794589,"peak":0.3574779635603355,"messages":[],"ranks":{},"unscored":false,"score":2.9257966990122224,"duration":4,"genres":["pop"],"role":"lead","scoreFactor":0.75,"totalScore":3.90106226534963,"rank":2}],"score":7.6037966990122206,"songCount":2,"songAdjustedAverage":5.376696208635426,"rank":707}