{"title":"Suzanne Vega","instanceSlug":"suzanne-vega","tags":[],"parents":[],"genres":[],"members":[],"xref":[],"complete":false,"origin":"","birth":"","death":"","type":{"title":"Solo Female","artists":[],"artistCount":0,"score":0,"artistAdjustedAverage":0,"slug":"f"},"songs":[{"title":"Luka","instanceSlug":220,"tags":[],"playlists":["summer","commentary"],"genre":"pop","debut":"1987-07","ranks":{},"scores":[0.055,0.306,0.463,0.484,0.47956295569702606,0.4662518227881043,0.4440666012732348,0.4130072911524173,0.3730738924256521,0.324266405092939,0.2665848291542781,0.20002916460966932,0.12459941145911273,0.040295569702608294],"ascent":[0.055,0.306,0.463,0.484],"descent-weeks":10.444214876033055,"messages":[],"score":4.439737943355042,"debutScore":0.055,"peakScore":0.484,"duration":4,"genres":["pop"],"role":true,"scoreFactor":1,"rank":1},{"title":"Tom's Diner","instanceSlug":1138,"tags":[],"genre":"pop","debut":1990,"playlists":[],"scores":[0.062,0.2,0.3129502216570068,0.35561236147633757,0.3574779635603355,0.35450438601449746,0.3455836533769832,0.33071576564779287,0.3099007228269264,0.28313852491438374,0.25042917191016495,0.21177266381426998,0.16716900062669898,0.11661818234745178,0.06012020897652839],"ascent":[0.062,0.2,0.3129502216570068,0.35561236147633757,0.3574779635603355],"descent-weeks":10.964403340969529,"messages":[],"ranks":{},"score":2.788494620362033,"debutScore":0.062,"peakScore":0.3574779635603355,"duration":4,"genres":["pop"],"role":"lead","scoreFactor":0.75,"rank":2}],"score":7.228232563717075,"songCount":2,"songAdjustedAverage":5.111132261797767,"rank":692}