{"title":"Swing Out Sister","instanceSlug":"swing-out-sister","tags":[],"parents":[],"genres":[],"members":[],"xref":[],"complete":false,"origin":{"title":"United Kingdom","instanceSlug":"uk","tags":[],"parents":[]},"birth":"","death":"","type":{"title":"All-Female Group","artists":[],"artistCount":0,"score":0,"artistAdjustedAverage":0,"slug":"fff"},"songs":[{"title":"Breakout","instanceSlug":580,"tags":["break"],"parents":[],"genre":"pop","debut":"1987-09","playlists":[],"ranks":{},"scores":[0.122,0.315,0.506,0.71,0.6955509343381402,0.6522037373525612,0.5799584090432626,0.47881494941024466,0.3487733584535073,0.1898336361730506,0.001995782568874447],"ascent":[0.122,0.315,0.506,0.71],"descent-weeks":7.009859154929577,"messages":[],"score":4.6001308073396405,"debutScore":0.122,"peakScore":0.71,"duration":3,"genres":["pop"],"role":true,"scoreFactor":1,"rank":1},{"title":"Am I the Same Girl","instanceSlug":884,"tags":[],"genre":"pop","debut":"1992-09","playlists":[],"scores":[0.122,0.315,0.506,0.71,0.6949214185277758,0.6496856741111031,0.5742927667499821,0.4687426964444126,0.3330354631943947,0.16717106699992829],"ascent":[0.122,0.315,0.506,0.71],"descent-weeks":6.861971830985922,"messages":[],"ranks":{},"score":4.540849086027596,"debutScore":0.122,"peakScore":0.71,"duration":3,"genres":["pop"],"role":true,"scoreFactor":1,"rank":2}],"score":9.140979893367238,"songCount":2,"songAdjustedAverage":6.463648869289857,"rank":531,"ranks":{"origin:uk":{"rank":29,"total":55}}}