{"title":"Swing Out Sister","instanceSlug":"swing-out-sister","tags":[],"parents":[],"genres":[],"members":[],"xref":[],"complete":false,"origin":{"title":"United Kingdom","instanceSlug":"uk","tags":[],"parents":[]},"birth":"","death":"","type":{"title":"All-Female Group","artists":[],"artistCount":0,"score":0,"artistAdjustedAverage":0,"slug":"fff"},"songs":[{"title":"Breakout","instanceSlug":580,"tags":["break"],"parents":[],"genre":"pop","debut":"1987-09","playlists":[],"ranks":{},"scores":[0.122,0.315,0.506,0.71,0.668,0.612,0.5559999999999999,0.44399999999999984,0.2759999999999997,0.05199999999999949,0],"ascent":[0.122,0.315,0.506,0.71],"descent-weeks":1.935889436619718,"ascent-weeks":3.4922535211267607,"peak":0.71,"messages":[],"unscored":false,"score":2.5693209999999995,"duration":2,"genres":["pop"],"role":true,"scoreFactor":1,"totalScore":2.5693209999999995,"rank":1},{"title":"Am I the Same Girl","instanceSlug":884,"tags":[],"genre":"pop","debut":"1992-09","playlists":[],"scores":[0.122,0.315,0.506,0.71,0.668,0.6260000000000001,0.5420000000000003,0.4160000000000005,0.24800000000000078,0.038000000000001144,0],"ascent":[0.122,0.315,0.506,0.71],"descent-weeks":1.8683624413145568,"ascent-weeks":3.4922535211267607,"peak":0.71,"messages":[],"ranks":{},"unscored":false,"score":2.537358222222223,"duration":2,"genres":["pop"],"role":true,"scoreFactor":1,"totalScore":2.537358222222223,"rank":2}],"songCount":2,"songAdjustedAverage":3.6109675073777776,"collaborators":[],"rank":564,"ranks":{"origin:uk":{"rank":52,"total":55}}}