{"title":"T.I.","instanceSlug":"t-i","tags":[],"parents":[],"genres":[],"members":[],"xref":[],"complete":false,"origin":"","birth":"","death":"","songs":[{"title":"Blurred Lines","instanceSlug":3012,"tags":["#1","#1-rdwt40-hot-adult"],"genre":"pop","debut":2013,"playlists":["adultery","cheating"],"sample":2539,"scores":[0.06592007962463009,0.20345639091641685,0.30206241279169266,0.3420220895447736,0.33796688217284926,0.32580126005707616,0.3055252231974544,0.2771387715939839,0.24064190524666476,0.1960346241554969,0.14331692832048032,0.08248881774161505,0.013550292418901062],"ascent":[0.06592007962463009,0.20345639091641685,0.30206241279169266,0.3420220895447736],"descent-weeks":9.183760388277284,"messages":[],"ranks":{},"score":0.5671851355564071,"debutScore":0.06592007962463009,"peakScore":0.3420220895447736,"duration":3,"genres":["pop"],"role":"feature","scoreFactor":0.2,"rank":1}],"score":0.5671851355564071,"songCount":1,"songAdjustedAverage":0.5671851355564071,"rank":1228}