{"title":"Tammi Terrell","instanceSlug":"tammi-terrell","tags":[],"parents":[],"genres":[],"members":[],"xref":[],"complete":false,"origin":"","birth":"","death":"","songs":[{"title":"Baby I Need Your Loving","instanceSlug":"mgtt01","tags":[],"genres":[],"debut":"1970s","playlists":[],"scores":[0.272,0.471,0.592,0.7,0.68,0.675,0.665,0.65,0.63,0.605,0.575,0.54,0.5,0.455,0.405,0.35,0.29,0.225,0.155,0.08,0],"ranks":{},"score":9.514999999999999,"debutScore":0.272,"peakScore":0.7,"duration":6,"role":true,"scoreFactor":1,"rank":1},{"title":"Ain't No Mountain High Enough","instanceSlug":2535,"tags":[],"parents":[],"genre":"soul","debut":1967,"playlists":[],"ranks":{},"scores":[0.1734,0.40800000000000003,0.5586,0.5630000000000001,0.5508,0.5408,0.5298,0.5138,0.4928,0.4668,0.4358000000000001,0.3998,0.35879999999999995,0.3128,0.2618,0.2116,0.17359999999999998,0.1346,0.0926,0.0492,0.03,0.014000000000000002,0],"score":7.2724,"debutScore":0.1734,"peakScore":0.5630000000000001,"duration":6,"genres":["soul"],"role":true,"scoreFactor":1,"rank":2},{"title":"Ain't Nothing Like the Real Thing","instanceSlug":2536,"tags":[],"parents":[],"genre":"soul","debut":1968,"playlists":[],"ranks":{},"scores":[0.1734,0.40800000000000003,0.5586,0.5630000000000001,0.5508,0.5408,0.5298,0.5138,0.4928,0.4668,0.4358000000000001,0.3998,0.35879999999999995,0.3128,0.2618,0.2116,0.17359999999999998,0.1346,0.0926,0.0492,0.03,0.014000000000000002,0],"score":7.2724,"debutScore":0.1734,"peakScore":0.5630000000000001,"duration":6,"genres":["soul"],"role":true,"scoreFactor":1,"rank":3}],"score":24.0598,"songCount":3,"songAdjustedAverage":13.890932006648558,"rank":271}