{"title":"Tammi Terrell","instanceSlug":"tammi-terrell","tags":[],"parents":[],"genres":[],"members":[],"xref":[],"complete":false,"origin":"","birth":"","death":"","songs":[{"title":"Ain't No Mountain High Enough","instanceSlug":2535,"tags":[],"parents":[],"genre":"soul","debut":1967,"playlists":[],"ranks":{},"scores":[0.1734,0.408,0.5586,0.563,0.5508,0.5386,0.5142,0.4776,0.42880000000000007,0.3678000000000001,0.2946000000000002,0.20920000000000027,0.11160000000000037,0.001800000000000468,0],"ascent":[0.1734,0.408,0.5586,0.563],"descent-weeks":3.4603519834221435,"ascent-weeks":4.537300177619894,"peak":0.563,"messages":[],"unscored":false,"score":3.0017854444444443,"duration":2,"genres":["soul"],"role":true,"scoreFactor":1,"totalScore":3.0017854444444443,"rank":1},{"title":"Ain't Nothing Like the Real Thing","instanceSlug":2536,"tags":[],"parents":[],"genre":"soul","debut":1968,"playlists":[],"ranks":{},"scores":[0.1734,0.408,0.5586,0.563,0.5508,0.5386,0.5142,0.4776,0.42880000000000007,0.3678000000000001,0.2946000000000002,0.20920000000000027,0.11160000000000037,0.001800000000000468,0],"ascent":[0.1734,0.408,0.5586,0.563],"descent-weeks":3.4603519834221435,"ascent-weeks":4.537300177619894,"peak":0.563,"messages":[],"unscored":false,"score":3.0017854444444443,"duration":2,"genres":["soul"],"role":true,"scoreFactor":1,"totalScore":3.0017854444444443,"rank":2},{"title":"Baby I Need Your Loving","instanceSlug":"mgtt01","tags":[],"genres":[],"debut":"1970s","playlists":[],"scores":[0.172,0.371,0.492,0.55,0.52,0.49,0.42999999999999994,0.33999999999999986,0.21999999999999975,0.06999999999999962,0],"ascent":[0.172,0.371,0.492,0.55],"descent-weeks":1.669257575757575,"ascent-weeks":4.322727272727272,"peak":0.55,"messages":[],"ranks":{},"unscored":false,"score":2.1970611111111107,"duration":2,"role":true,"scoreFactor":1,"totalScore":2.1970611111111107,"rank":3},{"title":"Ain't No Mountain High Enough","instanceSlug":"2535a","remake":2535,"tags":[],"genre":"soul","debut":"2000s","playlists":[],"scores":[0.08,0.2,0.31,0.35,0.34,0.33000000000000007,0.31000000000000016,0.2800000000000003,0.2400000000000005,0.19000000000000072,0.130000000000001,0.06000000000000133,0],"ascent":[0.08,0.2,0.31,0.35],"descent-weeks":1.6831190476190527,"ascent-weeks":4.028571428571429,"peak":0.35,"messages":[],"ranks":{},"unscored":false,"score":0.13327277777777788,"duration":2,"genres":["soul"],"role":"remake","scoreFactor":0.1,"totalScore":1.3327277777777788,"rank":4}],"songCount":4,"songAdjustedAverage":4.166952388888888,"collaborators":[{"slug":"marvin-gaye","title":"Marvin Gaye","songCount":4,"score":4.166952388888888},{"slug":"ashford-simpson","title":"Ashford & Simpson","songCount":3,"score":3.54310834292465},{"slug":"hdh","title":"Holland-Dozier-Holland","songCount":1,"score":2.1970611111111107},{"slug":"michael-mcdonald","title":"Michael McDonald","songCount":1,"score":0.13327277777777788}],"rank":485}