{"title":"Tammi Terrell","instanceSlug":"tammi-terrell","tags":[],"parents":[],"genres":[],"members":[],"xref":[],"complete":false,"origin":"","birth":"","death":"","songs":[{"title":"Ain't No Mountain High Enough","instanceSlug":2535,"tags":[],"parents":[],"genre":"soul","debut":1967,"playlists":[],"ranks":{},"scores":[0.1734,0.40800000000000003,0.5586,0.5630000000000001,0.5508,0.5408,0.5298,0.5138,0.4928,0.4668,0.4358000000000001,0.3998,0.35879999999999995,0.3128,0.2618,0.2116,0.17359999999999998,0.1346,0.0926,0.0492,0.03,0.014000000000000002,0],"score":7.2724,"debutScore":0.1734,"peakScore":0.5630000000000001,"duration":6,"genres":["soul"],"role":true,"scoreFactor":1,"rank":1},{"title":"Ain't Nothing Like the Real Thing","instanceSlug":2536,"tags":[],"parents":[],"genre":"soul","debut":1968,"playlists":[],"ranks":{},"scores":[0.1734,0.40800000000000003,0.5586,0.5630000000000001,0.5508,0.5408,0.5298,0.5138,0.4928,0.4668,0.4358000000000001,0.3998,0.35879999999999995,0.3128,0.2618,0.2116,0.17359999999999998,0.1346,0.0926,0.0492,0.03,0.014000000000000002,0],"score":7.2724,"debutScore":0.1734,"peakScore":0.5630000000000001,"duration":6,"genres":["soul"],"role":true,"scoreFactor":1,"rank":2}],"score":14.5448,"songCount":2,"songAdjustedAverage":10.284726711002095,"rank":411}