{"title":"Tara Kemp","instanceSlug":"tara-kemp","tags":[],"parents":[],"genres":[],"members":[],"xref":[],"complete":false,"origin":"","birth":"","death":"","songs":[{"title":"Piece of My Heart","instanceSlug":2331,"tags":[],"parents":[],"genre":"pop","debut":"1991-06","playlists":["summer"],"ranks":{},"scores":[0.097,0.351,0.463,0.592,0.633,0.573,0.5129999999999999,0.3929999999999998,0.21299999999999963,0],"ascent":[0.097,0.351,0.463,0.592,0.633],"descent-weeks":5.5094786729857805,"ascent-weeks":5.061611374407583,"peak":0.633,"messages":[],"unscored":false,"score":4.460999999999999,"duration":3,"genres":["pop"],"role":true,"scoreFactor":1,"totalScore":4.460999999999999,"rank":1},{"title":"Hold You Tight","instanceSlug":2330,"tags":[],"parents":[],"genre":"pop","debut":"1991-02","playlists":[],"ranks":{},"scores":[0.097,0.351,0.463,0.633,0.592,0.5509999999999999,0.46899999999999986,0.34599999999999975,0.1819999999999996,0],"ascent":[0.097,0.351,0.463,0.633],"descent-weeks":6.571090047393363,"ascent-weeks":3.658767772511848,"peak":0.633,"messages":[],"unscored":false,"score":4.316999999999999,"duration":3,"genres":["pop"],"role":true,"scoreFactor":1,"totalScore":4.316999999999999,"rank":2}],"score":8.777999999999999,"songCount":2,"songAdjustedAverage":6.206983325255512,"rank":626}