{"title":"Technotronic","instanceSlug":"technotronic","tags":[{"title":"Major Artists of the 1990s","instanceSlug":"1990s","coverage":{"artist":true},"tags":[],"parents":[]}],"genres":[{"instanceSlug":"techno-dance","title":"Techno-Dance","parents":["dance"]}],"members":[],"xref":[],"complete":true,"origin":{"title":"Belgium","instanceSlug":"belgium","tags":[],"parents":["europe"]},"birth":"","death":"","type":{"title":"All-Female Group","artists":[],"artistCount":0,"score":0,"artistAdjustedAverage":0,"slug":"fff"},"songs":[{"title":"Get Up (Before the Night Is Over)","instanceSlug":1349,"tags":[],"parents":[],"genre":"dance","debut":"1990-02","playlists":[],"ranks":{},"scores":[0.12,0.298,0.529,0.645,0.708,0.662,0.607,0.5519999999999999,0.44199999999999984,0.2769999999999997,0.056999999999999496,0],"ascent":[0.12,0.298,0.529,0.645,0.708],"descent-weeks":7.002118644067794,"ascent-weeks":4.872881355932203,"peak":0.708,"messages":[],"unscored":false,"score":5.604999999999998,"duration":3,"genres":["dance"],"role":true,"scoreFactor":1,"totalScore":5.604999999999998,"rank":1},{"title":"Move This","instanceSlug":1076,"tags":[],"parents":[],"genre":"dance","debut":"1992-07","playlists":["summer"],"ranks":{},"scores":[0.108,0.513,0.694,0.737,0.695,0.6529999999999999,0.5689999999999998,0.4429999999999997,0.2749999999999996,0.06499999999999939,0],"ascent":[0.108,0.513,0.694,0.737],"descent-weeks":6.995251017639074,"ascent-weeks":4.176390773405699,"peak":0.737,"messages":[],"unscored":false,"score":5.488999999999998,"duration":3,"genres":["dance"],"role":true,"scoreFactor":1,"totalScore":5.488999999999998,"rank":2},{"title":"Pump Up the Jam","instanceSlug":1330,"tags":["jam","pump","up"],"parents":[],"genre":"dance","debut":"1989-11","playlists":[],"ranks":{},"scores":[0.075,0.232,0.45,0.529,0.582,0.563,0.498,0.43300000000000005,0.30300000000000016,0.10800000000000032,0],"ascent":[0.075,0.232,0.45,0.529,0.582],"descent-weeks":6.409793814432993,"ascent-weeks":4.814432989690721,"peak":0.582,"messages":[],"unscored":false,"score":4.355,"duration":3,"genres":["dance"],"role":true,"scoreFactor":1,"totalScore":4.355,"rank":3}],"score":15.448999999999996,"songCount":3,"songAdjustedAverage":8.919484308710526,"rank":361,"ranks":{"genre:techno-dance":{"rank":2,"total":5},"origin:belgium":{"rank":1,"total":1},"tag:1990s":{"rank":54,"total":78}}}