{"title":"Terrence Trent D'Arby","instanceSlug":"terrence-trent-d-arby","tags":[],"parents":[],"genres":[],"members":[],"xref":[],"complete":false,"origin":"","birth":"","death":"","songs":[{"title":"Wishing Well","instanceSlug":128,"tags":[],"genres":["pop"],"debut":1988,"scores":[0.171,0.24,0.31,0.35,0.30198902606310013,0.1579561042524005],"ascent":[0.171,0.24,0.31,0.35],"descent-weeks":2.6999999999999997,"messages":[],"ranks":{},"score":1.5309451303155008,"debutScore":0.171,"peakScore":0.35,"duration":2,"playlists":[],"role":true,"scoreFactor":1,"rank":1},{"title":"Sign Your Name","instanceSlug":3005,"tags":[],"parents":[],"genre":"pop","debut":1988,"playlists":[],"ranks":{},"scores":[0.097,0.158,0.232,0.22290129951842094,0.19560519807368376,0.15011169566578847,0.08642079229473502,0.004532487960523505],"ascent":[0.097,0.158,0.232],"descent-weeks":5.049568965517241,"messages":[],"score":1.1465714735131518,"debutScore":0.097,"peakScore":0.232,"duration":2,"genres":["pop"],"role":true,"scoreFactor":1,"rank":2}],"score":2.6775166038286526,"songCount":2,"songAdjustedAverage":1.8932901473068149,"rank":1132}