{"title":"Tesla","instanceSlug":"tesla","type":{"title":"All-Male Group","artists":[],"artistCount":0,"score":0,"artistAdjustedAverage":0,"slug":"mmm"},"tags":[],"genres":[{"instanceSlug":"hard-rock","title":"Hard Rock","parents":["rock"]}],"members":[],"xref":[],"complete":true,"origin":{"title":"Sacramento","instanceSlug":"sacramento","tags":[],"parents":["california"]},"birth":"","death":"","songs":[{"title":"What You Give","instanceSlug":1202,"tags":[],"parents":[],"genre":"hard-rock","debut":1992,"playlists":[],"ranks":{},"scores":[0.075,0.267,0.402,0.582,0.694,0.662,0.633,0.602,0.563,0.506,0.501,0.491,0.476,0.456,0.431,0.401,0.366,0.326,0.281,0.231,0.176,0.116,0.051,0],"score":9.289000000000001,"debutScore":0.075,"peakScore":0.694,"duration":6,"genres":["hard-rock"],"role":true,"scoreFactor":1,"rank":1},{"title":"Love Song","instanceSlug":1329,"tags":[],"parents":[],"genre":"rock","debut":"1989-11","playlists":["love","ballad"],"ranks":{},"scores":[0.075,0.267,0.402,0.582,0.694,0.662,0.633,0.602,0.563,0.506,0.501,0.491,0.476,0.456,0.431,0.401,0.366,0.326,0.281,0.231,0.176,0.116,0.051,0],"score":9.289000000000001,"debutScore":0.075,"peakScore":0.694,"duration":6,"genres":["rock"],"role":true,"scoreFactor":1,"rank":2},{"title":"Signs","instanceSlug":1938,"tags":[],"parents":[],"genre":"hard-rock","debut":"1991-02","playlists":["inanimate"],"ranks":{},"scores":[0.03896103896103896,0.15406809001731103,0.2515644555694619,0.41043723554301825,0.5313935681470138,0.4947683109118087,0.4630577907827359,0.4306151645207439,0.39178844815588026,0.3386880856760375,0.3342228152101401,0.32538104705102716,0.3123359580052493,0.29533678756476683,0.2746972594008923,0.2507817385866167,0.2239902080783354,0.1947431302270012,0.1634671320535195,0.13058224985867722,0.09649122807017543,0.06157112526539279,0.026167265264238068,0],"score":6.195110132921084,"debutScore":0.03896103896103896,"peakScore":0.5313935681470138,"duration":6,"genres":["hard-rock"],"role":true,"scoreFactor":1,"rank":3}],"score":24.773110132921087,"songCount":3,"songAdjustedAverage":14.302761803906236,"rank":253,"ranks":{"genre:hard-rock":{"rank":5,"total":8},"origin:sacramento":{"rank":1,"total":1}}}