{"title":"Tesla","instanceSlug":"tesla","type":{"title":"All-Male Group","artists":[],"artistCount":0,"score":0,"artistAdjustedAverage":0,"slug":"mmm"},"tags":[],"genres":[{"instanceSlug":"hard-rock","title":"Hard Rock","parents":["rock"]}],"members":[],"xref":[],"complete":true,"origin":{"title":"Sacramento","instanceSlug":"sacramento","tags":[],"parents":["california"]},"birth":"","death":"","songs":[{"title":"Signs","instanceSlug":1938,"tags":[],"parents":[],"genre":"hard-rock","debut":"1991-02","playlists":["inanimate"],"ranks":{},"scores":[0.03896103896103896,0.15406809001731103,0.2515644555694619,0.41043723554301825,0.5313935681470138,0.5290548873606703,0.5220388450016401,0.5103454410699229,0.49397467556551883,0.4729265484884279,0.44720105983865016,0.41679820961618547,0.38171799782103394,0.3419604244531956,0.2975254895126703,0.24841319299945824,0.19462353491355924,0.13615651525497338,0.0730121340237006,0.005190391219740983],"ascent":[0.03896103896103896,0.15406809001731103,0.2515644555694619,0.41043723554301825,0.5313935681470138],"descent-weeks":15.07379736863756,"messages":[],"score":6.457363735377193,"debutScore":0.03896103896103896,"peakScore":0.5313935681470138,"duration":5,"genres":["hard-rock"],"role":true,"scoreFactor":1,"rank":1},{"title":"What You Give","instanceSlug":1202,"tags":[],"parents":[],"genre":"hard-rock","debut":1992,"playlists":[],"ranks":{},"scores":[0.075,0.267,0.402,0.582,0.694,0.6870579995676402,0.666231998270561,0.6315219961087625,0.5829279930822444,0.5204499891910068,0.44408798443505,0.3538419788143736,0.2497119723289778,0.13169796497886244],"ascent":[0.075,0.267,0.402,0.582,0.694],"descent-weeks":9.998559077809798,"messages":[],"score":6.287529876777478,"debutScore":0.075,"peakScore":0.694,"duration":4,"genres":["hard-rock"],"role":true,"scoreFactor":1,"rank":2},{"title":"Love Song","instanceSlug":1329,"tags":[],"parents":[],"genre":"rock","debut":"1989-11","playlists":["love","ballad"],"ranks":{},"scores":[0.075,0.267,0.402,0.582,0.694,0.6870036592627422,0.6660146370509687,0.6310329333646798,0.5820585482038751,0.519091481568555,0.44213173345871914,0.3511793038743677,0.24623419281550069,0.12729640028211814],"ascent":[0.075,0.267,0.402,0.582,0.694],"descent-weeks":9.959654178674352,"messages":[],"score":6.2720428898815275,"debutScore":0.075,"peakScore":0.694,"duration":4,"genres":["rock"],"role":true,"scoreFactor":1,"rank":3}],"score":19.0169365020362,"songCount":3,"songAdjustedAverage":10.97943340861262,"rank":211,"ranks":{"genre:hard-rock":{"rank":5,"total":8},"origin:sacramento":{"rank":1,"total":1}}}