{"title":"Tesla","instanceSlug":"tesla","type":{"title":"All-Male Group","artists":[],"artistCount":0,"score":0,"artistAdjustedAverage":0,"slug":"mmm"},"tags":[],"genres":[{"instanceSlug":"hard-rock","title":"Hard Rock","parents":["rock"]}],"members":[],"xref":[],"complete":true,"origin":{"title":"Sacramento","instanceSlug":"sacramento","tags":[],"parents":["california"]},"birth":"","death":"","songs":[{"title":"What You Give","instanceSlug":1202,"tags":[],"parents":[],"genre":"hard-rock","debut":1992,"playlists":[],"ranks":{},"scores":[0.075,0.267,0.402,0.582,0.694,0.662,0.633,0.602,0.563,0.5239999999999999,0.44599999999999984,0.32899999999999974,0.1729999999999996,0],"ascent":[0.075,0.267,0.402,0.582,0.694],"descent-weeks":3.6916902017291062,"ascent-weeks":4.36599423631124,"peak":0.694,"messages":[],"unscored":false,"score":3.7280219999999993,"duration":2,"genres":["hard-rock"],"role":true,"scoreFactor":1,"totalScore":3.7280219999999993,"rank":1},{"title":"Love Song","instanceSlug":1329,"tags":[],"parents":[],"genre":"rock","debut":"1989-11","playlists":["love","ballad"],"ranks":{},"scores":[0.075,0.267,0.402,0.582,0.694,0.662,0.633,0.602,0.563,0.506,0.44900000000000007,0.3350000000000002,0.16400000000000037,0],"ascent":[0.075,0.267,0.402,0.582,0.694],"descent-weeks":3.6673659942363117,"ascent-weeks":4.36599423631124,"peak":0.694,"messages":[],"unscored":false,"score":3.7167679999999996,"duration":2,"genres":["rock"],"role":true,"scoreFactor":1,"totalScore":3.7167679999999996,"rank":2},{"title":"Signs","instanceSlug":1938,"tags":[],"parents":[],"genre":"hard-rock","debut":"1991-02","playlists":["inanimate"],"ranks":{},"scores":[0.03896103896103896,0.15406809001731103,0.2515644555694619,0.41043723554301825,0.5313935681470138,0.4947683109118087,0.4630577907827359,0.4306151645207439,0.39178844815588026,0.3386880856760375,0.3342228152101401,0.32538104705102716,0.3123359580052493,0.29533678756476683,0.2746972594008923,0.2507817385866167,0.2239902080783354,0.1947431302270012,0.1634671320535195,0.13058224985867722,0.09649122807017543,0.06157112526539279,0.026167265264238068,0],"ascent":[0.03896103896103896,0.15406809001731103,0.2515644555694619,0.41043723554301825,0.5313935681470138],"descent-weeks":5.632997432738394,"ascent-weeks":3.913552415789534,"peak":0.5313935681470138,"messages":[],"unscored":false,"score":3.381983458335059,"duration":3,"genres":["hard-rock"],"role":true,"scoreFactor":1,"totalScore":3.381983458335059,"rank":3}],"songCount":3,"songAdjustedAverage":6.250840570624842,"collaborators":[],"rank":243,"ranks":{"genre:hard-rock":{"rank":5,"total":8},"origin:sacramento":{"rank":1,"total":1}}}