{"title":"Tevin Campbell","instanceSlug":"tevin-campbell","tags":[],"parents":[],"genres":[{"instanceSlug":"soul","title":"Soul","parents":["urban"]}],"members":[],"xref":[],"complete":false,"origin":"","birth":"","death":"","type":{"title":"Solo Male","artists":[],"artistCount":0,"score":0,"artistAdjustedAverage":0,"slug":"m"},"songs":[{"title":"Tell Me","instanceSlug":1509,"tags":[],"parents":[],"genre":"soul","debut":"1991-12","playlists":[],"ranks":{},"scores":[0.097,0.269,0.42200000000000004,0.4685,0.497,0.5135000000000001,0.5155000000000001,0.5045,0.4945,0.20800000000000002,0.45799999999999996,0.44299999999999995,0.4215,0.397,0.371,0.3385,0.2975,0.275,0.2475,0.215,0.183,0.1705,0.1555,0.138,0.118,0.0955,0.0705,0.043,0.013,0],"score":8.440499999999998,"debutScore":0.097,"peakScore":0.5155000000000001,"duration":8,"genres":["soul"],"role":true,"scoreFactor":1,"rank":1},{"title":"Strawberry Letter 23","instanceSlug":3060,"tags":[],"parents":[],"genre":"pop","debut":"1992-06","playlists":["remake","summer"],"ranks":{},"scores":[0.097,0.269,0.42200000000000004,0.4685,0.497,0.5135000000000001,0.5155000000000001,0.5045,0.4945,0.20800000000000002,0.45799999999999996,0.44299999999999995,0.4215,0.397,0.371,0.3385,0.2975,0.275,0.2475,0.215,0.183,0.1705,0.1555,0.138,0.118,0.0955,0.0705,0.043,0.013,0],"score":8.440499999999998,"debutScore":0.097,"peakScore":0.5155000000000001,"duration":8,"genres":["pop"],"role":true,"scoreFactor":1,"rank":2},{"title":"Round and Round","instanceSlug":1142,"tags":[],"genre":"pop","debut":1991,"playlists":[],"scores":[0.1,0.267,0.463,0.546,0.592,0.58,0.575,0.565,0.55,0.53,0.505,0.475,0.44,0.4,0.355,0.305,0.25,0.19,0.125,0.055,0],"ranks":{},"score":7.868000000000001,"debutScore":0.1,"peakScore":0.592,"duration":6,"genres":["pop"],"role":true,"scoreFactor":1,"rank":3},{"title":"Can We Talk","instanceSlug":704,"tags":[],"parents":[],"genre":"soul","debut":"1993-10","playlists":[],"ranks":{},"scores":[0.097,0.271,0.381,0.391,0.402,0.394,0.386,0.376,0.356,0.319,0.314,0.304,0.289,0.269,0.244,0.214,0.179,0.139,0.094,0.044,0],"score":5.463000000000001,"debutScore":0.097,"peakScore":0.402,"duration":6,"genres":["soul"],"role":true,"scoreFactor":1,"rank":4}],"score":30.212,"songCount":4,"songAdjustedAverage":15.106,"rank":207,"ranks":{"genre:soul":{"rank":13,"total":42}}}