{"title":"Thelma Houston","instanceSlug":"thelma-houston","tags":[],"parents":[],"genres":[],"members":[],"xref":[],"complete":false,"origin":"","birth":"","death":"","songs":[{"title":"Don't Leave Me This Way","instanceSlug":2483,"tags":["#1","#1-hot-100","#1-r&b"],"parents":[],"genre":"disco","debut":1977,"playlists":[],"ranks":{},"scores":[0.145,0.537,1,0.9753940792003076,0.9015763168012303,0.7785467128027683,0.6063052672049214,0.3848519800076897,0.11418685121107308],"ascent":[0.145,0.537,1],"descent-weeks":6.375000000000002,"messages":[],"score":5.44286120722799,"debutScore":0.145,"peakScore":1,"duration":2,"genres":["disco"],"role":true,"scoreFactor":1,"rank":1}],"score":5.44286120722799,"songCount":1,"songAdjustedAverage":5.44286120722799,"rank":670}