{"title":"Third Eye Blind","instanceSlug":"third-eye-blind","tags":[],"parents":[],"genres":[],"members":[],"xref":[],"complete":false,"origin":"","birth":"","death":"","type":{"title":"All-Male Group","artists":[],"artistCount":0,"score":0,"artistAdjustedAverage":0,"slug":"mmm"},"songs":[{"title":"Semi-Charmed Life","instanceSlug":403,"tags":[],"genre":"alternative","debut":1997,"playlists":[],"scores":[0.077,0.249,0.51,0.59,0.5789950381515775,0.54598015260631,0.49095534336419755,0.4139206104252401,0.31487595378943767,0.19382137345679035,0.05075686942729794],"ascent":[0.077,0.249,0.51,0.59],"descent-weeks":7.3220338983050866,"messages":[],"ranks":{},"score":4.01530534122085,"debutScore":0.077,"peakScore":0.59,"duration":3,"genres":["alternative"],"role":true,"scoreFactor":1,"rank":1}],"score":4.01530534122085,"songCount":1,"songAdjustedAverage":4.01530534122085,"rank":945}