{"title":"Thomas Dolby","instanceSlug":"thomas-dolby","tags":[],"parents":[],"genres":[],"members":[],"xref":[],"complete":false,"origin":"","birth":"","death":"","songs":[{"title":"She Blinded Me with Science","instanceSlug":605,"tags":[],"genres":["pop"],"debut":"1983-04","playlists":["unique-words"],"scores":[0.1,0.563,0.768,0.7575057133921311,0.7260228535685244,0.6735514205291799,0.6000914142740976,0.5056428348032775,0.3902056821167195,0.25377995621442373,0.09636565709639024],"ascent":[0.1,0.563,0.768],"descent-weeks":8.554687499999996,"messages":[],"ranks":{},"score":5.4341655319947435,"debutScore":0.1,"peakScore":0.768,"duration":3,"role":true,"scoreFactor":1,"rank":1}],"score":5.4341655319947435,"songCount":1,"songAdjustedAverage":5.4341655319947435,"rank":675}