{"title":"Three Dog Night","instanceSlug":"three-dog-night","tags":[],"parents":[],"genres":[],"members":[],"xref":[],"complete":false,"origin":"","birth":"","death":"","songs":[{"title":"Black & White","instanceSlug":477,"tags":[],"genres":[],"debut":1972,"playlists":["colors"],"scores":[0.2,0.4,0.65,0.72,0.73,0.7222720593019034,0.6990882372076137,0.6604485337171309,0.606352948830455,0.536801482547586,0.4517941348685237,0.3513309057932684,0.23541179532181994,0.10403680345417846],"ascent":[0.2,0.4,0.65,0.72,0.73],"descent-weeks":9.719178082191776,"messages":[],"ranks":{},"score":7.067536901042479,"debutScore":0.2,"peakScore":0.73,"duration":4,"role":true,"scoreFactor":1,"rank":1}],"score":7.067536901042479,"songCount":1,"songAdjustedAverage":7.067536901042479,"rank":473}