{"title":"Til Tuesday","instanceSlug":"til-tuesday","tags":[],"parents":[],"genres":[{"instanceSlug":"pop-rock","title":"Pop-Rock","parents":["pop"]}],"members":[],"xref":[],"complete":true,"origin":{"title":"Boston","instanceSlug":"boston","tags":[],"parents":["us"]},"birth":"","death":"","type":{"title":"Mixed Group, Female Lead","artists":[],"artistCount":0,"score":0,"artistAdjustedAverage":0,"slug":"fmm"},"songs":[{"title":"What About Love","instanceSlug":1036,"tags":[],"parents":[],"genre":"rock","debut":"1986-11","playlists":[],"ranks":{},"scores":[0.097,0.351,0.546,0.602,0.633,0.595,0.5569999999999999,0.48099999999999987,0.36699999999999977,0.21499999999999964,0.024999999999999467,0],"ascent":[0.097,0.351,0.546,0.602,0.633],"descent-weeks":1.929705897840968,"ascent-weeks":5.281990521327014,"peak":0.633,"messages":[],"unscored":false,"score":3.043335888888888,"duration":2,"genres":["rock"],"role":true,"scoreFactor":1,"totalScore":3.043335888888888,"rank":1},{"title":"Voices Carry","instanceSlug":2261,"tags":[],"genre":"pop","debut":"1985-06","playlists":[],"scores":[0.06493517521485907,0.20301020464749156,0.3018005417334737,0.3417822727277001,0.34049378148769893,0.32036673911239577,0.28963567847687105,0.2533831990831219,0.21318416564794027,0.17113569966537778,0.13318152129973762,0.10257039188766756,0.07891734133222605,0.06001314087329579,0.04491139597641368,0.03280764065926471,0.023152393925800742,0.015692574550316155,0.010074380853091296,0.004456187155866438,0],"ascent":[0.06493517521485907,0.20301020464749156,0.3018005417334737,0.3417822727277001],"descent-weeks":1.987908359473083,"ascent-weeks":4.000477498651945,"peak":0.3417822727277001,"messages":[],"ranks":{},"unscored":false,"score":1.3644827523735938,"duration":2,"genres":["pop"],"role":true,"scoreFactor":1,"totalScore":1.3644827523735938,"rank":2}],"songCount":2,"songAdjustedAverage":3.116798451477175,"collaborators":[],"rank":667,"ranks":{"genre:pop-rock":{"rank":24,"total":25},"origin:boston":{"rank":14,"total":14}}}