{"title":"Timbaland","instanceSlug":"timbaland","tags":[],"parents":[],"genres":[],"members":[],"xref":[],"complete":false,"origin":"","birth":"","death":"","songs":[{"title":"Love Never Felt So Good","instanceSlug":"Zxwm","tags":[],"genres":["disco","soul"],"debut":2014,"playlists":[],"scores":[0.028277634961439587,0.11111111111111112,0.1806375442739079,0.2562814070351758,0.30123617436564737,0.265022137887413,0.2610340479192938,0.2531328320802005,0.24146492861576663,0.22624156958920907,0.2077294685990338,0.18623962040332148,0.1621150493898896,0.1357183418512209,0.10741971207087486,0.07758620689655171,0.04657247514390371,0.014713343480466769,0],"ascent":[0.028277634961439587,0.11111111111111112,0.1806375442739079,0.2562814070351758,0.30123617436564737],"descent-weeks":12.380116266887764,"ascent-weeks":4.369713598948937,"peak":0.30123617436564737,"messages":[],"ranks":{},"unscored":false,"score":1.6818848900200374,"duration":4,"role":"producer","scoreFactor":0.5,"totalScore":3.3637697800400748,"rank":1},{"title":"SexyBack","instanceSlug":2259,"tags":["#1","#1-hot-100"],"parents":[],"genre":"dance-pop","debut":2006,"playlists":[],"ranks":{},"scores":[0.055,0.2,0.306,0.408,0.463,0.419,0.37499999999999994,0.28699999999999987,0.15499999999999975,0],"ascent":[0.055,0.2,0.306,0.408,0.463],"descent-weeks":5.504319654427644,"ascent-weeks":4.639308855291576,"peak":0.463,"messages":[],"unscored":false,"score":0.6261999999999999,"duration":3,"genres":["dance-pop"],"role":"feature","scoreFactor":0.2,"totalScore":3.1309999999999993,"rank":2}],"score":2.3080848900200372,"songCount":2,"songAdjustedAverage":1.632062477287375,"rank":1160}