{"title":"Tone Loc","instanceSlug":"tone-loc","tags":[],"roles":[{"title":"Rapper","instanceSlug":"rapper"}],"genres":[{"instanceSlug":"rap","title":"Rap","parents":["urban"]}],"xref":[],"complete":true,"origin":{"title":"Los Angeles","instanceSlug":"los-angeles","tags":[],"parents":["california"]},"birth":1966,"death":"","type":{"title":"Solo Male","artists":[],"artistCount":0,"score":0,"artistAdjustedAverage":0,"slug":"m"},"songs":[{"title":"Funky Cold Medina","instanceSlug":8,"tags":["drink"],"genre":"rap","debut":"1989-04","scores":[0.21,0.412951,0.5556123614763375,0.657477963561,0.6446,0.6317079999999999,0.6059239999999999,0.5672479999999999,0.5156799999999999,0.45121999999999995,0.373868,0.283624,0.18048799999999998,0.06445999999999999,0],"ascent":[0.21,0.412951,0.5556123614763375,0.657477963561],"descent-weeks":11.35315152604192,"ascent-weeks":4.188827824189865,"peak":0.657477963561,"messages":[],"ranks":{},"unscored":false,"score":6.812339288598338,"duration":4,"genres":["rap"],"playlists":[],"role":true,"scoreFactor":1,"totalScore":6.812339288598338,"rank":1},{"title":"Wild Thing","instanceSlug":1932,"tags":["#2","#2-hot-100"],"parents":[],"genre":"rap","debut":"1989-01","playlists":[],"ranks":{},"scores":[0.097,0.158,0.232,0.188,0.144,0.055999999999999966,0],"ascent":[0.097,0.158,0.232],"descent-weeks":4.008620689655172,"ascent-weeks":3.1487068965517238,"peak":0.232,"messages":[],"unscored":false,"score":1.1069999999999998,"duration":2,"genres":["rap"],"role":true,"scoreFactor":1,"totalScore":1.1069999999999998,"rank":2}],"score":7.919339288598337,"songCount":2,"songAdjustedAverage":5.599818513484933,"rank":694,"ranks":{"genre:rap":{"rank":10,"total":14},"origin:los-angeles":{"rank":26,"total":31}}}