{"title":"Toni Braxton","instanceSlug":"toni-braxton","tags":[],"parents":[],"genres":[],"members":[],"xref":[],"complete":false,"origin":"","birth":"","death":"","type":{"title":"Solo Female","artists":[],"artistCount":0,"score":0,"artistAdjustedAverage":0,"slug":"f"},"songs":[{"title":"Another Sad Love Song","instanceSlug":733,"tags":[],"genre":"soul","debut":"1993-09","playlists":[],"scores":[0.177,0.446,0.689,0.68,0.659,0.636,0.613,0.567,0.4979999999999999,0.4059999999999998,0.2909999999999997,0.15299999999999958,0],"ascent":[0.177,0.446,0.689],"descent-weeks":4.084272859216254,"ascent-weeks":2.8563134978229314,"peak":0.689,"messages":[],"ranks":{},"unscored":false,"score":3.1880426666666652,"duration":2,"genres":["soul"],"role":true,"scoreFactor":1,"totalScore":3.1880426666666652,"rank":1},{"title":"Unbreak My Heart","instanceSlug":1914,"tags":[],"genre":"soul","debut":"1997-02","playlists":["ballad","breakup","feb13"],"scores":[0.12,0.34,0.59,0.585,0.575,0.565,0.554,0.539,0.51,0.481,0.42299999999999993,0.33599999999999985,0.21999999999999975,0.07499999999999962,0],"ascent":[0.12,0.34,0.59],"descent-weeks":5.0085959039548,"ascent-weeks":2.6694915254237293,"peak":0.59,"messages":[],"ranks":{},"unscored":false,"score":3.020047722222221,"duration":2,"genres":["soul"],"role":true,"scoreFactor":1,"totalScore":3.020047722222221,"rank":2},{"title":"Breathe Again","instanceSlug":"1601","tags":[],"genre":"soul","debut":"1993-11","playlists":[],"scores":[0.07166666666666667,0.2856666666666667,0.49499999999999994,0.5223333333333334,0.5159999999999999,0.5,0.4840000000000001,0.4520000000000003,0.4040000000000006,0.34000000000000097,0.26000000000000145,0.16400000000000203,0.05200000000000271,0],"ascent":[0.07166666666666667,0.2856666666666667,0.49499999999999994,0.5223333333333334],"descent-weeks":2.9876476813444044,"ascent-weeks":3.947670708359923,"peak":0.5223333333333334,"messages":[],"ranks":{},"unscored":false,"score":2.4150319814814853,"duration":2,"genres":["soul"],"role":true,"scoreFactor":1,"totalScore":2.4150319814814853,"rank":3},{"title":"You're Making Me High","instanceSlug":1391,"tags":["make-me","you-make","you-make-me"],"genre":"urban","debut":"1996-11","playlists":[],"scores":[0.018,0.171,0.306,0.402,0.414,0.397,0.365,0.33299999999999996,0.2689999999999999,0.17299999999999982,0.04499999999999971,0],"ascent":[0.018,0.171,0.306,0.402,0.414],"descent-weeks":1.3286578099838962,"ascent-weeks":4.75,"peak":0.414,"messages":[],"ranks":{},"unscored":false,"score":1.6777095555555552,"duration":2,"genres":["urban"],"role":true,"scoreFactor":1,"totalScore":1.6777095555555552,"rank":4},{"title":"You Mean the World to Me","instanceSlug":"OdXO","tags":[],"parents":[],"genre":"urban","debut":1994,"playlists":["ballad"],"scores":[0.06598375312412476,0.2030776914068183,0.301193056620186,0.3409478984765868,0.33869552436382544,0.31621087087990923,0.2804605085557297,0.23605975052257092,0.1847485791349194,0.13213155898292103,0.08683325564508472,0.05540771863219488,0.037322633991217026,0.025642385465293193,0.017464780240631188,0.012401993777415035,0.00847955684400092,0.005640842655814561,0.003514996331278461,0.0020604294654008285,0.0010981486048028386,0.0005138044865102334,0.00013287517462162206,0.000022917314953645,0.00000564962175710012,0],"ascent":[0.06598375312412476,0.2030776914068183,0.301193056620186,0.3409478984765868],"descent-weeks":1.5278802504111637,"ascent-weeks":4.008834210589608,"peak":0.3409478984765868,"messages":[],"ranks":{},"unscored":false,"score":1.258487439962094,"duration":2,"genres":["urban"],"role":true,"scoreFactor":1,"totalScore":1.258487439962094,"rank":5},{"title":"You Mean the World To Me","instanceSlug":"moJ4","tags":[],"parents":[],"debut":1994,"playlists":["ballad"],"scores":[0.06581977835439744,0.20259184581534795,0.3005097469163154,0.34019614068238174,0.33794743792594983,0.31550081599482915,0.27981578190486867,0.23550355543987567,0.18430329479853,0.13180756655698672,0.08661816825836269,0.05526984538666739,0.03722960254776855,0.02557841971606358,0.01742119756956837,0.012371040029866092,0.008458391047210894,0.005626761902330062,0.003506221929387613,0.00205528600395918,0.0010954072754859043,0.000512521863490083,0.00013254347459526141,0.00002286010580067594,0.0000056355184430747004,0],"ascent":[0.06581977835439744,0.20259184581534795,0.3005097469163154,0.34019614068238174],"descent-weeks":1.5242004902225523,"ascent-weeks":4.008500110898779,"peak":0.34019614068238174,"messages":[],"ranks":{},"unscored":false,"score":1.25480226136838,"duration":2,"role":true,"scoreFactor":1,"totalScore":1.25480226136838,"rank":6},{"title":"Give U My Heart","instanceSlug":1867,"tags":[],"genre":"pop","debut":"1992-09","source":"boomerang","playlists":[],"scores":[0.07166666666666667,0.2856666666666667,0.49499999999999994,0.5223333333333334,0.5159999999999999,0.5,0.4840000000000001,0.4520000000000003,0.4040000000000006,0.34000000000000097,0.26000000000000145,0.16400000000000203,0.05200000000000271,0],"ascent":[0.07166666666666667,0.2856666666666667,0.49499999999999994,0.5223333333333334],"descent-weeks":2.9876476813444044,"ascent-weeks":3.947670708359923,"peak":0.5223333333333334,"messages":[],"ranks":{},"unscored":false,"score":0.4830063962962971,"duration":2,"genres":["pop"],"sources":["boomerang"],"role":"feature","scoreFactor":0.2,"totalScore":2.4150319814814853,"rank":7}],"songCount":7,"songAdjustedAverage":5.025841985958323,"collaborators":[{"slug":"babyface","title":"Babyface","songCount":5,"score":3.516014897114071},{"slug":"daryl-simmons","title":"Daryl Simmons","songCount":3,"score":3.291665777402675},{"slug":"diane-warren","title":"Diane Warren","songCount":1,"score":3.020047722222221},{"slug":"bryce-wilson","title":"MISSING 'bryce-wilson'","songCount":1,"score":1.6777095555555552},{"slug":"la-reid","title":"LA Reid","songCount":2,"score":1.7771641908970908}],"rank":382}