{"title":"Tracy Chapman","instanceSlug":"tracy-chapman","tags":[],"parents":[],"genres":[],"members":[],"xref":[],"complete":false,"origin":"","birth":"","death":"","type":{"title":"Solo Female","artists":[],"artistCount":0,"score":0,"artistAdjustedAverage":0,"slug":"f"},"songs":[{"title":"Fast Car","instanceSlug":546,"tags":[],"parents":[],"debut":1988,"playlists":[],"ranks":{},"scores":[0.055,0.185,0.37,0.414,0.4114196675900277,0.4036786703601108,0.3907770083102493,0.37271468144044323,0.34949168975069256,0.3211080332409973,0.28756371191135743,0.24885872576177295,0.20499307479224385,0.15596675900277018,0.10177977839335195,0.04243213296398916],"ascent":[0.055,0.185,0.37,0.414],"descent-weeks":12.66666666666667,"messages":[],"score":4.314783933518006,"debutScore":0.055,"peakScore":0.414,"duration":4,"role":true,"scoreFactor":1,"rank":1},{"title":"Give Me One Reason","instanceSlug":590,"tags":[],"parents":[],"genre":"pop","debut":"1996-09","playlists":[],"ranks":{},"scores":[0.055,0.185,0.37,0.414,0.4051150148079029,0.3784600592316118,0.3340351332711266,0.2718402369264474,0.19187537019757403,0.09414053308450654],"ascent":[0.055,0.185,0.37,0.414],"descent-weeks":6.82608695652174,"messages":[],"score":2.699466347519169,"debutScore":0.055,"peakScore":0.414,"duration":3,"genres":["pop"],"role":true,"scoreFactor":1,"rank":2}],"score":7.014250281037175,"songCount":2,"songAdjustedAverage":4.959823938661033,"rank":707}