{"title":"Tracy Chapman","instanceSlug":"tracy-chapman","tags":[],"parents":[],"genres":[],"members":[],"xref":[],"complete":false,"origin":"","birth":"","death":"","type":{"title":"Solo Female","artists":[],"artistCount":0,"score":0,"artistAdjustedAverage":0,"slug":"f"},"songs":[{"title":"Fast Car","instanceSlug":546,"tags":[],"parents":[],"debut":1988,"playlists":[],"ranks":{},"scores":[0.055,0.185,0.37,0.414,0.394,0.367,0.311,0.306,0.296,0.281,0.261,0.236,0.206,0.171,0.131,0.086,0.036,0],"ascent":[0.055,0.185,0.37,0.414],"descent-weeks":3.1807407407407418,"ascent-weeks":3.710144927536232,"peak":0.414,"messages":[],"unscored":false,"score":1.9018844444444447,"duration":2,"role":true,"scoreFactor":1,"totalScore":1.9018844444444447,"rank":1},{"title":"Give Me One Reason","instanceSlug":590,"tags":[],"parents":[],"genre":"pop","debut":"1996-09","playlists":[],"ranks":{},"scores":[0.055,0.185,0.37,0.414,0.394,0.367,0.311,0.255,0.14300000000000002,0],"ascent":[0.055,0.185,0.37,0.414],"descent-weeks":1.1027922705314013,"ascent-weeks":3.710144927536232,"peak":0.414,"messages":[],"unscored":false,"score":1.3283706666666666,"duration":2,"genres":["pop"],"role":true,"scoreFactor":1,"totalScore":1.3283706666666666,"rank":2}],"songCount":2,"songAdjustedAverage":2.284135294029171,"collaborators":[],"rank":783}