{"title":"UB40","instanceSlug":"ub40","tags":[],"parents":[],"genres":[],"members":[],"xref":[],"complete":false,"origin":{"title":"United Kingdom","instanceSlug":"uk","tags":[],"parents":[]},"birth":"","death":"","type":{"title":"All-Male Group","artists":[],"artistCount":0,"score":0,"artistAdjustedAverage":0,"slug":"mmm"},"songs":[{"title":"The Way You Do The Things You Do","instanceSlug":1168,"tags":["","remake","thing","way"],"parents":[],"genre":"pop","debut":1991,"playlists":[],"ranks":{},"scores":[0.036,0.145,0.232,0.267,0.306,0.3036743195266272,0.29669727810650887,0.28506887573964496,0.2687891124260355,0.24785798816568047,0.2222755029585799,0.19204165680473376,0.15715644970414208,0.11761988165680479,0.07343195266272196,0.024592662721893616],"ascent":[0.036,0.145,0.232,0.267,0.306],"descent-weeks":11.47058823529412,"messages":[],"score":3.175205680473373,"debutScore":0.036,"peakScore":0.306,"duration":4,"genres":["pop"],"role":true,"scoreFactor":1,"rank":1},{"title":"Red Red Wine","instanceSlug":561,"tags":[],"debut":"1988-08","playlists":["colors"],"remake":true,"scores":[0.036,0.145,0.232,0.267,0.306,0.3036743195266272,0.29669727810650887,0.28506887573964496,0.2687891124260355,0.24785798816568047,0.2222755029585799,0.19204165680473376,0.15715644970414208,0.11761988165680479,0.07343195266272196,0.024592662721893616],"ascent":[0.036,0.145,0.232,0.267,0.306],"descent-weeks":11.47058823529412,"messages":[],"ranks":{},"score":3.175205680473373,"debutScore":0.036,"peakScore":0.306,"duration":4,"role":true,"scoreFactor":1,"rank":2},{"title":"Higher Ground","instanceSlug":1174,"tags":["ground","higher"],"parents":[],"genre":"pop","debut":"1993-11","playlists":[],"ranks":{},"scores":[0.036,0.145,0.232,0.267,0.306,0.3006994813735692,0.2847979254942768,0.2582953323621228,0.2211917019771072,0.17348703433923002,0.1151813294484912,0.046274587304890806],"ascent":[0.036,0.145,0.232,0.267,0.306],"descent-weeks":7.598039215686276,"messages":[],"score":2.385927392299688,"debutScore":0.036,"peakScore":0.306,"duration":3,"genres":["pop"],"role":true,"scoreFactor":1,"rank":3}],"score":8.736338753246434,"songCount":3,"songAdjustedAverage":5.043927530918588,"rank":701,"ranks":{"origin:uk":{"rank":32,"total":55}}}