{"title":"Vanessa Williams","instanceSlug":"vanessa-williams","tags":[],"parents":[],"genres":[],"members":[],"xref":[],"complete":false,"origin":"","birth":"","death":"","type":{"title":"Solo Female","artists":[],"artistCount":0,"score":0,"artistAdjustedAverage":0,"slug":"f"},"songs":[{"title":"Save the Best for Last","instanceSlug":390,"tags":["#1","#1-r&b"],"genres":["pop","adult-contemporary"],"debut":1992,"playlists":["ballad"],"scores":[0.132,0.29,0.437,0.656,0.737,0.694,0.6509999999999999,0.5649999999999998,0.4359999999999997,0.26399999999999957,0.04899999999999938,0],"ascent":[0.132,0.29,0.437,0.656,0.737],"descent-weeks":6.9118046132971465,"ascent-weeks":4.5834464043419265,"peak":0.737,"messages":[],"ranks":{},"unscored":false,"score":5.647999999999998,"duration":3,"role":true,"scoreFactor":1,"totalScore":5.647999999999998,"rank":1},{"title":"Just for Tonight","instanceSlug":1659,"tags":[],"genre":"soul","debut":1992,"playlists":[],"scores":[0.1,0.2625,0.4255,0.5435,0.5695,0.5455,0.5215,0.4734999999999999,0.40149999999999986,0.30549999999999977,0.18549999999999967,0.04149999999999954,0],"ascent":[0.1,0.2625,0.4255,0.5435,0.5695],"descent-weeks":8.017559262510973,"ascent-weeks":5.007023705004391,"peak":0.5695,"messages":[],"ranks":{},"unscored":false,"score":4.944999999999999,"duration":3,"genres":["soul"],"role":true,"scoreFactor":1,"totalScore":4.944999999999999,"rank":2},{"title":"Running Back to You","instanceSlug":954,"tags":["back","run","to-you","you"],"parents":[],"genre":"pop","debut":"1991-09","playlists":[],"ranks":{},"scores":[0.067,0.235,0.414,0.431,0.402,0.37300000000000005,0.3150000000000001,0.2280000000000002,0.11200000000000032,0],"ascent":[0.067,0.235,0.414,0.431],"descent-weeks":6.47679814385151,"ascent-weeks":3.991879350348028,"peak":0.431,"messages":[],"unscored":false,"score":3.0080000000000005,"duration":3,"genres":["pop"],"role":true,"scoreFactor":1,"totalScore":3.0080000000000005,"rank":3}],"score":13.600999999999997,"songCount":3,"songAdjustedAverage":7.852541011248099,"rank":450}