{"title":"Vanessa Williams","instanceSlug":"vanessa-williams","tags":[],"parents":[],"genres":[],"members":[],"xref":[],"complete":false,"origin":"","birth":"","death":"","type":{"title":"Solo Female","artists":[],"artistCount":0,"score":0,"artistAdjustedAverage":0,"slug":"f"},"songs":[{"title":"Save the Best for Last","instanceSlug":390,"tags":["#1","#1-r&b"],"genres":["pop","adult-contemporary"],"debut":1992,"playlists":["ballad"],"scores":[0.132,0.29,0.437,0.656,0.737,0.721572889782031,0.6752915591281242,0.5981560080382795,0.4901662365124968,0.35132224455077626,0.18162403215311787],"ascent":[0.132,0.29,0.437,0.656,0.737],"descent-weeks":6.9118046132971465,"messages":[],"ranks":{},"score":5.270132970164826,"debutScore":0.132,"peakScore":0.737,"duration":3,"role":true,"scoreFactor":1,"rank":1},{"title":"Just for Tonight","instanceSlug":1659,"tags":[],"genre":"soul","debut":1992,"playlists":[],"scores":[0.1,0.2625,0.4255,0.5435,0.5695,0.560640496767467,0.5340619870698677,0.48976447090720243,0.427747948279471,0.3480124191866734,0.25055788362880976,0.1353843416058799,0.0024917931178840623],"ascent":[0.1,0.2625,0.4255,0.5435,0.5695],"descent-weeks":8.017559262510973,"messages":[],"ranks":{},"score":4.649661340563256,"debutScore":0.1,"peakScore":0.5695,"duration":3,"genres":["soul"],"role":true,"scoreFactor":1,"rank":2},{"title":"Running Back to You","instanceSlug":954,"tags":["back","run","to-you","you"],"parents":[],"genre":"pop","debut":"1991-09","playlists":[],"ranks":{},"scores":[0.067,0.235,0.414,0.431,0.4207255981886878,0.3899023927547512,0.3385303836981903,0.26660957101900495,0.17413995471719532,0.06112153479276125],"ascent":[0.067,0.235,0.414,0.431],"descent-weeks":6.47679814385151,"messages":[],"score":2.7980294351705903,"debutScore":0.067,"peakScore":0.431,"duration":3,"genres":["pop"],"role":true,"scoreFactor":1,"rank":3}],"score":12.717823745898674,"songCount":3,"songAdjustedAverage":7.342638963200814,"rank":451}