{"title":"Vanilla Ice","instanceSlug":"vanilla-ice","tags":[],"roles":[{"title":"Rapper","instanceSlug":"rapper"}],"genres":[{"instanceSlug":"rap","title":"Rap","parents":["urban"]}],"xref":[],"complete":true,"origin":{"title":"Miami","instanceSlug":"miami","tags":[],"parents":["florida"]},"birth":1968,"death":"","type":{"title":"Solo Male","artists":[],"artistCount":0,"score":0,"artistAdjustedAverage":0,"slug":"m"},"songs":[{"title":"Ice Ice Baby","instanceSlug":2923,"tags":["#1","#1-hot-100"],"parents":[],"genre":"rap","debut":"1990-10","playlists":[],"ranks":{},"scores":[0.1,0.21,0.312951,0.35561236147633757,0.357477963561,0.3446276515977258,0.3289181,0.31523776166182677,0.31,0.3038,0.2914,0.2728,0.248,0.217,0.17980000000000002,0.13640000000000002,0.08680000000000003,0.03100000000000004,0],"ascent":[0.1,0.21,0.312951,0.35561236147633757,0.357477963561],"descent-weeks":14.364220283901819,"ascent-weeks":5.606113360366711,"peak":0.357477963561,"messages":[],"unscored":false,"score":4.759302801857891,"duration":5,"genres":["rap"],"role":true,"scoreFactor":1,"totalScore":4.759302801857891,"rank":1},{"title":"Play That Funky Music","instanceSlug":1167,"sample":true,"tags":[],"parents":[],"genre":"rap","debut":"1990-12","playlists":[],"ranks":{},"scores":[0.1,0.21,0.312951,0.35561236147633757,0.357477963561,0.3446276515977258,0.3289,0.315,0.3011,0.27329999999999993,0.23159999999999986,0.17599999999999977,0.10649999999999965,0.02309999999999951,0],"ascent":[0.1,0.21,0.312951,0.35561236147633757,0.357477963561],"descent-weeks":10.312267603899556,"ascent-weeks":5.606113360366711,"peak":0.357477963561,"messages":[],"unscored":false,"score":3.7936469401960613,"duration":4,"genres":["rap"],"role":true,"scoreFactor":1,"totalScore":3.7936469401960613,"rank":2}],"score":8.552949742053952,"songCount":2,"songAdjustedAverage":6.047848761754082,"rank":644,"ranks":{"genre:rap":{"rank":8,"total":14},"origin:miami":{"rank":5,"total":6}}}