{"title":"Vertical Horizon","instanceSlug":"vertical-horizon","tags":[],"parents":[],"genres":[],"members":[],"xref":[],"complete":false,"origin":"","birth":"","death":"","type":{"title":"All-Male Group","artists":[],"artistCount":0,"score":0,"artistAdjustedAverage":0,"slug":"mmm"},"songs":[{"title":"Everything You Want","instanceSlug":1780,"tags":[],"genre":"rock","debut":"2000-02","playlists":[],"ranks":{},"scores":[0.286,1,0.971,0.942,0.909,0.88,0.849,0.818,0.7559999999999999,0.6629999999999998,0.5389999999999997,0.38399999999999956,0.1979999999999994,0],"ascent":[0.286,1],"descent-weeks":13.363499999999998,"ascent-weeks":1.929,"peak":1,"messages":[],"unscored":false,"score":10.194999999999999,"duration":4,"genres":["rock"],"role":true,"scoreFactor":1,"totalScore":10.194999999999999,"rank":1},{"title":"You're a God","instanceSlug":1781,"tags":[],"parents":[],"genre":"rock","debut":"2000-10","playlists":[],"ranks":{},"scores":[0.036,0.12,0.216,0.306,0.286,0.256,0.206,0.15599999999999997,0.05599999999999994,0],"ascent":[0.036,0.12,0.216,0.306],"descent-weeks":6.2058823529411775,"ascent-weeks":3.3235294117647056,"peak":0.306,"messages":[],"unscored":false,"score":1.9440000000000002,"duration":3,"genres":["rock"],"role":true,"scoreFactor":1,"totalScore":1.9440000000000002,"rank":2}],"score":12.139,"songCount":2,"songAdjustedAverage":8.583569216823498,"rank":388}