{"title":"Village People","instanceSlug":"village-people","tags":[],"parents":[],"genres":[{"instanceSlug":"disco","title":"Disco","parents":["dance"]}],"members":[],"xref":[],"complete":true,"origin":{"title":"New York","instanceSlug":"new-york","tags":[],"parents":["us"]},"birth":"","death":"","type":{"title":"All-Male Group","artists":[],"artistCount":0,"score":0,"artistAdjustedAverage":0,"slug":"mmm"},"songs":[{"title":"In the Navy","instanceSlug":1545,"tags":["in"],"parents":[],"genre":"disco","debut":"1979-04","playlists":[],"ranks":{},"scores":[0.097,0.278,0.463,0.484,0.47187953964767837,0.4355181585907136,0.3749158568291056,0.2900726343628544,0.18098849119196012,0.047663427316422514],"ascent":[0.097,0.278,0.463,0.484],"descent-weeks":6.319214876033058,"messages":[],"score":3.123038107938735,"debutScore":0.097,"peakScore":0.484,"duration":3,"genres":["disco"],"role":true,"scoreFactor":1,"rank":1},{"title":"YMCA","instanceSlug":64,"tags":["acronym"],"parents":[],"genre":"disco","debut":"1978-11","ranks":{},"scores":[0.097,0.278,0.463,0.484,0.47187953964767837,0.4355181585907136,0.3749158568291056,0.2900726343628544,0.18098849119196012,0.047663427316422514],"ascent":[0.097,0.278,0.463,0.484],"descent-weeks":6.319214876033058,"messages":[],"score":3.123038107938735,"debutScore":0.097,"peakScore":0.484,"duration":3,"genres":["disco"],"playlists":[],"role":true,"scoreFactor":1,"rank":2},{"title":"Macho Man","instanceSlug":375,"tags":["disco","macho","man"],"parents":[],"genre":"disco","debut":"1978-08","playlists":[],"ranks":{},"scores":[0.097,0.278,0.463,0.484,0.4566753865467255,0.3747015461869021,0.23807847892052975,0.046806184747608545],"ascent":[0.097,0.278,0.463,0.484],"descent-weeks":4.208677685950413,"messages":[],"score":2.438261596401766,"debutScore":0.097,"peakScore":0.484,"duration":2,"genres":["disco"],"role":true,"scoreFactor":1,"rank":3}],"score":8.684337812279235,"songCount":3,"songAdjustedAverage":5.013904773653063,"rank":703,"ranks":{"genre:disco":{"rank":5,"total":6},"origin:new-york":{"rank":7,"total":11}}}