{"title":"Vitamin C","instanceSlug":"vitamin-c","tags":[],"parents":[],"genres":[],"members":[],"xref":[],"complete":false,"origin":"","birth":"","death":"","type":{"title":"Solo Female","artists":[],"artistCount":0,"score":0,"artistAdjustedAverage":0,"slug":"f"},"songs":[{"title":"Me, Myself and I","instanceSlug":1431,"tags":[],"genre":"pop","debut":"1999-12","playlists":[],"scores":[0.18,0.361,0.54,0.57,0.56,0.5488000000000001,0.5264000000000001,0.49280000000000007,0.44800000000000006,0.39200000000000007,0.3248000000000001,0.24640000000000006,0.15680000000000005,0.056000000000000036,0],"ascent":[0.18,0.361,0.54,0.57],"descent-weeks":11.373684210526317,"ascent-weeks":4.344736842105263,"peak":0.57,"messages":[],"ranks":{},"unscored":false,"score":5.973,"duration":4,"genres":["pop"],"role":true,"scoreFactor":1,"totalScore":5.973,"rank":1},{"title":"Smile","instanceSlug":540,"tags":[],"debut":"1999-08","playlists":[],"scores":[0.04,0.175,0.25,0.275,0.27,0.2646,0.2538,0.23760000000000003,0.21600000000000003,0.18900000000000003,0.15660000000000002,0.11880000000000002,0.0756,0.02699999999999999,0],"ascent":[0.04,0.175,0.25,0.275],"descent-weeks":11.367272727272729,"ascent-weeks":4.036363636363635,"peak":0.275,"messages":[],"ranks":{},"unscored":false,"score":2.8240000000000003,"duration":4,"role":true,"scoreFactor":1,"totalScore":2.8240000000000003,"rank":2}],"score":8.797,"songCount":2,"songAdjustedAverage":6.220418354098059,"rank":624}