{"title":"Vitamin C","instanceSlug":"vitamin-c","tags":[],"parents":[],"genres":[],"members":[],"xref":[],"complete":false,"origin":"","birth":"","death":"","type":{"title":"Solo Female","artists":[],"artistCount":0,"score":0,"artistAdjustedAverage":0,"slug":"f"},"songs":[{"title":"Me, Myself and I","instanceSlug":1431,"tags":[],"genre":"pop","debut":"1999-12","playlists":[],"scores":[0.18,0.361,0.54,0.57,0.5655937156110349,0.5523748624441398,0.5303434404993146,0.49949944977655936,0.459842890275874,0.4113737619972586,0.3540920649407131,0.2879977991062376,0.21309096449383197,0.12937156110349626,0.036839588935230545],"ascent":[0.18,0.361,0.54,0.57],"descent-weeks":11.373684210526317,"messages":[],"ranks":{},"score":5.69142009918369,"debutScore":0.18,"peakScore":0.57,"duration":4,"genres":["pop"],"role":true,"scoreFactor":1,"rank":1},{"title":"Smile","instanceSlug":540,"tags":[],"debut":"1999-08","playlists":[],"scores":[0.04,0.175,0.25,0.275,0.27287176229006593,0.2664870491602636,0.2558458606105931,0.2409481966410544,0.22179405725164753,0.19838344244237244,0.17071635221322914,0.13879278656421762,0.1026127454953379,0.062176229006589985,0.017483237097973885],"ascent":[0.04,0.175,0.25,0.275],"descent-weeks":11.367272727272729,"messages":[],"ranks":{},"score":2.6881117187733463,"debutScore":0.04,"peakScore":0.275,"duration":4,"role":true,"scoreFactor":1,"rank":2}],"score":8.379531817957035,"songCount":2,"songAdjustedAverage":5.925223771645858,"rank":610}