{"title":"Walter Egan","instanceSlug":"walter-egan","tags":[],"parents":[],"genres":[],"members":[],"xref":[],"complete":false,"origin":"","birth":"","death":"","songs":[{"title":"Magnet and Steel","instanceSlug":1848,"tags":[],"parents":[],"genre":"pop","debut":1978,"playlists":[],"ranks":{},"scores":[0.1,0.21,0.312951,0.35561236147633757,0.357477963561,0.3557457928514649,0.35054928072285957,0.3418884271751841,0.3297632322084384,0.3141736958226225,0.2951198180177364,0.2726015987937801,0.24661903815075367,0.21717213608865696,0.18426089260749012,0.14788530770725303,0.10804538138794573,0.0647411136495683,0.017972504492120622],"ascent":[0.1,0.21,0.312951,0.35561236147633757,0.357477963561],"descent-weeks":14.365782681197157,"messages":[],"score":4.582579544713212,"debutScore":0.1,"peakScore":0.357477963561,"duration":5,"genres":["pop"],"role":true,"scoreFactor":1,"rank":1}],"score":4.582579544713212,"songCount":1,"songAdjustedAverage":4.582579544713212,"rank":797}