{"title":"Walter Egan","instanceSlug":"walter-egan","tags":[],"parents":[],"genres":[],"members":[],"xref":[],"complete":false,"origin":"","birth":"","death":"","songs":[{"title":"Magnet and Steel","instanceSlug":1848,"tags":[],"parents":[],"genre":"pop","debut":1978,"playlists":[],"ranks":{},"scores":[0.1,0.21,0.312951,0.35561236147633757,0.357477963561,0.345,0.3289181,0.31523776166182677,0.31,0.3038,0.2914,0.2728,0.248,0.217,0.17980000000000002,0.13640000000000002,0.08680000000000003,0.03100000000000004,0],"ascent":[0.1,0.21,0.312951,0.35561236147633757,0.357477963561],"descent-weeks":14.365782681197157,"ascent-weeks":5.606113360366711,"peak":0.357477963561,"messages":[],"unscored":false,"score":4.759675150260165,"duration":5,"genres":["pop"],"role":true,"scoreFactor":1,"totalScore":4.759675150260165,"rank":1}],"score":4.759675150260165,"songCount":1,"songAdjustedAverage":4.759675150260165,"rank":813}