{"title":"Was (Not Was)","instanceSlug":"was-not-was","tags":[],"parents":[],"genres":[],"members":[],"xref":[],"complete":false,"origin":"","birth":"","death":"","songs":[{"title":"Walk the Dinosaur","instanceSlug":305,"tags":[],"genre":"pop","debut":1989,"playlists":["organ","pph"],"note":"Project 4 weeks at #1.","ascent":[0.295,1],"descent-weeks":11,"ascent-weeks":1.9425,"peak":1,"messages":[],"ranks":{},"unscored":false,"score":8.628333333333332,"duration":3,"genres":["pop"],"role":true,"scoreFactor":1,"totalScore":8.628333333333332,"rank":1},{"title":"Spy in the House of Love","instanceSlug":1292,"tags":[],"genres":["urban","pop"],"debut":"1988-11","playlists":[],"ranks":{},"scores":[0.055,0.232,0.376,0.498,0.537,0.513,0.489,0.44099999999999995,0.3689999999999999,0.2729999999999998,0.1529999999999997,0.008999999999999564,0],"ascent":[0.055,0.232,0.376,0.498,0.537],"descent-weeks":7.776536312849158,"ascent-weeks":4.743016759776536,"peak":0.537,"messages":[],"unscored":false,"score":4.481999999999998,"duration":3,"role":true,"scoreFactor":1,"totalScore":4.481999999999998,"rank":2}],"score":13.11033333333333,"songCount":2,"songAdjustedAverage":9.27040560361603,"rank":342}