{"title":"Was (Not Was)","instanceSlug":"was-not-was","tags":[],"parents":[],"genres":[],"members":[],"xref":[],"complete":false,"origin":"","birth":"","death":"","songs":[{"title":"Walk the Dinosaur","instanceSlug":305,"tags":[],"parents":[],"genre":"pop","debut":1989,"playlists":["organ"],"ranks":{},"note":"Project 4 weeks at #1.","scores":[0.306,1,0.965,0.928,0.873,0.868,0.858,0.843,0.823,0.798,0.768,0.733,0.693,0.648,0.598,0.543,0.483,0.418,0.348,0.273,0.193,0.108,0.018,0],"score":14.086000000000002,"debutScore":0.306,"peakScore":1,"duration":6,"genres":["pop"],"role":true,"scoreFactor":1,"rank":1},{"title":"Spy in the House of Love","instanceSlug":1292,"tags":[],"genres":["urban","pop"],"debut":"1988-11","playlists":[],"ranks":{},"scores":[0.055,0.232,0.376,0.498,0.537,0.513,0.508,0.498,0.483,0.463,0.438,0.408,0.373,0.333,0.288,0.238,0.183,0.123,0.058,0],"score":6.6049999999999995,"debutScore":0.055,"peakScore":0.537,"duration":5,"role":true,"scoreFactor":1,"rank":2}],"score":20.691000000000003,"songCount":2,"songAdjustedAverage":14.630746409530856,"rank":243}