{"title":"Was (Not Was)","instanceSlug":"was-not-was","tags":[],"parents":[],"genres":[],"members":[],"xref":[],"complete":false,"origin":"","birth":"","death":"","songs":[{"title":"Walk the Dinosaur","instanceSlug":305,"tags":[],"genre":"pop","debut":1989,"playlists":["organ","pph"],"note":"Project 4 weeks at #1.","ascent":[0.295,1],"descent-weeks":11,"messages":[],"ranks":{},"score":8.113181818181818,"debutScore":0.295,"peakScore":1,"scores":[0.295,1,0.9917355371900827,0.9669421487603306,0.9256198347107438,0.8677685950413223,0.7933884297520661,0.7024793388429753,0.5950413223140496,0.47107438016528924,0.3305785123966941,0.17355371900826455],"duration":3,"genres":["pop"],"role":true,"scoreFactor":1,"rank":1},{"title":"Spy in the House of Love","instanceSlug":1292,"tags":[],"genres":["urban","pop"],"debut":"1988-11","playlists":[],"ranks":{},"scores":[0.055,0.232,0.376,0.498,0.537,0.5281202267266152,0.5014809069064605,0.4570820405395362,0.39492362762584216,0.31500566816537834,0.21732816215814482,0.10189110960414147],"ascent":[0.055,0.232,0.376,0.498,0.537],"descent-weeks":7.776536312849158,"messages":[],"score":4.213831741726119,"debutScore":0.055,"peakScore":0.537,"duration":3,"role":true,"scoreFactor":1,"rank":2}],"score":12.327013559907936,"songCount":2,"songAdjustedAverage":8.716514879989425,"rank":344}