{"title":"Waylon Jennings","instanceSlug":"waylon-jennings","tags":[],"parents":[],"genres":[{"instanceSlug":"country","title":"Country","parents":[]}],"members":[],"xref":[],"complete":true,"origin":{"title":"Texas","instanceSlug":"texas","tags":[],"parents":["us"]},"birth":"","death":"","type":{"title":"Solo Male","artists":[],"artistCount":0,"score":0,"artistAdjustedAverage":0,"slug":"m"},"songs":[{"title":"Luckenbach, Texas (Back to the Basics of Love)","instanceSlug":2374,"tags":["#1","#1-country"],"genre":"country","debut":1977,"playlists":[],"scores":[0.092,0.3,0.472,0.543,0.5389623180892646,0.5268492723570584,0.5066608628033813,0.4783970894282334,0.4420579522316147,0.3976434512135251,0.34515358637396465,0.28458835771293345,0.21594776523043133,0.1392318089264585,0.05444048880101476],"ascent":[0.092,0.3,0.472,0.543],"descent-weeks":11.596685082872927,"messages":[],"ranks":{},"score":5.336932953167879,"debutScore":0.092,"peakScore":0.543,"duration":4,"genres":["country"],"role":true,"scoreFactor":1,"rank":1},{"title":"Dukes of Hazzard Theme","instanceSlug":989,"tags":["#1","#1-country"],"genre":"country","debut":"1980-11","source":"dukes-of-hazzard","playlists":["tv-theme"],"ranks":{},"scores":[0.077,0.463,0.737,0.7261690453358558,0.6936761813434233,0.6395214080227025,0.5637047253736934,0.46622613339639596,0.3470856320908101,0.20628322145693614,0.043818901494773695],"ascent":[0.077,0.463,0.737],"descent-weeks":8.248982360922666,"messages":[],"score":4.9634852485145915,"debutScore":0.077,"peakScore":0.737,"duration":3,"genres":["country"],"sources":["dukes-of-hazzard"],"role":true,"scoreFactor":1,"rank":2},{"title":"We are the World","instanceSlug":"watw","tags":["#1","#1-hot-100"],"debut":1985,"playlists":["grammy","charity"],"scores":[0.097,0.381,0.521,0.4936876235207505,0.41175049408300207,0.27518861168675474,0.08400197633200827],"ascent":[0.097,0.381,0.521],"descent-weeks":4.367562380038388,"messages":[],"ranks":{},"score":0.22636287056225157,"debutScore":0.097,"peakScore":0.521,"duration":2,"role":"backup","scoreFactor":0.1,"rank":3}],"score":10.526781072244722,"songCount":3,"songAdjustedAverage":6.077639885760748,"rank":586,"ranks":{"genre:country":{"rank":15,"total":31},"origin:texas":{"rank":6,"total":9}}}