{"title":"Waylon Jennings","instanceSlug":"waylon-jennings","tags":[],"parents":[],"genres":[{"instanceSlug":"country","title":"Country","parents":[]}],"members":[],"xref":[],"complete":true,"origin":{"title":"Texas","instanceSlug":"texas","tags":[],"parents":["us"]},"birth":"","death":"","type":{"title":"Solo Male","artists":[],"artistCount":0,"score":0,"artistAdjustedAverage":0,"slug":"m"},"songs":[{"title":"Luckenbach, Texas (Back to the Basics of Love)","instanceSlug":2374,"tags":["#1","#1-country"],"genre":"country","debut":1977,"playlists":[],"scores":[0.092,0.3,0.472,0.543,0.502,0.483,0.47,0.45699999999999996,0.43099999999999994,0.3919999999999999,0.33999999999999986,0.2749999999999998,0.19699999999999973,0.10599999999999965,0.0019999999999995577,0],"ascent":[0.092,0.3,0.472,0.543],"descent-weeks":11.596685082872927,"ascent-weeks":3.8867403314917124,"peak":0.543,"messages":[],"ranks":{},"unscored":false,"score":5.6049999999999995,"duration":4,"genres":["country"],"role":true,"scoreFactor":1,"totalScore":5.6049999999999995,"rank":1},{"title":"Dukes of Hazzard Theme","instanceSlug":989,"tags":["#1","#1-country"],"genre":"country","debut":"1980-11","source":"dukes-of-hazzard","playlists":["tv-theme"],"ranks":{},"scores":[0.077,0.463,0.737,0.708,0.668,0.6280000000000001,0.5480000000000003,0.4280000000000005,0.2680000000000008,0.06800000000000117,0],"ascent":[0.077,0.463,0.737],"descent-weeks":8.248982360922666,"ascent-weeks":2.5990502035278156,"peak":0.737,"messages":[],"unscored":false,"score":5.330000000000003,"duration":3,"genres":["country"],"sources":["dukes-of-hazzard"],"role":true,"scoreFactor":1,"totalScore":5.330000000000003,"rank":2},{"title":"We are the World","instanceSlug":"watw","tags":["#1","#1-hot-100"],"debut":1985,"playlists":["grammy","charity"],"scores":[0.097,0.381,0.521,0.414,0.302,0.194,0.08600000000000002,0],"ascent":[0.097,0.381,0.521],"descent-weeks":4.367562380038388,"ascent-weeks":2.8761996161228405,"peak":0.521,"messages":[],"ranks":{},"unscored":false,"score":0.2516,"duration":2,"role":"backup","scoreFactor":0.1,"totalScore":2.516,"rank":3}],"score":11.186600000000002,"songCount":3,"songAdjustedAverage":6.458586521316669,"rank":595,"ranks":{"genre:country":{"rank":14,"total":31},"origin:texas":{"rank":6,"total":9}}}