{"title":"Weather Girls","instanceSlug":"weather-girls","tags":[],"parents":[],"genres":[],"members":[],"xref":[],"complete":false,"origin":"","birth":"","death":"","songs":[{"title":"It's Raining Men","instanceSlug":1024,"tags":[],"parents":[],"genre":"dance","debut":1983,"playlists":[],"ranks":{},"scores":[0.036,0.232,0.351,0.463,0.582,0.602,0.582,0.563,0.546,0.498,0.44999999999999996,0.35399999999999987,0.20999999999999974,0.017999999999999572,0],"ascent":[0.036,0.232,0.351,0.463,0.582,0.602],"descent-weeks":9.525747508305649,"ascent-weeks":5.646179401993356,"peak":0.602,"messages":[],"unscored":false,"score":6.089,"duration":4,"genres":["dance"],"role":true,"scoreFactor":1,"totalScore":6.089,"rank":1},{"title":"Centipede","instanceSlug":2359,"tags":[],"genres":["urban","soul","funk","dance"],"debut":"1984-12","playlists":["animals","pph"],"ascent":[0.6,1],"descent-weeks":14.6,"complete":true,"ascent-weeks":2.4000000000000004,"peak":1,"messages":[],"ranks":{},"unscored":false,"score":1.1333333333333333,"duration":4,"role":"backup","scoreFactor":0.1,"totalScore":11.333333333333332,"rank":2}],"score":7.222333333333333,"songCount":2,"songAdjustedAverage":5.106960875989642,"rank":727}