{"title":"Weather Girls","instanceSlug":"weather-girls","tags":[],"parents":[],"genres":[],"members":[],"xref":[],"complete":false,"origin":"","birth":"","death":"","songs":[{"title":"It's Raining Men","instanceSlug":1024,"tags":[],"parents":[],"genre":"dance","debut":1983,"playlists":[],"ranks":{},"scores":[0.036,0.232,0.351,0.463,0.582,0.602,0.5953656503007523,0.5754626012030094,0.5422908527067711,0.4958504048120375,0.4361412575188086,0.36316341082708437,0.27691686473686494,0.1774016192481501,0.06461767436093996],"ascent":[0.036,0.232,0.351,0.463,0.582,0.602],"descent-weeks":9.525747508305649,"messages":[],"score":5.793210335714418,"debutScore":0.036,"peakScore":0.602,"duration":4,"genres":["dance"],"role":true,"scoreFactor":1,"rank":1},{"title":"Centipede","instanceSlug":2359,"tags":[],"genres":["urban","soul","funk","dance"],"debut":"1984-12","playlists":["animals","pph"],"scores":[0.6,0.85,0.88,0.91,0.9042852855166721,0.8871411420666883,0.8585675696500487,0.8185645682667531,0.7671321379168017,0.7042702786001943,0.6299789903169312,0.544258273067012,0.4471081268504372,0.33852855166720647,0.2185195475173197,0.0870811144007772],"ascent":[0.6,0.85,0.88,0.91],"descent-weeks":12.618956043956047,"messages":[],"ranks":{},"score":1.0445435585836842,"debutScore":0.6,"peakScore":0.91,"duration":4,"role":"backup","scoreFactor":0.1,"rank":2}],"score":6.837753894298102,"songCount":2,"songAdjustedAverage":4.8350221467429115,"rank":720}