{"title":"Weather Girls","instanceSlug":"weather-girls","tags":[],"parents":[],"genres":[],"members":[],"xref":[],"complete":false,"origin":"","birth":"","death":"","songs":[{"title":"It's Raining Men","instanceSlug":1024,"tags":[],"parents":[],"genre":"dance","debut":1983,"playlists":[],"ranks":{},"scores":[0.036,0.232,0.351,0.463,0.582,0.602,0.5953656503007523,0.5754626012030094,0.5422908527067711,0.4958504048120375,0.4361412575188086,0.36316341082708437,0.27691686473686494,0.1774016192481501,0.06461767436093996],"ascent":[0.036,0.232,0.351,0.463,0.582,0.602],"descent-weeks":9.525747508305649,"messages":[],"score":5.793210335714418,"debutScore":0.036,"peakScore":0.602,"duration":4,"genres":["dance"],"role":true,"scoreFactor":1,"rank":1},{"title":"Centipede","instanceSlug":2359,"tags":[],"genres":["urban","soul","funk","dance"],"debut":"1984-12","playlists":["animals","pph"],"ascent":[0.6,1],"descent-weeks":14.6,"complete":true,"messages":[],"ranks":{},"score":1.0838318633890036,"debutScore":0.6,"peakScore":1,"scores":[0.6,1,0.9953086883092512,0.981234753237005,0.9577781947832614,0.9249390129480203,0.8827172077312817,0.8311127791330456,0.7701257271533121,0.6997560517920811,0.6200037530493525,0.5308688309251267,0.43235128541940326,0.3244511165321823,0.2071683242634641,0.08050290861324816],"duration":4,"role":"backup","scoreFactor":0.1,"rank":2}],"score":6.877042199103422,"songCount":2,"songAdjustedAverage":4.862803173492077,"rank":715}