{"title":"Weather Girls","instanceSlug":"weather-girls","tags":[],"parents":[],"genres":[],"members":[],"xref":[],"complete":false,"origin":"","birth":"","death":"","songs":[{"title":"It's Raining Men","instanceSlug":1024,"tags":[],"parents":[],"genre":"dance","debut":1983,"playlists":[],"ranks":{},"scores":[0.036,0.232,0.351,0.463,0.582,0.602,0.5953656503007523,0.5754626012030094,0.5422908527067711,0.4958504048120375,0.4361412575188086,0.36316341082708437,0.27691686473686494,0.1774016192481501,0.06461767436093996],"ascent":[0.036,0.232,0.351,0.463,0.582,0.602],"descent-weeks":9.525747508305649,"messages":[],"score":5.793210335714418,"debutScore":0.036,"peakScore":0.602,"duration":4,"genres":["dance"],"role":true,"scoreFactor":1,"rank":1},{"title":"Centipede","instanceSlug":2359,"tags":[],"genres":["urban","soul","funk","dance"],"debut":"1984-12","playlists":["animals","pph"],"ascent":[0.6,1],"descent-weeks":12.6,"complete":true,"messages":[],"ranks":{},"score":0.9505769715293525,"debutScore":0.6,"peakScore":1,"scores":[0.6,1,0.9937011841773746,0.9748047367094986,0.9433106575963719,0.8992189468379945,0.8425296044343663,0.7732426303854875,0.691358024691358,0.5968757873519779,0.4897959183673469,0.37011841773746523,0.23784328546233302,0.09297052154194996],"duration":4,"role":"backup","scoreFactor":0.1,"rank":2}],"score":6.743787307243771,"songCount":2,"songAdjustedAverage":4.768577735831838,"rank":724}