{"title":"Weather Girls","instanceSlug":"weather-girls","tags":[],"parents":[],"genres":[],"members":[],"xref":[],"complete":false,"origin":"","birth":"","death":"","songs":[{"title":"It's Raining Men","instanceSlug":1024,"tags":[],"parents":[],"genre":"dance","debut":1983,"playlists":[],"ranks":{},"scores":[0.036,0.232,0.351,0.463,0.582,0.602,0.582,0.563,0.546,0.498,0.493,0.483,0.468,0.448,0.423,0.393,0.358,0.318,0.273,0.223,0.168,0.108,0.043,0],"score":8.654,"debutScore":0.036,"peakScore":0.602,"duration":6,"genres":["dance"],"role":true,"scoreFactor":1,"rank":1},{"title":"Centipede","instanceSlug":2359,"tags":[],"genres":["urban","soul","funk","dance"],"debut":"1984-12","playlists":["animals"],"scores":[0.737,1,0.995,0.989,0.982,0.969,0.949,0.921,0.916,0.906,0.891,0.871,0.846,0.816,0.781,0.741,0.696,0.646,0.591,0.531,0.466,0.396,0.321,0.241,0.156,0.066,0],"ranks":{},"score":1.8420000000000003,"debutScore":0.737,"peakScore":1,"duration":7,"role":"backup","scoreFactor":0.1,"rank":2}],"score":10.496,"songCount":2,"songAdjustedAverage":7.421792775334002,"rank":609}