{"title":"Weeknd, The","instanceSlug":"weeknd","tags":[],"type":{"title":"Solo Male","artists":[],"artistCount":0,"score":0,"artistAdjustedAverage":0,"slug":"m"},"genres":[],"xref":[],"complete":false,"active":true,"origin":"","birth":"","death":"","songs":[{"title":"Earned It","instanceSlug":2980,"tags":[],"scores":[0.1535,0.24625,0.34875,0.34275,0.335895,0.322185,0.30162,0.2742,0.239925,0.198795,0.15081,0.09597,0.034275,0],"genre":"pop","debut":"2015-04","source":"fifty-shades-of-grey","playlists":["summer"],"ascent":[0.1535,0.24625,0.34875],"descent-weeks":11.377096774193548,"ascent-weeks":3.2193548387096773,"peak":0.34875,"messages":[],"ranks":{},"unscored":false,"score":3.3936749999999996,"duration":4,"genres":["pop"],"sources":["fifty-shades-of-grey"],"role":true,"scoreFactor":1,"totalScore":3.3936749999999996,"rank":1},{"title":"Can't Feel My Face","instanceSlug":3065,"tags":[],"genre":"pop","debut":"2015-07","playlists":[],"scores":[0.1535,0.24625,0.34875,0.34275,0.335895,0.322185,0.30162,0.2742,0.239925,0.198795,0.15081,0.09597,0.034275,0],"ascent":[0.1535,0.24625,0.34875],"descent-weeks":11.377096774193548,"ascent-weeks":3.2193548387096773,"peak":0.34875,"messages":[],"ranks":{},"unscored":false,"score":3.3936749999999996,"duration":4,"genres":["pop"],"role":true,"scoreFactor":1,"totalScore":3.3936749999999996,"rank":2}],"score":6.787349999999999,"songCount":2,"songAdjustedAverage":4.799381211286512,"rank":807}