{"title":"Wham","instanceSlug":"wham","tags":[],"parents":[],"genres":[],"members":[],"xref":[],"complete":false,"origin":"","birth":"","death":"","songs":[{"title":"Wake Me Up Before You Go-Go","instanceSlug":688,"tags":[],"parents":[],"genre":"pop","debut":"1984-10","playlists":[],"ranks":{},"scores":[0.171,0.402,0.633,0.864,1,0.912,0.823,0.737,0.732,0.722,0.707,0.687,0.662,0.632,0.597,0.557,0.512,0.462,0.407,0.347,0.282,0.212,0.137,0.057,0],"score":13.254000000000001,"debutScore":0.171,"peakScore":1,"duration":7,"genres":["pop"],"role":true,"scoreFactor":1,"rank":1},{"title":"Everything She Wants","instanceSlug":1644,"tags":[],"parents":[],"genre":"pop","debut":1985,"playlists":[],"ranks":{},"scores":[0.10433333333333333,0.38366666666666666,0.5406666666666666,0.642,0.673,0.6373333333333333,0.5996666666666667,0.5573333333333333,0.535,0.5216666666666666,0.5033333333333333,0.48,0.45166666666666666,0.4183333333333333,0.37999999999999995,0.33666666666666667,0.28833333333333333,0.23500000000000001,0.17800000000000002,0.13966666666666666,0.09799999999999999,0.07066666666666667,0.04566666666666667,0.019,0],"score":8.839,"debutScore":0.10433333333333333,"peakScore":0.673,"duration":7,"genres":["pop"],"role":true,"scoreFactor":1,"rank":2},{"title":"Edge of Heaven","instanceSlug":412,"tags":["edge","heaven","this-of-that"],"parents":[],"genre":"pop","debut":1986,"playlists":[],"ranks":{},"scores":[0.077,0.463,0.633,0.612,0.521,0.516,0.506,0.491,0.471,0.446,0.416,0.381,0.341,0.296,0.246,0.191,0.131,0.066,0],"score":6.804,"debutScore":0.077,"peakScore":0.633,"duration":5,"genres":["pop"],"role":true,"scoreFactor":1,"rank":3},{"title":"I'm Your Man","instanceSlug":1371,"tags":["i'm","man","your"],"parents":[],"genre":"pop","debut":"1985-12","playlists":[],"ranks":{},"scores":[0.065,0.286,0.356,0.45,0.498,0.484,0.47,0.444,0.402,0.397,0.387,0.372,0.352,0.327,0.297,0.262,0.222,0.177,0.127,0.072,0.012,0],"score":6.459,"debutScore":0.065,"peakScore":0.498,"duration":6,"genres":["pop"],"role":true,"scoreFactor":1,"rank":4}],"score":35.35600000000001,"songCount":4,"songAdjustedAverage":17.678000000000004,"rank":140}