{"title":"Whispers","instanceSlug":"whispers","tags":[null],"parents":[],"genres":[{"instanceSlug":"urban","title":"Urban / R&B","parents":[]}],"members":[],"xref":[],"complete":true,"origin":{"title":"Los Angeles","instanceSlug":"los-angeles","tags":[],"parents":["california"]},"birth":"","death":"","type":{"title":"All-Male Group","artists":[],"artistCount":0,"score":0,"artistAdjustedAverage":0,"slug":"mmm"},"songs":[{"title":"And the Beat Goes On","instanceSlug":2162,"tags":["#1"],"genre":"urban","debut":"1980-04","playlists":["pph"],"scores":[0.16,0.5517,0.685,0.7063,0.7129,0.7012,0.687176,0.659128,0.617056,0.56096,0.49084,0.40669599999999995,0.3085279999999999,0.19633599999999987,0.07011999999999982,0],"ascent":[0.16,0.5517,0.685,0.7063,0.7129],"descent-weeks":5.203504188245197,"ascent-weeks":5.924884275494461,"peak":0.7129,"messages":[],"ranks":{},"unscored":false,"score":5.288952090533334,"duration":3,"genres":["urban"],"role":true,"scoreFactor":1,"totalScore":5.288952090533334,"rank":1},{"title":"It's a Love Thing","instanceSlug":2163,"tags":[],"genre":"urban","debut":"1981-04","playlists":["pph"],"scores":[0.16,0.5517,0.685,0.7063,0.7129,0.7012,0.687176,0.659128,0.617056,0.56096,0.49084,0.40669599999999995,0.3085279999999999,0.19633599999999987,0.07011999999999982,0],"ascent":[0.16,0.5517,0.685,0.7063,0.7129],"descent-weeks":5.203504188245197,"ascent-weeks":5.924884275494461,"peak":0.7129,"messages":[],"ranks":{},"unscored":false,"score":5.288952090533334,"duration":3,"genres":["urban"],"role":true,"scoreFactor":1,"totalScore":5.288952090533334,"rank":2},{"title":"Rock Steady","instanceSlug":230,"tags":["#1","#1-r&b"],"playlists":["summer"],"genres":["urban","soul"],"debut":"1987-07","scores":[0.16,0.5817,0.7063,0.73,0.72,0.7056,0.6768,0.6335999999999999,0.576,0.504,0.4176,0.3168,0.20160000000000006,0.07200000000000006,0],"ascent":[0.16,0.5817,0.7063,0.73],"descent-weeks":4.902229223744291,"ascent-weeks":4.475342465753425,"peak":0.73,"messages":[],"ranks":{},"unscored":false,"score":4.563751555555554,"duration":3,"role":true,"scoreFactor":1,"totalScore":4.563751555555554,"rank":3},{"title":"Miami","instanceSlug":2933,"tags":[],"genre":"rap","debut":"1998-12","sample":2162,"playlists":[],"scores":[0.1,0.381,0.521,0.546,0.554,0.54,0.526,0.498,0.45599999999999996,0.3999999999999999,0.32999999999999985,0.24599999999999977,0.1479999999999997,0.03599999999999959,0],"ascent":[0.1,0.381,0.521,0.546,0.554],"descent-weeks":3.277921780986762,"ascent-weeks":5.691335740072202,"peak":0.554,"messages":[],"ranks":{},"unscored":false,"score":0.3312645777777778,"duration":3,"genres":["rap"],"role":"sample","scoreFactor":0.1,"totalScore":3.3126457777777776,"rank":4}],"songCount":4,"songAdjustedAverage":7.736460157200001,"collaborators":[{"slug":"babyface","title":"Babyface","songCount":1,"score":4.563751555555554},{"slug":"la-reid","title":"LA Reid","songCount":1,"score":4.563751555555554},{"slug":"will-smith","title":"Will Smith","songCount":1,"score":0.3312645777777778}],"rank":148,"ranks":{"genre:urban":{"rank":93,"total":96},"origin:los-angeles":{"rank":31,"total":31},"tag:pph":{"rank":5,"total":5}}}