{"title":"Whispers","instanceSlug":"whispers","tags":[null],"parents":[],"genres":[{"instanceSlug":"urban","title":"Urban / R&B","parents":[]}],"members":[],"xref":[],"complete":true,"origin":{"title":"Los Angeles","instanceSlug":"los-angeles","tags":[],"parents":["california"]},"birth":"","death":"","type":{"title":"All-Male Group","artists":[],"artistCount":0,"score":0,"artistAdjustedAverage":0,"slug":"mmm"},"songs":[{"title":"And the Beat Goes On","instanceSlug":2162,"tags":["#1"],"genre":"urban","debut":"1980-04","playlists":["pph"],"scores":[0.16,0.5517,0.685,0.7063,0.7129,0.7012,0.696,0.686,0.671,0.651,0.626,0.596,0.561,0.521,0.476,0.426,0.371,0.311,0.246,0.176,0.101,0.021,0],"ranks":{},"score":10.653100000000004,"debutScore":0.16,"peakScore":0.7129,"duration":6,"genres":["urban"],"role":true,"scoreFactor":1,"rank":1},{"title":"It's a Love Thing","instanceSlug":2163,"tags":[],"genre":"urban","debut":"1981-04","playlists":["pph"],"scores":[0.16,0.5517,0.685,0.7063,0.7129,0.7012,0.696,0.686,0.671,0.651,0.626,0.596,0.561,0.521,0.476,0.426,0.371,0.311,0.246,0.176,0.101,0.021,0],"ranks":{},"score":10.653100000000004,"debutScore":0.16,"peakScore":0.7129,"duration":6,"genres":["urban"],"role":true,"scoreFactor":1,"rank":2},{"title":"Rock Steady","instanceSlug":230,"tags":["#1","#1-r&b"],"playlists":["summer"],"genres":["urban","soul"],"debut":"1987-07","scores":[0.16,0.5817,0.7063,0.73,0.72,0.715,0.705,0.69,0.67,0.645,0.615,0.58,0.54,0.495,0.445,0.39,0.33,0.265,0.195,0.12,0.04,0],"ranks":{},"score":10.338,"debutScore":0.16,"peakScore":0.73,"duration":6,"role":true,"scoreFactor":1,"rank":3},{"title":"Miami","instanceSlug":2933,"tags":[],"genre":"rap","debut":"1998-12","playlists":[],"scores":[0.084,0.38099999999999995,0.521,0.546,0.554,0.54,0.517,0.48400000000000004,0.41899999999999993,0.414,0.4040000000000001,0.389,0.369,0.34400000000000003,0.31400000000000006,0.279,0.239,0.19400000000000003,0.144,0.08900000000000001,0.029000000000000005,0],"ranks":{},"score":0.7254,"debutScore":0.084,"peakScore":0.554,"duration":6,"genres":["rap"],"role":"sample","scoreFactor":0.1,"rank":4}],"score":32.369600000000005,"songCount":4,"songAdjustedAverage":16.184800000000003,"rank":204,"ranks":{"genre:urban":{"rank":33,"total":91},"origin:los-angeles":{"rank":11,"total":31},"tag:pph":{"rank":5,"total":5}}}