{"title":"Wild Orchid","instanceSlug":"wild-orchid","tags":[],"parents":[],"genres":[],"members":[],"xref":[],"complete":false,"origin":"","birth":"","death":"","songs":[{"title":"Pray","instanceSlug":582,"tags":[],"genres":["urban"],"debut":"1996-09","playlists":[],"scores":[0.1,0.3,0.463,0.437,0.411,0.35899999999999993,0.28099999999999986,0.17699999999999977,0.04699999999999965,0],"ascent":[0.1,0.3,0.463],"descent-weeks":1.1892818574514032,"ascent-weeks":2.795896328293736,"peak":0.463,"messages":[],"ranks":{},"unscored":false,"score":1.2300916666666664,"duration":1,"role":true,"scoreFactor":1,"totalScore":1.2300916666666664,"rank":1}],"songCount":1,"songAdjustedAverage":1.2300916666666664,"collaborators":[],"rank":1124}