{"title":"Wild Orchid","instanceSlug":"wild-orchid","tags":[],"parents":[],"genres":[],"members":[],"xref":[],"complete":false,"origin":"","birth":"","death":"","songs":[{"title":"Pray","instanceSlug":582,"tags":[],"genres":["urban"],"debut":"1996-09","playlists":[],"scores":[0.1,0.3,0.463,0.437,0.411,0.35899999999999993,0.28099999999999986,0.17699999999999977,0.04699999999999965,0],"ascent":[0.1,0.3,0.463],"descent-weeks":7.04643628509719,"ascent-weeks":2.795896328293736,"peak":0.463,"messages":[],"ranks":{},"unscored":false,"score":3.037999999999999,"duration":3,"role":true,"scoreFactor":1,"totalScore":3.037999999999999,"rank":1}],"score":3.037999999999999,"songCount":1,"songAdjustedAverage":3.037999999999999,"rank":1087}