{"title":"Wild Orchid","instanceSlug":"wild-orchid","tags":[],"parents":[],"genres":[],"members":[],"xref":[],"complete":false,"origin":"","birth":"","death":"","songs":[{"title":"Pray","instanceSlug":582,"tags":[],"genres":["urban"],"debut":"1996-09","playlists":[],"scores":[0.1,0.3,0.463,0.45367514832724126,0.4257005933089649,0.379076334945171,0.3138023732358597,0.22987870818103073,0.12730533978068415,0.006082268034820105],"ascent":[0.1,0.3,0.463],"descent-weeks":7.04643628509719,"messages":[],"ranks":{},"score":2.7985207658137723,"debutScore":0.1,"peakScore":0.463,"duration":3,"role":true,"scoreFactor":1,"rank":1}],"score":2.7985207658137723,"songCount":1,"songAdjustedAverage":2.7985207658137723,"rank":1086}