{"title":"Xscape","instanceSlug":"xscape","tags":[],"parents":[],"genres":[],"members":[],"xref":[],"complete":false,"origin":"","birth":"","death":"","type":{"title":"All-Female Group","artists":[],"artistCount":0,"score":0,"artistAdjustedAverage":0,"slug":"fff"},"songs":[{"title":"Just Kick It","instanceSlug":1197,"tags":[],"genre":"hip-hop","debut":"1993-11","playlists":[],"scores":[0.12,0.267,0.376,0.402,0.361,0.31999999999999995,0.23799999999999988,0.11499999999999977,0],"ascent":[0.12,0.267,0.376,0.402],"descent-weeks":0.7742611940298502,"ascent-weeks":4.347014925373134,"peak":0.402,"messages":[],"ranks":{},"unscored":false,"score":1.3725019999999999,"duration":2,"genres":["hip-hop"],"role":true,"scoreFactor":1,"totalScore":1.3725019999999999,"rank":1},{"title":"Understanding","instanceSlug":1721,"tags":[],"parents":[],"genre":"urban","debut":"1994-01","playlists":[],"ranks":{},"scores":[0.12,0.267,0.376,0.402,0.361,0.31999999999999995,0.23799999999999988,0.11499999999999977,0],"ascent":[0.12,0.267,0.376,0.402],"descent-weeks":0.7742611940298502,"ascent-weeks":4.347014925373134,"peak":0.402,"messages":[],"unscored":false,"score":1.3725019999999999,"duration":2,"genres":["urban"],"role":true,"scoreFactor":1,"totalScore":1.3725019999999999,"rank":2}],"songCount":2,"songAdjustedAverage":1.9410109427841975,"collaborators":[],"rank":986}