{"title":"Xscape","instanceSlug":"xscape","tags":[],"parents":[],"genres":[],"members":[],"xref":[],"complete":false,"origin":"","birth":"","death":"","type":{"title":"All-Female Group","artists":[],"artistCount":0,"score":0,"artistAdjustedAverage":0,"slug":"fff"},"songs":[{"title":"Just Kick It","instanceSlug":1197,"tags":[],"genre":"hip-hop","debut":"1993-11","playlists":[],"scores":[0.12,0.267,0.376,0.402,0.38799810678067365,0.34599242712269457,0.2759829610260627,0.1779697084907781,0.051952669516840785],"ascent":[0.12,0.267,0.376,0.402],"descent-weeks":5.358208955223878,"messages":[],"ranks":{},"score":2.40489587293705,"debutScore":0.12,"peakScore":0.402,"duration":2,"genres":["hip-hop"],"role":true,"scoreFactor":1,"rank":1},{"title":"Understanding","instanceSlug":1721,"tags":[],"parents":[],"genre":"urban","debut":"1994-01","playlists":[],"ranks":{},"scores":[0.12,0.267,0.376,0.402,0.38799810678067365,0.34599242712269457,0.2759829610260627,0.1779697084907781,0.051952669516840785],"ascent":[0.12,0.267,0.376,0.402],"descent-weeks":5.358208955223878,"messages":[],"score":2.40489587293705,"debutScore":0.12,"peakScore":0.402,"duration":2,"genres":["urban"],"role":true,"scoreFactor":1,"rank":2}],"score":4.8097917458741,"songCount":2,"songAdjustedAverage":3.401036359602659,"rank":1004}