{"title":"Yes","instanceSlug":"yes","tags":[],"parents":[],"genres":[],"members":[],"xref":[],"complete":false,"origin":"","birth":"","death":"","type":{"title":"All-Male Group","artists":[],"artistCount":0,"score":0,"artistAdjustedAverage":0,"slug":"mmm"},"songs":[{"title":"Leave It","instanceSlug":"98X9","tags":[],"debut":1984,"playlists":[],"scores":[0.11,0.463,0.75,0.78,0.82,0.8,0.7800000000000001,0.7400000000000003,0.6800000000000006,0.600000000000001,0.5000000000000014,0.380000000000002,0.24000000000000266,0.0800000000000034,0],"ascent":[0.11,0.463,0.75,0.78,0.82],"descent-weeks":10.28048780487807,"ascent-weeks":5.346951219512195,"peak":0.82,"messages":[],"ranks":{},"unscored":false,"score":8.543000000000012,"duration":4,"role":true,"scoreFactor":1,"totalScore":8.543000000000012,"rank":1},{"title":"Owner of a Lonely Heart","instanceSlug":326,"tags":[],"genre":"rock","debut":"1984-01","playlists":[],"scores":[0.077,0.267,0.463,0.633,0.62,0.607,0.581,0.5419999999999999,0.4899999999999999,0.4249999999999998,0.34699999999999975,0.2559999999999997,0.15199999999999958,0.034999999999999476,0],"ascent":[0.077,0.267,0.463,0.633],"descent-weeks":11.109004739336486,"ascent-weeks":3.4123222748815167,"peak":0.633,"messages":[],"ranks":{},"unscored":false,"score":6.127999999999997,"duration":4,"genres":["rock"],"role":true,"scoreFactor":1,"totalScore":6.127999999999997,"rank":2},{"title":"Roundabout","instanceSlug":"b24L","tags":[],"debut":1973,"playlists":[],"scores":[0.057,0.212,0.404,0.53,0.52,0.5096,0.48880000000000007,0.45760000000000006,0.41600000000000004,0.36400000000000005,0.30160000000000003,0.22880000000000003,0.1456,0.05199999999999999,0],"ascent":[0.057,0.212,0.404,0.53],"descent-weeks":11.360377358490567,"ascent-weeks":3.404716981132075,"peak":0.53,"messages":[],"ranks":{},"unscored":false,"score":5.2170000000000005,"duration":4,"role":true,"scoreFactor":1,"totalScore":5.2170000000000005,"rank":3},{"title":"Love Will Find a Way","instanceSlug":1126,"tags":["find","love","way","will"],"parents":[],"genre":"pop","debut":"1987-11","playlists":[],"ranks":{},"scores":[0.079,0.171,0.232,0.267,0.306,0.328,0.341,0.332,0.306,0.253,0.2,0.09400000000000003,0],"ascent":[0.079,0.171,0.232,0.267,0.306,0.328,0.341],"descent-weeks":6.712609970674487,"ascent-weeks":7.583577712609969,"peak":0.341,"messages":[],"unscored":false,"score":3.2499999999999996,"duration":4,"genres":["pop"],"role":true,"scoreFactor":1,"totalScore":3.2499999999999996,"rank":4}],"score":23.13800000000001,"songCount":4,"songAdjustedAverage":11.569000000000004,"rank":209}