{"title":"Zhane","instanceSlug":"zhane","tags":[],"parents":[],"genres":[],"members":[],"xref":[],"complete":false,"origin":"","birth":"","death":"","songs":[{"title":"Shame","instanceSlug":1818,"tags":[],"remake":true,"genre":"urban","debut":"1995-01","playlists":[],"scores":[0.055,0.232,0.376,0.47,0.537,0.582,0.562,0.521,0.45,0.379,0.237,0.023999999999999966,0],"ascent":[0.055,0.232,0.376,0.47,0.537,0.582],"descent-weeks":1.975126718213059,"ascent-weeks":5.804123711340206,"peak":0.582,"messages":[],"ranks":{},"unscored":false,"score":3.0183491666666664,"duration":2,"genres":["urban"],"role":true,"scoreFactor":1,"totalScore":3.0183491666666664,"rank":1},{"title":"Hey Mr. DJ","instanceSlug":705,"tags":[],"parents":[],"genre":"soul","debut":"1993-10","playlists":[],"ranks":{},"scores":[0.055,0.235,0.414,0.506,0.521,0.491,0.408,0.32499999999999996,0.15899999999999992,0],"ascent":[0.055,0.235,0.414,0.506,0.521],"descent-weeks":1.1070121561100443,"ascent-weeks":4.983685220729366,"peak":0.521,"messages":[],"unscored":false,"score":2.1155022222222217,"duration":2,"genres":["soul"],"role":true,"scoreFactor":1,"totalScore":2.1155022222222217,"rank":2}],"songCount":2,"songAdjustedAverage":3.630181130687308,"collaborators":[],"rank":563}