{"title":"Zombies","instanceSlug":"zombies","tags":[],"parents":[],"genres":[],"members":[],"xref":[],"complete":false,"origin":"","birth":"","death":"","type":{"title":"All-Male Group","artists":[],"artistCount":0,"score":0,"artistAdjustedAverage":0,"slug":"mmm"},"songs":[{"title":"She's Not There","instanceSlug":1876,"tags":[],"parents":[],"genre":"pop","debut":1964,"playlists":[],"ranks":{},"scores":[0.097,0.267,0.431,0.537,0.521,0.491,0.453,0.448,0.438,0.423,0.403,0.378,0.348,0.313,0.273,0.228,0.178,0.123,0.063,0.0030000000000000027,0],"ascent":[0.097,0.267,0.431,0.537],"descent-weeks":6.064992706393541,"ascent-weeks":3.720670391061452,"peak":0.537,"messages":[],"unscored":false,"score":3.5032673888888874,"duration":3,"genres":["pop"],"role":true,"scoreFactor":1,"totalScore":3.5032673888888874,"rank":1},{"title":"Tell Her No","instanceSlug":1877,"tags":[],"parents":[],"genre":"pop","debut":1965,"playlists":[],"ranks":{},"scores":[0.097,0.267,0.431,0.537,0.521,0.491,0.453,0.448,0.438,0.423,0.403,0.378,0.348,0.313,0.273,0.228,0.178,0.123,0.063,0.0030000000000000027,0],"ascent":[0.097,0.267,0.431,0.537],"descent-weeks":6.064992706393541,"ascent-weeks":3.720670391061452,"peak":0.537,"messages":[],"unscored":false,"score":3.5032673888888874,"duration":3,"genres":["pop"],"role":true,"scoreFactor":1,"totalScore":3.5032673888888874,"rank":2},{"title":"Time of the Season","instanceSlug":1878,"tags":[],"parents":[],"genre":"pop","debut":1969,"playlists":[],"ranks":{},"scores":[0.097,0.267,0.431,0.537,0.521,0.491,0.453,0.41500000000000004,0.3390000000000001,0.22500000000000014,0.07300000000000023,0],"ascent":[0.097,0.267,0.431,0.537],"descent-weeks":2.0786536312849155,"ascent-weeks":3.720670391061452,"peak":0.537,"messages":[],"unscored":false,"score":2.076157999999999,"duration":2,"genres":["pop"],"role":true,"scoreFactor":1,"totalScore":2.076157999999999,"rank":3}],"songCount":3,"songAdjustedAverage":5.243895120216668,"collaborators":[],"rank":349}