{"title":"Zombies","instanceSlug":"zombies","tags":[],"parents":[],"genres":[],"members":[],"xref":[],"complete":false,"origin":"","birth":"","death":"","type":{"title":"All-Male Group","artists":[],"artistCount":0,"score":0,"artistAdjustedAverage":0,"slug":"mmm"},"songs":[{"title":"She's Not There","instanceSlug":1876,"tags":[],"parents":[],"genre":"pop","debut":1964,"playlists":[],"ranks":{},"scores":[0.097,0.267,0.431,0.537,0.521,0.491,0.453,0.448,0.438,0.423,0.403,0.378,0.348,0.313,0.273,0.228,0.178,0.123,0.063,0.0030000000000000027,0],"ascent":[0.097,0.267,0.431,0.537],"descent-weeks":15.701117318435749,"ascent-weeks":3.720670391061452,"peak":0.537,"messages":[],"unscored":false,"score":6.9529999999999985,"duration":5,"genres":["pop"],"role":true,"scoreFactor":1,"totalScore":6.9529999999999985,"rank":1},{"title":"Tell Her No","instanceSlug":1877,"tags":[],"parents":[],"genre":"pop","debut":1965,"playlists":[],"ranks":{},"scores":[0.097,0.267,0.431,0.537,0.521,0.491,0.453,0.448,0.438,0.423,0.403,0.378,0.348,0.313,0.273,0.228,0.178,0.123,0.063,0.0030000000000000027,0],"ascent":[0.097,0.267,0.431,0.537],"descent-weeks":15.701117318435749,"ascent-weeks":3.720670391061452,"peak":0.537,"messages":[],"unscored":false,"score":6.9529999999999985,"duration":5,"genres":["pop"],"role":true,"scoreFactor":1,"totalScore":6.9529999999999985,"rank":2},{"title":"Time of the Season","instanceSlug":1878,"tags":[],"parents":[],"genre":"pop","debut":1969,"playlists":[],"ranks":{},"scores":[0.097,0.267,0.431,0.537,0.521,0.491,0.453,0.41500000000000004,0.3390000000000001,0.22500000000000014,0.07300000000000023,0],"ascent":[0.097,0.267,0.431,0.537],"descent-weeks":8.53072625698324,"ascent-weeks":3.720670391061452,"peak":0.537,"messages":[],"unscored":false,"score":4.385999999999999,"duration":3,"genres":["pop"],"role":true,"scoreFactor":1,"totalScore":4.385999999999999,"rank":3}],"score":18.291999999999994,"songCount":3,"songAdjustedAverage":10.560891124016631,"rank":273}