{"title":"Zombies","instanceSlug":"zombies","tags":[],"parents":[],"genres":[],"members":[],"xref":[],"complete":false,"origin":"","birth":"","death":"","type":{"title":"All-Male Group","artists":[],"artistCount":0,"score":0,"artistAdjustedAverage":0,"slug":"mmm"},"songs":[{"title":"She's Not There","instanceSlug":1876,"tags":[],"parents":[],"genre":"pop","debut":1964,"playlists":[],"ranks":{},"scores":[0.097,0.267,0.431,0.537,0.521,0.491,0.453,0.448,0.438,0.423,0.403,0.378,0.348,0.313,0.273,0.228,0.178,0.123,0.063,0],"score":6.412999999999999,"debutScore":0.097,"peakScore":0.537,"duration":5,"genres":["pop"],"role":true,"scoreFactor":1,"rank":1},{"title":"Tell Her No","instanceSlug":1877,"tags":[],"parents":[],"genre":"pop","debut":1965,"playlists":[],"ranks":{},"scores":[0.097,0.267,0.431,0.537,0.521,0.491,0.453,0.448,0.438,0.423,0.403,0.378,0.348,0.313,0.273,0.228,0.178,0.123,0.063,0],"score":6.412999999999999,"debutScore":0.097,"peakScore":0.537,"duration":5,"genres":["pop"],"role":true,"scoreFactor":1,"rank":2},{"title":"Time of the Season","instanceSlug":1878,"tags":[],"parents":[],"genre":"pop","debut":1969,"playlists":[],"ranks":{},"scores":[0.097,0.267,0.431,0.537,0.521,0.491,0.453,0.448,0.438,0.423,0.403,0.378,0.348,0.313,0.273,0.228,0.178,0.123,0.063,0],"score":6.412999999999999,"debutScore":0.097,"peakScore":0.537,"duration":5,"genres":["pop"],"role":true,"scoreFactor":1,"rank":3}],"score":19.238999999999997,"songCount":3,"songAdjustedAverage":11.10764182893921,"rank":403}